       p         nwds        bytes        nloop         RTT (s)
       0            1            8         1000    1.140000e-07
       0            2           16         1000    1.130000e-07
       0            3           24         1000    1.150000e-07
       0            4           32         1000    1.140000e-07
       0            5           40         1000    1.130000e-07
       0            6           48         1000    1.140000e-07
       0            7           56         1000    1.140000e-07
       0            8           64         1000    1.140000e-07
       0            9           72         1000    1.140000e-07
       0           10           80         1000    1.210000e-07
       0           11           88         1000    1.120000e-07
       0           12           96         1000    1.130000e-07
       0           13          104         1000    1.130000e-07
       0           14          112         1000    1.120000e-07
       0           15          120         1000    1.120000e-07
       0           16          128         1000    1.130000e-07
       0           17          136         1000    1.130000e-07
       0           18          144         1000    1.130000e-07
       0           19          152         1000    1.130000e-07
       0           20          160         1000    1.130000e-07
       0           21          168         1000    1.130000e-07
       0           22          176         1000    1.120000e-07
       0           23          184         1000    1.130000e-07
       0           24          192         1000    1.130000e-07
       0           25          200         1000    1.120000e-07
       0           26          208         1000    1.130000e-07
       0           27          216         1000    1.130000e-07
       0           28          224         1000    1.140000e-07
       0           29          232         1000    1.120000e-07
       0           30          240         1000    1.120000e-07
       0           31          248         1000    1.130000e-07
       0           32          256         1000    1.130000e-07
       0           33          264         1000    1.430000e-07
       0           34          272         1000    1.410000e-07
       0           35          280         1000    1.440000e-07
       0           36          288         1000    1.420000e-07
       0           37          296         1000    1.420000e-07
       0           38          304         1000    1.410000e-07
       0           39          312         1000    1.410000e-07
       0           40          320         1000    1.430000e-07
       0           41          328         1000    1.410000e-07
       0           42          336         1000    1.420000e-07
       0           43          344         1000    1.410000e-07
       0           44          352         1000    1.430000e-07
       0           45          360         1000    1.430000e-07
       0           46          368         1000    1.420000e-07
       0           47          376         1000    1.430000e-07
       0           48          384         1000    1.470000e-07
       0           49          392         1000    1.050000e-07
       0           50          400         1000    1.060000e-07
       0           51          408         1000    1.060000e-07
       0           52          416         1000    1.070000e-07
       0           53          424         1000    1.060000e-07
       0           54          432         1000    1.060000e-07
       0           55          440         1000    1.060000e-07
       0           56          448         1000    1.070000e-07
       0           57          456         1000    1.060000e-07
       0           58          464         1000    1.060000e-07
       0           59          472         1000    1.060000e-07
       0           60          480         1000    1.060000e-07
       0           61          488         1000    1.060000e-07
       0           62          496         1000    1.060000e-07
       0           64          512         1000    1.080000e-07
       0           66          528         1000    1.090000e-07
       0           68          544         1000    1.070000e-07
       0           70          560         1000    1.080000e-07
       0           72          576         1000    1.090000e-07
       0           74          592         1000    1.070000e-07
       0           76          608         1000    1.070000e-07
       0           78          624         1000    1.080000e-07
       0           80          640         1000    1.090000e-07
       0           82          656         1000    1.090000e-07
       0           84          672         1000    1.070000e-07
       0           86          688         1000    1.080000e-07
       0           88          704         1000    1.070000e-07
       0           90          720         1000    1.080000e-07
       0           92          736         1000    1.080000e-07
       0           94          752         1000    1.090000e-07
       0           96          768         1000    1.090000e-07
       0           98          784         1000    1.080000e-07
       0          100          800          980    1.091837e-07
       0          102          816          961    1.082206e-07
       0          104          832          943    1.092259e-07
       0          106          848          925    1.081081e-07
       0          108          864          909    1.078108e-07
       0          110          880          892    1.076233e-07
       0          112          896          877    1.083238e-07
       0          114          912          862    1.078886e-07
       0          116          928          847    1.074380e-07
       0          118          944          833    1.080432e-07
       0          120          960          819    1.489621e-07
       0          122          976          806    1.848635e-07
       0          124          992          793    1.904161e-07
       0          127         1016          775    1.909677e-07
       0          130         1040          757    1.902246e-07
       0          133         1064          740    1.891892e-07
       0          136         1088          724    1.906077e-07
       0          139         1112          709    1.889986e-07
       0          142         1136          694    1.902017e-07
       0          145         1160          680    1.911765e-07
       0          148         1184          666    1.906907e-07
       0          151         1208          653    1.898928e-07
       0          154         1232          641    1.903276e-07
       0          157         1256          628    1.894904e-07
       0          160         1280          617    1.896272e-07
       0          163         1304          606    1.897690e-07
       0          166         1328          595    1.899160e-07
       0          169         1352          584    1.900685e-07
       0          172         1376          574    1.898955e-07
       0          175         1400          564    1.897163e-07
       0          178         1424          555    1.963964e-07
       0          181         1448          546    1.904762e-07
       0          184         1472          537    1.918063e-07
       0          187         1496          529    1.909263e-07
       0          191         1528          518    1.891892e-07
       0          195         1560          507    1.913215e-07
       0          199         1592          497    1.911469e-07
       0          203         1624          487    1.909651e-07
       0          207         1656          478    1.924686e-07
       0          211         1688          469    1.918977e-07
       0          215         1720          460    1.913043e-07
       0          219         1752          452    1.902655e-07
       0          223         1784          444    1.914414e-07
       0          227         1816          436    1.903670e-07
       0          231         1848          429    1.888112e-07
       0          235         1880          421    1.900238e-07
       0          239         1912          414    1.908213e-07
       0          243         1944          408    1.887255e-07
       0          247         1976          401    1.895262e-07
       0          251         2008          395    1.898734e-07
       0          256         2048          387    1.912145e-07
       0          261         2088          380    1.894737e-07
       0          266         2128          373    1.930295e-07
       0          271         2168          366    1.912568e-07
       0          276         2208          359    1.922006e-07
       0          281         2248          353    1.926346e-07
       0          286         2288          347    1.902017e-07
       0          291         2328          341    1.906158e-07
       0          296         2368          335    1.910448e-07
       0          301         2408          330    1.909091e-07
       0          306         2448          324    1.913580e-07
       0          311         2488          319    1.880878e-07
       0          316         2528          314    2.038217e-07
       0          322         2576          308    1.915584e-07
       0          328         2624          303    1.914191e-07
       0          334         2672          297    1.885522e-07
       0          340         2720          292    1.883562e-07
       0          346         2768          287    1.881533e-07
       0          352         2816          282    1.879433e-07
       0          358         2864          277    1.913357e-07
       0          364         2912          273    1.904762e-07
       0          370         2960          268    1.940299e-07
       0          376         3008          264    1.893939e-07
       0          383         3064          259    1.891892e-07
       0          390         3120          255    1.882353e-07
       0          397         3176          250    1.920000e-07
       0          404         3232          246    1.910569e-07
       0          411         3288          242    1.900826e-07
       0          418         3344          238    1.890756e-07
       0          425         3400          234    1.923077e-07
       0          432         3456          230    1.913043e-07
       0          439         3512          226    1.902655e-07
       0          447         3576          222    1.891892e-07
       0          455         3640          218    1.926606e-07
       0          463         3704          215    1.906977e-07
       0          471         3768          211    1.895735e-07
       0          479         3832          207    1.932367e-07
       0          487         3896          204    1.911765e-07
       0          495         3960          201    1.940299e-07
       0          503         4024          198    1.919192e-07
       0          512         4096          194    1.907216e-07
       0          521         4168          191    1.884817e-07
       0          530         4240          187    1.925134e-07
       0          539         4312          184    1.902174e-07
       0          548         4384          181    1.933702e-07
       0          557         4456          178    1.910112e-07
       0          566         4528          176    1.931818e-07
       0          576         4608          173    1.907514e-07
       0          586         4688          170    1.882353e-07
       0          596         4768          167    1.916168e-07
       0          606         4848          164    1.890244e-07
       0          616         4928          161    1.863354e-07
       0          626         5008          159    1.886792e-07
       0          637         5096          156    1.923077e-07
       0          648         5184          153    1.895425e-07
       0          659         5272          151    1.920530e-07
       0          670         5360          148    1.891892e-07
       0          681         5448          146    1.917808e-07
       0          692         5536          144    1.944444e-07
       0          704         5632          141    1.914894e-07
       0          716         5728          139    1.942446e-07
       0          728         5824          136    1.911765e-07
       0          740         5920          134    1.940299e-07
       0          752         6016          132    1.893939e-07
       0          765         6120          130    1.923077e-07
       0          778         6224          128    1.875000e-07
       0          791         6328          126    1.825397e-07
       0          804         6432          124    1.854839e-07
       0          817         6536          122    1.885246e-07
       0          831         6648          120    1.916667e-07
       0          845         6760          118    1.949153e-07
       0          859         6872          116    1.982759e-07
       0          873         6984          114    1.929825e-07
       0          887         7096          112    2.053571e-07
       0          902         7216          110    1.909091e-07
       0          917         7336          108    1.944444e-07
       0          932         7456          107    1.869159e-07
       0          947         7576          105    1.904762e-07
       0          963         7704          103    1.941748e-07
       0          979         7832          101    1.980198e-07
       0          995         7960          100    1.900000e-07
       0         1011         8088           98    1.938776e-07
       0         1028         8224           97    1.958763e-07
       0         1045         8360           95    1.894737e-07
       0         1062         8496           93    1.827957e-07
       0         1080         8640           92    1.956522e-07
       0         1098         8784           90    1.888889e-07
       0         1116         8928           89    1.910112e-07
       0         1134         9072           88    1.931818e-07
       0         1153         9224           86    1.976744e-07
       0         1172         9376           85    1.882353e-07
       0         1191         9528           83    1.927711e-07
       0         1211         9688           82    1.951220e-07
       0         1231         9848           81    1.975309e-07
       0         1251        10008           79    1.898734e-07
       0         1272        10176           78    1.923077e-07
       0         1293        10344           77    1.948052e-07
       0         1314        10512           75    2.000000e-07
       0         1336        10688           74    1.891892e-07
       0         1358        10864           73    1.917808e-07
       0         1380        11040           72    1.944444e-07
       0         1403        11224           71    1.971831e-07
       0         1426        11408           70    2.000000e-07
       0         1449        11592           68    1.911765e-07
       0         1473        11784           67    1.791045e-07
       0         1497        11976           66    1.818182e-07
       0         1521        12168           65    1.846154e-07
       0         1546        12368           64    1.875000e-07
       0         1571        12568           63    1.904762e-07
       0         1597        12776           62    1.935484e-07
       0         1623        12984           61    1.967213e-07
       0         1649        13192           60    1.833333e-07
       0         1676        13408           59    2.033898e-07
       0         1703        13624           58    1.896552e-07
       0         1731        13848           57    1.929825e-07
       0         1759        14072           56    1.964286e-07
       0         1788        14304           55    2.000000e-07
       0         1817        14536           54    1.851852e-07
       0         1847        14776           54    1.851852e-07
       0         1877        15016           53    2.075472e-07
       0         1908        15264           52    1.923077e-07
       0         1939        15512           51    1.764706e-07
       0         1971        15768           50    1.800000e-07
       0         2003        16024           49    1.836735e-07
       0         2036        16288           49    1.836735e-07
       0         2069        16552           48    1.875000e-07
       0         2103        16824           47    1.914894e-07
       0         2137        17096           46    1.956522e-07
       0         2172        17376           45    2.000000e-07
       0         2207        17656           45    2.000000e-07
       0         2243        17944           44    2.045455e-07
       0         2279        18232           43    2.093023e-07
       0         2316        18528           43    2.093023e-07
       0         2354        18832           42    1.904762e-07
       0         2392        19136           41    1.951220e-07
       0         2431        19448           41    1.951220e-07
       0         2470        19760           40    2.000000e-07
       0         2510        20080           39    2.051282e-07
       0         2551        20408           39    2.051282e-07
       0         2592        20736           38    2.105263e-07
       0         2634        21072           37    1.891892e-07
       0         2677        21416           37    2.162162e-07
       0         2720        21760           36    1.944444e-07
       0         2764        22112           36    1.944444e-07
       0         2809        22472           35    2.000000e-07
       0         2854        22832           35    2.000000e-07
       0         2900        23200           34    2.058824e-07
       0         2947        23576           33    2.121212e-07
       0         2995        23960           33    1.818182e-07
       0         3043        24344           32    1.875000e-07
       0         3092        24736           32    1.875000e-07
       0         3142        25136           31    1.935484e-07
       0         3193        25544           31    1.935484e-07
       0         3245        25960           30    2.000000e-07
       0         3297        26376           30    2.000000e-07
       0         3350        26800           29    2.068966e-07
       0         3404        27232           29    2.068966e-07
       0         3459        27672           28    2.142857e-07
       0         3515        28120           28    1.785714e-07
       0         3572        28576           27    1.851852e-07
       0         3630        29040           27    1.851852e-07
       0         3689        29512           27    1.851852e-07
       0         3749        29992           26    1.923077e-07
       0         3810        30480           26    1.923077e-07
       0         3871        30968           25    2.000000e-07
       0         3933        31464           25    2.000000e-07
       0         3996        31968           25    2.000000e-07
       0         4060        32480           24    1.666667e-07
       0         4125        33000           24    1.666667e-07
       0         4192        33536           23    1.739130e-07
       0         4260        34080           23    1.739130e-07
       0         4329        34632           23    1.739130e-07
       0         4399        35192           22    2.272727e-07
       0         4470        35760           22    1.818182e-07
       0         4542        36336           22    1.818182e-07
       0         4615        36920           21    1.904762e-07
       0         4689        37512           21    1.904762e-07
       0         4765        38120           20    1.500000e-07
       0         4842        38736           20    2.000000e-07
       0         4920        39360           20    2.000000e-07
       0         4999        39992           20    1.500000e-07
       0         5080        40640           20    2.000000e-07
       0         5162        41296           20    2.000000e-07
       0         5245        41960           20    2.000000e-07
       0         5329        42632           20    2.000000e-07
       0         5415        43320           20    2.000000e-07
       0         5502        44016           20    1.500000e-07
       0         5591        44728           20    2.000000e-07
       0         5681        45448           20    2.000000e-07
       0         5772        46176           20    2.000000e-07
       0         5865        46920           20    2.000000e-07
       0         5959        47672           20    2.000000e-07
       0         6055        48440           20    2.000000e-07
       0         6152        49216           20    2.000000e-07
       0         6251        50008           20    2.000000e-07
       0         6352        50816           20    2.000000e-07
       0         6454        51632           20    2.000000e-07
       0         6558        52464           20    2.000000e-07
       0         6663        53304           20    2.000000e-07
       0         6770        54160           20    2.000000e-07
       0         6879        55032           20    2.000000e-07
       0         6990        55920           20    1.500000e-07
       0         7102        56816           20    2.000000e-07
       0         7216        57728           20    2.000000e-07
       0         7332        58656           20    2.000000e-07
       0         7450        59600           20    2.000000e-07
       0         7570        60560           20    2.000000e-07
       0         7692        61536           20    2.000000e-07
       0         7816        62528           20    1.500000e-07
       0         7942        63536           20    2.000000e-07
       0         8070        64560           20    2.000000e-07
       0         8200        65600           20    2.000000e-07
       0         8332        66656           20    2.000000e-07
       0         8466        67728           20    1.500000e-07
       0         8602        68816           20    2.000000e-07
       0         8740        69920           20    2.000000e-07
       0         8880        71040           20    1.500000e-07
       0         9023        72184           20    2.000000e-07
       0         9168        73344           20    2.000000e-07
       0         9315        74520           20    2.000000e-07
       0         9465        75720           20    2.000000e-07
       0         9617        76936           20    2.000000e-07
       0         9771        78168           20    2.000000e-07
       0         9928        79424           20    2.000000e-07
       0        10087        80696           20    2.000000e-07
       0        10249        81992           20    2.000000e-07
       0        10414        83312           20    2.000000e-07
       0        10581        84648           20    1.500000e-07
       0        10751        86008           20    2.000000e-07
       0        10924        87392           20    2.000000e-07
       0        11099        88792           20    2.000000e-07
       0        11277        90216           20    1.500000e-07
       0        11458        91664           20    2.000000e-07
       0        11642        93136           20    2.000000e-07
       0        11829        94632           20    2.000000e-07
       0        12019        96152           20    2.000000e-07
       0        12212        97696           20    2.000000e-07
       0        12408        99264           20    2.000000e-07
       0        12607       100856           20    1.500000e-07
       0        12809       102472           20    2.000000e-07
       0        13014       104112           20    2.000000e-07
       0        13223       105784           20    2.000000e-07
       0        13435       107480           20    2.000000e-07
       0        13650       109200           20    2.000000e-07
       0        13869       110952           20    2.000000e-07
       0        14091       112728           20    2.000000e-07
       0        14317       114536           20    2.000000e-07
       0        14547       116376           20    2.000000e-07
       0        14780       118240           20    1.500000e-07
       0        15017       120136           20    2.000000e-07
       0        15258       122064           20    2.000000e-07
       0        15503       124024           20    1.500000e-07
       0        15752       126016           20    2.000000e-07
       0        16005       128040           20    2.000000e-07
       0        16262       130096           20    2.000000e-07
       0        16523       132184           20    2.000000e-07
       0        16788       134304           20    2.000000e-07
       0        17057       136456           20    2.000000e-07
       0        17330       138640           20    2.000000e-07
       0        17608       140864           20    2.000000e-07
       0        17890       143120           20    2.000000e-07
       0        18177       145416           20    2.000000e-07
       0        18468       147744           20    2.000000e-07
       0        18764       150112           20    1.500000e-07
       0        19065       152520           20    2.000000e-07
       0        19371       154968           20    2.000000e-07
       0        19681       157448           20    2.000000e-07
       0        19996       159968           20    1.500000e-07
       0        20316       162528           20    2.000000e-07
       0        20642       165136           20    2.000000e-07
       0        20973       167784           20    2.000000e-07
       0        21309       170472           20    2.000000e-07
       0        21650       173200           20    2.000000e-07
       0        21997       175976           20    2.000000e-07
       0        22349       178792           20    2.000000e-07
       0        22707       181656           20    2.000000e-07
       0        23071       184568           20    2.000000e-07
       0        23441       187528           20    2.000000e-07
       0        23817       190536           20    2.000000e-07
       0        24199       193592           20    2.000000e-07
       0        24587       196696           20    2.000000e-07
       0        24981       199848           20    2.000000e-07
       0        25381       203048           20    2.000000e-07
       0        25788       206304           20    1.500000e-07
       0        26201       209608           20    2.000000e-07
       0        26621       212968           20    2.000000e-07
       0        27047       216376           20    2.000000e-07
       0        27480       219840           20    2.000000e-07
       0        27920       223360           20    2.000000e-07
       0        28367       226936           20    2.000000e-07
       0        28821       230568           20    2.000000e-07
       0        29283       234264           20    2.000000e-07
       0        29752       238016           20    7.500000e-07
       0        30229       241832           20    2.000000e-07
       0        30713       245704           20    1.500000e-07
       0        31205       249640           20    1.500000e-07
       0        31705       253640           20    1.500000e-07
       0        32213       257704           20    1.500000e-07
       0        32729       261832           20    1.500000e-07
       0        33253       266024           20    1.500000e-07
       0        33786       270288           20    2.000000e-07
       0        34327       274616           20    1.000000e-07
       0        34877       279016           20    2.000000e-07
       0        35436       283488           20    2.000000e-07
       0        36003       288024           20    1.500000e-07
       0        36580       292640           20    1.500000e-07
       0        37166       297328           20    1.500000e-07
       0        37761       302088           20    1.500000e-07
       0        38366       306928           20    1.500000e-07
       0        38980       311840           20    1.500000e-07
       0        39604       316832           20    1.500000e-07
       0        40238       321904           20    1.500000e-07
       0        40882       327056           20    1.500000e-07
       0        41537       332296           20    1.500000e-07
       0        42202       337616           20    1.500000e-07
       0        42878       343024           20    1.500000e-07
       0        43565       348520           20    1.500000e-07
       0        44263       354104           20    1.500000e-07
       0        44972       359776           20    1.500000e-07
       0        45692       365536           20    1.500000e-07
       0        46424       371392           20    1.500000e-07
       0        47167       377336           20    1.500000e-07
       0        47922       383376           20    1.500000e-07
       0        48689       389512           20    1.500000e-07
       0        49469       395752           20    1.500000e-07
       0        50261       402088           20    1.500000e-07
       0        51066       408528           20    1.500000e-07
       0        51884       415072           20    1.500000e-07
       0        52715       421720           20    2.000000e-07
       0        53559       428472           20    1.500000e-07
       0        54416       435328           20    1.500000e-07
       0        55287       442296           20    1.500000e-07
       0        56172       449376           20    1.500000e-07
       0        57071       456568           20    1.500000e-07
       0        57985       463880           20    2.000000e-07
       0        58913       471304           20    2.000000e-07
       0        59856       478848           20    1.500000e-07
       0        60814       486512           20    1.500000e-07
       0        61788       494304           20    1.500000e-07
       0        62777       502216           20    1.500000e-07
       0        63782       510256           20    1.500000e-07
       0        64803       518424           20    1.500000e-07
       0        65840       526720           20    1.500000e-07
       0        66894       535152           20    1.500000e-07
       0        67965       543720           20    1.500000e-07
       0        69053       552424           20    1.500000e-07
       0        70158       561264           20    1.500000e-07
       0        71281       570248           20    1.500000e-07
       0        72422       579376           20    1.500000e-07
       0        73581       588648           20    1.500000e-07
       0        74759       598072           20    1.500000e-07
       0        75956       607648           20    2.000000e-07
       0        77172       617376           20    1.500000e-07
       0        78407       627256           20    1.500000e-07
       0        79662       637296           20    1.500000e-07
       0        80937       647496           20    1.500000e-07
       0        82233       657864           20    1.500000e-07
       0        83549       668392           20    1.500000e-07
       0        84886       679088           20    1.500000e-07
       0        86245       689960           20    1.500000e-07
       0        87625       701000           20    1.500000e-07
       0        89028       712224           20    1.000000e-07
       0        90453       723624           20    2.000000e-07
       0        91901       735208           20    1.500000e-07
       0        93372       746976           20    1.500000e-07
       0        94866       758928           20    1.500000e-07
       0        96384       771072           20    1.500000e-07
       0        97927       783416           20    1.500000e-07
       0        99494       795952           20    1.500000e-07
       0       101086       808688           20    1.500000e-07
       1            1            8         1000    3.520000e-07
       1            2           16         1000    3.950000e-07
       1            3           24         1000    3.980000e-07
       1            4           32         1000    4.020000e-07
       1            5           40         1000    4.090000e-07
       1            6           48         1000    4.140000e-07
       1            7           56         1000    4.230000e-07
       1            8           64         1000    4.280000e-07
       1            9           72         1000    4.350000e-07
       1           10           80         1000    4.330000e-07
       1           11           88         1000    4.400000e-07
       1           12           96         1000    5.870000e-07
       1           13          104         1000    6.400000e-07
       1           14          112         1000    6.180000e-07
       1           15          120         1000    6.070000e-07
       1           16          128         1000    6.150000e-07
       1           17          136         1000    6.140000e-07
       1           18          144         1000    6.370000e-07
       1           19          152         1000    6.190000e-07
       1           20          160         1000    2.820000e-07
       1           21          168         1000    2.860000e-07
       1           22          176         1000    3.010000e-07
       1           23          184         1000    3.020000e-07
       1           24          192         1000    2.910000e-07
       1           25          200         1000    3.020000e-07
       1           26          208         1000    3.220000e-07
       1           27          216         1000    3.200000e-07
       1           28          224         1000    3.000000e-07
       1           29          232         1000    3.030000e-07
       1           30          240         1000    3.270000e-07
       1           31          248         1000    3.270000e-07
       1           32          256         1000    3.140000e-07
       1           33          264         1000    5.210000e-07
       1           34          272         1000    5.280000e-07
       1           35          280         1000    1.444000e-06
       1           36          288         1000    1.449000e-06
       1           37          296         1000    1.468000e-06
       1           38          304         1000    1.253000e-06
       1           39          312         1000    1.152000e-06
       1           40          320         1000    1.151000e-06
       1           41          328         1000    1.170000e-06
       1           42          336         1000    1.272000e-06
       1           43          344         1000    1.394000e-06
       1           44          352         1000    1.392000e-06
       1           45          360         1000    1.440000e-06
       1           46          368         1000    6.510000e-07
       1           47          376         1000    5.750000e-07
       1           48          384         1000    5.740000e-07
       1           49          392         1000    5.850000e-07
       1           50          400         1000    5.940000e-07
       1           51          408         1000    5.830000e-07
       1           52          416         1000    5.790000e-07
       1           53          424         1000    5.820000e-07
       1           54          432         1000    7.540000e-07
       1           55          440         1000    1.645000e-06
       1           56          448         1000    1.321000e-06
       1           57          456         1000    6.480000e-07
       1           58          464         1000    6.420000e-07
       1           59          472         1000    1.133000e-06
       1           60          480         1000    1.563000e-06
       1           61          488         1000    1.561000e-06
       1           62          496         1000    1.562000e-06
       1           64          512         1000    1.592000e-06
       1           66          528         1000    1.559000e-06
       1           68          544         1000    1.583000e-06
       1           70          560         1000    1.550000e-06
       1           72          576         1000    1.723000e-06
       1           74          592         1000    2.209000e-06
       1           76          608         1000    2.058000e-06
       1           78          624         1000    1.996000e-06
       1           80          640         1000    2.014000e-06
       1           82          656         1000    1.975000e-06
       1           84          672         1000    2.768000e-06
       1           86          688         1000    1.548000e-06
       1           88          704         1000    7.470000e-07
       1           90          720         1000    9.300000e-07
       1           92          736         1000    7.730000e-07
       1           94          752         1000    7.460000e-07
       1           96          768         1000    1.831000e-06
       1           98          784         1000    5.836000e-06
       1          100          800          980    8.132653e-07
       1          102          816          961    7.544225e-07
       1          104          832          943    7.698834e-07
       1          106          848          925    7.698378e-06
       1          108          864          909    1.038504e-06
       1          110          880          892    7.343049e-07
       1          112          896          877    4.021665e-06
       1          114          912          862    1.625406e-05
       1          116          928          847    1.605667e-06
       1          118          944          833    1.776711e-06
       1          120          960          819    7.948718e-07
       1          122          976          806    9.032258e-07
       1          124          992          793    8.827238e-07
       1          127         1016          775    1.544516e-06
       1          130         1040          757    2.200793e-06
       1          133         1064          740    8.581081e-07
       1          136         1088          724    1.828729e-06
       1          139         1112          709    1.160790e-06
       1          142         1136          694    8.299712e-07
       1          145         1160          680    8.720588e-07
       1          148         1184          666    8.333333e-07
       1          151         1208          653    1.575804e-06
       1          154         1232          641    1.252730e-06
       1          157         1256          628    8.901274e-07
       1          160         1280          617    8.573744e-07
       1          163         1304          606    8.481848e-07
       1          166         1328          595    8.722689e-07
       1          169         1352          584    8.989726e-07
       1          172         1376          574    8.658537e-07
       1          175         1400          564    9.024823e-07
       1          178         1424          555    9.621622e-07
       1          181         1448          546    9.010989e-07
       1          184         1472          537    1.020484e-06
       1          187         1496          529    9.243856e-07
       1          191         1528          518    9.054054e-07
       1          195         1560          507    9.289941e-07
       1          199         1592          497    1.414487e-06
       1          203         1624          487    9.383984e-07
       1          207         1656          478    9.309623e-07
       1          211         1688          469    9.424307e-07
       1          215         1720          460    9.434783e-07
       1          219         1752          452    9.623894e-07
       1          223         1784          444    9.549550e-07
       1          227         1816          436    9.633028e-07
       1          231         1848          429    1.205128e-06
       1          235         1880          421    1.016627e-06
       1          239         1912          414    9.782609e-07
       1          243         1944          408    2.262255e-06
       1          247         1976          401    1.029925e-06
       1          251         2008          395    1.000000e-06
       1          256         2048          387    1.007752e-06
       1          261         2088          380    1.152632e-06
       1          266         2128          373    1.557641e-06
       1          271         2168          366    3.398907e-06
       1          276         2208          359    2.782730e-06
       1          281         2248          353    2.444759e-06
       1          286         2288          347    2.164265e-06
       1          291         2328          341    5.307918e-06
       1          296         2368          335    3.979104e-06
       1          301         2408          330    3.115152e-06
       1          306         2448          324    1.046296e-06
       1          311         2488          319    1.059561e-06
       1          316         2528          314    9.936306e-07
       1          322         2576          308    1.019481e-06
       1          328         2624          303    1.046205e-06
       1          334         2672          297    1.158249e-06
       1          340         2720          292    1.106164e-06
       1          346         2768          287    1.156794e-06
       1          352         2816          282    1.106383e-06
       1          358         2864          277    1.148014e-06
       1          364         2912          273    1.197802e-06
       1          370         2960          268    1.175373e-06
       1          376         3008          264    1.151515e-06
       1          383         3064          259    1.254826e-06
       1          390         3120          255    1.137255e-06
       1          397         3176          250    1.144000e-06
       1          404         3232          246    1.268293e-06
       1          411         3288          242    1.334711e-06
       1          418         3344          238    1.239496e-06
       1          425         3400          234    1.166667e-06
       1          432         3456          230    1.134783e-06
       1          439         3512          226    1.194690e-06
       1          447         3576          222    1.247748e-06
       1          455         3640          218    1.220183e-06
       1          463         3704          215    1.400000e-06
       1          471         3768          211    3.658768e-06
       1          479         3832          207    3.768116e-06
       1          487         3896          204    3.093137e-06
       1          495         3960          201    3.004975e-06
       1          503         4024          198    5.186869e-06
       1          512         4096          194    6.561856e-06
       1          521         4168          191    6.638743e-06
       1          530         4240          187    9.529412e-06
       1          539         4312          184    5.902174e-06
       1          548         4384          181    5.955801e-06
       1          557         4456          178    6.123596e-06
       1          566         4528          176    2.607955e-06
       1          576         4608          173    1.907514e-06
       1          586         4688          170    2.005882e-06
       1          596         4768          167    1.958084e-06
       1          606         4848          164    2.323171e-06
       1          616         4928          161    4.788820e-06
       1          626         5008          159    6.213836e-06
       1          637         5096          156    6.288462e-06
       1          648         5184          153    6.287582e-06
       1          659         5272          151    6.364238e-06
       1          670         5360          148    6.371622e-06
       1          681         5448          146    7.068493e-06
       1          692         5536          144    2.062500e-06
       1          704         5632          141    2.773050e-06
       1          716         5728          139    3.345324e-06
       1          728         5824          136    2.058824e-06
       1          740         5920          134    2.067164e-06
       1          752         6016          132    2.090909e-06
       1          765         6120          130    2.530769e-06
       1          778         6224          128    2.156250e-06
       1          791         6328          126    2.182540e-06
       1          804         6432          124    2.169355e-06
       1          817         6536          122    2.475410e-06
       1          831         6648          120    3.983333e-06
       1          845         6760          118    4.652542e-06
       1          859         6872          116    2.293103e-06
       1          873         6984          114    2.280702e-06
       1          887         7096          112    2.294643e-06
       1          902         7216          110    2.318182e-06
       1          917         7336          108    2.370370e-06
       1          932         7456          107    2.822430e-06
       1          947         7576          105    2.390476e-06
       1          963         7704          103    5.699029e-06
       1          979         7832          101    7.613861e-06
       1          995         7960          100    8.080000e-06
       1         1011         8088           98    7.602041e-06
       1         1028         8224           97    8.587629e-06
       1         1045         8360           95    7.484211e-06
       1         1062         8496           93    7.010753e-06
       1         1080         8640           92    6.695652e-06
       1         1098         8784           90    1.757778e-05
       1         1116         8928           89    7.786517e-06
       1         1134         9072           88    8.250000e-06
       1         1153         9224           86    7.616279e-06
       1         1172         9376           85    7.529412e-06
       1         1191         9528           83    7.771084e-06
       1         1211         9688           82    8.463415e-06
       1         1231         9848           81    8.308642e-06
       1         1251        10008           79    8.556962e-06
       1         1272        10176           78    8.705128e-06
       1         1293        10344           77    8.662338e-06
       1         1314        10512           75    9.093333e-06
       1         1336        10688           74    8.513514e-06
       1         1358        10864           73    8.493151e-06
       1         1380        11040           72    9.125000e-06
       1         1403        11224           71    8.563380e-06
       1         1426        11408           70    8.300000e-06
       1         1449        11592           68    8.661765e-06
       1         1473        11784           67    8.373134e-06
       1         1497        11976           66    8.742424e-06
       1         1521        12168           65    8.569231e-06
       1         1546        12368           64    8.812500e-06
       1         1571        12568           63    8.365079e-06
       1         1597        12776           62    8.774194e-06
       1         1623        12984           61    8.557377e-06
       1         1649        13192           60    9.666667e-06
       1         1676        13408           59    8.881356e-06
       1         1703        13624           58    8.568966e-06
       1         1731        13848           57    8.578947e-06
       1         1759        14072           56    1.058929e-05
       1         1788        14304           55    3.418182e-06
       1         1817        14536           54    3.407407e-06
       1         1847        14776           54    3.444444e-06
       1         1877        15016           53    3.490566e-06
       1         1908        15264           52    3.769231e-06
       1         1939        15512           51    3.568627e-06
       1         1971        15768           50    3.980000e-06
       1         2003        16024           49    3.612245e-06
       1         2036        16288           49    3.632653e-06
       1         2069        16552           48    3.729167e-06
       1         2103        16824           47    3.723404e-06
       1         2137        17096           46    3.760870e-06
       1         2172        17376           45    3.800000e-06
       1         2207        17656           45    3.866667e-06
       1         2243        17944           44    3.931818e-06
       1         2279        18232           43    3.976744e-06
       1         2316        18528           43    4.023256e-06
       1         2354        18832           42    8.380952e-06
       1         2392        19136           41    8.146341e-06
       1         2431        19448           41    8.121951e-06
       1         2470        19760           40    8.250000e-06
       1         2510        20080           39    8.205128e-06
       1         2551        20408           39    8.282051e-06
       1         2592        20736           38    8.421053e-06
       1         2634        21072           37    8.108108e-06
       1         2677        21416           37    8.189189e-06
       1         2720        21760           36    8.083333e-06
       1         2764        22112           36    7.805556e-06
       1         2809        22472           35    8.028571e-06
       1         2854        22832           35    7.914286e-06
       1         2900        23200           34    7.852941e-06
       1         2947        23576           33    7.969697e-06
       1         2995        23960           33    8.090909e-06
       1         3043        24344           32    7.937500e-06
       1         3092        24736           32    7.937500e-06
       1         3142        25136           31    9.419355e-06
       1         3193        25544           31    6.903226e-06
       1         3245        25960           30    5.300000e-06
       1         3297        26376           30    5.366667e-06
       1         3350        26800           29    5.482759e-06
       1         3404        27232           29    5.379310e-06
       1         3459        27672           28    5.714286e-06
       1         3515        28120           28    5.642857e-06
       1         3572        28576           27    5.740741e-06
       1         3630        29040           27    6.222222e-06
       1         3689        29512           27    5.925926e-06
       1         3749        29992           26    5.923077e-06
       1         3810        30480           26    6.038462e-06
       1         3871        30968           25    7.920000e-06
       1         3933        31464           25    8.640000e-06
       1         3996        31968           25    6.040000e-06
       1         4060        32480           24    6.166667e-06
       1         4125        33000           24    6.416667e-06
       1         4192        33536           23    6.565217e-06
       1         4260        34080           23    1.126087e-05
       1         4329        34632           23    6.608696e-06
       1         4399        35192           22    1.127273e-05
       1         4470        35760           22    1.127273e-05
       1         4542        36336           22    1.154545e-05
       1         4615        36920           21    1.233333e-05
       1         4689        37512           21    1.280952e-05
       1         4765        38120           20    1.355000e-05
       1         4842        38736           20    1.315000e-05
       1         4920        39360           20    1.475000e-05
       1         4999        39992           20    1.300000e-05
       1         5080        40640           20    1.365000e-05
       1         5162        41296           20    1.385000e-05
       1         5245        41960           20    1.370000e-05
       1         5329        42632           20    1.360000e-05
       1         5415        43320           20    1.420000e-05
       1         5502        44016           20    1.335000e-05
       1         5591        44728           20    1.355000e-05
       1         5681        45448           20    1.390000e-05
       1         5772        46176           20    1.420000e-05
       1         5865        46920           20    1.400000e-05
       1         5959        47672           20    1.420000e-05
       1         6055        48440           20    1.430000e-05
       1         6152        49216           20    1.450000e-05
       1         6251        50008           20    1.680000e-05
       1         6352        50816           20    1.490000e-05
       1         6454        51632           20    1.550000e-05
       1         6558        52464           20    1.540000e-05
       1         6663        53304           20    1.465000e-05
       1         6770        54160           20    1.515000e-05
       1         6879        55032           20    1.530000e-05
       1         6990        55920           20    1.535000e-05
       1         7102        56816           20    1.545000e-05
       1         7216        57728           20    1.645000e-05
       1         7332        58656           20    1.580000e-05
       1         7450        59600           20    1.690000e-05
       1         7570        60560           20    1.580000e-05
       1         7692        61536           20    1.625000e-05
       1         7816        62528           20    1.600000e-05
       1         7942        63536           20    1.640000e-05
       1         8070        64560           20    1.650000e-05
       1         8200        65600           20    1.690000e-05
       1         8332        66656           20    1.725000e-05
       1         8466        67728           20    1.760000e-05
       1         8602        68816           20    1.830000e-05
       1         8740        69920           20    1.875000e-05
       1         8880        71040           20    1.955000e-05
       1         9023        72184           20    1.920000e-05
       1         9168        73344           20    2.220000e-05
       1         9315        74520           20    2.110000e-05
       1         9465        75720           20    2.105000e-05
       1         9617        76936           20    2.140000e-05
       1         9771        78168           20    2.195000e-05
       1         9928        79424           20    2.260000e-05
       1        10087        80696           20    2.265000e-05
       1        10249        81992           20    2.330000e-05
       1        10414        83312           20    2.350000e-05
       1        10581        84648           20    2.370000e-05
       1        10751        86008           20    2.405000e-05
       1        10924        87392           20    2.480000e-05
       1        11099        88792           20    2.545000e-05
       1        11277        90216           20    2.570000e-05
       1        11458        91664           20    2.600000e-05
       1        11642        93136           20    1.820000e-05
       1        11829        94632           20    1.820000e-05
       1        12019        96152           20    1.795000e-05
       1        12212        97696           20    1.780000e-05
       1        12408        99264           20    2.385000e-05
       1        12607       100856           20    1.945000e-05
       1        12809       102472           20    1.915000e-05
       1        13014       104112           20    1.870000e-05
       1        13223       105784           20    1.885000e-05
       1        13435       107480           20    2.770000e-05
       1        13650       109200           20    2.805000e-05
       1        13869       110952           20    2.830000e-05
       1        14091       112728           20    2.965000e-05
       1        14317       114536           20    2.765000e-05
       1        14547       116376           20    3.350000e-05
       1        14780       118240           20    2.775000e-05
       1        15017       120136           20    4.405000e-05
       1        15258       122064           20    2.805000e-05
       1        15503       124024           20    2.795000e-05
       1        15752       126016           20    2.825000e-05
       1        16005       128040           20    3.475000e-05
       1        16262       130096           20    3.190000e-05
       1        16523       132184           20    3.105000e-05
       1        16788       134304           20    3.080000e-05
       1        17057       136456           20    3.190000e-05
       1        17330       138640           20    3.125000e-05
       1        17608       140864           20    3.100000e-05
       1        17890       143120           20    3.065000e-05
       1        18177       145416           20    3.005000e-05
       1        18468       147744           20    3.060000e-05
       1        18764       150112           20    3.140000e-05
       1        19065       152520           20    3.265000e-05
       1        19371       154968           20    2.435000e-05
       1        19681       157448           20    2.410000e-05
       1        19996       159968           20    2.440000e-05
       1        20316       162528           20    2.595000e-05
       1        20642       165136           20    2.540000e-05
       1        20973       167784           20    2.560000e-05
       1        21309       170472           20    2.625000e-05
       1        21650       173200           20    2.635000e-05
       1        21997       175976           20    2.575000e-05
       1        22349       178792           20    2.570000e-05
       1        22707       181656           20    2.915000e-05
       1        23071       184568           20    2.610000e-05
       1        23441       187528           20    5.305000e-05
       1        23817       190536           20    4.685000e-05
       1        24199       193592           20    4.560000e-05
       1        24587       196696           20    3.875000e-05
       1        24981       199848           20    3.845000e-05
       1        25381       203048           20    3.815000e-05
       1        25788       206304           20    3.805000e-05
       1        26201       209608           20    3.775000e-05
       1        26621       212968           20    2.615000e-05
       1        27047       216376           20    2.470000e-05
       1        27480       219840           20    2.455000e-05
       1        27920       223360           20    2.220000e-05
       1        28367       226936           20    2.275000e-05
       1        28821       230568           20    2.425000e-05
       1        29283       234264           20    2.480000e-05
       1        29752       238016           20    2.490000e-05
       1        30229       241832           20    2.620000e-05
       1        30713       245704           20    7.120000e-05
       1        31205       249640           20    3.195000e-05
       1        31705       253640           20    2.685000e-05
       1        32213       257704           20    5.140000e-05
       1        32729       261832           20    7.575000e-05
       1        33253       266024           20    5.280000e-05
       1        33786       270288           20    6.860000e-05
       1        34327       274616           20    5.800000e-05
       1        34877       279016           20    5.160000e-05
       1        35436       283488           20    5.060000e-05
       1        36003       288024           20    4.050000e-05
       1        36580       292640           20    4.135000e-05
       1        37166       297328           20    3.785000e-05
       1        37761       302088           20    3.155000e-05
       1        38366       306928           20    3.375000e-05
       1        38980       311840           20    3.240000e-05
       1        39604       316832           20    3.220000e-05
       1        40238       321904           20    4.840000e-05
       1        40882       327056           20    6.195000e-05
       1        41537       332296           20    6.745000e-05
       1        42202       337616           20    4.045000e-05
       1        42878       343024           20    3.905000e-05
       1        43565       348520           20    3.470000e-05
       1        44263       354104           20    4.815000e-05
       1        44972       359776           20    3.950000e-05
       1        45692       365536           20    3.470000e-05
       1        46424       371392           20    6.700000e-05
       1        47167       377336           20    1.876000e-04
       1        47922       383376           20    4.505000e-05
       1        48689       389512           20    4.722500e-04
       1        49469       395752           20    4.135000e-05
       1        50261       402088           20    4.125000e-05
       1        51066       408528           20    4.565000e-05
       1        51884       415072           20    4.115000e-05
       1        52715       421720           20    4.580000e-05
       1        53559       428472           20    1.367000e-04
       1        54416       435328           20    9.820000e-05
       1        55287       442296           20    8.800000e-05
       1        56172       449376           20    8.880000e-05
       1        57071       456568           20    4.650000e-05
       1        57985       463880           20    5.505000e-05
       1        58913       471304           20    8.585000e-05
       1        59856       478848           20    5.505000e-05
       1        60814       486512           20    4.820000e-05
       1        61788       494304           20    7.205000e-05
       1        62777       502216           20    5.980000e-05
       1        63782       510256           20    4.620000e-05
       1        64803       518424           20    5.200000e-05
       1        65840       526720           20    5.450000e-05
       1        66894       535152           20    5.780000e-05
       1        67965       543720           20    5.430000e-05
       1        69053       552424           20    7.060000e-05
       1        70158       561264           20    1.150500e-04
       1        71281       570248           20    1.510000e-04
       1        72422       579376           20    1.167000e-04
       1        73581       588648           20    5.810000e-05
       1        74759       598072           20    7.225000e-05
       1        75956       607648           20    1.201000e-04
       1        77172       617376           20    7.060000e-05
       1        78407       627256           20    2.412000e-04
       1        79662       637296           20    2.260500e-04
       1        80937       647496           20    1.455500e-04
       1        82233       657864           20    1.987500e-04
       1        83549       668392           20    2.587000e-04
       1        84886       679088           20    6.665000e-05
       1        86245       689960           20    7.485000e-05
       1        87625       701000           20    8.960000e-05
       1        89028       712224           20    1.151000e-04
       1        90453       723624           20    2.736500e-04
       1        91901       735208           20    1.245500e-04
       1        93372       746976           20    4.686000e-04
       1        94866       758928           20    8.665000e-05
       1        96384       771072           20    1.209500e-04
       1        97927       783416           20    1.539000e-04
       1        99494       795952           20    1.092500e-04
       1       101086       808688           20    1.804000e-04
       2            1            8         1000    4.040000e-07
       2            2           16         1000    8.850000e-07
       2            3           24         1000    9.020000e-07
       2            4           32         1000    3.120000e-07
       2            5           40         1000    3.130000e-07
       2            6           48         1000    3.260000e-07
       2            7           56         1000    3.250000e-07
       2            8           64         1000    3.290000e-07
       2            9           72         1000    3.280000e-07
       2           10           80         1000    3.480000e-07
       2           11           88         1000    3.490000e-07
       2           12           96         1000    3.380000e-07
       2           13          104         1000    3.260000e-07
       2           14          112         1000    3.450000e-07
       2           15          120         1000    3.530000e-07
       2           16          128         1000    7.390000e-07
       2           17          136         1000    3.860000e-07
       2           18          144         1000    3.930000e-07
       2           19          152         1000    3.820000e-07
       2           20          160         1000    3.540000e-07
       2           21          168         1000    3.590000e-07
       2           22          176         1000    3.850000e-07
       2           23          184         1000    4.300000e-07
       2           24          192         1000    8.420000e-07
       2           25          200         1000    1.408000e-06
       2           26          208         1000    1.071000e-06
       2           27          216         1000    1.144000e-06
       2           28          224         1000    1.958000e-06
       2           29          232         1000    5.780000e-07
       2           30          240         1000    4.780000e-07
       2           31          248         1000    3.930000e-07
       2           32          256         1000    8.630000e-07
       2           33          264         1000    1.122000e-06
       2           34          272         1000    6.260000e-07
       2           35          280         1000    6.540000e-07
       2           36          288         1000    6.330000e-07
       2           37          296         1000    6.500000e-07
       2           38          304         1000    6.500000e-07
       2           39          312         1000    6.500000e-07
       2           40          320         1000    6.490000e-07
       2           41          328         1000    6.500000e-07
       2           42          336         1000    6.740000e-07
       2           43          344         1000    6.570000e-07
       2           44          352         1000    2.379000e-06
       2           45          360         1000    2.520000e-06
       2           46          368         1000    2.428000e-06
       2           47          376         1000    2.574000e-06
       2           48          384         1000    2.322000e-06
       2           49          392         1000    8.390000e-07
       2           50          400         1000    6.800000e-07
       2           51          408         1000    8.270000e-07
       2           52          416         1000    1.796000e-06
       2           53          424         1000    1.827000e-06
       2           54          432         1000    1.821000e-06
       2           55          440         1000    2.041000e-06
       2           56          448         1000    9.330000e-07
       2           57          456         1000    2.846000e-06
       2           58          464         1000    2.486000e-06
       2           59          472         1000    2.538000e-06
       2           60          480         1000    1.756000e-06
       2           61          488         1000    7.160000e-07
       2           62          496         1000    7.140000e-07
       2           64          512         1000    7.170000e-07
       2           66          528         1000    7.480000e-07
       2           68          544         1000    7.200000e-07
       2           70          560         1000    7.240000e-07
       2           72          576         1000    7.280000e-07
       2           74          592         1000    1.785000e-06
       2           76          608         1000    9.580000e-07
       2           78          624         1000    7.340000e-07
       2           80          640         1000    1.181000e-06
       2           82          656         1000    1.249000e-06
       2           84          672         1000    2.402000e-06
       2           86          688         1000    2.660000e-06
       2           88          704         1000    2.500000e-06
       2           90          720         1000    3.424000e-06
       2           92          736         1000    7.691000e-06
       2           94          752         1000    2.127000e-06
       2           96          768         1000    1.702000e-06
       2           98          784         1000    1.278000e-06
       2          100          800          980    1.069388e-06
       2          102          816          961    7.575442e-07
       2          104          832          943    8.250265e-07
       2          106          848          925    9.459459e-07
       2          108          864          909    9.020902e-07
       2          110          880          892    8.206278e-07
       2          112          896          877    1.158495e-06
       2          114          912          862    2.349188e-06
       2          116          928          847    2.805195e-06
       2          118          944          833    2.715486e-06
       2          120          960          819    2.991453e-06
       2          122          976          806    1.197270e-06
       2          124          992          793    7.667087e-07
       2          127         1016          775    7.664516e-07
       2          130         1040          757    8.401585e-07
       2          133         1064          740    8.445946e-07
       2          136         1088          724    9.930939e-07
       2          139         1112          709    8.279267e-07
       2          142         1136          694    2.087896e-06
       2          145         1160          680    2.901471e-06
       2          148         1184          666    4.549550e-05
       2          151         1208          653    2.984686e-06
       2          154         1232          641    1.702028e-06
       2          157         1256          628    8.646497e-07
       2          160         1280          617    8.687196e-07
       2          163         1304          606    8.712871e-07
       2          166         1328          595    8.789916e-07
       2          169         1352          584    1.017123e-06
       2          172         1376          574    1.196864e-06
       2          175         1400          564    8.156028e-07
       2          178         1424          555    1.558559e-06
       2          181         1448          546    2.569597e-06
       2          184         1472          537    2.819367e-06
       2          187         1496          529    2.527410e-06
       2          191         1528          518    2.403475e-06
       2          195         1560          507    1.491124e-06
       2          199         1592          497    8.973843e-07
       2          203         1624          487    9.137577e-07
       2          207         1656          478    1.033473e-06
       2          211         1688          469    2.319829e-06
       2          215         1720          460    9.891304e-07
       2          219         1752          452    9.579646e-07
       2          223         1784          444    2.157658e-06
       2          227         1816          436    3.160550e-06
       2          231         1848          429    2.738928e-06
       2          235         1880          421    1.144893e-06
       2          239         1912          414    1.019324e-06
       2          243         1944          408    1.051471e-06
       2          247         1976          401    2.463591e-05
       2          251         2008          395    9.746835e-07
       2          256         2048          387    1.069767e-06
       2          261         2088          380    1.023684e-06
       2          266         2128          373    1.018767e-06
       2          271         2168          366    1.032787e-06
       2          276         2208          359    2.395543e-06
       2          281         2248          353    3.014164e-06
       2          286         2288          347    3.002882e-06
       2          291         2328          341    2.665689e-06
       2          296         2368          335    2.456716e-06
       2          301         2408          330    2.945455e-06
       2          306         2448          324    1.176235e-05
       2          311         2488          319    1.128527e-06
       2          316         2528          314    1.987261e-06
       2          322         2576          308    1.168831e-06
       2          328         2624          303    1.089109e-06
       2          334         2672          297    1.067340e-06
       2          340         2720          292    1.061644e-06
       2          346         2768          287    1.125436e-06
       2          352         2816          282    1.152482e-06
       2          358         2864          277    1.068592e-06
       2          364         2912          273    1.076923e-06
       2          370         2960          268    1.287313e-06
       2          376         3008          264    1.094697e-06
       2          383         3064          259    1.111969e-06
       2          390         3120          255    1.137255e-06
       2          397         3176          250    1.136000e-06
       2          404         3232          246    1.329268e-06
       2          411         3288          242    3.404959e-06
       2          418         3344          238    3.554622e-06
       2          425         3400          234    3.696581e-06
       2          432         3456          230    3.726087e-06
       2          439         3512          226    3.526549e-06
       2          447         3576          222    3.554054e-06
       2          455         3640          218    1.944954e-06
       2          463         3704          215    7.572093e-06
       2          471         3768          211    2.568720e-06
       2          479         3832          207    4.086957e-06
       2          487         3896          204    3.573529e-06
       2          495         3960          201    3.711443e-06
       2          503         4024          198    5.676768e-06
       2          512         4096          194    1.824742e-06
       2          521         4168          191    1.837696e-06
       2          530         4240          187    1.818182e-06
       2          539         4312          184    1.798913e-06
       2          548         4384          181    5.331492e-06
       2          557         4456          178    1.921348e-06
       2          566         4528          176    1.897727e-06
       2          576         4608          173    1.901734e-06
       2          586         4688          170    1.917647e-06
       2          596         4768          167    1.958084e-06
       2          606         4848          164    1.975610e-06
       2          616         4928          161    2.062112e-06
       2          626         5008          159    1.981132e-06
       2          637         5096          156    2.032051e-06
       2          648         5184          153    2.006536e-06
       2          659         5272          151    2.046358e-06
       2          670         5360          148    2.033784e-06
       2          681         5448          146    2.054795e-06
       2          692         5536          144    2.152778e-06
       2          704         5632          141    2.063830e-06
       2          716         5728          139    2.086331e-06
       2          728         5824          136    2.139706e-06
       2          740         5920          134    2.126866e-06
       2          752         6016          132    2.212121e-06
       2          765         6120          130    2.200000e-06
       2          778         6224          128    2.226562e-06
       2          791         6328          126    2.571429e-06
       2          804         6432          124    2.306452e-06
       2          817         6536          122    2.327869e-06
       2          831         6648          120    2.358333e-06
       2          845         6760          118    2.406780e-06
       2          859         6872          116    2.431034e-06
       2          873         6984          114    2.342105e-06
       2          887         7096          112    2.383929e-06
       2          902         7216          110    6.318182e-06
       2          917         7336          108    7.120370e-06
       2          932         7456          107    7.252336e-06
       2          947         7576          105    7.219048e-06
       2          963         7704          103    7.349515e-06
       2          979         7832          101    7.475248e-06
       2          995         7960          100    7.930000e-06
       2         1011         8088           98    6.469388e-06
       2         1028         8224           97    6.432990e-06
       2         1045         8360           95    6.642105e-06
       2         1062         8496           93    6.473118e-06
       2         1080         8640           92    9.728261e-06
       2         1098         8784           90    8.288889e-06
       2         1116         8928           89    7.876404e-06
       2         1134         9072           88    9.522727e-06
       2         1153         9224           86    8.604651e-06
       2         1172         9376           85    7.647059e-06
       2         1191         9528           83    7.710843e-06
       2         1211         9688           82    7.621951e-06
       2         1231         9848           81    9.691358e-06
       2         1251        10008           79    1.854430e-05
       2         1272        10176           78    8.615385e-06
       2         1293        10344           77    9.675325e-06
       2         1314        10512           75    2.880000e-06
       2         1336        10688           74    2.864865e-06
       2         1358        10864           73    2.972603e-06
       2         1380        11040           72    2.930556e-06
       2         1403        11224           71    9.436620e-06
       2         1426        11408           70    8.014286e-06
       2         1449        11592           68    3.161765e-06
       2         1473        11784           67    3.194030e-06
       2         1497        11976           66    3.257576e-06
       2         1521        12168           65    3.230769e-06
       2         1546        12368           64    3.281250e-06
       2         1571        12568           63    3.317460e-06
       2         1597        12776           62    3.451613e-06
       2         1623        12984           61    3.721311e-06
       2         1649        13192           60    3.400000e-06
       2         1676        13408           59    3.423729e-06
       2         1703        13624           58    3.413793e-06
       2         1731        13848           57    3.456140e-06
       2         1759        14072           56    3.571429e-06
       2         1788        14304           55    3.418182e-06
       2         1817        14536           54    3.592593e-06
       2         1847        14776           54    3.500000e-06
       2         1877        15016           53    3.603774e-06
       2         1908        15264           52    3.557692e-06
       2         1939        15512           51    3.588235e-06
       2         1971        15768           50    4.580000e-06
       2         2003        16024           49    3.632653e-06
       2         2036        16288           49    3.673469e-06
       2         2069        16552           48    3.708333e-06
       2         2103        16824           47    3.957447e-06
       2         2137        17096           46    4.000000e-06
       2         2172        17376           45    3.822222e-06
       2         2207        17656           45    3.977778e-06
       2         2243        17944           44    4.000000e-06
       2         2279        18232           43    5.000000e-06
       2         2316        18528           43    4.255814e-06
       2         2354        18832           42    1.116667e-05
       2         2392        19136           41    1.153659e-05
       2         2431        19448           41    1.082927e-05
       2         2470        19760           40    1.012500e-05
       2         2510        20080           39    1.069231e-05
       2         2551        20408           39    1.123077e-05
       2         2592        20736           38    9.631579e-06
       2         2634        21072           37    8.540541e-06
       2         2677        21416           37    8.540541e-06
       2         2720        21760           36    8.694444e-06
       2         2764        22112           36    8.638889e-06
       2         2809        22472           35    8.800000e-06
       2         2854        22832           35    8.514286e-06
       2         2900        23200           34    8.411765e-06
       2         2947        23576           33    8.484848e-06
       2         2995        23960           33    8.242424e-06
       2         3043        24344           32    8.250000e-06
       2         3092        24736           32    8.125000e-06
       2         3142        25136           31    8.096774e-06
       2         3193        25544           31    8.225806e-06
       2         3245        25960           30    9.500000e-06
       2         3297        26376           30    8.166667e-06
       2         3350        26800           29    8.172414e-06
       2         3404        27232           29    8.137931e-06
       2         3459        27672           28    8.214286e-06
       2         3515        28120           28    8.321429e-06
       2         3572        28576           27    8.296296e-06
       2         3630        29040           27    8.444444e-06
       2         3689        29512           27    1.040741e-05
       2         3749        29992           26    1.115385e-05
       2         3810        30480           26    1.130769e-05
       2         3871        30968           25    1.172000e-05
       2         3933        31464           25    1.164000e-05
       2         3996        31968           25    1.136000e-05
       2         4060        32480           24    1.104167e-05
       2         4125        33000           24    1.050000e-05
       2         4192        33536           23    1.047826e-05
       2         4260        34080           23    1.060870e-05
       2         4329        34632           23    1.073913e-05
       2         4399        35192           22    1.118182e-05
       2         4470        35760           22    1.318182e-05
       2         4542        36336           22    1.268182e-05
       2         4615        36920           21    1.304762e-05
       2         4689        37512           21    1.295238e-05
       2         4765        38120           20    1.305000e-05
       2         4842        38736           20    1.300000e-05
       2         4920        39360           20    1.375000e-05
       2         4999        39992           20    1.330000e-05
       2         5080        40640           20    1.335000e-05
       2         5162        41296           20    1.335000e-05
       2         5245        41960           20    1.330000e-05
       2         5329        42632           20    1.320000e-05
       2         5415        43320           20    1.495000e-05
       2         5502        44016           20    1.345000e-05
       2         5591        44728           20    1.340000e-05
       2         5681        45448           20    1.355000e-05
       2         5772        46176           20    8.750000e-06
       2         5865        46920           20    9.050000e-06
       2         5959        47672           20    8.850000e-06
       2         6055        48440           20    9.300000e-06
       2         6152        49216           20    9.300000e-06
       2         6251        50008           20    9.600000e-06
       2         6352        50816           20    9.300000e-06
       2         6454        51632           20    9.900000e-06
       2         6558        52464           20    9.900000e-06
       2         6663        53304           20    9.100000e-06
       2         6770        54160           20    1.070000e-05
       2         6879        55032           20    9.550000e-06
       2         6990        55920           20    9.850000e-06
       2         7102        56816           20    9.700000e-06
       2         7216        57728           20    1.015000e-05
       2         7332        58656           20    1.005000e-05
       2         7450        59600           20    1.000000e-05
       2         7570        60560           20    1.015000e-05
       2         7692        61536           20    1.000000e-05
       2         7816        62528           20    1.010000e-05
       2         7942        63536           20    1.035000e-05
       2         8070        64560           20    2.115000e-05
       2         8200        65600           20    2.755000e-05
       2         8332        66656           20    1.155000e-05
       2         8466        67728           20    2.050000e-05
       2         8602        68816           20    1.290000e-05
       2         8740        69920           20    1.270000e-05
       2         8880        71040           20    1.285000e-05
       2         9023        72184           20    1.265000e-05
       2         9168        73344           20    1.710000e-05
       2         9315        74520           20    2.165000e-05
       2         9465        75720           20    2.190000e-05
       2         9617        76936           20    2.180000e-05
       2         9771        78168           20    2.235000e-05
       2         9928        79424           20    2.260000e-05
       2        10087        80696           20    2.265000e-05
       2        10249        81992           20    2.340000e-05
       2        10414        83312           20    2.360000e-05
       2        10581        84648           20    2.335000e-05
       2        10751        86008           20    2.540000e-05
       2        10924        87392           20    2.545000e-05
       2        11099        88792           20    2.655000e-05
       2        11277        90216           20    2.515000e-05
       2        11458        91664           20    2.510000e-05
       2        11642        93136           20    1.870000e-05
       2        11829        94632           20    1.940000e-05
       2        12019        96152           20    1.770000e-05
       2        12212        97696           20    1.960000e-05
       2        12408        99264           20    1.820000e-05
       2        12607       100856           20    2.030000e-05
       2        12809       102472           20    2.585000e-05
       2        13014       104112           20    2.030000e-05
       2        13223       105784           20    2.090000e-05
       2        13435       107480           20    2.645000e-05
       2        13650       109200           20    2.685000e-05
       2        13869       110952           20    2.600000e-05
       2        14091       112728           20    3.070000e-05
       2        14317       114536           20    3.160000e-05
       2        14547       116376           20    3.180000e-05
       2        14780       118240           20    3.155000e-05
       2        15017       120136           20    3.210000e-05
       2        15258       122064           20    3.160000e-05
       2        15503       124024           20    3.140000e-05
       2        15752       126016           20    3.080000e-05
       2        16005       128040           20    2.995000e-05
       2        16262       130096           20    3.075000e-05
       2        16523       132184           20    3.050000e-05
       2        16788       134304           20    2.780000e-05
       2        17057       136456           20    2.475000e-05
       2        17330       138640           20    2.445000e-05
       2        17608       140864           20    2.490000e-05
       2        17890       143120           20    2.390000e-05
       2        18177       145416           20    2.500000e-05
       2        18468       147744           20    2.425000e-05
       2        18764       150112           20    2.475000e-05
       2        19065       152520           20    2.665000e-05
       2        19371       154968           20    3.390000e-05
       2        19681       157448           20    3.250000e-05
       2        19996       159968           20    3.000000e-05
       2        20316       162528           20    3.070000e-05
       2        20642       165136           20    3.000000e-05
       2        20973       167784           20    3.435000e-05
       2        21309       170472           20    3.145000e-05
       2        21650       173200           20    3.230000e-05
       2        21997       175976           20    3.225000e-05
       2        22349       178792           20    3.305000e-05
       2        22707       181656           20    3.240000e-05
       2        23071       184568           20    3.380000e-05
       2        23441       187528           20    3.405000e-05
       2        23817       190536           20    3.585000e-05
       2        24199       193592           20    3.030000e-05
       2        24587       196696           20    3.785000e-05
       2        24981       199848           20    2.885000e-05
       2        25381       203048           20    3.150000e-05
       2        25788       206304           20    2.765000e-05
       2        26201       209608           20    7.340000e-05
       2        26621       212968           20    3.005000e-05
       2        27047       216376           20    3.440000e-05
       2        27480       219840           20    3.065000e-05
       2        27920       223360           20    7.960000e-05
       2        28367       226936           20    6.280000e-05
       2        28821       230568           20    3.290000e-05
       2        29283       234264           20    3.560000e-05
       2        29752       238016           20    3.315000e-05
       2        30229       241832           20    5.910000e-05
       2        30713       245704           20    5.400000e-05
       2        31205       249640           20    4.075000e-05
       2        31705       253640           20    5.140000e-05
       2        32213       257704           20    4.840000e-05
       2        32729       261832           20    4.805000e-05
       2        33253       266024           20    4.915000e-05
       2        33786       270288           20    3.845000e-05
       2        34327       274616           20    9.940000e-05
       2        34877       279016           20    3.615000e-05
       2        35436       283488           20    3.275000e-05
       2        36003       288024           20    3.325000e-05
       2        36580       292640           20    3.380000e-05
       2        37166       297328           20    2.930000e-05
       2        37761       302088           20    2.755000e-05
       2        38366       306928           20    5.865000e-05
       2        38980       311840           20    6.060000e-05
       2        39604       316832           20    5.970000e-05
       2        40238       321904           20    4.585000e-05
       2        40882       327056           20    4.835000e-05
       2        41537       332296           20    3.840000e-05
       2        42202       337616           20    3.235000e-05
       2        42878       343024           20    3.240000e-05
       2        43565       348520           20    6.550000e-05
       2        44263       354104           20    5.935000e-05
       2        44972       359776           20    4.205000e-05
       2        45692       365536           20    7.210000e-05
       2        46424       371392           20    7.210000e-05
       2        47167       377336           20    7.315000e-05
       2        47922       383376           20    1.375500e-04
       2        48689       389512           20    3.630000e-05
       2        49469       395752           20    3.805000e-05
       2        50261       402088           20    3.740000e-05
       2        51066       408528           20    6.665000e-05
       2        51884       415072           20    6.365000e-05
       2        52715       421720           20    1.301000e-04
       2        53559       428472           20    9.400000e-05
       2        54416       435328           20    8.040000e-05
       2        55287       442296           20    8.155000e-05
       2        56172       449376           20    1.299000e-04
       2        57071       456568           20    4.170000e-05
       2        57985       463880           20    1.942000e-04
       2        58913       471304           20    4.935000e-05
       2        59856       478848           20    9.945000e-05
       2        60814       486512           20    4.755000e-05
       2        61788       494304           20    6.055000e-05
       2        62777       502216           20    4.975000e-05
       2        63782       510256           20    9.630000e-05
       2        64803       518424           20    5.175000e-05
       2        65840       526720           20    1.754000e-04
       2        66894       535152           20    5.190000e-05
       2        67965       543720           20    5.165000e-05
       2        69053       552424           20    4.855000e-05
       2        70158       561264           20    2.688000e-04
       2        71281       570248           20    5.070000e-05
       2        72422       579376           20    1.097500e-04
       2        73581       588648           20    8.485000e-05
       2        74759       598072           20    5.750000e-05
       2        75956       607648           20    5.865000e-05
       2        77172       617376           20    1.288500e-04
       2        78407       627256           20    1.215500e-04
       2        79662       637296           20    5.965000e-05
       2        80937       647496           20    6.270000e-05
       2        82233       657864           20    6.400000e-05
       2        83549       668392           20    1.529000e-04
       2        84886       679088           20    8.450000e-05
       2        86245       689960           20    6.584500e-04
       2        87625       701000           20    1.641000e-04
       2        89028       712224           20    1.650000e-04
       2        90453       723624           20    1.640100e-03
       2        91901       735208           20    2.864500e-04
       2        93372       746976           20    2.173000e-04
       2        94866       758928           20    1.294500e-04
       2        96384       771072           20    3.500000e-04
       2        97927       783416           20    4.546500e-04
       2        99494       795952           20    3.049000e-04
       2       101086       808688           20    1.653000e-04
       3            1            8         1000    3.433000e-06
       3            2           16         1000    3.380000e-07
       3            3           24         1000    7.550000e-07
       3            4           32         1000    3.520000e-07
       3            5           40         1000    9.370000e-07
       3            6           48         1000    9.490000e-07
       3            7           56         1000    9.240000e-07
       3            8           64         1000    8.940000e-07
       3            9           72         1000    4.090000e-07
       3           10           80         1000    3.560000e-07
       3           11           88         1000    3.590000e-07
       3           12           96         1000    6.660000e-07
       3           13          104         1000    3.600000e-07
       3           14          112         1000    4.780000e-07
       3           15          120         1000    4.400000e-07
       3           16          128         1000    6.460000e-07
       3           17          136         1000    7.600000e-07
       3           18          144         1000    3.870000e-07
       3           19          152         1000    3.750000e-07
       3           20          160         1000    6.890000e-07
       3           21          168         1000    3.600000e-07
       3           22          176         1000    3.840000e-07
       3           23          184         1000    3.880000e-07
       3           24          192         1000    1.104000e-06
       3           25          200         1000    1.031000e-06
       3           26          208         1000    1.629000e-06
       3           27          216         1000    1.136000e-06
       3           28          224         1000    1.198000e-06
       3           29          232         1000    3.790000e-07
       3           30          240         1000    4.050000e-07
       3           31          248         1000    4.270000e-07
       3           32          256         1000    3.940000e-07
       3           33          264         1000    7.610000e-07
       3           34          272         1000    6.570000e-07
       3           35          280         1000    2.804000e-06
       3           36          288         1000    1.868000e-06
       3           37          296         1000    1.945000e-06
       3           38          304         1000    1.980000e-06
       3           39          312         1000    2.178000e-06
       3           40          320         1000    2.439000e-06
       3           41          328         1000    1.631000e-06
       3           42          336         1000    6.730000e-07
       3           43          344         1000    7.050000e-07
       3           44          352         1000    6.590000e-07
       3           45          360         1000    6.590000e-07
       3           46          368         1000    2.977000e-06
       3           47          376         1000    7.030000e-07
       3           48          384         1000    1.251000e-06
       3           49          392         1000    6.207000e-06
       3           50          400         1000    2.524000e-06
       3           51          408         1000    9.760000e-07
       3           52          416         1000    3.136000e-06
       3           53          424         1000    8.580000e-07
       3           54          432         1000    7.250000e-07
       3           55          440         1000    6.750000e-07
       3           56          448         1000    7.190000e-07
       3           57          456         1000    7.180000e-07
       3           58          464         1000    7.190000e-07
       3           59          472         1000    6.990000e-07
       3           60          480         1000    7.020000e-07
       3           61          488         1000    7.100000e-07
       3           62          496         1000    7.070000e-07
       3           64          512         1000    1.157000e-06
       3           66          528         1000    2.552000e-06
       3           68          544         1000    2.543000e-06
       3           70          560         1000    2.761000e-06
       3           72          576         1000    1.533000e-06
       3           74          592         1000    9.760000e-07
       3           76          608         1000    7.790000e-07
       3           78          624         1000    2.033000e-06
       3           80          640         1000    2.434000e-06
       3           82          656         1000    2.419000e-06
       3           84          672         1000    7.840000e-07
       3           86          688         1000    7.590000e-07
       3           88          704         1000    7.890000e-07
       3           90          720         1000    7.920000e-07
       3           92          736         1000    1.946000e-06
       3           94          752         1000    2.390000e-06
       3           96          768         1000    2.489000e-06
       3           98          784         1000    2.272000e-06
       3          100          800          980    1.704082e-06
       3          102          816          961    2.312175e-06
       3          104          832          943    2.262990e-06
       3          106          848          925    4.410811e-06
       3          108          864          909    9.867987e-07
       3          110          880          892    9.966368e-07
       3          112          896          877    1.578107e-06
       3          114          912          862    2.662413e-06
       3          116          928          847    2.811098e-06
       3          118          944          833    2.716687e-06
       3          120          960          819    2.821734e-06
       3          122          976          806    2.839950e-06
       3          124          992          793    2.506936e-06
       3          127         1016          775    8.658065e-07
       3          130         1040          757    2.243065e-06
       3          133         1064          740    1.689189e-06
       3          136         1088          724    7.831492e-07
       3          139         1112          709    7.658674e-07
       3          142         1136          694    1.419308e-06
       3          145         1160          680    8.632353e-07
       3          148         1184          666    2.524024e-06
       3          151         1208          653    1.231240e-06
       3          154         1232          641    8.689548e-07
       3          157         1256          628    8.630573e-07
       3          160         1280          617    8.379254e-07
       3          163         1304          606    2.123762e-06
       3          166         1328          595    1.894118e-06
       3          169         1352          584    2.010274e-06
       3          172         1376          574    2.275261e-06
       3          175         1400          564    8.563830e-07
       3          178         1424          555    9.117117e-07
       3          181         1448          546    8.717949e-07
       3          184         1472          537    8.733706e-07
       3          187         1496          529    8.846881e-07
       3          191         1528          518    8.880309e-07
       3          195         1560          507    9.033531e-07
       3          199         1592          497    9.657948e-07
       3          203         1624          487    9.178645e-07
       3          207         1656          478    9.225941e-07
       3          211         1688          469    1.051173e-06
       3          215         1720          460    9.456522e-07
       3          219         1752          452    9.557522e-07
       3          223         1784          444    9.572072e-07
       3          227         1816          436    9.678899e-07
       3          231         1848          429    9.766900e-07
       3          235         1880          421    9.833729e-07
       3          239         1912          414    9.879227e-07
       3          243         1944          408    9.975490e-07
       3          247         1976          401    1.024938e-06
       3          251         2008          395    2.200000e-06
       3          256         2048          387    3.472868e-06
       3          261         2088          380    1.047368e-06
       3          266         2128          373    1.040214e-06
       3          271         2168          366    1.046448e-06
       3          276         2208          359    1.055710e-06
       3          281         2248          353    1.065156e-06
       3          286         2288          347    1.276657e-06
       3          291         2328          341    3.378299e-06
       3          296         2368          335    3.373134e-06
       3          301         2408          330    3.403030e-06
       3          306         2448          324    3.404321e-06
       3          311         2488          319    3.771160e-06
       3          316         2528          314    3.818471e-06
       3          322         2576          308    2.405844e-06
       3          328         2624          303    1.049505e-06
       3          334         2672          297    1.067340e-06
       3          340         2720          292    1.082192e-06
       3          346         2768          287    1.111498e-06
       3          352         2816          282    1.840426e-06
       3          358         2864          277    1.129964e-06
       3          364         2912          273    1.139194e-06
       3          370         2960          268    1.175373e-06
       3          376         3008          264    1.151515e-06
       3          383         3064          259    1.166023e-06
       3          390         3120          255    1.192157e-06
       3          397         3176          250    1.196000e-06
       3          404         3232          246    1.207317e-06
       3          411         3288          242    1.285124e-06
       3          418         3344          238    1.226891e-06
       3          425         3400          234    1.179487e-06
       3          432         3456          230    1.186957e-06
       3          439         3512          226    1.159292e-06
       3          447         3576          222    1.905405e-06
       3          455         3640          218    1.229358e-06
       3          463         3704          215    1.265116e-06
       3          471         3768          211    1.260664e-06
       3          479         3832          207    1.748792e-06
       3          487         3896          204    3.142157e-06
       3          495         3960          201    1.452736e-06
       3          503         4024          198    1.838384e-06
       3          512         4096          194    2.448454e-06
       3          521         4168          191    6.183246e-06
       3          530         4240          187    6.155080e-06
       3          539         4312          184    5.733696e-06
       3          548         4384          181    4.994475e-06
       3          557         4456          178    6.219101e-06
       3          566         4528          176    6.272727e-06
       3          576         4608          173    6.687861e-06
       3          586         4688          170    4.335294e-06
       3          596         4768          167    1.952096e-06
       3          606         4848          164    2.006098e-06
       3          616         4928          161    2.031056e-06
       3          626         5008          159    2.000000e-06
       3          637         5096          156    2.051282e-06
       3          648         5184          153    2.032680e-06
       3          659         5272          151    2.052980e-06
       3          670         5360          148    2.101351e-06
       3          681         5448          146    2.219178e-06
       3          692         5536          144    2.097222e-06
       3          704         5632          141    2.099291e-06
       3          716         5728          139    2.136691e-06
       3          728         5824          136    2.183824e-06
       3          740         5920          134    2.171642e-06
       3          752         6016          132    2.196970e-06
       3          765         6120          130    2.238462e-06
       3          778         6224          128    2.398438e-06
       3          791         6328          126    2.269841e-06
       3          804         6432          124    2.282258e-06
       3          817         6536          122    2.311475e-06
       3          831         6648          120    2.333333e-06
       3          845         6760          118    2.423729e-06
       3          859         6872          116    2.370690e-06
       3          873         6984          114    2.403509e-06
       3          887         7096          112    2.419643e-06
       3          902         7216          110    2.463636e-06
       3          917         7336          108    2.481481e-06
       3          932         7456          107    2.476636e-06
       3          947         7576          105    2.495238e-06
       3          963         7704          103    2.533981e-06
       3          979         7832          101    4.128713e-06
       3          995         7960          100    7.470000e-06
       3         1011         8088           98    6.428571e-06
       3         1028         8224           97    6.402062e-06
       3         1045         8360           95    6.631579e-06
       3         1062         8496           93    6.505376e-06
       3         1080         8640           92    6.500000e-06
       3         1098         8784           90    6.722222e-06
       3         1116         8928           89    6.674157e-06
       3         1134         9072           88    6.704545e-06
       3         1153         9224           86    6.651163e-06
       3         1172         9376           85    6.682353e-06
       3         1191         9528           83    6.759036e-06
       3         1211         9688           82    6.878049e-06
       3         1231         9848           81    6.901235e-06
       3         1251        10008           79    4.911392e-06
       3         1272        10176           78    2.910256e-06
       3         1293        10344           77    2.935065e-06
       3         1314        10512           75    3.613333e-06
       3         1336        10688           74    4.337838e-06
       3         1358        10864           73    3.041096e-06
       3         1380        11040           72    3.069444e-06
       3         1403        11224           71    3.619718e-06
       3         1426        11408           70    3.042857e-06
       3         1449        11592           68    3.058824e-06
       3         1473        11784           67    3.089552e-06
       3         1497        11976           66    3.121212e-06
       3         1521        12168           65    3.169231e-06
       3         1546        12368           64    3.625000e-06
       3         1571        12568           63    3.190476e-06
       3         1597        12776           62    3.209677e-06
       3         1623        12984           61    3.262295e-06
       3         1649        13192           60    3.300000e-06
       3         1676        13408           59    3.728814e-06
       3         1703        13624           58    3.327586e-06
       3         1731        13848           57    3.824561e-06
       3         1759        14072           56    3.428571e-06
       3         1788        14304           55    3.600000e-06
       3         1817        14536           54    3.518519e-06
       3         1847        14776           54    3.555556e-06
       3         1877        15016           53    3.584906e-06
       3         1908        15264           52    3.615385e-06
       3         1939        15512           51    3.647059e-06
       3         1971        15768           50    3.680000e-06
       3         2003        16024           49    3.693878e-06
       3         2036        16288           49    3.897959e-06
       3         2069        16552           48    3.979167e-06
       3         2103        16824           47    3.808511e-06
       3         2137        17096           46    3.826087e-06
       3         2172        17376           45    3.911111e-06
       3         2207        17656           45    3.955556e-06
       3         2243        17944           44    3.977273e-06
       3         2279        18232           43    4.069767e-06
       3         2316        18528           43    1.620930e-05
       3         2354        18832           42    8.238095e-06
       3         2392        19136           41    8.219512e-06
       3         2431        19448           41    8.243902e-06
       3         2470        19760           40    8.325000e-06
       3         2510        20080           39    8.435897e-06
       3         2551        20408           39    8.512821e-06
       3         2592        20736           38    8.736842e-06
       3         2634        21072           37    8.567568e-06
       3         2677        21416           37    8.135135e-06
       3         2720        21760           36    8.055556e-06
       3         2764        22112           36    7.861111e-06
       3         2809        22472           35    8.028571e-06
       3         2854        22832           35    8.171429e-06
       3         2900        23200           34    9.441176e-06
       3         2947        23576           33    8.181818e-06
       3         2995        23960           33    8.242424e-06
       3         3043        24344           32    7.937500e-06
       3         3092        24736           32    3.131250e-05
       3         3142        25136           31    5.193548e-06
       3         3193        25544           31    5.838710e-06
       3         3245        25960           30    5.533333e-06
       3         3297        26376           30    6.500000e-06
       3         3350        26800           29    5.896552e-06
       3         3404        27232           29    5.586207e-06
       3         3459        27672           28    6.000000e-06
       3         3515        28120           28    6.035714e-06
       3         3572        28576           27    6.000000e-06
       3         3630        29040           27    6.037037e-06
       3         3689        29512           27    6.555556e-06
       3         3749        29992           26    6.615385e-06
       3         3810        30480           26    6.576923e-06
       3         3871        30968           25    6.480000e-06
       3         3933        31464           25    6.600000e-06
       3         3996        31968           25    6.240000e-06
       3         4060        32480           24    6.291667e-06
       3         4125        33000           24    7.416667e-06
       3         4192        33536           23    6.826087e-06
       3         4260        34080           23    6.608696e-06
       3         4329        34632           23    6.913043e-06
       3         4399        35192           22    1.131818e-05
       3         4470        35760           22    1.127273e-05
       3         4542        36336           22    1.150000e-05
       3         4615        36920           21    1.171429e-05
       3         4689        37512           21    1.238095e-05
       3         4765        38120           20    1.265000e-05
       3         4842        38736           20    1.265000e-05
       3         4920        39360           20    1.260000e-05
       3         4999        39992           20    1.310000e-05
       3         5080        40640           20    1.295000e-05
       3         5162        41296           20    1.395000e-05
       3         5245        41960           20    1.175000e-05
       3         5329        42632           20    1.180000e-05
       3         5415        43320           20    1.175000e-05
       3         5502        44016           20    1.190000e-05
       3         5591        44728           20    1.195000e-05
       3         5681        45448           20    1.195000e-05
       3         5772        46176           20    1.290000e-05
       3         5865        46920           20    1.250000e-05
       3         5959        47672           20    1.235000e-05
       3         6055        48440           20    1.615000e-05
       3         6152        49216           20    9.850000e-06
       3         6251        50008           20    9.600000e-06
       3         6352        50816           20    9.800000e-06
       3         6454        51632           20    1.000000e-05
       3         6558        52464           20    1.015000e-05
       3         6663        53304           20    9.450000e-06
       3         6770        54160           20    9.850000e-06
       3         6879        55032           20    1.015000e-05
       3         6990        55920           20    9.850000e-06
       3         7102        56816           20    1.035000e-05
       3         7216        57728           20    1.020000e-05
       3         7332        58656           20    1.055000e-05
       3         7450        59600           20    1.005000e-05
       3         7570        60560           20    1.005000e-05
       3         7692        61536           20    1.030000e-05
       3         7816        62528           20    1.045000e-05
       3         7942        63536           20    1.075000e-05
       3         8070        64560           20    1.145000e-05
       3         8200        65600           20    1.105000e-05
       3         8332        66656           20    1.160000e-05
       3         8466        67728           20    1.140000e-05
       3         8602        68816           20    1.165000e-05
       3         8740        69920           20    1.300000e-05
       3         8880        71040           20    1.250000e-05
       3         9023        72184           20    1.235000e-05
       3         9168        73344           20    1.260000e-05
       3         9315        74520           20    2.365000e-05
       3         9465        75720           20    1.970000e-05
       3         9617        76936           20    2.160000e-05
       3         9771        78168           20    2.010000e-05
       3         9928        79424           20    2.050000e-05
       3        10087        80696           20    2.085000e-05
       3        10249        81992           20    2.130000e-05
       3        10414        83312           20    2.280000e-05
       3        10581        84648           20    2.170000e-05
       3        10751        86008           20    2.205000e-05
       3        10924        87392           20    2.245000e-05
       3        11099        88792           20    2.255000e-05
       3        11277        90216           20    2.340000e-05
       3        11458        91664           20    2.325000e-05
       3        11642        93136           20    5.080000e-05
       3        11829        94632           20    6.000000e-05
       3        12019        96152           20    1.795000e-05
       3        12212        97696           20    1.760000e-05
       3        12408        99264           20    1.885000e-05
       3        12607       100856           20    1.815000e-05
       3        12809       102472           20    1.850000e-05
       3        13014       104112           20    1.945000e-05
       3        13223       105784           20    1.905000e-05
       3        13435       107480           20    2.700000e-05
       3        13650       109200           20    3.055000e-05
       3        13869       110952           20    2.745000e-05
       3        14091       112728           20    3.085000e-05
       3        14317       114536           20    2.735000e-05
       3        14547       116376           20    2.905000e-05
       3        14780       118240           20    2.765000e-05
       3        15017       120136           20    2.720000e-05
       3        15258       122064           20    2.645000e-05
       3        15503       124024           20    2.665000e-05
       3        15752       126016           20    2.685000e-05
       3        16005       128040           20    2.735000e-05
       3        16262       130096           20    3.080000e-05
       3        16523       132184           20    3.005000e-05
       3        16788       134304           20    2.985000e-05
       3        17057       136456           20    2.995000e-05
       3        17330       138640           20    5.740000e-05
       3        17608       140864           20    3.005000e-05
       3        17890       143120           20    2.480000e-05
       3        18177       145416           20    2.455000e-05
       3        18468       147744           20    2.480000e-05
       3        18764       150112           20    3.610000e-05
       3        19065       152520           20    2.540000e-05
       3        19371       154968           20    4.275000e-05
       3        19681       157448           20    2.580000e-05
       3        19996       159968           20    2.580000e-05
       3        20316       162528           20    3.630000e-05
       3        20642       165136           20    3.355000e-05
       3        20973       167784           20    3.340000e-05
       3        21309       170472           20    3.300000e-05
       3        21650       173200           20    3.390000e-05
       3        21997       175976           20    3.650000e-05
       3        22349       178792           20    4.245000e-05
       3        22707       181656           20    4.030000e-05
       3        23071       184568           20    4.040000e-05
       3        23441       187528           20    3.940000e-05
       3        23817       190536           20    4.675000e-05
       3        24199       193592           20    4.325000e-05
       3        24587       196696           20    6.320000e-05
       3        24981       199848           20    2.940000e-05
       3        25381       203048           20    2.735000e-05
       3        25788       206304           20    2.760000e-05
       3        26201       209608           20    2.995000e-05
       3        26621       212968           20    7.595000e-05
       3        27047       216376           20    3.370000e-05
       3        27480       219840           20    3.335000e-05
       3        27920       223360           20    2.690000e-05
       3        28367       226936           20    5.105000e-05
       3        28821       230568           20    5.850000e-05
       3        29283       234264           20    5.585000e-05
       3        29752       238016           20    5.445000e-05
       3        30229       241832           20    5.415000e-05
       3        30713       245704           20    5.380000e-05
       3        31205       249640           20    4.485000e-05
       3        31705       253640           20    6.490000e-05
       3        32213       257704           20    6.875000e-05
       3        32729       261832           20    6.330000e-05
       3        33253       266024           20    6.370000e-05
       3        33786       270288           20    5.955000e-05
       3        34327       274616           20    5.210000e-05
       3        34877       279016           20    4.225000e-05
       3        35436       283488           20    2.695000e-05
       3        36003       288024           20    2.715000e-05
       3        36580       292640           20    2.795000e-05
       3        37166       297328           20    2.875000e-05
       3        37761       302088           20    2.910000e-05
       3        38366       306928           20    3.195000e-05
       3        38980       311840           20    3.215000e-05
       3        39604       316832           20    3.345000e-05
       3        40238       321904           20    6.495000e-05
       3        40882       327056           20    6.260000e-05
       3        41537       332296           20    2.108000e-04
       3        42202       337616           20    3.440000e-05
       3        42878       343024           20    3.655000e-05
       3        43565       348520           20    2.740500e-04
       3        44263       354104           20    7.100000e-05
       3        44972       359776           20    1.701000e-04
       3        45692       365536           20    3.840000e-05
       3        46424       371392           20    3.041500e-04
       3        47167       377336           20    7.390000e-05
       3        47922       383376           20    2.442000e-04
       3        48689       389512           20    6.980000e-05
       3        49469       395752           20    4.296500e-04
       3        50261       402088           20    1.093000e-04
       3        51066       408528           20    7.970000e-05
       3        51884       415072           20    8.510000e-05
       3        52715       421720           20    5.525000e-05
       3        53559       428472           20    9.000000e-05
       3        54416       435328           20    8.715000e-05
       3        55287       442296           20    1.901000e-04
       3        56172       449376           20    1.148500e-04
       3        57071       456568           20    6.477000e-04
       3        57985       463880           20    1.107000e-04
       3        58913       471304           20    8.455000e-05
       3        59856       478848           20    1.246500e-04
       3        60814       486512           20    1.009500e-04
       3        61788       494304           20    5.695000e-05
       3        62777       502216           20    5.545000e-05
       3        63782       510256           20    5.865000e-05
       3        64803       518424           20    8.095000e-05
       3        65840       526720           20    1.357000e-04
       3        66894       535152           20    2.073000e-04
       3        67965       543720           20    1.376000e-04
       3        69053       552424           20    3.208000e-04
       3        70158       561264           20    2.148000e-04
       3        71281       570248           20    1.500500e-04
       3        72422       579376           20    2.999500e-04
       3        73581       588648           20    7.605000e-05
       3        74759       598072           20    1.568000e-04
       3        75956       607648           20    1.590000e-04
       3        77172       617376           20    4.388500e-04
       3        78407       627256           20    8.045000e-05
       3        79662       637296           20    1.028500e-04
       3        80937       647496           20    1.551000e-04
       3        82233       657864           20    1.717500e-04
       3        83549       668392           20    1.861000e-04
       3        84886       679088           20    1.625500e-04
       3        86245       689960           20    1.710500e-04
       3        87625       701000           20    5.033000e-04
       3        89028       712224           20    8.275000e-05
       3        90453       723624           20    8.910000e-05
       3        91901       735208           20    2.737500e-04
       3        93372       746976           20    3.651000e-04
       3        94866       758928           20    1.720000e-04
       3        96384       771072           20    1.404000e-04
       3        97927       783416           20    1.005500e-04
       3        99494       795952           20    1.041500e-04
       3       101086       808688           20    3.209000e-04
       4            1            8         1000    3.360000e-07
       4            2           16         1000    8.460000e-07
       4            3           24         1000    5.340000e-07
       4            4           32         1000    3.370000e-07
       4            5           40         1000    3.330000e-07
       4            6           48         1000    3.480000e-07
       4            7           56         1000    3.450000e-07
       4            8           64         1000    3.510000e-07
       4            9           72         1000    3.510000e-07
       4           10           80         1000    9.690000e-07
       4           11           88         1000    3.620000e-07
       4           12           96         1000    3.410000e-07
       4           13          104         1000    3.410000e-07
       4           14          112         1000    3.590000e-07
       4           15          120         1000    1.054000e-06
       4           16          128         1000    1.081000e-06
       4           17          136         1000    3.840000e-07
       4           18          144         1000    3.970000e-07
       4           19          152         1000    4.180000e-07
       4           20          160         1000    3.650000e-07
       4           21          168         1000    3.660000e-07
       4           22          176         1000    3.910000e-07
       4           23          184         1000    7.040000e-07
       4           24          192         1000    3.780000e-07
       4           25          200         1000    1.066000e-06
       4           26          208         1000    5.800000e-07
       4           27          216         1000    4.200000e-07
       4           28          224         1000    4.650000e-07
       4           29          232         1000    5.150000e-07
       4           30          240         1000    4.500000e-07
       4           31          248         1000    4.160000e-07
       4           32          256         1000    4.010000e-07
       4           33          264         1000    6.740000e-07
       4           34          272         1000    1.106000e-06
       4           35          280         1000    6.610000e-07
       4           36          288         1000    1.396000e-06
       4           37          296         1000    2.524000e-06
       4           38          304         1000    2.442000e-06
       4           39          312         1000    6.780000e-07
       4           40          320         1000    1.800000e-06
       4           41          328         1000    4.179000e-06
       4           42          336         1000    6.510000e-07
       4           43          344         1000    1.555000e-06
       4           44          352         1000    2.043000e-06
       4           45          360         1000    6.530000e-07
       4           46          368         1000    8.030000e-07
       4           47          376         1000    2.418000e-06
       4           48          384         1000    1.416000e-06
       4           49          392         1000    8.080000e-07
       4           50          400         1000    6.520000e-07
       4           51          408         1000    6.880000e-07
       4           52          416         1000    7.750000e-07
       4           53          424         1000    2.154000e-06
       4           54          432         1000    1.254000e-06
       4           55          440         1000    9.530000e-07
       4           56          448         1000    7.150000e-07
       4           57          456         1000    7.100000e-07
       4           58          464         1000    7.540000e-07
       4           59          472         1000    8.730000e-07
       4           60          480         1000    8.060000e-07
       4           61          488         1000    2.379000e-06
       4           62          496         1000    2.869000e-06
       4           64          512         1000    2.687000e-06
       4           66          528         1000    1.526000e-06
       4           68          544         1000    6.750000e-07
       4           70          560         1000    6.760000e-07
       4           72          576         1000    6.840000e-07
       4           74          592         1000    7.070000e-07
       4           76          608         1000    6.820000e-07
       4           78          624         1000    7.250000e-07
       4           80          640         1000    2.105000e-06
       4           82          656         1000    1.795000e-06
       4           84          672         1000    2.106000e-06
       4           86          688         1000    3.216000e-06
       4           88          704         1000    8.080000e-07
       4           90          720         1000    7.410000e-07
       4           92          736         1000    7.240000e-07
       4           94          752         1000    8.050000e-07
       4           96          768         1000    1.715000e-06
       4           98          784         1000    2.486000e-06
       4          100          800          980    8.193878e-07
       4          102          816          961    7.689906e-07
       4          104          832          943    8.515376e-07
       4          106          848          925    3.661622e-06
       4          108          864          909    1.775578e-06
       4          110          880          892    2.543722e-06
       4          112          896          877    2.291904e-06
       4          114          912          862    8.271462e-07
       4          116          928          847    7.390791e-07
       4          118          944          833    1.340936e-06
       4          120          960          819    3.015873e-06
       4          122          976          806    3.012407e-06
       4          124          992          793    3.812106e-06
       4          127         1016          775    8.167742e-07
       4          130         1040          757    8.599736e-07
       4          133         1064          740    7.608108e-07
       4          136         1088          724    7.582873e-07
       4          139         1112          709    9.238364e-07
       4          142         1136          694    7.752161e-07
       4          145         1160          680    8.191176e-07
       4          148         1184          666    7.822823e-07
       4          151         1208          653    2.044410e-06
       4          154         1232          641    2.781591e-06
       4          157         1256          628    1.800955e-06
       4          160         1280          617    1.779579e-06
       4          163         1304          606    3.731023e-06
       4          166         1328          595    2.284034e-06
       4          169         1352          584    3.256849e-06
       4          172         1376          574    2.639373e-06
       4          175         1400          564    9.627660e-07
       4          178         1424          555    3.666667e-06
       4          181         1448          546    8.882784e-07
       4          184         1472          537    8.789572e-07
       4          187         1496          529    8.922495e-07
       4          191         1528          518    9.111969e-07
       4          195         1560          507    9.822485e-07
       4          199         1592          497    1.078471e-06
       4          203         1624          487    1.435318e-06
       4          207         1656          478    9.393305e-07
       4          211         1688          469    4.458422e-06
       4          215         1720          460    1.580435e-06
       4          219         1752          452    1.019912e-06
       4          223         1784          444    1.261261e-06
       4          227         1816          436    3.068807e-06
       4          231         1848          429    3.319347e-06
       4          235         1880          421    4.178147e-06
       4          239         1912          414    3.195652e-06
       4          243         1944          408    2.107843e-05
       4          247         1976          401    3.059850e-06
       4          251         2008          395    2.346835e-06
       4          256         2048          387    3.322997e-06
       4          261         2088          380    1.001842e-05
       4          266         2128          373    1.088472e-06
       4          271         2168          366    4.756831e-06
       4          276         2208          359    6.286908e-06
       4          281         2248          353    1.062323e-06
       4          286         2288          347    1.484150e-06
       4          291         2328          341    2.581232e-05
       4          296         2368          335    3.797015e-06
       4          301         2408          330    4.215152e-06
       4          306         2448          324    1.611111e-06
       4          311         2488          319    1.106583e-06
       4          316         2528          314    1.060510e-06
       4          322         2576          308    1.100649e-06
       4          328         2624          303    1.079208e-06
       4          334         2672          297    1.104377e-06
       4          340         2720          292    3.010274e-06
       4          346         2768          287    3.083624e-06
       4          352         2816          282    1.039007e-06
       4          358         2864          277    1.072202e-06
       4          364         2912          273    3.754579e-06
       4          370         2960          268    3.652985e-06
       4          376         3008          264    2.026515e-06
       4          383         3064          259    4.073359e-06
       4          390         3120          255    7.721569e-06
       4          397         3176          250    2.812000e-06
       4          404         3232          246    2.243902e-06
       4          411         3288          242    1.165289e-06
       4          418         3344          238    1.344538e-06
       4          425         3400          234    4.017094e-06
       4          432         3456          230    1.195652e-06
       4          439         3512          226    1.199115e-06
       4          447         3576          222    1.216216e-06
       4          455         3640          218    1.252294e-06
       4          463         3704          215    1.232558e-06
       4          471         3768          211    1.251185e-06
       4          479         3832          207    1.270531e-06
       4          487         3896          204    1.274510e-06
       4          495         3960          201    1.283582e-06
       4          503         4024          198    1.863636e-06
       4          512         4096          194    1.876289e-06
       4          521         4168          191    5.246073e-06
       4          530         4240          187    6.053476e-06
       4          539         4312          184    6.016304e-06
       4          548         4384          181    5.983425e-06
       4          557         4456          178    6.247191e-06
       4          566         4528          176    6.778409e-06
       4          576         4608          173    6.404624e-06
       4          586         4688          170    6.358824e-06
       4          596         4768          167    5.209581e-06
       4          606         4848          164    1.951220e-06
       4          616         4928          161    1.981366e-06
       4          626         5008          159    1.993711e-06
       4          637         5096          156    2.032051e-06
       4          648         5184          153    4.535948e-06
       4          659         5272          151    2.006623e-06
       4          670         5360          148    1.986486e-06
       4          681         5448          146    2.054795e-06
       4          692         5536          144    2.020833e-06
       4          704         5632          141    2.482270e-06
       4          716         5728          139    6.812950e-06
       4          728         5824          136    6.830882e-06
       4          740         5920          134    6.850746e-06
       4          752         6016          132    6.939394e-06
       4          765         6120          130    7.061538e-06
       4          778         6224          128    1.013281e-05
       4          791         6328          126    7.150794e-06
       4          804         6432          124    7.120968e-06
       4          817         6536          122    7.278689e-06
       4          831         6648          120    7.975000e-06
       4          845         6760          118    6.025424e-06
       4          859         6872          116    5.594828e-06
       4          873         6984          114    6.473684e-06
       4          887         7096          112    7.214286e-06
       4          902         7216          110    7.281818e-06
       4          917         7336          108    7.055556e-06
       4          932         7456          107    7.056075e-06
       4          947         7576          105    3.180952e-06
       4          963         7704          103    4.262136e-06
       4          979         7832          101    2.405941e-06
       4          995         7960          100    2.430000e-06
       4         1011         8088           98    2.448980e-06
       4         1028         8224           97    2.907216e-06
       4         1045         8360           95    2.652632e-06
       4         1062         8496           93    2.526882e-06
       4         1080         8640           92    2.554348e-06
       4         1098         8784           90    2.566667e-06
       4         1116         8928           89    3.044944e-06
       4         1134         9072           88    3.284091e-06
       4         1153         9224           86    2.720930e-06
       4         1172         9376           85    2.647059e-06
       4         1191         9528           83    2.662651e-06
       4         1211         9688           82    2.695122e-06
       4         1231         9848           81    2.728395e-06
       4         1251        10008           79    2.746835e-06
       4         1272        10176           78    2.794872e-06
       4         1293        10344           77    2.831169e-06
       4         1314        10512           75    2.866667e-06
       4         1336        10688           74    2.878378e-06
       4         1358        10864           73    2.904110e-06
       4         1380        11040           72    2.916667e-06
       4         1403        11224           71    2.943662e-06
       4         1426        11408           70    2.971429e-06
       4         1449        11592           68    3.000000e-06
       4         1473        11784           67    3.044776e-06
       4         1497        11976           66    3.090909e-06
       4         1521        12168           65    3.092308e-06
       4         1546        12368           64    3.250000e-06
       4         1571        12568           63    3.253968e-06
       4         1597        12776           62    3.177419e-06
       4         1623        12984           61    3.180328e-06
       4         1649        13192           60    3.183333e-06
       4         1676        13408           59    3.220339e-06
       4         1703        13624           58    3.258621e-06
       4         1731        13848           57    3.280702e-06
       4         1759        14072           56    3.928571e-06
       4         1788        14304           55    3.636364e-06
       4         1817        14536           54    8.129630e-06
       4         1847        14776           54    7.425926e-06
       4         1877        15016           53    7.735849e-06
       4         1908        15264           52    7.711538e-06
       4         1939        15512           51    7.803922e-06
       4         1971        15768           50    7.800000e-06
       4         2003        16024           49    7.857143e-06
       4         2036        16288           49    7.877551e-06
       4         2069        16552           48    8.166667e-06
       4         2103        16824           47    8.021277e-06
       4         2137        17096           46    7.760870e-06
       4         2172        17376           45    7.800000e-06
       4         2207        17656           45    7.866667e-06
       4         2243        17944           44    7.954545e-06
       4         2279        18232           43    8.000000e-06
       4         2316        18528           43    7.953488e-06
       4         2354        18832           42    9.880952e-06
       4         2392        19136           41    9.853659e-06
       4         2431        19448           41    1.002439e-05
       4         2470        19760           40    1.025000e-05
       4         2510        20080           39    1.020513e-05
       4         2551        20408           39    1.012821e-05
       4         2592        20736           38    1.002632e-05
       4         2634        21072           37    9.432432e-06
       4         2677        21416           37    9.351351e-06
       4         2720        21760           36    9.500000e-06
       4         2764        22112           36    9.666667e-06
       4         2809        22472           35    8.857143e-06
       4         2854        22832           35    8.942857e-06
       4         2900        23200           34    9.029412e-06
       4         2947        23576           33    9.303030e-06
       4         2995        23960           33    9.090909e-06
       4         3043        24344           32    1.171875e-05
       4         3092        24736           32    5.031250e-06
       4         3142        25136           31    9.161290e-06
       4         3193        25544           31    9.548387e-06
       4         3245        25960           30    9.500000e-06
       4         3297        26376           30    9.666667e-06
       4         3350        26800           29    9.689655e-06
       4         3404        27232           29    9.344828e-06
       4         3459        27672           28    9.785714e-06
       4         3515        28120           28    9.928571e-06
       4         3572        28576           27    9.740741e-06
       4         3630        29040           27    1.048148e-05
       4         3689        29512           27    9.481481e-06
       4         3749        29992           26    9.576923e-06
       4         3810        30480           26    9.807692e-06
       4         3871        30968           25    9.840000e-06
       4         3933        31464           25    1.052000e-05
       4         3996        31968           25    1.132000e-05
       4         4060        32480           24    9.625000e-06
       4         4125        33000           24    9.500000e-06
       4         4192        33536           23    9.695652e-06
       4         4260        34080           23    1.034783e-05
       4         4329        34632           23    1.091304e-05
       4         4399        35192           22    1.095455e-05
       4         4470        35760           22    1.100000e-05
       4         4542        36336           22    1.177273e-05
       4         4615        36920           21    1.076190e-05
       4         4689        37512           21    1.066667e-05
       4         4765        38120           20    1.075000e-05
       4         4842        38736           20    1.085000e-05
       4         4920        39360           20    1.100000e-05
       4         4999        39992           20    1.120000e-05
       4         5080        40640           20    1.135000e-05
       4         5162        41296           20    1.475000e-05
       4         5245        41960           20    1.155000e-05
       4         5329        42632           20    1.175000e-05
       4         5415        43320           20    1.460000e-05
       4         5502        44016           20    1.315000e-05
       4         5591        44728           20    1.355000e-05
       4         5681        45448           20    1.380000e-05
       4         5772        46176           20    1.355000e-05
       4         5865        46920           20    1.405000e-05
       4         5959        47672           20    1.420000e-05
       4         6055        48440           20    1.400000e-05
       4         6152        49216           20    1.420000e-05
       4         6251        50008           20    1.440000e-05
       4         6352        50816           20    1.445000e-05
       4         6454        51632           20    1.415000e-05
       4         6558        52464           20    1.420000e-05
       4         6663        53304           20    1.400000e-05
       4         6770        54160           20    1.435000e-05
       4         6879        55032           20    1.405000e-05
       4         6990        55920           20    1.445000e-05
       4         7102        56816           20    1.490000e-05
       4         7216        57728           20    1.520000e-05
       4         7332        58656           20    1.190000e-05
       4         7450        59600           20    1.015000e-05
       4         7570        60560           20    1.050000e-05
       4         7692        61536           20    1.075000e-05
       4         7816        62528           20    1.055000e-05
       4         7942        63536           20    1.140000e-05
       4         8070        64560           20    1.160000e-05
       4         8200        65600           20    1.095000e-05
       4         8332        66656           20    1.175000e-05
       4         8466        67728           20    1.190000e-05
       4         8602        68816           20    1.150000e-05
       4         8740        69920           20    1.210000e-05
       4         8880        71040           20    1.205000e-05
       4         9023        72184           20    1.215000e-05
       4         9168        73344           20    1.240000e-05
       4         9315        74520           20    1.960000e-05
       4         9465        75720           20    2.000000e-05
       4         9617        76936           20    1.995000e-05
       4         9771        78168           20    3.175000e-05
       4         9928        79424           20    1.425000e-05
       4        10087        80696           20    2.225000e-05
       4        10249        81992           20    2.530000e-05
       4        10414        83312           20    2.145000e-05
       4        10581        84648           20    2.175000e-05
       4        10751        86008           20    2.270000e-05
       4        10924        87392           20    2.215000e-05
       4        11099        88792           20    2.245000e-05
       4        11277        90216           20    2.255000e-05
       4        11458        91664           20    2.405000e-05
       4        11642        93136           20    2.340000e-05
       4        11829        94632           20    2.330000e-05
       4        12019        96152           20    2.550000e-05
       4        12212        97696           20    2.590000e-05
       4        12408        99264           20    2.620000e-05
       4        12607       100856           20    2.645000e-05
       4        12809       102472           20    2.740000e-05
       4        13014       104112           20    2.755000e-05
       4        13223       105784           20    2.865000e-05
       4        13435       107480           20    3.360000e-05
       4        13650       109200           20    3.050000e-05
       4        13869       110952           20    3.105000e-05
       4        14091       112728           20    3.135000e-05
       4        14317       114536           20    3.220000e-05
       4        14547       116376           20    3.205000e-05
       4        14780       118240           20    3.205000e-05
       4        15017       120136           20    3.340000e-05
       4        15258       122064           20    3.380000e-05
       4        15503       124024           20    4.900000e-05
       4        15752       126016           20    3.060000e-05
       4        16005       128040           20    2.715000e-05
       4        16262       130096           20    2.410000e-05
       4        16523       132184           20    2.470000e-05
       4        16788       134304           20    2.090000e-05
       4        17057       136456           20    2.020000e-05
       4        17330       138640           20    2.040000e-05
       4        17608       140864           20    2.040000e-05
       4        17890       143120           20    2.115000e-05
       4        18177       145416           20    3.100000e-05
       4        18468       147744           20    3.570000e-05
       4        18764       150112           20    3.685000e-05
       4        19065       152520           20    3.600000e-05
       4        19371       154968           20    2.960000e-05
       4        19681       157448           20    2.915000e-05
       4        19996       159968           20    2.905000e-05
       4        20316       162528           20    2.910000e-05
       4        20642       165136           20    3.860000e-05
       4        20973       167784           20    4.380000e-05
       4        21309       170472           20    3.175000e-05
       4        21650       173200           20    3.115000e-05
       4        21997       175976           20    3.145000e-05
       4        22349       178792           20    3.210000e-05
       4        22707       181656           20    3.510000e-05
       4        23071       184568           20    3.715000e-05
       4        23441       187528           20    3.540000e-05
       4        23817       190536           20    3.895000e-05
       4        24199       193592           20    3.645000e-05
       4        24587       196696           20    3.615000e-05
       4        24981       199848           20    3.565000e-05
       4        25381       203048           20    3.570000e-05
       4        25788       206304           20    3.670000e-05
       4        26201       209608           20    4.085000e-05
       4        26621       212968           20    2.515000e-05
       4        27047       216376           20    4.385000e-05
       4        27480       219840           20    3.945000e-05
       4        27920       223360           20    3.920000e-05
       4        28367       226936           20    4.315000e-05
       4        28821       230568           20    1.425500e-04
       4        29283       234264           20    4.325000e-05
       4        29752       238016           20    2.425000e-05
       4        30229       241832           20    2.470000e-05
       4        30713       245704           20    2.840000e-05
       4        31205       249640           20    2.640000e-05
       4        31705       253640           20    2.900000e-05
       4        32213       257704           20    4.035000e-05
       4        32729       261832           20    2.750000e-05
       4        33253       266024           20    5.585000e-05
       4        33786       270288           20    2.805000e-05
       4        34327       274616           20    2.860000e-05
       4        34877       279016           20    6.185000e-05
       4        35436       283488           20    4.440000e-05
       4        36003       288024           20    4.830000e-05
       4        36580       292640           20    5.990000e-05
       4        37166       297328           20    5.550000e-05
       4        37761       302088           20    5.770000e-05
       4        38366       306928           20    4.355000e-05
       4        38980       311840           20    3.780000e-05
       4        39604       316832           20    6.475000e-05
       4        40238       321904           20    3.560000e-05
       4        40882       327056           20    4.130000e-05
       4        41537       332296           20    3.625000e-05
       4        42202       337616           20    7.533000e-04
       4        42878       343024           20    3.685000e-05
       4        43565       348520           20    9.425000e-05
       4        44263       354104           20    1.370500e-04
       4        44972       359776           20    3.955000e-05
       4        45692       365536           20    4.065000e-05
       4        46424       371392           20    4.150000e-05
       4        47167       377336           20    3.915000e-05
       4        47922       383376           20    4.370000e-05
       4        48689       389512           20    4.465000e-05
       4        49469       395752           20    4.800000e-05
       4        50261       402088           20    4.360000e-05
       4        51066       408528           20    6.605000e-05
       4        51884       415072           20    1.212000e-04
       4        52715       421720           20    1.135500e-04
       4        53559       428472           20    1.190500e-04
       4        54416       435328           20    9.055000e-05
       4        55287       442296           20    9.025000e-05
       4        56172       449376           20    7.800000e-05
       4        57071       456568           20    4.545000e-05
       4        57985       463880           20    1.005500e-04
       4        58913       471304           20    1.202500e-04
       4        59856       478848           20    1.131000e-04
       4        60814       486512           20    9.485000e-05
       4        61788       494304           20    1.188500e-04
       4        62777       502216           20    1.200000e-04
       4        63782       510256           20    1.119000e-04
       4        64803       518424           20    5.935000e-05
       4        65840       526720           20    6.215000e-05
       4        66894       535152           20    6.455000e-05
       4        67965       543720           20    8.125000e-05
       4        69053       552424           20    6.505000e-05
       4        70158       561264           20    1.323000e-04
       4        71281       570248           20    1.271000e-04
       4        72422       579376           20    1.087500e-04
       4        73581       588648           20    9.565000e-05
       4        74759       598072           20    1.041500e-04
       4        75956       607648           20    1.641000e-04
       4        77172       617376           20    1.241000e-04
       4        78407       627256           20    8.050000e-05
       4        79662       637296           20    9.000000e-05
       4        80937       647496           20    8.260000e-05
       4        82233       657864           20    1.571000e-04
       4        83549       668392           20    1.743500e-04
       4        84886       679088           20    1.059500e-04
       4        86245       689960           20    6.260000e-05
       4        87625       701000           20    1.360000e-04
       4        89028       712224           20    1.548000e-04
       4        90453       723624           20    1.265000e-04
       4        91901       735208           20    1.373500e-04
       4        93372       746976           20    1.420000e-04
       4        94866       758928           20    1.337000e-04
       4        96384       771072           20    7.940000e-05
       4        97927       783416           20    1.130000e-04
       4        99494       795952           20    1.061000e-04
       4       101086       808688           20    9.950000e-05
       5            1            8         1000    3.468000e-06
       5            2           16         1000    3.780000e-07
       5            3           24         1000    5.110000e-07
       5            4           32         1000    4.403000e-06
       5            5           40         1000    3.330000e-07
       5            6           48         1000    3.770000e-07
       5            7           56         1000    3.320000e-07
       5            8           64         1000    6.770000e-07
       5            9           72         1000    3.510000e-07
       5           10           80         1000    3.087000e-06
       5           11           88         1000    3.710000e-07
       5           12           96         1000    1.090000e-06
       5           13          104         1000    1.064200e-05
       5           14          112         1000    1.524000e-06
       5           15          120         1000    4.024000e-06
       5           16          128         1000    1.020000e-06
       5           17          136         1000    3.560000e-07
       5           18          144         1000    3.770000e-07
       5           19          152         1000    4.700000e-07
       5           20          160         1000    3.620000e-07
       5           21          168         1000    3.670000e-07
       5           22          176         1000    3.810000e-07
       5           23          184         1000    3.780000e-07
       5           24          192         1000    3.660000e-07
       5           25          200         1000    3.740000e-07
       5           26          208         1000    5.990000e-07
       5           27          216         1000    5.786000e-06
       5           28          224         1000    5.304000e-06
       5           29          232         1000    1.123000e-06
       5           30          240         1000    1.032000e-06
       5           31          248         1000    1.068000e-06
       5           32          256         1000    1.149000e-06
       5           33          264         1000    3.929000e-06
       5           34          272         1000    9.800000e-07
       5           35          280         1000    6.051000e-06
       5           36          288         1000    7.560000e-07
       5           37          296         1000    7.540000e-07
       5           38          304         1000    6.970000e-07
       5           39          312         1000    6.940000e-07
       5           40          320         1000    6.950000e-07
       5           41          328         1000    1.648000e-06
       5           42          336         1000    4.061000e-06
       5           43          344         1000    7.590000e-07
       5           44          352         1000    7.210000e-07
       5           45          360         1000    7.250000e-07
       5           46          368         1000    8.170000e-07
       5           47          376         1000    7.130000e-07
       5           48          384         1000    1.453000e-06
       5           49          392         1000    7.650000e-07
       5           50          400         1000    7.180000e-07
       5           51          408         1000    7.420000e-07
       5           52          416         1000    7.080000e-07
       5           53          424         1000    7.320000e-07
       5           54          432         1000    7.170000e-07
       5           55          440         1000    3.592000e-06
       5           56          448         1000    2.099000e-06
       5           57          456         1000    8.020000e-07
       5           58          464         1000    2.720000e-06
       5           59          472         1000    2.609000e-06
       5           60          480         1000    6.840000e-07
       5           61          488         1000    1.522000e-06
       5           62          496         1000    7.110000e-07
       5           64          512         1000    1.998000e-06
       5           66          528         1000    7.840000e-07
       5           68          544         1000    7.160000e-07
       5           70          560         1000    7.130000e-07
       5           72          576         1000    7.150000e-07
       5           74          592         1000    7.470000e-07
       5           76          608         1000    5.158000e-06
       5           78          624         1000    1.194000e-06
       5           80          640         1000    2.928000e-06
       5           82          656         1000    9.760000e-07
       5           84          672         1000    7.310000e-07
       5           86          688         1000    7.350000e-07
       5           88          704         1000    7.330000e-07
       5           90          720         1000    7.470000e-07
       5           92          736         1000    9.060000e-07
       5           94          752         1000    3.056000e-06
       5           96          768         1000    6.432000e-06
       5           98          784         1000    8.250000e-07
       5          100          800          980    7.591837e-07
       5          102          816          961    8.054110e-07
       5          104          832          943    7.518558e-07
       5          106          848          925    8.021622e-07
       5          108          864          909    7.656766e-07
       5          110          880          892    1.132287e-06
       5          112          896          877    2.108324e-06
       5          114          912          862    1.698376e-06
       5          116          928          847    8.323495e-07
       5          118          944          833    8.319328e-07
       5          120          960          819    8.656899e-07
       5          122          976          806    8.610422e-07
       5          124          992          793    8.335435e-07
       5          127         1016          775    9.264516e-07
       5          130         1040          757    1.158520e-06
       5          133         1064          740    3.163514e-06
       5          136         1088          724    2.736188e-06
       5          139         1112          709    2.757405e-06
       5          142         1136          694    2.708934e-06
       5          145         1160          680    4.552941e-06
       5          148         1184          666    1.119069e-05
       5          151         1208          653    2.924962e-06
       5          154         1232          641    2.976599e-06
       5          157         1256          628    3.664013e-06
       5          160         1280          617    2.382496e-06
       5          163         1304          606    8.910891e-07
       5          166         1328          595    8.857143e-07
       5          169         1352          584    9.434932e-07
       5          172         1376          574    2.001742e-06
       5          175         1400          564    1.081560e-06
       5          178         1424          555    9.207207e-07
       5          181         1448          546    4.989011e-06
       5          184         1472          537    8.864060e-07
       5          187         1496          529    9.073724e-07
       5          191         1528          518    1.368726e-06
       5          195         1560          507    8.974359e-07
       5          199         1592          497    9.839034e-07
       5          203         1624          487    9.383984e-07
       5          207         1656          478    9.414226e-07
       5          211         1688          469    3.051173e-06
       5          215         1720          460    3.095652e-06
       5          219         1752          452    3.292035e-06
       5          223         1784          444    4.637387e-06
       5          227         1816          436    1.366972e-06
       5          231         1848          429    1.522145e-06
       5          235         1880          421    9.477435e-07
       5          239         1912          414    1.144928e-06
       5          243         1944          408    9.534314e-07
       5          247         1976          401    1.134663e-06
       5          251         2008          395    3.407595e-06
       5          256         2048          387    3.162791e-06
       5          261         2088          380    4.002632e-06
       5          266         2128          373    3.659517e-06
       5          271         2168          366    3.715847e-06
       5          276         2208          359    3.401114e-06
       5          281         2248          353    3.430595e-06
       5          286         2288          347    2.524496e-06
       5          291         2328          341    1.073314e-06
       5          296         2368          335    1.068657e-06
       5          301         2408          330    6.363636e-06
       5          306         2448          324    3.608025e-06
       5          311         2488          319    4.968652e-06
       5          316         2528          314    3.111465e-06
       5          322         2576          308    6.500000e-06
       5          328         2624          303    3.996700e-06
       5          334         2672          297    3.723906e-06
       5          340         2720          292    1.075342e-06
       5          346         2768          287    1.292683e-06
       5          352         2816          282    1.060284e-06
       5          358         2864          277    1.068592e-06
       5          364         2912          273    1.080586e-06
       5          370         2960          268    1.343284e-06
       5          376         3008          264    1.102273e-06
       5          383         3064          259    1.111969e-06
       5          390         3120          255    1.125490e-06
       5          397         3176          250    1.192000e-06
       5          404         3232          246    1.109756e-06
       5          411         3288          242    1.111570e-06
       5          418         3344          238    1.673529e-05
       5          425         3400          234    1.876068e-06
       5          432         3456          230    1.910000e-05
       5          439         3512          226    3.309735e-06
       5          447         3576          222    3.414414e-06
       5          455         3640          218    3.371560e-06
       5          463         3704          215    3.502326e-06
       5          471         3768          211    4.061611e-06
       5          479         3832          207    3.676329e-06
       5          487         3896          204    4.024510e-06
       5          495         3960          201    3.315920e-05
       5          503         4024          198    3.994949e-06
       5          512         4096          194    1.860825e-06
       5          521         4168          191    2.120419e-06
       5          530         4240          187    1.791444e-06
       5          539         4312          184    1.831522e-06
       5          548         4384          181    1.850829e-06
       5          557         4456          178    1.876404e-06
       5          566         4528          176    2.681818e-06
       5          576         4608          173    7.537572e-06
       5          586         4688          170    6.241176e-06
       5          596         4768          167    2.805389e-05
       5          606         4848          164    5.615854e-06
       5          616         4928          161    2.676398e-05
       5          626         5008          159    1.943396e-06
       5          637         5096          156    1.974359e-06
       5          648         5184          153    2.385621e-06
       5          659         5272          151    1.980132e-06
       5          670         5360          148    1.986486e-06
       5          681         5448          146    2.000000e-06
       5          692         5536          144    2.125000e-06
       5          704         5632          141    2.234043e-06
       5          716         5728          139    2.330935e-06
       5          728         5824          136    2.117647e-06
       5          740         5920          134    2.126866e-06
       5          752         6016          132    2.151515e-06
       5          765         6120          130    2.453846e-06
       5          778         6224          128    2.109375e-06
       5          791         6328          126    2.206349e-06
       5          804         6432          124    2.161290e-06
       5          817         6536          122    4.196721e-06
       5          831         6648          120    2.275000e-06
       5          845         6760          118    2.330508e-06
       5          859         6872          116    2.724138e-06
       5          873         6984          114    2.412281e-06
       5          887         7096          112    2.321429e-06
       5          902         7216          110    2.345455e-06
       5          917         7336          108    2.916667e-06
       5          932         7456          107    2.355140e-06
       5          947         7576          105    2.371429e-06
       5          963         7704          103    2.398058e-06
       5          979         7832          101    2.495050e-06
       5          995         7960          100    2.510000e-06
       5         1011         8088           98    2.540816e-06
       5         1028         8224           97    2.670103e-06
       5         1045         8360           95    2.621053e-06
       5         1062         8496           93    2.612903e-06
       5         1080         8640           92    2.641304e-06
       5         1098         8784           90    2.644444e-06
       5         1116         8928           89    2.831461e-06
       5         1134         9072           88    2.693182e-06
       5         1153         9224           86    2.709302e-06
       5         1172         9376           85    2.741176e-06
       5         1191         9528           83    3.837349e-05
       5         1211         9688           82    1.009756e-05
       5         1231         9848           81    3.111111e-06
       5         1251        10008           79    8.025316e-06
       5         1272        10176           78    8.410256e-06
       5         1293        10344           77    8.415584e-06
       5         1314        10512           75    8.600000e-06
       5         1336        10688           74    8.581081e-06
       5         1358        10864           73    9.876712e-06
       5         1380        11040           72    9.083333e-06
       5         1403        11224           71    9.830986e-06
       5         1426        11408           70    1.424571e-04
       5         1449        11592           68    3.852941e-06
       5         1473        11784           67    3.104478e-06
       5         1497        11976           66    3.151515e-06
       5         1521        12168           65    3.153846e-06
       5         1546        12368           64    3.156250e-06
       5         1571        12568           63    4.222222e-06
       5         1597        12776           62    3.209677e-06
       5         1623        12984           61    3.229508e-06
       5         1649        13192           60    3.233333e-06
       5         1676        13408           59    3.288136e-06
       5         1703        13624           58    3.310345e-06
       5         1731        13848           57    3.350877e-06
       5         1759        14072           56    3.357143e-06
       5         1788        14304           55    3.400000e-06
       5         1817        14536           54    3.407407e-06
       5         1847        14776           54    4.185185e-06
       5         1877        15016           53    3.452830e-06
       5         1908        15264           52    3.557692e-06
       5         1939        15512           51    3.588235e-06
       5         1971        15768           50    3.720000e-06
       5         2003        16024           49    3.693878e-06
       5         2036        16288           49    3.693878e-06
       5         2069        16552           48    3.895833e-06
       5         2103        16824           47    4.553191e-06
       5         2137        17096           46    8.739130e-06
       5         2172        17376           45    1.051111e-05
       5         2207        17656           45    1.586667e-05
       5         2243        17944           44    9.363636e-06
       5         2279        18232           43    1.048837e-05
       5         2316        18528           43    1.000000e-05
       5         2354        18832           42    1.216667e-05
       5         2392        19136           41    9.536585e-06
       5         2431        19448           41    7.707317e-06
       5         2470        19760           40    5.850000e-06
       5         2510        20080           39    1.236667e-04
       5         2551        20408           39    4.512821e-06
       5         2592        20736           38    4.210526e-06
       5         2634        21072           37    4.243243e-06
       5         2677        21416           37    4.378378e-06
       5         2720        21760           36    4.861111e-06
       5         2764        22112           36    5.333333e-06
       5         2809        22472           35    4.914286e-06
       5         2854        22832           35    5.000000e-06
       5         2900        23200           34    6.117647e-06
       5         2947        23576           33    5.090909e-06
       5         2995        23960           33    5.060606e-06
       5         3043        24344           32    5.250000e-06
       5         3092        24736           32    5.250000e-06
       5         3142        25136           31    5.387097e-06
       5         3193        25544           31    5.354839e-06
       5         3245        25960           30    8.333333e-06
       5         3297        26376           30    5.733333e-06
       5         3350        26800           29    5.655172e-06
       5         3404        27232           29    5.413793e-06
       5         3459        27672           28    6.571429e-06
       5         3515        28120           28    5.678571e-06
       5         3572        28576           27    5.666667e-06
       5         3630        29040           27    5.925926e-06
       5         3689        29512           27    6.185185e-06
       5         3749        29992           26    9.500000e-06
       5         3810        30480           26    9.923077e-06
       5         3871        30968           25    9.680000e-06
       5         3933        31464           25    9.560000e-06
       5         3996        31968           25    9.520000e-06
       5         4060        32480           24    9.666667e-06
       5         4125        33000           24    9.833333e-06
       5         4192        33536           23    9.869565e-06
       5         4260        34080           23    1.030435e-05
       5         4329        34632           23    1.047826e-05
       5         4399        35192           22    1.909091e-05
       5         4470        35760           22    9.727273e-06
       5         4542        36336           22    7.727273e-06
       5         4615        36920           21    1.404762e-05
       5         4689        37512           21    1.228571e-05
       5         4765        38120           20    1.742500e-04
       5         4842        38736           20    7.650000e-06
       5         4920        39360           20    1.290000e-05
       5         4999        39992           20    1.245000e-05
       5         5080        40640           20    1.290000e-05
       5         5162        41296           20    1.595000e-05
       5         5245        41960           20    1.370000e-05
       5         5329        42632           20    1.355000e-05
       5         5415        43320           20    1.440000e-05
       5         5502        44016           20    1.395000e-05
       5         5591        44728           20    1.415000e-05
       5         5681        45448           20    1.565000e-05
       5         5772        46176           20    1.425000e-05
       5         5865        46920           20    1.435000e-05
       5         5959        47672           20    1.415000e-05
       5         6055        48440           20    4.905000e-05
       5         6152        49216           20    4.115000e-05
       5         6251        50008           20    9.500000e-06
       5         6352        50816           20    9.850000e-06
       5         6454        51632           20    1.275000e-05
       5         6558        52464           20    3.300000e-05
       5         6663        53304           20    1.480000e-05
       5         6770        54160           20    1.505000e-05
       5         6879        55032           20    1.490000e-05
       5         6990        55920           20    1.530000e-05
       5         7102        56816           20    3.605000e-05
       5         7216        57728           20    1.550000e-05
       5         7332        58656           20    1.540000e-05
       5         7450        59600           20    1.550000e-05
       5         7570        60560           20    1.718500e-04
       5         7692        61536           20    1.077000e-04
       5         7816        62528           20    1.255000e-05
       5         7942        63536           20    3.515000e-05
       5         8070        64560           20    1.215000e-05
       5         8200        65600           20    1.170000e-05
       5         8332        66656           20    1.245000e-05
       5         8466        67728           20    1.265000e-05
       5         8602        68816           20    1.245000e-05
       5         8740        69920           20    1.310000e-05
       5         8880        71040           20    1.350000e-05
       5         9023        72184           20    1.325000e-05
       5         9168        73344           20    2.345000e-05
       5         9315        74520           20    4.170000e-05
       5         9465        75720           20    8.400000e-05
       5         9617        76936           20    2.970000e-05
       5         9771        78168           20    1.340000e-05
       5         9928        79424           20    1.886500e-04
       5        10087        80696           20    3.559000e-04
       5        10249        81992           20    5.775000e-05
       5        10414        83312           20    1.530000e-05
       5        10581        84648           20    2.745000e-05
       5        10751        86008           20    1.430000e-05
       5        10924        87392           20    1.865000e-05
       5        11099        88792           20    1.450000e-05
       5        11277        90216           20    4.350000e-05
       5        11458        91664           20    1.900000e-05
       5        11642        93136           20    1.670000e-05
       5        11829        94632           20    1.786000e-04
       5        12019        96152           20    1.995000e-05
       5        12212        97696           20    2.860000e-05
       5        12408        99264           20    2.895000e-05
       5        12607       100856           20    5.437500e-04
       5        12809       102472           20    7.655000e-05
       5        13014       104112           20    2.933000e-04
       5        13223       105784           20    3.095000e-05
       5        13435       107480           20    2.715000e-05
       5        13650       109200           20    3.025000e-05
       5        13869       110952           20    3.205000e-05
       5        14091       112728           20    2.815000e-05
       5        14317       114536           20    2.840000e-05
       5        14547       116376           20    2.825000e-05
       5        14780       118240           20    2.850000e-05
       5        15017       120136           20    2.950000e-05
       5        15258       122064           20    5.175000e-05
       5        15503       124024           20    2.715000e-05
       5        15752       126016           20    2.285000e-05
       5        16005       128040           20    2.300000e-05
       5        16262       130096           20    2.315000e-05
       5        16523       132184           20    2.350000e-05
       5        16788       134304           20    2.975000e-05
       5        17057       136456           20    2.625000e-05
       5        17330       138640           20    3.470000e-05
       5        17608       140864           20    3.165000e-05
       5        17890       143120           20    3.135000e-05
       5        18177       145416           20    4.695000e-05
       5        18468       147744           20    3.495000e-05
       5        18764       150112           20    3.825000e-05
       5        19065       152520           20    3.515000e-05
       5        19371       154968           20    3.265000e-05
       5        19681       157448           20    3.305000e-05
       5        19996       159968           20    3.490000e-05
       5        20316       162528           20    2.087000e-04
       5        20642       165136           20    3.595000e-05
       5        20973       167784           20    3.160000e-05
       5        21309       170472           20    2.625000e-05
       5        21650       173200           20    2.590000e-05
       5        21997       175976           20    2.580000e-05
       5        22349       178792           20    2.645000e-05
       5        22707       181656           20    2.625000e-05
       5        23071       184568           20    3.165000e-05
       5        23441       187528           20    3.055000e-05
       5        23817       190536           20    6.315000e-05
       5        24199       193592           20    3.410000e-05
       5        24587       196696           20    1.939500e-04
       5        24981       199848           20    4.580000e-05
       5        25381       203048           20    3.800000e-05
       5        25788       206304           20    6.490000e-05
       5        26201       209608           20    1.253000e-04
       5        26621       212968           20    6.775000e-05
       5        27047       216376           20    2.815000e-05
       5        27480       219840           20    2.775000e-05
       5        27920       223360           20    2.800000e-05
       5        28367       226936           20    5.385000e-05
       5        28821       230568           20    2.193500e-04
       5        29283       234264           20    7.500000e-05
       5        29752       238016           20    6.250000e-05
       5        30229       241832           20    5.210000e-05
       5        30713       245704           20    2.239000e-04
       5        31205       249640           20    6.000000e-05
       5        31705       253640           20    8.580000e-05
       5        32213       257704           20    8.490000e-05
       5        32729       261832           20    3.565000e-05
       5        33253       266024           20    2.754500e-04
       5        33786       270288           20    3.410000e-05
       5        34327       274616           20    3.300000e-05
       5        34877       279016           20    3.300000e-05
       5        35436       283488           20    3.025000e-05
       5        36003       288024           20    7.155000e-05
       5        36580       292640           20    6.825000e-05
       5        37166       297328           20    3.825000e-05
       5        37761       302088           20    3.765000e-05
       5        38366       306928           20    3.095000e-05
       5        38980       311840           20    3.475000e-05
       5        39604       316832           20    3.100000e-05
       5        40238       321904           20    7.130000e-05
       5        40882       327056           20    6.135000e-05
       5        41537       332296           20    3.640000e-05
       5        42202       337616           20    3.520000e-05
       5        42878       343024           20    3.540000e-05
       5        43565       348520           20    6.150000e-05
       5        44263       354104           20    8.450000e-05
       5        44972       359776           20    8.460000e-05
       5        45692       365536           20    9.190000e-05
       5        46424       371392           20    8.115000e-05
       5        47167       377336           20    3.840000e-05
       5        47922       383376           20    3.960000e-05
       5        48689       389512           20    4.715000e-05
       5        49469       395752           20    4.685000e-05
       5        50261       402088           20    5.871000e-04
       5        51066       408528           20    5.185000e-05
       5        51884       415072           20    9.990000e-05
       5        52715       421720           20    9.025000e-05
       5        53559       428472           20    1.180500e-04
       5        54416       435328           20    1.155500e-04
       5        55287       442296           20    1.046500e-04
       5        56172       449376           20    5.265000e-05
       5        57071       456568           20    7.100000e-05
       5        57985       463880           20    8.800000e-05
       5        58913       471304           20    5.545000e-05
       5        59856       478848           20    5.555000e-05
       5        60814       486512           20    5.780000e-05
       5        61788       494304           20    5.805000e-05
       5        62777       502216           20    1.521000e-04
       5        63782       510256           20    1.182500e-04
       5        64803       518424           20    6.000000e-05
       5        65840       526720           20    1.166500e-04
       5        66894       535152           20    1.260000e-04
       5        67965       543720           20    1.384000e-04
       5        69053       552424           20    5.970000e-05
       5        70158       561264           20    8.240000e-05
       5        71281       570248           20    1.316500e-04
       5        72422       579376           20    1.057500e-04
       5        73581       588648           20    1.047500e-04
       5        74759       598072           20    1.309500e-04
       5        75956       607648           20    1.419000e-04
       5        77172       617376           20    5.713500e-04
       5        78407       627256           20    1.761000e-04
       5        79662       637296           20    2.293500e-04
       5        80937       647496           20    1.279500e-04
       5        82233       657864           20    3.444000e-04
       5        83549       668392           20    2.531500e-04
       5        84886       679088           20    8.020000e-05
       5        86245       689960           20    1.449000e-04
       5        87625       701000           20    2.229500e-04
       5        89028       712224           20    1.962500e-04
       5        90453       723624           20    2.459500e-04
       5        91901       735208           20    3.395500e-04
       5        93372       746976           20    1.588000e-04
       5        94866       758928           20    2.797000e-04
       5        96384       771072           20    1.348500e-04
       5        97927       783416           20    1.127500e-04
       5        99494       795952           20    1.060500e-04
       5       101086       808688           20    1.757000e-04
       6            1            8         1000    1.099000e-06
       6            2           16         1000    8.380000e-07
       6            3           24         1000    8.380000e-07
       6            4           32         1000    1.368000e-06
       6            5           40         1000    5.095000e-06
       6            6           48         1000    4.040000e-07
       6            7           56         1000    3.270000e-07
       6            8           64         1000    3.300000e-07
       6            9           72         1000    3.300000e-07
       6           10           80         1000    3.520000e-07
       6           11           88         1000    4.030000e-07
       6           12           96         1000    6.260000e-07
       6           13          104         1000    1.015000e-06
       6           14          112         1000    1.203000e-06
       6           15          120         1000    7.500000e-07
       6           16          128         1000    1.042000e-06
       6           17          136         1000    1.012000e-06
       6           18          144         1000    1.057000e-06
       6           19          152         1000    1.019000e-06
       6           20          160         1000    1.074000e-06
       6           21          168         1000    5.320000e-07
       6           22          176         1000    3.790000e-07
       6           23          184         1000    1.189000e-06
       6           24          192         1000    4.040000e-07
       6           25          200         1000    3.680000e-07
       6           26          208         1000    3.960000e-07
       6           27          216         1000    3.970000e-07
       6           28          224         1000    3.920000e-07
       6           29          232         1000    3.800000e-07
       6           30          240         1000    4.000000e-07
       6           31          248         1000    4.010000e-07
       6           32          256         1000    3.980000e-07
       6           33          264         1000    6.650000e-07
       6           34          272         1000    6.650000e-07
       6           35          280         1000    7.550000e-07
       6           36          288         1000    6.910000e-07
       6           37          296         1000    7.100000e-07
       6           38          304         1000    6.700000e-07
       6           39          312         1000    6.660000e-07
       6           40          320         1000    6.690000e-07
       6           41          328         1000    1.477000e-06
       6           42          336         1000    3.160000e-06
       6           43          344         1000    1.007000e-06
       6           44          352         1000    7.210000e-07
       6           45          360         1000    6.830000e-07
       6           46          368         1000    7.500000e-07
       6           47          376         1000    1.031000e-06
       6           48          384         1000    7.340000e-07
       6           49          392         1000    7.630000e-07
       6           50          400         1000    7.620000e-07
       6           51          408         1000    4.960000e-06
       6           52          416         1000    2.544000e-06
       6           53          424         1000    7.060000e-07
       6           54          432         1000    8.120000e-07
       6           55          440         1000    7.880000e-07
       6           56          448         1000    7.140000e-07
       6           57          456         1000    7.050000e-07
       6           58          464         1000    7.080000e-07
       6           59          472         1000    6.960000e-07
       6           60          480         1000    7.800000e-07
       6           61          488         1000    8.340000e-07
       6           62          496         1000    8.460000e-07
       6           64          512         1000    7.360000e-07
       6           66          528         1000    7.610000e-07
       6           68          544         1000    7.360000e-07
       6           70          560         1000    8.890000e-07
       6           72          576         1000    7.530000e-07
       6           74          592         1000    1.206000e-06
       6           76          608         1000    8.350000e-07
       6           78          624         1000    7.260000e-07
       6           80          640         1000    7.260000e-07
       6           82          656         1000    7.370000e-07
       6           84          672         1000    8.840000e-07
       6           86          688         1000    7.710000e-07
       6           88          704         1000    2.118000e-06
       6           90          720         1000    5.186000e-06
       6           92          736         1000    8.300000e-07
       6           94          752         1000    7.690000e-07
       6           96          768         1000    7.340000e-07
       6           98          784         1000    7.470000e-07
       6          100          800          980    7.377551e-07
       6          102          816          961    4.496358e-06
       6          104          832          943    3.239661e-06
       6          106          848          925    1.021622e-06
       6          108          864          909    1.011001e-06
       6          110          880          892    7.500000e-07
       6          112          896          877    7.491448e-07
       6          114          912          862    7.761021e-07
       6          116          928          847    8.949233e-07
       6          118          944          833    2.024010e-06
       6          120          960          819    8.192918e-07
       6          122          976          806    8.188586e-07
       6          124          992          793    7.604035e-07
       6          127         1016          775    8.232258e-07
       6          130         1040          757    8.956407e-07
       6          133         1064          740    8.094595e-07
       6          136         1088          724    8.093923e-07
       6          139         1112          709    8.152327e-07
       6          142         1136          694    9.553314e-07
       6          145         1160          680    8.455882e-07
       6          148         1184          666    8.228228e-07
       6          151         1208          653    8.254211e-07
       6          154         1232          641    8.595944e-07
       6          157         1256          628    8.407643e-07
       6          160         1280          617    8.573744e-07
       6          163         1304          606    1.231023e-06
       6          166         1328          595    8.168067e-07
       6          169         1352          584    8.938356e-07
       6          172         1376          574    8.466899e-07
       6          175         1400          564    1.459220e-06
       6          178         1424          555    9.135135e-07
       6          181         1448          546    8.663004e-07
       6          184         1472          537    9.627561e-07
       6          187         1496          529    9.413989e-07
       6          191         1528          518    1.007722e-06
       6          195         1560          507    8.639053e-07
       6          199         1592          497    9.798793e-07
       6          203         1624          487    9.425051e-07
       6          207         1656          478    9.205021e-07
       6          211         1688          469    9.296375e-07
       6          215         1720          460    9.347826e-07
       6          219         1752          452    9.668142e-07
       6          223         1784          444    2.806306e-06
       6          227         1816          436    2.763761e-06
       6          231         1848          429    9.347319e-07
       6          235         1880          421    3.425178e-06
       6          239         1912          414    3.446860e-06
       6          243         1944          408    3.502451e-06
       6          247         1976          401    1.229426e-06
       6          251         2008          395    1.007595e-06
       6          256         2048          387    1.121447e-06
       6          261         2088          380    1.197368e-06
       6          266         2128          373    1.029491e-06
       6          271         2168          366    1.038251e-06
       6          276         2208          359    1.044568e-06
       6          281         2248          353    1.059490e-06
       6          286         2288          347    1.175793e-06
       6          291         2328          341    1.090909e-06
       6          296         2368          335    1.071642e-06
       6          301         2408          330    1.124242e-06
       6          306         2448          324    1.089506e-06
       6          311         2488          319    1.094044e-06
       6          316         2528          314    1.063694e-06
       6          322         2576          308    1.100649e-06
       6          328         2624          303    1.108911e-06
       6          334         2672          297    1.107744e-06
       6          340         2720          292    1.589041e-06
       6          346         2768          287    1.118467e-06
       6          352         2816          282    1.060284e-06
       6          358         2864          277    1.072202e-06
       6          364         2912          273    1.080586e-06
       6          370         2960          268    1.123134e-06
       6          376         3008          264    1.094697e-06
       6          383         3064          259    1.108108e-06
       6          390         3120          255    1.125490e-06
       6          397         3176          250    1.132000e-06
       6          404         3232          246    1.134146e-06
       6          411         3288          242    1.152893e-06
       6          418         3344          238    1.260504e-06
       6          425         3400          234    1.209402e-06
       6          432         3456          230    1.182609e-06
       6          439         3512          226    1.207965e-06
       6          447         3576          222    1.207207e-06
       6          455         3640          218    1.582569e-06
       6          463         3704          215    1.283721e-06
       6          471         3768          211    1.213270e-06
       6          479         3832          207    1.236715e-06
       6          487         3896          204    1.235294e-06
       6          495         3960          201    1.248756e-06
       6          503         4024          198    1.772727e-06
       6          512         4096          194    1.814433e-06
       6          521         4168          191    1.795812e-06
       6          530         4240          187    1.786096e-06
       6          539         4312          184    1.869565e-06
       6          548         4384          181    1.812155e-06
       6          557         4456          178    1.870787e-06
       6          566         4528          176    1.852273e-06
       6          576         4608          173    1.861272e-06
       6          586         4688          170    1.882353e-06
       6          596         4768          167    6.059880e-06
       6          606         4848          164    6.079268e-06
       6          616         4928          161    5.745342e-06
       6          626         5008          159    5.723270e-06
       6          637         5096          156    2.025641e-06
       6          648         5184          153    2.006536e-06
       6          659         5272          151    2.192053e-06
       6          670         5360          148    2.081081e-06
       6          681         5448          146    2.047945e-06
       6          692         5536          144    2.090278e-06
       6          704         5632          141    2.092199e-06
       6          716         5728          139    2.115108e-06
       6          728         5824          136    2.117647e-06
       6          740         5920          134    2.149254e-06
       6          752         6016          132    2.212121e-06
       6          765         6120          130    2.253846e-06
       6          778         6224          128    4.445313e-06
       6          791         6328          126    2.380952e-06
       6          804         6432          124    3.637097e-06
       6          817         6536          122    2.754098e-06
       6          831         6648          120    2.216667e-06
       6          845         6760          118    7.372881e-06
       6          859         6872          116    7.250000e-06
       6          873         6984          114    8.815789e-06
       6          887         7096          112    5.750000e-06
       6          902         7216          110    5.772727e-06
       6          917         7336          108    6.074074e-06
       6          932         7456          107    6.028037e-06
       6          947         7576          105    6.076190e-06
       6          963         7704          103    6.165049e-06
       6          979         7832          101    6.188119e-06
       6          995         7960          100    9.040000e-06
       6         1011         8088           98    7.479592e-06
       6         1028         8224           97    6.608247e-06
       6         1045         8360           95    7.021053e-06
       6         1062         8496           93    6.870968e-06
       6         1080         8640           92    7.586957e-06
       6         1098         8784           90    8.177778e-06
       6         1116         8928           89    8.022472e-06
       6         1134         9072           88    8.613636e-06
       6         1153         9224           86    7.662791e-06
       6         1172         9376           85    7.658824e-06
       6         1191         9528           83    8.144578e-06
       6         1211         9688           82    8.158537e-06
       6         1231         9848           81    7.876543e-06
       6         1251        10008           79    8.037975e-06
       6         1272        10176           78    7.935897e-06
       6         1293        10344           77    2.961039e-06
       6         1314        10512           75    2.853333e-06
       6         1336        10688           74    2.878378e-06
       6         1358        10864           73    2.945205e-06
       6         1380        11040           72    2.930556e-06
       6         1403        11224           71    2.971831e-06
       6         1426        11408           70    2.985714e-06
       6         1449        11592           68    4.397059e-06
       6         1473        11784           67    3.656716e-06
       6         1497        11976           66    3.424242e-06
       6         1521        12168           65    7.723077e-06
       6         1546        12368           64    1.129687e-05
       6         1571        12568           63    7.047619e-06
       6         1597        12776           62    7.629032e-06
       6         1623        12984           61    7.344262e-06
       6         1649        13192           60    7.283333e-06
       6         1676        13408           59    7.271186e-06
       6         1703        13624           58    7.362069e-06
       6         1731        13848           57    7.368421e-06
       6         1759        14072           56    7.553571e-06
       6         1788        14304           55    7.563636e-06
       6         1817        14536           54    7.611111e-06
       6         1847        14776           54    7.611111e-06
       6         1877        15016           53    7.679245e-06
       6         1908        15264           52    7.557692e-06
       6         1939        15512           51    1.078431e-05
       6         1971        15768           50    7.420000e-06
       6         2003        16024           49    3.918367e-06
       6         2036        16288           49    3.673469e-06
       6         2069        16552           48    5.875000e-06
       6         2103        16824           47    4.680851e-06
       6         2137        17096           46    9.500000e-06
       6         2172        17376           45    9.577778e-06
       6         2207        17656           45    8.088889e-06
       6         2243        17944           44    7.590909e-06
       6         2279        18232           43    7.604651e-06
       6         2316        18528           43    7.720930e-06
       6         2354        18832           42    8.333333e-06
       6         2392        19136           41    4.365854e-06
       6         2431        19448           41    4.073171e-06
       6         2470        19760           40    4.100000e-06
       6         2510        20080           39    4.179487e-06
       6         2551        20408           39    3.948718e-06
       6         2592        20736           38    5.657895e-06
       6         2634        21072           37    4.054054e-06
       6         2677        21416           37    4.405405e-06
       6         2720        21760           36    4.555556e-06
       6         2764        22112           36    4.361111e-06
       6         2809        22472           35    4.657143e-06
       6         2854        22832           35    4.657143e-06
       6         2900        23200           34    4.882353e-06
       6         2947        23576           33    5.060606e-06
       6         2995        23960           33    2.566667e-05
       6         3043        24344           32    1.140625e-05
       6         3092        24736           32    5.437500e-06
       6         3142        25136           31    2.945161e-05
       6         3193        25544           31    9.548387e-06
       6         3245        25960           30    9.433333e-06
       6         3297        26376           30    9.566667e-06
       6         3350        26800           29    9.689655e-06
       6         3404        27232           29    9.655172e-06
       6         3459        27672           28    1.160714e-05
       6         3515        28120           28    8.964286e-06
       6         3572        28576           27    6.333333e-06
       6         3630        29040           27    8.481481e-06
       6         3689        29512           27    1.207407e-05
       6         3749        29992           26    1.015385e-05
       6         3810        30480           26    1.003846e-05
       6         3871        30968           25    1.048000e-05
       6         3933        31464           25    1.008000e-05
       6         3996        31968           25    1.000000e-05
       6         4060        32480           24    1.012500e-05
       6         4125        33000           24    1.075000e-05
       6         4192        33536           23    1.039130e-05
       6         4260        34080           23    1.113043e-05
       6         4329        34632           23    1.204348e-05
       6         4399        35192           22    2.677273e-05
       6         4470        35760           22    2.851364e-04
       6         4542        36336           22    8.136364e-06
       6         4615        36920           21    1.200000e-05
       6         4689        37512           21    1.185714e-05
       6         4765        38120           20    1.215000e-05
       6         4842        38736           20    1.215000e-05
       6         4920        39360           20    1.240000e-05
       6         4999        39992           20    1.235000e-05
       6         5080        40640           20    1.275000e-05
       6         5162        41296           20    1.360000e-05
       6         5245        41960           20    1.350000e-05
       6         5329        42632           20    6.530000e-05
       6         5415        43320           20    1.350000e-05
       6         5502        44016           20    1.340000e-05
       6         5591        44728           20    1.025000e-05
       6         5681        45448           20    9.200000e-06
       6         5772        46176           20    1.190000e-05
       6         5865        46920           20    8.800000e-06
       6         5959        47672           20    8.850000e-06
       6         6055        48440           20    1.090000e-05
       6         6152        49216           20    9.500000e-06
       6         6251        50008           20    9.600000e-06
       6         6352        50816           20    9.700000e-06
       6         6454        51632           20    1.000000e-05
       6         6558        52464           20    1.005000e-05
       6         6663        53304           20    1.050000e-05
       6         6770        54160           20    1.015000e-05
       6         6879        55032           20    1.170000e-05
       6         6990        55920           20    2.050000e-04
       6         7102        56816           20    1.445000e-05
       6         7216        57728           20    1.650000e-05
       6         7332        58656           20    1.190000e-05
       6         7450        59600           20    1.160000e-05
       6         7570        60560           20    1.175000e-05
       6         7692        61536           20    1.150000e-05
       6         7816        62528           20    1.160000e-05
       6         7942        63536           20    1.200000e-05
       6         8070        64560           20    1.200000e-05
       6         8200        65600           20    1.430000e-05
       6         8332        66656           20    1.300000e-05
       6         8466        67728           20    1.340000e-05
       6         8602        68816           20    2.200000e-05
       6         8740        69920           20    1.375000e-05
       6         8880        71040           20    1.340000e-05
       6         9023        72184           20    2.560000e-05
       6         9168        73344           20    2.050000e-05
       6         9315        74520           20    2.015000e-05
       6         9465        75720           20    2.050000e-05
       6         9617        76936           20    2.400000e-05
       6         9771        78168           20    2.695000e-05
       6         9928        79424           20    6.105000e-05
       6        10087        80696           20    1.980000e-05
       6        10249        81992           20    3.205000e-05
       6        10414        83312           20    2.155000e-05
       6        10581        84648           20    2.145000e-05
       6        10751        86008           20    2.150000e-05
       6        10924        87392           20    2.525000e-05
       6        11099        88792           20    2.520000e-05
       6        11277        90216           20    1.331000e-04
       6        11458        91664           20    2.490000e-05
       6        11642        93136           20    2.510000e-05
       6        11829        94632           20    2.575000e-05
       6        12019        96152           20    3.554500e-04
       6        12212        97696           20    3.340000e-05
       6        12408        99264           20    3.775000e-05
       6        12607       100856           20    1.555000e-05
       6        12809       102472           20    1.570000e-05
       6        13014       104112           20    2.865000e-05
       6        13223       105784           20    1.950000e-05
       6        13435       107480           20    2.945000e-05
       6        13650       109200           20    2.990000e-05
       6        13869       110952           20    8.355000e-05
       6        14091       112728           20    2.850000e-05
       6        14317       114536           20    2.023500e-04
       6        14547       116376           20    3.180000e-05
       6        14780       118240           20    2.945000e-05
       6        15017       120136           20    2.215000e-05
       6        15258       122064           20    2.355000e-05
       6        15503       124024           20    2.665000e-05
       6        15752       126016           20    2.275000e-05
       6        16005       128040           20    2.385000e-05
       6        16262       130096           20    2.380000e-05
       6        16523       132184           20    2.265000e-05
       6        16788       134304           20    3.030000e-05
       6        17057       136456           20    5.760000e-05
       6        17330       138640           20    2.925000e-05
       6        17608       140864           20    2.535000e-05
       6        17890       143120           20    2.560000e-05
       6        18177       145416           20    1.124000e-04
       6        18468       147744           20    2.575000e-05
       6        18764       150112           20    1.228500e-04
       6        19065       152520           20    2.595000e-05
       6        19371       154968           20    2.440000e-05
       6        19681       157448           20    2.945000e-05
       6        19996       159968           20    2.985000e-05
       6        20316       162528           20    8.570000e-05
       6        20642       165136           20    5.800000e-05
       6        20973       167784           20    2.855000e-05
       6        21309       170472           20    2.770000e-05
       6        21650       173200           20    2.950000e-05
       6        21997       175976           20    2.820000e-05
       6        22349       178792           20    2.690000e-05
       6        22707       181656           20    4.340000e-05
       6        23071       184568           20    4.080000e-05
       6        23441       187528           20    5.985000e-05
       6        23817       190536           20    4.200000e-05
       6        24199       193592           20    4.095000e-05
       6        24587       196696           20    4.055000e-05
       6        24981       199848           20    1.909500e-04
       6        25381       203048           20    4.800000e-05
       6        25788       206304           20    4.545000e-05
       6        26201       209608           20    4.745000e-05
       6        26621       212968           20    5.525000e-05
       6        27047       216376           20    4.585000e-05
       6        27480       219840           20    3.190000e-05
       6        27920       223360           20    3.125000e-05
       6        28367       226936           20    3.175000e-05
       6        28821       230568           20    2.459000e-04
       6        29283       234264           20    5.885000e-05
       6        29752       238016           20    5.680000e-05
       6        30229       241832           20    5.590000e-05
       6        30713       245704           20    3.175000e-05
       6        31205       249640           20    1.226000e-04
       6        31705       253640           20    5.770000e-05
       6        32213       257704           20    6.170000e-05
       6        32729       261832           20    3.010000e-05
       6        33253       266024           20    2.955000e-05
       6        33786       270288           20    3.770000e-05
       6        34327       274616           20    3.310000e-05
       6        34877       279016           20    3.250000e-05
       6        35436       283488           20    3.335000e-05
       6        36003       288024           20    3.435000e-05
       6        36580       292640           20    3.360000e-05
       6        37166       297328           20    2.825500e-04
       6        37761       302088           20    1.439500e-04
       6        38366       306928           20    4.090000e-05
       6        38980       311840           20    1.092500e-04
       6        39604       316832           20    8.895000e-05
       6        40238       321904           20    1.771500e-04
       6        40882       327056           20    5.910000e-05
       6        41537       332296           20    8.445000e-05
       6        42202       337616           20    1.151500e-04
       6        42878       343024           20    7.995000e-05
       6        43565       348520           20    9.470000e-05
       6        44263       354104           20    4.625000e-05
       6        44972       359776           20    4.785000e-05
       6        45692       365536           20    5.140000e-05
       6        46424       371392           20    4.510000e-05
       6        47167       377336           20    4.595000e-05
       6        47922       383376           20    3.982000e-04
       6        48689       389512           20    1.389500e-04
       6        49469       395752           20    9.020000e-05
       6        50261       402088           20    4.870000e-05
       6        51066       408528           20    5.215000e-05
       6        51884       415072           20    9.515000e-05
       6        52715       421720           20    8.235000e-05
       6        53559       428472           20    8.670000e-05
       6        54416       435328           20    7.700000e-05
       6        55287       442296           20    9.150000e-05
       6        56172       449376           20    7.465000e-05
       6        57071       456568           20    1.132000e-04
       6        57985       463880           20    5.755000e-05
       6        58913       471304           20    6.440000e-05
       6        59856       478848           20    1.066500e-04
       6        60814       486512           20    1.235000e-04
       6        61788       494304           20    7.010000e-05
       6        62777       502216           20    5.910000e-05
       6        63782       510256           20    1.099000e-04
       6        64803       518424           20    1.291500e-04
       6        65840       526720           20    2.841500e-04
       6        66894       535152           20    1.251500e-04
       6        67965       543720           20    6.360000e-05
       6        69053       552424           20    1.282500e-04
       6        70158       561264           20    7.245000e-05
       6        71281       570248           20    6.830000e-05
       6        72422       579376           20    6.480000e-05
       6        73581       588648           20    1.018500e-04
       6        74759       598072           20    6.755000e-05
       6        75956       607648           20    1.695000e-04
       6        77172       617376           20    2.055500e-04
       6        78407       627256           20    8.010000e-05
       6        79662       637296           20    1.298000e-04
       6        80937       647496           20    1.096000e-04
       6        82233       657864           20    1.220000e-04
       6        83549       668392           20    1.318500e-04
       6        84886       679088           20    1.029500e-04
       6        86245       689960           20    1.418000e-04
       6        87625       701000           20    1.512000e-04
       6        89028       712224           20    1.284000e-04
       6        90453       723624           20    1.743500e-04
       6        91901       735208           20    1.280000e-04
       6        93372       746976           20    8.410000e-05
       6        94866       758928           20    2.317500e-04
       6        96384       771072           20    1.437500e-04
       6        97927       783416           20    1.011000e-04
       6        99494       795952           20    1.933000e-04
       6       101086       808688           20    1.908000e-04
       7            1            8         1000    3.220000e-07
       7            2           16         1000    3.210000e-07
       7            3           24         1000    3.340000e-07
       7            4           32         1000    3.190000e-07
       7            5           40         1000    3.210000e-07
       7            6           48         1000    9.610000e-07
       7            7           56         1000    3.820000e-07
       7            8           64         1000    3.600000e-07
       7            9           72         1000    9.900000e-07
       7           10           80         1000    1.479000e-06
       7           11           88         1000    7.300000e-07
       7           12           96         1000    4.760000e-07
       7           13          104         1000    4.430000e-07
       7           14          112         1000    3.820000e-07
       7           15          120         1000    3.730000e-07
       7           16          128         1000    3.600000e-07
       7           17          136         1000    3.640000e-07
       7           18          144         1000    6.570000e-07
       7           19          152         1000    2.613000e-06
       7           20          160         1000    8.290000e-07
       7           21          168         1000    8.680000e-07
       7           22          176         1000    8.760000e-07
       7           23          184         1000    1.896000e-06
       7           24          192         1000    3.630000e-07
       7           25          200         1000    4.620000e-07
       7           26          208         1000    5.970000e-07
       7           27          216         1000    1.145000e-06
       7           28          224         1000    1.356000e-06
       7           29          232         1000    1.144000e-06
       7           30          240         1000    1.132000e-06
       7           31          248         1000    8.790000e-07
       7           32          256         1000    4.560000e-07
       7           33          264         1000    7.260000e-07
       7           34          272         1000    7.140000e-07
       7           35          280         1000    6.980000e-07
       7           36          288         1000    6.970000e-07
       7           37          296         1000    7.060000e-07
       7           38          304         1000    7.120000e-07
       7           39          312         1000    8.140000e-07
       7           40          320         1000    8.920000e-07
       7           41          328         1000    7.260000e-07
       7           42          336         1000    3.404000e-06
       7           43          344         1000    6.760000e-07
       7           44          352         1000    2.303000e-06
       7           45          360         1000    2.368000e-06
       7           46          368         1000    4.325000e-06
       7           47          376         1000    1.144000e-06
       7           48          384         1000    7.030000e-07
       7           49          392         1000    6.930000e-07
       7           50          400         1000    6.990000e-07
       7           51          408         1000    1.006000e-06
       7           52          416         1000    7.590000e-07
       7           53          424         1000    7.670000e-07
       7           54          432         1000    1.620000e-06
       7           55          440         1000    2.531000e-06
       7           56          448         1000    3.850000e-06
       7           57          456         1000    1.111000e-06
       7           58          464         1000    7.140000e-07
       7           59          472         1000    2.064000e-06
       7           60          480         1000    2.397000e-06
       7           61          488         1000    2.461000e-06
       7           62          496         1000    1.817000e-06
       7           64          512         1000    2.200000e-06
       7           66          528         1000    7.630000e-07
       7           68          544         1000    7.380000e-07
       7           70          560         1000    7.490000e-07
       7           72          576         1000    2.341000e-06
       7           74          592         1000    7.580000e-07
       7           76          608         1000    7.140000e-07
       7           78          624         1000    9.700000e-07
       7           80          640         1000    1.110000e-06
       7           82          656         1000    2.505000e-06
       7           84          672         1000    2.415000e-06
       7           86          688         1000    1.668000e-06
       7           88          704         1000    2.006000e-06
       7           90          720         1000    2.991000e-06
       7           92          736         1000    2.373000e-06
       7           94          752         1000    8.050000e-07
       7           96          768         1000    1.679000e-06
       7           98          784         1000    2.983000e-06
       7          100          800          980    2.347959e-06
       7          102          816          961    8.657648e-07
       7          104          832          943    2.363733e-06
       7          106          848          925    8.194595e-07
       7          108          864          909    1.055006e-06
       7          110          880          892    2.086323e-06
       7          112          896          877    7.958951e-07
       7          114          912          862    8.143852e-07
       7          116          928          847    8.063754e-07
       7          118          944          833    9.003601e-07
       7          120          960          819    7.960928e-07
       7          122          976          806    8.771712e-07
       7          124          992          793    7.591425e-07
       7          127         1016          775    7.819355e-07
       7          130         1040          757    8.256275e-07
       7          133         1064          740    8.121622e-07
       7          136         1088          724    8.135359e-07
       7          139         1112          709    1.304654e-06
       7          142         1136          694    1.180115e-06
       7          145         1160          680    1.222059e-06
       7          148         1184          666    1.150150e-06
       7          151         1208          653    8.683002e-07
       7          154         1232          641    1.056162e-06
       7          157         1256          628    9.347134e-07
       7          160         1280          617    9.967585e-07
       7          163         1304          606    8.481848e-07
       7          166         1328          595    1.097479e-06
       7          169         1352          584    9.708904e-07
       7          172         1376          574    8.449477e-07
       7          175         1400          564    8.315603e-07
       7          178         1424          555    8.702703e-07
       7          181         1448          546    8.534799e-07
       7          184         1472          537    8.417132e-07
       7          187         1496          529    8.979206e-07
       7          191         1528          518    2.534749e-06
       7          195         1560          507    8.678501e-07
       7          199         1592          497    8.712274e-07
       7          203         1624          487    8.829569e-07
       7          207         1656          478    9.184100e-07
       7          211         1688          469    8.912580e-07
       7          215         1720          460    9.000000e-07
       7          219         1752          452    3.902655e-06
       7          223         1784          444    3.346847e-06
       7          227         1816          436    1.006881e-06
       7          231         1848          429    9.743590e-07
       7          235         1880          421    1.057007e-06
       7          239         1912          414    5.789855e-06
       7          243         1944          408    3.294118e-06
       7          247         1976          401    6.800499e-06
       7          251         2008          395    3.146835e-06
       7          256         2048          387    3.077519e-06
       7          261         2088          380    3.478947e-06
       7          266         2128          373    1.549598e-06
       7          271         2168          366    1.259563e-06
       7          276         2208          359    1.635097e-06
       7          281         2248          353    3.589235e-06
       7          286         2288          347    3.541787e-06
       7          291         2328          341    3.598240e-06
       7          296         2368          335    3.710448e-06
       7          301         2408          330    3.733333e-06
       7          306         2448          324    3.401235e-06
       7          311         2488          319    4.523511e-06
       7          316         2528          314    3.267516e-06
       7          322         2576          308    3.126623e-06
       7          328         2624          303    3.148515e-06
       7          334         2672          297    3.185185e-06
       7          340         2720          292    3.297945e-06
       7          346         2768          287    3.515679e-06
       7          352         2816          282    3.226950e-06
       7          358         2864          277    3.657040e-06
       7          364         2912          273    3.443223e-06
       7          370         2960          268    3.611940e-06
       7          376         3008          264    3.231061e-06
       7          383         3064          259    3.324324e-06
       7          390         3120          255    2.823529e-06
       7          397         3176          250    1.148000e-06
       7          404         3232          246    1.154472e-06
       7          411         3288          242    1.157025e-06
       7          418         3344          238    1.277311e-06
       7          425         3400          234    1.153846e-06
       7          432         3456          230    1.139130e-06
       7          439         3512          226    1.159292e-06
       7          447         3576          222    1.788288e-06
       7          455         3640          218    3.417431e-06
       7          463         3704          215    3.669767e-06
       7          471         3768          211    3.123223e-06
       7          479         3832          207    2.985507e-06
       7          487         3896          204    3.024510e-06
       7          495         3960          201    2.920398e-06
       7          503         4024          198    4.737374e-06
       7          512         4096          194    4.860825e-06
       7          521         4168          191    4.926702e-06
       7          530         4240          187    4.978610e-06
       7          539         4312          184    5.027174e-06
       7          548         4384          181    5.071823e-06
       7          557         4456          178    6.320225e-06
       7          566         4528          176    6.369318e-06
       7          576         4608          173    6.063584e-06
       7          586         4688          170    1.847059e-06
       7          596         4768          167    1.862275e-06
       7          606         4848          164    1.865854e-06
       7          616         4928          161    2.527950e-06
       7          626         5008          159    6.056604e-06
       7          637         5096          156    6.397436e-06
       7          648         5184          153    6.274510e-06
       7          659         5272          151    6.403974e-06
       7          670         5360          148    6.391892e-06
       7          681         5448          146    3.376712e-06
       7          692         5536          144    2.118056e-06
       7          704         5632          141    2.156028e-06
       7          716         5728          139    2.179856e-06
       7          728         5824          136    2.205882e-06
       7          740         5920          134    2.238806e-06
       7          752         6016          132    2.212121e-06
       7          765         6120          130    2.269231e-06
       7          778         6224          128    2.273437e-06
       7          791         6328          126    2.293651e-06
       7          804         6432          124    2.467742e-06
       7          817         6536          122    2.270492e-06
       7          831         6648          120    2.291667e-06
       7          845         6760          118    2.313559e-06
       7          859         6872          116    2.336207e-06
       7          873         6984          114    2.447368e-06
       7          887         7096          112    2.383929e-06
       7          902         7216          110    2.527273e-06
       7          917         7336          108    2.333333e-06
       7          932         7456          107    2.327103e-06
       7          947         7576          105    2.619048e-06
       7          963         7704          103    2.475728e-06
       7          979         7832          101    2.475248e-06
       7          995         7960          100    2.510000e-06
       7         1011         8088           98    2.632653e-06
       7         1028         8224           97    7.484536e-06
       7         1045         8360           95    7.905263e-06
       7         1062         8496           93    7.580645e-06
       7         1080         8640           92    6.695652e-06
       7         1098         8784           90    8.622222e-06
       7         1116         8928           89    7.898876e-06
       7         1134         9072           88    7.738636e-06
       7         1153         9224           86    7.697674e-06
       7         1172         9376           85    7.811765e-06
       7         1191         9528           83    8.072289e-06
       7         1211         9688           82    8.792683e-06
       7         1231         9848           81    9.185185e-06
       7         1251        10008           79    6.658228e-06
       7         1272        10176           78    2.974359e-06
       7         1293        10344           77    3.012987e-06
       7         1314        10512           75    3.026667e-06
       7         1336        10688           74    3.094595e-06
       7         1358        10864           73    3.054795e-06
       7         1380        11040           72    3.097222e-06
       7         1403        11224           71    3.295775e-06
       7         1426        11408           70    3.485714e-06
       7         1449        11592           68    3.205882e-06
       7         1473        11784           67    3.208955e-06
       7         1497        11976           66    3.393939e-06
       7         1521        12168           65    3.153846e-06
       7         1546        12368           64    3.187500e-06
       7         1571        12568           63    3.222222e-06
       7         1597        12776           62    3.241935e-06
       7         1623        12984           61    3.262295e-06
       7         1649        13192           60    3.300000e-06
       7         1676        13408           59    3.457627e-06
       7         1703        13624           58    3.362069e-06
       7         1731        13848           57    3.368421e-06
       7         1759        14072           56    3.410714e-06
       7         1788        14304           55    3.454545e-06
       7         1817        14536           54    3.481481e-06
       7         1847        14776           54    3.518519e-06
       7         1877        15016           53    3.792453e-06
       7         1908        15264           52    3.576923e-06
       7         1939        15512           51    3.607843e-06
       7         1971        15768           50    3.680000e-06
       7         2003        16024           49    3.673469e-06
       7         2036        16288           49    3.714286e-06
       7         2069        16552           48    3.770833e-06
       7         2103        16824           47    3.765957e-06
       7         2137        17096           46    3.826087e-06
       7         2172        17376           45    3.888889e-06
       7         2207        17656           45    3.888889e-06
       7         2243        17944           44    3.954545e-06
       7         2279        18232           43    4.046512e-06
       7         2316        18528           43    4.069767e-06
       7         2354        18832           42    1.011905e-05
       7         2392        19136           41    9.731707e-06
       7         2431        19448           41    1.019512e-05
       7         2470        19760           40    9.650000e-06
       7         2510        20080           39    9.820513e-06
       7         2551        20408           39    9.512821e-06
       7         2592        20736           38    8.473684e-06
       7         2634        21072           37    8.027027e-06
       7         2677        21416           37    7.945946e-06
       7         2720        21760           36    9.194444e-06
       7         2764        22112           36    8.055556e-06
       7         2809        22472           35    8.400000e-06
       7         2854        22832           35    8.342857e-06
       7         2900        23200           34    8.294118e-06
       7         2947        23576           33    8.363636e-06
       7         2995        23960           33    8.424242e-06
       7         3043        24344           32    8.468750e-06
       7         3092        24736           32    8.531250e-06
       7         3142        25136           31    8.741935e-06
       7         3193        25544           31    8.967742e-06
       7         3245        25960           30    8.300000e-06
       7         3297        26376           30    8.333333e-06
       7         3350        26800           29    8.655172e-06
       7         3404        27232           29    8.241379e-06
       7         3459        27672           28    1.103571e-05
       7         3515        28120           28    1.014286e-05
       7         3572        28576           27    9.925926e-06
       7         3630        29040           27    1.088889e-05
       7         3689        29512           27    8.629630e-06
       7         3749        29992           26    1.357692e-05
       7         3810        30480           26    6.192308e-06
       7         3871        30968           25    6.440000e-06
       7         3933        31464           25    6.360000e-06
       7         3996        31968           25    6.160000e-06
       7         4060        32480           24    1.508333e-05
       7         4125        33000           24    1.091667e-05
       7         4192        33536           23    1.091304e-05
       7         4260        34080           23    1.095652e-05
       7         4329        34632           23    1.113043e-05
       7         4399        35192           22    1.140909e-05
       7         4470        35760           22    1.122727e-05
       7         4542        36336           22    1.136364e-05
       7         4615        36920           21    1.195238e-05
       7         4689        37512           21    1.242857e-05
       7         4765        38120           20    1.270000e-05
       7         4842        38736           20    1.260000e-05
       7         4920        39360           20    1.270000e-05
       7         4999        39992           20    1.315000e-05
       7         5080        40640           20    1.335000e-05
       7         5162        41296           20    1.180000e-05
       7         5245        41960           20    1.285000e-05
       7         5329        42632           20    1.195000e-05
       7         5415        43320           20    1.195000e-05
       7         5502        44016           20    1.210000e-05
       7         5591        44728           20    1.225000e-05
       7         5681        45448           20    1.225000e-05
       7         5772        46176           20    1.255000e-05
       7         5865        46920           20    1.285000e-05
       7         5959        47672           20    1.270000e-05
       7         6055        48440           20    1.545000e-05
       7         6152        49216           20    1.595000e-05
       7         6251        50008           20    1.505000e-05
       7         6352        50816           20    1.455000e-05
       7         6454        51632           20    1.475000e-05
       7         6558        52464           20    1.435000e-05
       7         6663        53304           20    1.380000e-05
       7         6770        54160           20    1.420000e-05
       7         6879        55032           20    1.505000e-05
       7         6990        55920           20    1.535000e-05
       7         7102        56816           20    1.535000e-05
       7         7216        57728           20    1.975000e-05
       7         7332        58656           20    1.530000e-05
       7         7450        59600           20    1.535000e-05
       7         7570        60560           20    1.700000e-05
       7         7692        61536           20    1.685000e-05
       7         7816        62528           20    1.650000e-05
       7         7942        63536           20    1.685000e-05
       7         8070        64560           20    1.850000e-05
       7         8200        65600           20    1.805000e-05
       7         8332        66656           20    1.795000e-05
       7         8466        67728           20    1.720000e-05
       7         8602        68816           20    1.765000e-05
       7         8740        69920           20    1.825000e-05
       7         8880        71040           20    1.880000e-05
       7         9023        72184           20    1.885000e-05
       7         9168        73344           20    1.945000e-05
       7         9315        74520           20    1.935000e-05
       7         9465        75720           20    1.975000e-05
       7         9617        76936           20    1.965000e-05
       7         9771        78168           20    2.000000e-05
       7         9928        79424           20    2.040000e-05
       7        10087        80696           20    2.050000e-05
       7        10249        81992           20    2.075000e-05
       7        10414        83312           20    2.095000e-05
       7        10581        84648           20    2.095000e-05
       7        10751        86008           20    2.125000e-05
       7        10924        87392           20    2.125000e-05
       7        11099        88792           20    2.180000e-05
       7        11277        90216           20    2.195000e-05
       7        11458        91664           20    2.335000e-05
       7        11642        93136           20    2.470000e-05
       7        11829        94632           20    2.705000e-05
       7        12019        96152           20    5.065000e-05
       7        12212        97696           20    2.190000e-05
       7        12408        99264           20    2.260000e-05
       7        12607       100856           20    2.440000e-05
       7        12809       102472           20    2.155000e-05
       7        13014       104112           20    2.305000e-05
       7        13223       105784           20    2.320000e-05
       7        13435       107480           20    2.990000e-05
       7        13650       109200           20    1.360000e-05
       7        13869       110952           20    1.375000e-05
       7        14091       112728           20    1.365000e-05
       7        14317       114536           20    6.515000e-05
       7        14547       116376           20    2.555000e-05
       7        14780       118240           20    1.530000e-05
       7        15017       120136           20    1.465000e-05
       7        15258       122064           20    1.455000e-05
       7        15503       124024           20    1.570000e-05
       7        15752       126016           20    2.040000e-05
       7        16005       128040           20    2.485000e-05
       7        16262       130096           20    2.550000e-05
       7        16523       132184           20    2.490000e-05
       7        16788       134304           20    2.450000e-05
       7        17057       136456           20    2.545000e-05
       7        17330       138640           20    2.440000e-05
       7        17608       140864           20    2.410000e-05
       7        17890       143120           20    2.430000e-05
       7        18177       145416           20    2.390000e-05
       7        18468       147744           20    2.975000e-05
       7        18764       150112           20    2.880000e-05
       7        19065       152520           20    2.790000e-05
       7        19371       154968           20    2.715000e-05
       7        19681       157448           20    2.765000e-05
       7        19996       159968           20    2.775000e-05
       7        20316       162528           20    2.790000e-05
       7        20642       165136           20    2.845000e-05
       7        20973       167784           20    2.925000e-05
       7        21309       170472           20    2.905000e-05
       7        21650       173200           20    2.270000e-05
       7        21997       175976           20    1.810000e-05
       7        22349       178792           20    1.775000e-05
       7        22707       181656           20    1.810000e-05
       7        23071       184568           20    3.495000e-05
       7        23441       187528           20    3.360000e-05
       7        23817       190536           20    3.360000e-05
       7        24199       193592           20    3.360000e-05
       7        24587       196696           20    3.390000e-05
       7        24981       199848           20    2.225000e-05
       7        25381       203048           20    2.085000e-05
       7        25788       206304           20    2.090000e-05
       7        26201       209608           20    4.220000e-05
       7        26621       212968           20    4.150000e-05
       7        27047       216376           20    4.075000e-05
       7        27480       219840           20    4.495000e-05
       7        27920       223360           20    4.010000e-05
       7        28367       226936           20    4.060000e-05
       7        28821       230568           20    4.100000e-05
       7        29283       234264           20    4.285000e-05
       7        29752       238016           20    2.580000e-05
       7        30229       241832           20    2.515000e-05
       7        30713       245704           20    2.625000e-05
       7        31205       249640           20    2.535000e-05
       7        31705       253640           20    2.555000e-05
       7        32213       257704           20    2.635000e-05
       7        32729       261832           20    2.680000e-05
       7        33253       266024           20    2.745000e-05
       7        33786       270288           20    2.735000e-05
       7        34327       274616           20    2.790000e-05
       7        34877       279016           20    2.820000e-05
       7        35436       283488           20    2.855000e-05
       7        36003       288024           20    2.930000e-05
       7        36580       292640           20    2.950000e-05
       7        37166       297328           20    5.320000e-05
       7        37761       302088           20    3.465000e-05
       7        38366       306928           20    4.225000e-05
       7        38980       311840           20    3.490000e-05
       7        39604       316832           20    4.630000e-05
       7        40238       321904           20    3.223500e-04
       7        40882       327056           20    2.657000e-04
       7        41537       332296           20    4.645000e-05
       7        42202       337616           20    4.791500e-04
       7        42878       343024           20    2.946000e-04
       7        43565       348520           20    3.480000e-05
       7        44263       354104           20    3.775000e-05
       7        44972       359776           20    3.635000e-05
       7        45692       365536           20    3.720000e-05
       7        46424       371392           20    3.810000e-05
       7        47167       377336           20    3.945000e-05
       7        47922       383376           20    3.845000e-05
       7        48689       389512           20    4.120000e-05
       7        49469       395752           20    4.165000e-05
       7        50261       402088           20    4.355000e-05
       7        51066       408528           20    5.135000e-05
       7        51884       415072           20    5.140000e-05
       7        52715       421720           20    4.860000e-05
       7        53559       428472           20    9.110000e-05
       7        54416       435328           20    1.228500e-04
       7        55287       442296           20    1.055500e-04
       7        56172       449376           20    7.935000e-05
       7        57071       456568           20    5.410000e-05
       7        57985       463880           20    4.370000e-05
       7        58913       471304           20    4.420000e-05
       7        59856       478848           20    4.480000e-05
       7        60814       486512           20    4.485000e-05
       7        61788       494304           20    8.080000e-05
       7        62777       502216           20    5.300000e-05
       7        63782       510256           20    5.220000e-05
       7        64803       518424           20    5.830000e-05
       7        65840       526720           20    5.630000e-05
       7        66894       535152           20    5.670000e-05
       7        67965       543720           20    8.385000e-05
       7        69053       552424           20    6.145000e-05
       7        70158       561264           20    6.465000e-05
       7        71281       570248           20    5.700000e-05
       7        72422       579376           20    5.550000e-05
       7        73581       588648           20    8.495000e-05
       7        74759       598072           20    8.205000e-05
       7        75956       607648           20    6.015000e-05
       7        77172       617376           20    5.690000e-05
       7        78407       627256           20    5.650000e-05
       7        79662       637296           20    6.530000e-05
       7        80937       647496           20    1.145000e-04
       7        82233       657864           20    6.380000e-05
       7        83549       668392           20    6.005000e-05
       7        84886       679088           20    6.180000e-05
       7        86245       689960           20    6.635000e-05
       7        87625       701000           20    9.630000e-05
       7        89028       712224           20    7.730000e-05
       7        90453       723624           20    7.360000e-05
       7        91901       735208           20    1.552500e-04
       7        93372       746976           20    9.615000e-05
       7        94866       758928           20    8.350000e-05
       7        96384       771072           20    8.445000e-05
       7        97927       783416           20    1.547500e-04
       7        99494       795952           20    1.571000e-04
       7       101086       808688           20    1.943000e-04
