    5.999998482e+00    9.999939279e-01    9.999863378e-01    9.999757117e-01    9.999620497e-01    9.999453517e-01    9.999256178e-01    9.999028481e-01    9.998770427e-01    9.998482016e-01    9.998163249e-01    9.997814127e-01    9.997434651e-01    9.997024823e-01    9.996584643e-01    9.996114113e-01    9.995613235e-01    9.995082009e-01    9.994520438e-01    9.993928523e-01
   -1.666656968e-01    5.833311027e+00    8.332819319e-01    8.332411993e-01    8.331888298e-01    8.331248239e-01    8.330491824e-01    8.329619064e-01    8.328629969e-01    8.327524551e-01    8.326302825e-01    8.324964805e-01    8.323510508e-01    8.321939953e-01    8.320253160e-01    8.318450149e-01    8.316530943e-01    8.314495567e-01    8.312344045e-01    8.310076404e-01
   -1.666644318e-01   -1.428488774e-01    5.714181499e+00    7.140934589e-01    7.139802685e-01    7.138419312e-01    7.136784511e-01    7.134898330e-01    7.132760821e-01    7.130372048e-01    7.127732077e-01    7.124840987e-01    7.121698859e-01    7.118305784e-01    7.114661861e-01    7.110767193e-01    7.106621893e-01    7.102226081e-01    7.097579882e-01    7.092683431e-01
   -1.666626608e-01   -1.428418947e-01   -1.249686344e-01    5.624691762e+00    6.244971062e-01    6.242592136e-01    6.239780971e-01    6.236537711e-01    6.232862526e-01    6.228755606e-01    6.224217165e-01    6.219247439e-01    6.213846684e-01    6.208015183e-01    6.201753238e-01    6.195061173e-01    6.187939337e-01    6.180388100e-01    6.172407853e-01    6.163999011e-01
   -1.666603838e-01   -1.428329170e-01   -1.249488258e-01   -1.110277918e-01    5.554843005e+00    5.544813325e-01    5.540539717e-01    5.535609574e-01    5.530023302e-01    5.523781359e-01    5.516884258e-01    5.509332564e-01    5.501126898e-01    5.492267932e-01    5.482756394e-01    5.472593064e-01    5.461778777e-01    5.450314420e-01    5.438200935e-01    5.425439315e-01
   -1.666576008e-01   -1.428219445e-01   -1.249246163e-01   -1.109854975e-01   -9.981944261e-02    5.498588121e+00    4.979866093e-01    4.972927510e-01    4.965066285e-01    4.956283354e-01    4.946579765e-01    4.935956677e-01    4.924415354e-01    4.911957175e-01    4.898583625e-01    4.884296299e-01    4.869096901e-01    4.852987245e-01    4.835969252e-01    4.818044952e-01
   -1.666543118e-01   -1.428089774e-01   -1.248960068e-01   -1.109355185e-01   -9.974250779e-02   -9.056626872e-02    5.452028179e+00    4.511018048e-01    4.500523720e-01    4.488800523e-01    4.475850375e-01    4.461675394e-01    4.446277899e-01    4.429660408e-01    4.411825640e-01    4.392776512e-01    4.372516140e-01    4.351047839e-01    4.328375122e-01    4.304501698e-01
   -1.666505168e-01   -1.427940157e-01   -1.248629980e-01   -1.108778574e-01   -9.965375384e-02   -9.044008027e-02   -8.274018219e-02    5.412510575e+00    4.111623010e-01    4.096563793e-01    4.079931335e-01    4.061729212e-01    4.041961336e-01    4.020631959e-01    3.997745667e-01    3.973307380e-01    3.947322354e-01    3.919796178e-01    3.890734772e-01    3.860144386e-01
   -1.666462159e-01   -1.427770597e-01   -1.248255909e-01   -1.108125172e-01   -9.955318804e-02   -9.029711220e-02   -8.254769733e-02   -7.596517278e-02    5.378143230e+00    3.762641835e-01    3.741892389e-01    3.719189636e-01    3.694539786e-01    3.667949584e-01    3.639426304e-01    3.608977752e-01    3.576612259e-01    3.542338682e-01    3.506166403e-01    3.468105323e-01
   -1.666414091e-01   -1.427581096e-01   -1.247837866e-01   -1.107395013e-01   -9.944081866e-02   -9.013738155e-02   -8.233267282e-02   -7.568694299e-02   -6.996172608e-02    5.347516649e+00    3.449862756e-01    3.422183680e-01    3.392138655e-01    3.359737874e-01    3.324992330e-01    3.287913814e-01    3.248514912e-01    3.206808994e-01    3.162810220e-01    3.116533527e-01
   -1.666360963e-01   -1.427371657e-01   -1.247375863e-01   -1.106588135e-01   -9.931665491e-02   -8.996090736e-02   -8.209514382e-02   -7.537964644e-02   -6.957591549e-02   -6.451336167e-02    5.319536551e+00    3.162227236e-01    3.126266911e-01    3.087499354e-01    3.045940541e-01    3.001607601e-01    2.954518810e-01    2.904693581e-01    2.852152460e-01    2.796917116e-01
   -1.666302776e-01   -1.427142281e-01   -1.246869913e-01   -1.105704579e-01   -9.918070699e-02   -8.976771070e-02   -8.183514919e-02   -7.504334921e-02   -6.915378555e-02   -6.399575551e-02   -5.944554015e-02    5.293318300e+00    2.890773411e-01    2.845069086e-01    2.796092513e-01    2.743867789e-01    2.688420614e-01    2.629778278e-01    2.567969650e-01    2.503025164e-01
   -1.666239530e-01   -1.426892972e-01   -1.246320030e-01   -1.104744393e-01   -9.903298604e-02   -8.955781460e-02   -8.155273144e-02   -7.467812359e-02   -6.869545172e-02   -6.343390545e-02   -5.876953530e-02   -5.461174346e-02    5.268117143e+00    2.627936895e-01    2.570914374e-01    2.510136871e-01    2.445639570e-01    2.377459817e-01    2.305637099e-01    2.230213025e-01
   -1.666171225e-01   -1.426623733e-01   -1.245726231e-01   -1.103707624e-01   -9.887350420e-02   -8.933124409e-02   -8.124793678e-02   -7.428404811e-02   -6.820103941e-02   -6.282800212e-02   -5.804075833e-02   -5.374830917e-02   -4.988379764e-02    5.243279563e+00    2.367061910e-01    2.297032917e-01    2.222755745e-01    2.144280357e-01    2.061659555e-01    1.974948947e-01
   -1.666097862e-01   -1.426334567e-01   -1.245088533e-01   -1.102594329e-01   -9.870227456e-02   -8.908802619e-02   -8.092081506e-02   -7.386120750e-02   -6.767068389e-02   -6.217825110e-02   -5.725950957e-02   -5.282305643e-02   -4.880138965e-02   -4.514468247e-02    5.218206949e+00    2.102034243e-01    2.017190207e-01    1.927602958e-01    1.833341759e-01    1.734479510e-01
   -1.666019440e-01   -1.426025479e-01   -1.244406954e-01   -1.101404563e-01   -9.851931116e-02   -8.882818993e-02   -8.057141980e-02   -7.340969269e-02   -6.710453027e-02   -6.148487289e-02   -5.642611104e-02   -5.183644045e-02   -4.764770417e-02   -4.380908723e-02   -4.028269219e-02    5.192325845e+00    1.826978302e-01    1.725378829e-01    1.618549406e-01    1.506584048e-01
   -1.665935961e-01   -1.425696471e-01   -1.243681513e-01   -1.100138390e-01   -9.832462902e-02   -8.855176628e-02   -8.019980815e-02   -7.292960077e-02   -6.650273349e-02   -6.074810280e-02   -5.554090626e-02   -5.078894676e-02   -4.642340905e-02   -4.239247057e-02   -3.865676901e-02   -3.518612577e-02    5.165060600e+00    1.535975809e-01    1.415529437e-01    1.289386448e-01
   -1.665847423e-01   -1.425347548e-01   -1.242912232e-01   -1.098795874e-01   -9.811824413e-02   -8.825878823e-02   -7.980604091e-02   -7.242103500e-02   -6.586545822e-02   -5.996819093e-02   -5.460426021e-02   -4.968109092e-02   -4.512921320e-02   -4.089578538e-02   -3.693994846e-02   -3.322940201e-02   -2.973780810e-02    5.135804837e+00    1.222769128e-01    1.081202917e-01
   -1.665753828e-01   -1.424978714e-01   -1.242099132e-01   -1.097377085e-01   -9.790017342e-02   -8.794929073e-02   -7.939018251e-02   -7.188410476e-02   -6.519287891e-02   -5.914540201e-02   -5.361655912e-02   -4.851341831e-02   -4.376586619e-02   -3.932003873e-02   -3.513355787e-02   -3.117195365e-02   -2.740586310e-02   -2.380871482e-02    5.103887924e+00    8.804096530e-02
   -1.665655175e-01   -1.424589974e-01   -1.241242238e-01   -1.095882098e-01   -9.767043479e-02   -8.762331068e-02   -7.895230100e-02   -7.131892553e-02   -6.448517965e-02   -5.828001540e-02   -5.257821032e-02   -4.728650389e-02   -4.233415782e-02   -3.766629117e-02   -3.323899428e-02   -2.901559134e-02   -2.496362672e-02   -2.105225863e-02   -1.724978421e-02    5.068531619e+00
   -1.665551466e-01   -1.424181333e-01   -1.240341573e-01   -1.094310990e-01   -9.742904710e-02   -8.728088699e-02   -7.849246801e-02   -7.072561890e-02   -6.374255418e-02   -5.737232496e-02   -5.148964213e-02   -4.600095189e-02   -4.083491772e-02   -3.593565612e-02   -3.125772349e-02   -2.676221360e-02   -2.241352439e-02   -1.817645132e-02   -1.401328956e-02   -9.880580162e-03
   -1.665442700e-01   -1.423752796e-01   -1.239397164e-01   -1.092663842e-01   -9.717603017e-02   -8.692206050e-02   -7.801075879e-02   -7.010431249e-02   -6.296520582e-02   -5.642263894e-02   -5.035130368e-02   -4.465739563e-02   -3.926901493e-02   -3.412929916e-02   -2.919127896e-02   -2.441380527e-02   -1.975808998e-02   -1.518449060e-02   -1.064917753e-02   -6.100248420e-03
   -1.665328877e-01   -1.423304368e-01   -1.238409037e-01   -1.090940740e-01   -9.691140476e-02   -8.654687403e-02   -7.750725219e-02   -6.945514000e-02   -6.215334744e-02   -5.543127994e-02   -4.916366471e-02   -4.325649710e-02   -3.763735736e-02   -3.224843730e-02   -2.704126077e-02   -2.197243586e-02   -1.699996349e-02   -1.207970540e-02   -7.161606018e-03   -2.185159608e-03
   -1.665209998e-01   -1.422836055e-01   -1.237377222e-01   -1.089141774e-01   -9.663519259e-02   -8.615537234e-02   -7.698203060e-02   -6.877824110e-02   -6.130720136e-02   -5.439858473e-02   -4.792721542e-02   -4.179894677e-02   -3.594089137e-02   -3.029433823e-02   -2.480933444e-02   -1.944025794e-02   -1.414188858e-02   -8.865552412e-03   -3.554888632e-03    1.859344114e-03
   -1.665086064e-01   -1.422347863e-01   -1.236301748e-01   -1.087267036e-01   -9.634741635e-02   -8.574760214e-02   -7.643518000e-02   -6.807376145e-02   -6.042699935e-02   -5.332490422e-02   -4.664246625e-02   -4.028546323e-02   -3.418060124e-02   -2.826831952e-02   -2.249722974e-02   -1.681950531e-02   -1.118671006e-02   -5.545612561e-03    1.665102708e-04    6.027739425e-03
   -1.664957075e-01   -1.421839798e-01   -1.235182646e-01   -1.085316625e-01   -9.604809966e-02   -8.532361209e-02   -7.586678988e-02   -6.734185267e-02   -5.951298252e-02   -5.221060329e-02   -4.530994773e-02   -3.871679282e-02   -3.235750863e-02   -2.617174781e-02   -2.010673945e-02   -1.411249124e-02   -8.137371321e-03   -2.123587294e-03    3.997980685e-03    1.031432881e-02
   -1.664823030e-01   -1.421311866e-01   -1.234019948e-01   -1.083290642e-01   -9.573726709e-02   -8.488345278e-02   -7.527695330e-02   -6.658267230e-02   -5.856540129e-02   -5.105606072e-02   -4.393021023e-02   -3.709370939e-02   -3.047267202e-02   -2.400603793e-02   -1.763971809e-02   -1.132160654e-02   -4.996911565e-03    1.396705207e-03    7.934772225e-03    1.471324778e-02
   -1.664683931e-01   -1.420764074e-01   -1.232813688e-01   -1.081189191e-01   -9.541494416e-02   -8.442717675e-02   -7.466576682e-02   -6.579638376e-02   -5.758451533e-02   -4.986166902e-02   -4.250382379e-02   -3.541701382e-02   -2.852718620e-02   -2.177265205e-02   -1.509808058e-02   -8.449317640e-03   -1.768463060e-03    5.011333963e-03    1.197199956e-02    1.921847224e-02
   -1.664539779e-01   -1.420196429e-01   -1.231563900e-01   -1.079012382e-01   -9.508115733e-02   -8.395483845e-02   -7.403333050e-02   -6.498315632e-02   -5.657059344e-02   -4.862783436e-02   -4.103137785e-02   -3.368753376e-02   -2.652218160e-02   -1.947309874e-02   -1.248380086e-02   -5.498164564e-03    1.544751759e-03    8.716259237e-03    1.610464801e-02    2.382382616e-02
   -1.664390572e-01   -1.419608938e-01   -1.230270621e-01   -1.076760329e-01   -9.473593401e-02   -8.346649425e-02   -7.337974791e-02   -6.414316511e-02   -5.552391356e-02   -4.735497639e-02   -3.951348107e-02   -3.190612321e-02   -2.445882374e-02   -1.710893207e-02   -9.798910506e-03   -2.470758870e-03    4.939423254e-03    1.250733670e-02    2.032757927e-02    2.852298936e-02
   -1.664236312e-01   -1.419001608e-01   -1.228933887e-01   -1.074433147e-01   -9.437930255e-02   -8.296220244e-02   -7.270512607e-02   -6.327659099e-02   -5.444476265e-02   -4.604352815e-02   -3.795076109e-02   -3.007366209e-02   -2.233831258e-02   -1.468175058e-02   -7.045497223e-03    6.302184811e-04    8.412157619e-03    1.638032168e-02    2.463553731e-02    3.330950546e-02
   -1.664077000e-01   -1.418374447e-01   -1.227553737e-01   -1.072030959e-01   -9.401129223e-02   -8.244202321e-02   -7.200957546e-02   -6.238362061e-02   -5.333343661e-02   -4.469393591e-02   -3.634386426e-02   -2.819105591e-02   -2.016188188e-02   -1.219319632e-02   -4.225703399e-03    3.802019318e-03    1.195948001e-02    2.033087358e-02    2.902315439e-02    3.817679013e-02
   -1.663912635e-01   -1.417727462e-01   -1.226130211e-01   -1.069553888e-01   -9.363193327e-02   -8.190601867e-02   -7.129321002e-02   -6.146444631e-02   -5.219024022e-02   -4.330665902e-02   -3.469345541e-02   -2.625923532e-02   -1.793079854e-02   -9.644953836e-03   -1.341724541e-03    7.041830493e-03    1.557783774e-02    2.435456028e-02    3.348495719e-02    4.311813937e-02
   -1.663743219e-01   -1.417060663e-01   -1.224663350e-01   -1.067002064e-01   -9.324125683e-02   -8.135425280e-02   -7.055614707e-02   -6.051926613e-02   -5.101548710e-02   -4.188216980e-02   -3.300021759e-02   -2.427915565e-02   -1.564636189e-02   -7.038749075e-03    1.604192292e-03    1.034677618e-02    1.926360354e-02    2.844686275e-02    3.801537311e-02    4.812673798e-02
   -1.663568751e-01   -1.416374056e-01   -1.223153196e-01   -1.064375618e-01   -9.283929498e-02   -8.078679147e-02   -6.979850736e-02   -5.954828370e-02   -4.980949953e-02   -4.042095334e-02   -3.126485183e-02   -2.225179653e-02   -1.330990304e-02   -4.376348345e-03    4.609750103e-03    1.371392023e-02    2.301307892e-02    3.260317971e-02    4.260873663e-02    5.319566826e-02
   -1.663389233e-01   -1.415667652e-01   -1.221599793e-01   -1.061674688e-01   -9.242608073e-02   -8.020370245e-02   -6.902041504e-02   -5.855170829e-02   -4.857260848e-02   -3.892350740e-02   -2.948807683e-02   -2.017816143e-02   -1.092278413e-02   -1.659557194e-03    7.672603603e-03    1.714026855e-02    2.682249755e-02    3.681883237e-02    4.725929581e-02    5.831791869e-02
   -1.663204665e-01   -1.414941458e-01   -1.220003185e-01   -1.058899415e-01   -9.200164804e-02   -7.960505536e-02   -6.822199759e-02   -5.752975468e-02   -4.730515345e-02   -3.739034220e-02   -2.767062872e-02   -1.805927715e-02   -8.486397590e-03    1.109780714e-03    1.079036089e-02    2.062277156e-02    3.068802874e-02    4.108906920e-02    5.196121893e-02    6.348639288e-02
   -1.663015047e-01   -1.414195484e-01   -1.218363418e-01   -1.056049941e-01   -9.156603175e-02   -7.899092168e-02   -6.740338585e-02   -5.648264317e-02   -4.600748241e-02   -3.582198029e-02   -2.581326075e-02   -1.589619340e-02   -6.002165418e-03    3.929784754e-03    1.396058519e-02    2.415832667e-02    3.460578096e-02    4.540907094e-02    5.670860109e-02    6.869391854e-02
   -1.662820380e-01   -1.413429739e-01   -1.216680540e-01   -1.053126415e-01   -9.111926765e-02   -7.836137477e-02   -6.656471400e-02   -5.541059953e-02   -4.467995171e-02   -3.421895639e-02   -2.391674302e-02   -1.368998233e-02   -3.471538392e-03    6.798538513e-03    1.718079656e-02    2.774378085e-02    3.857180545e-02    4.977395547e-02    6.149547110e-02    7.393325655e-02
   -1.662620665e-01   -1.412644233e-01   -1.214954598e-01   -1.050128989e-01   -9.066139244e-02   -7.771648981e-02   -6.570611950e-02   -5.431385493e-02   -4.332292597e-02   -3.258181718e-02   -2.198186216e-02   -1.144173798e-02   -8.959952960e-04    9.714090988e-03    2.044847371e-02    3.137593314e-02    4.258209984e-02    5.417878292e-02    6.631579822e-02    7.919711022e-02
   -1.662415902e-01   -1.411838976e-01   -1.213185644e-01   -1.047057818e-01   -9.019244373e-02   -7.705634383e-02   -6.482774311e-02   -5.319264593e-02   -4.193677804e-02   -3.091112120e-02   -2.000942107e-02   -9.152575813e-03    1.722957875e-03    1.267445781e-02    2.376105580e-02    3.505153734e-02    4.663261184e-02    5.861856071e-02    7.116349918e-02    8.447813446e-02
   -1.662206092e-01   -1.411013977e-01   -1.211373727e-01   -1.043913064e-01   -8.971246004e-02   -7.638101569e-02   -6.392972884e-02   -5.204721439e-02   -4.052188881e-02   -2.920743857e-02   -1.800023856e-02   -6.823632225e-03    4.383788730e-03    1.567762248e-02    2.711594428e-02    3.876730463e-02    5.071924299e-02    6.308824877e-02    7.603244513e-02    8.976894517e-02
   -1.661991235e-01   -1.410169247e-01   -1.209518899e-01   -1.040694887e-01   -8.922148081e-02   -7.569058608e-02   -6.301222396e-02   -5.087780744e-02   -3.907864723e-02   -2.747135091e-02   -1.595514907e-02   -4.456063981e-03    7.084939306e-03    1.872153764e-02    3.051050476e-02    4.251990622e-02    5.483785244e-02    6.758276472e-02    8.091646867e-02    9.506212860e-02
   -1.661771332e-01   -1.409304797e-01   -1.207621215e-01   -1.037403457e-01   -8.871954638e-02   -7.498513748e-02   -6.207537893e-02   -4.968467746e-02   -3.760745010e-02   -2.570345108e-02   -1.387500232e-02   -2.051047709e-03    9.824826910e-03    2.180412633e-02    3.394206889e-02    4.630597616e-02    5.898426075e-02    7.209698912e-02    8.580937100e-02    1.003502508e-01
   -1.661546384e-01   -1.408420638e-01   -1.205680729e-01   -1.034038944e-01   -8.820669798e-02   -7.426475418e-02   -6.111934742e-02   -4.846808197e-02   -3.610870204e-02   -2.390434305e-02   -1.176066303e-02    3.902206474e-04    1.260184497e-02    2.492328333e-02    3.740793630e-02    5.012211402e-02    6.315425378e-02    7.662577076e-02    9.070492897e-02    1.056258670e-01
   -1.661316392e-01   -1.407516780e-01   -1.203697496e-01   -1.030601522e-01   -8.768297777e-02   -7.352952228e-02   -6.014428627e-02   -4.722828363e-02   -3.458281537e-02   -2.207464166e-02   -9.613010541e-03    2.866526374e-03    1.541436391e-02    2.807687644e-02    4.090537653e-02    5.396488770e-02    6.734358657e-02    8.116393203e-02    9.559690233e-02    1.108815312e-01
   -1.661081356e-01   -1.406593235e-01   -1.201671575e-01   -1.027091371e-01   -8.714842877e-02   -7.277952965e-02   -5.915035546e-02   -4.596555016e-02   -3.303020997e-02   -2.021497244e-02   -7.432938483e-03    5.376636545e-03    1.826073200e-02    3.126274783e-02    4.443163098e-02    5.783083626e-02    7.154798728e-02    8.570627423e-02    1.004790409e-01    1.161098055e-01
   -1.660841276e-01   -1.405650014e-01   -1.199603022e-01   -1.023508673e-01   -8.660309492e-02   -7.201486593e-02   -5.813771808e-02   -4.468015428e-02   -3.145131323e-02   -1.832597145e-02   -5.221354454e-03    7.919300593e-03    2.113927629e-02    3.447871540e-02    4.798391494e-02    6.171647270e-02    7.576316109e-02    9.024758299e-02    1.053450916e-01    1.213032699e-01
   -1.660596155e-01   -1.404687130e-01   -1.197491898e-01   -1.019853614e-01   -8.604702104e-02   -7.123562252e-02   -5.710654034e-02   -4.337237367e-02   -2.984655988e-02   -1.640828501e-02   -2.979179654e-03    1.049325088e-02    2.404830349e-02    3.772257412e-02    5.155941956e-02    6.561828688e-02    7.998479425e-02    9.478263367e-02    1.101888061e-01    1.264545311e-01
   -1.660345991e-01   -1.403704594e-01   -1.195338264e-01   -1.016126385e-01   -8.548025282e-02   -7.044189258e-02   -5.605699150e-02   -4.204249094e-02   -2.821639194e-02   -1.446256954e-02   -7.073485326e-04    1.309720327e-02    2.698610089e-02    4.099209744e-02    5.515531385e-02    6.953274838e-02    8.420855799e-02    9.930619675e-02    1.150039475e-01    1.315562329e-01
   -1.660090787e-01   -1.402702419e-01   -1.193142182e-01   -1.012327178e-01   -8.490283686e-02   -6.963377101e-02   -5.498924388e-02   -4.069079349e-02   -2.656125854e-02   -1.248949135e-02    1.593191572e-03    1.572985774e-02    2.995093725e-02    4.428503870e-02    5.876874679e-02    7.345630934e-02    8.843011259e-02    1.038130433e-01    1.197842978e-01    1.366010645e-01
   -1.659830543e-01   -1.401680617e-01   -1.190903714e-01   -1.008456191e-01   -8.431482061e-02   -6.881135445e-02   -5.390347280e-02   -3.931757356e-02   -2.488161588e-02   -1.048972640e-02    3.921480796e-03    1.838989896e-02    3.294106379e-02    4.759913248e-02    6.239684931e-02    7.738540747e-02    9.264511138e-02    1.082979504e-01    1.245236652e-01    1.415817709e-01
   -1.659565259e-01   -1.400639201e-01   -1.188622926e-01   -1.004513626e-01   -8.371625243e-02   -6.797474125e-02   -5.279985659e-02   -3.792312807e-02   -2.317792703e-02   -8.463960129e-03    6.276547121e-03    2.107599690e-02    3.595471513e-02    5.093209607e-02    6.603673641e-02    8.131646889e-02    9.684920477e-02    1.127557065e-01    1.292158911e-01    1.464911614e-01
   -1.659294937e-01   -1.399578185e-01   -1.186299882e-01   -1.000499687e-01   -8.310718151e-02   -6.712403147e-02   -5.167857651e-02   -3.650775864e-02   -2.145066188e-02   -6.412887186e-03    8.657406746e-03    2.378680746e-02    3.899011018e-02    5.428163090e-02    6.968550923e-02    8.524591110e-02    1.010380443e-01    1.171811169e-01    1.338548571e-01    1.513221190e-01
   -1.659019577e-01   -1.398497581e-01   -1.183934651e-01   -9.964145837e-02   -8.248765794e-02   -6.625932686e-02   -5.053981679e-02   -3.507177147e-02   -1.970029698e-02   -4.337211250e-03    1.106306447e-02    2.652097306e-02    4.204545318e-02    5.764542396e-02    7.334025711e-02    8.917014593e-02    1.052072865e-01    1.215690093e-01    1.384344924e-01    1.560676100e-01
   -1.658739180e-01   -1.397397403e-01   -1.181527300e-01   -9.922585277e-02   -8.185773266e-02   -6.538073089e-02   -4.938376455e-02   -3.361547731e-02   -1.792731544e-02   -2.237644788e-03    1.349251409e-02    2.927712326e-02    4.511893462e-02    6.102114926e-02    7.699805974e-02    9.308558247e-02    1.093525974e-01    1.259142388e-01    1.429487806e-01    1.607206921e-01
   -1.658453748e-01   -1.396277665e-01   -1.179077898e-01   -9.880317353e-02   -8.121745746e-02   -6.448834866e-02   -4.821060978e-02   -3.213919140e-02   -1.613220678e-02   -1.149088314e-04    1.594473874e-02    3.205387545e-02    4.820873224e-02    6.440646932e-02    8.065598923e-02    9.698863004e-02    1.134696560e-01    1.302116935e-01    1.473917668e-01    1.652745242e-01
   -1.658163280e-01   -1.395138380e-01   -1.176586516e-01   -9.837344263e-02   -8.056688501e-02   -6.358228696e-02   -4.702054534e-02   -3.064323338e-02   -1.431546685e-02    2.030267252e-03    1.841871134e-02    3.484983540e-02    5.131301203e-02    6.779903660e-02    8.431111225e-02    1.008757011e-01    1.175541585e-01    1.344563002e-01    1.517575645e-01    1.697223749e-01
   -1.657867778e-01   -1.393979564e-01   -1.174053225e-01   -9.793668241e-02   -7.990606880e-02   -6.266265423e-02   -4.581376688e-02   -2.912792726e-02   -1.247759763e-02    4.197145993e-03    2.091339498e-02    3.766359797e-02    5.442992918e-02    7.119649499e-02    8.796049212e-02    1.047432144e-01    1.216018225e-01    1.386430287e-01    1.560403622e-01    1.740576307e-01
   -1.657567242e-01   -1.392801231e-01   -1.171478100e-01   -9.749291558e-02   -7.923506318e-02   -6.172956053e-02   -4.459047285e-02   -2.759360131e-02   -1.061910718e-02    6.384982053e-03    2.342774329e-02    4.049374772e-02    5.755762911e-02    7.459648129e-02    9.160119098e-02    1.085875975e-01    1.256083906e-01    1.427668982e-01    1.602344307e-01    1.782738052e-01
   -1.657261674e-01   -1.391603395e-01   -1.168861213e-01   -9.704216521e-02   -7.855392337e-02   -6.078311758e-02   -4.335086447e-02   -2.604058804e-02   -8.740509460e-03    8.593022460e-03    2.596070087e-02    4.333885959e-02    6.069424848e-02    7.799662672e-02    9.523027187e-02    1.124052902e-01    1.295696349e-01    1.468229818e-01    1.643341293e-01    1.823645473e-01
   -1.656951075e-01   -1.390386071e-01   -1.166202641e-01   -9.658445474e-02   -7.786270538e-02   -5.982343868e-02   -4.209514567e-02   -2.446922410e-02   -6.842324200e-03    1.082050685e-02    2.851120369e-02    4.619749951e-02    6.383791617e-02    8.139455836e-02    9.884480090e-02    1.161927472e-01    1.334813603e-01    1.508064117e-01    1.683339125e-01    1.863236489e-01
   -1.656635445e-01   -1.389149276e-01   -1.163502459e-01   -9.611980799e-02   -7.716146608e-02   -5.885063874e-02   -4.082352307e-02   -2.287985024e-02   -4.925076789e-03    1.306666772e-02    3.107817950e-02    4.906822511e-02    6.698675432e-02    8.478790071e-02    1.024418493e-01    1.199464411e-01    1.373394090e-01    1.547123847e-01    1.722283366e-01    1.901450538e-01
   -1.656314785e-01   -1.387893023e-01   -1.160760746e-01   -9.564824910e-02   -7.645026317e-02   -5.786483427e-02   -3.953620597e-02   -2.127281119e-02   -2.989298128e-03    1.533073064e-02    3.366054826e-02    5.194958637e-02    7.013887933e-02    8.817427712e-02    1.060184957e-01    1.236628653e-01    1.411396639e-01    1.585361666e-01    1.760120659e-01    1.938228647e-01
   -1.655989097e-01   -1.386617330e-01   -1.157977581e-01   -9.516980261e-02   -7.572915518e-02   -5.686614333e-02   -3.823340629e-02   -1.964845567e-02   -1.035524488e-03    1.761191455e-02    3.625722252e-02    5.484012628e-02    7.329240291e-02    9.155131135e-02    1.095718280e-01    1.273385370e-01    1.448780528e-01    1.622730979e-01    1.796798791e-01    1.973513515e-01
   -1.655658381e-01   -1.385322211e-01   -1.155153043e-01   -9.468449340e-02   -7.499820144e-02   -5.585468558e-02   -3.691533854e-02   -1.800713624e-02    9.357026183e-04    1.990943194e-02    3.886710789e-02    5.773838149e-02    7.644543306e-02    9.491662903e-02    1.130989457e-01    1.309699998e-01    1.485505522e-01    1.659185983e-01    1.832266754e-01    2.007249584e-01
   -1.655322638e-01   -1.384007684e-01   -1.152287215e-01   -9.419234671e-02   -7.425746211e-02   -5.483058219e-02   -3.558221982e-02   -1.634920927e-02    2.923836583e-03    2.222248919e-02    4.148910341e-02    6.064288304e-02    7.959607514e-02    9.826785914e-02    1.165969620e-01    1.345538270e-01    1.521531907e-01    1.694681713e-01    1.866474803e-01    2.039383111e-01
   -1.654981870e-01   -1.382673765e-01   -1.149380178e-01   -9.369338815e-02   -7.350699816e-02   -5.379395588e-02   -3.423426972e-02   -1.467503486e-02    4.928325838e-03    2.455028673e-02    4.412210203e-02    6.355215700e-02    8.274243287e-02    1.016026356e-01    1.200630058e-01    1.380866238e-01    1.556820532e-01    1.729174094e-01    1.899374517e-01    2.069862243e-01
   -1.654636077e-01   -1.381320470e-01   -1.146432017e-01   -9.318764366e-02   -7.274687137e-02   -5.274493089e-02   -3.287171036e-02   -1.298497678e-02    6.948614003e-03    2.689201937e-02    4.676499098e-02    6.646472516e-02    8.588260936e-02    1.049185986e-01    1.234942236e-01    1.415650310e-01    1.591332844e-01    1.762619986e-01    1.930918857e-01    2.098637079e-01
   -1.654285260e-01   -1.379947817e-01   -1.143442817e-01   -9.267513956e-02   -7.197714430e-02   -5.168363296e-02   -3.149476631e-02   -1.127940238e-02    8.984140024e-03    2.924687650e-02    4.941665226e-02    6.937910569e-02    8.901470818e-02    1.082133963e-01    1.268877821e-01    1.449857269e-01    1.625030921e-01    1.794977229e-01    1.961062216e-01    2.125659740e-01
   -1.653929421e-01   -1.378555822e-01   -1.140412663e-01   -9.215590251e-02   -7.119788034e-02   -5.061018932e-02   -3.010366458e-02   -9.558682491e-03    1.103433832e-02    3.161404239e-02    5.207596301e-02    7.229381387e-02    9.213683433e-02    1.114846861e-01    1.302408698e-01    1.483454307e-01    1.657877513e-01    1.826204686e-01    1.989760481e-01    2.150884429e-01
   -1.653568561e-01   -1.377144504e-01   -1.137341643e-01   -9.162995952e-02   -7.040914364e-02   -4.952472870e-02   -2.869863454e-02   -7.823191414e-03    1.309863892e-02    3.399269643e-02    5.474179602e-02    7.520736273e-02    9.524709532e-02    1.147301363e-01    1.335506992e-01    1.516409048e-01    1.689836075e-01    1.856262291e-01    2.016971078e-01    2.174267494e-01
   -1.653202681e-01   -1.375713879e-01   -1.134229845e-01   -9.109733797e-02   -6.961099915e-02   -4.842738125e-02   -2.727990796e-02   -6.073306789e-03    1.517646763e-02    3.638201340e-02    5.741302009e-02    7.811826378e-02    9.834360218e-02    1.179474275e-01    1.368145089e-01    1.548689579e-01    1.720870800e-01    1.885111088e-01    2.042653028e-01    2.195767485e-01
   -1.652831781e-01   -1.374263967e-01   -1.131077359e-01   -9.055806555e-02   -6.880351262e-02   -4.731827862e-02   -2.584771889e-02   -4.309409542e-03    1.726724617e-02    3.878116371e-02    6.008850052e-02    8.102502766e-02    1.014244705e-01    1.211342541e-01    1.400295656e-01    1.580264474e-01    1.750946654e-01    1.912713273e-01    2.066766993e-01    2.215345209e-01
   -1.652455863e-01   -1.372794784e-01   -1.127884277e-01   -9.001217033e-02   -6.798675054e-02   -4.619755385e-02   -2.440230369e-02   -2.531883803e-03    1.937039230e-02    4.118931371e-02    6.276709952e-02    8.392616485e-02    1.044878214e-01    1.242883257e-01    1.431931659e-01    1.611102818e-01    1.780029410e-01    1.939032237e-01    2.089275325e-01    2.232963784e-01
   -1.652074928e-01   -1.371306349e-01   -1.124650689e-01   -8.945968073e-02   -6.716078019e-02   -4.506534142e-02   -2.294390097e-02   -7.411168275e-04    2.148532001e-02    4.360562591e-02    6.544767667e-02    8.682018634e-02    1.075317826e-01    1.274073685e-01    1.463026385e-01    1.641174239e-01    1.808085680e-01    1.964032601e-01    2.110142108e-01    2.248588684e-01
   -1.651688977e-01   -1.369798682e-01   -1.121376689e-01   -8.890062548e-02   -6.632566963e-02   -4.392177720e-02   -2.147275154e-02    1.062501082e-03    2.361143965e-02    4.602925926e-02    6.812908935e-02    8.970560435e-02    1.105544896e-01    1.304891271e-01    1.493553462e-01    1.670448928e-01    1.835082945e-01    1.987680258e-01    2.129333208e-01    2.262187794e-01
   -1.651298012e-01   -1.368271801e-01   -1.118062371e-01   -8.833503370e-02   -6.548148765e-02   -4.276699846e-02   -1.998909838e-02    2.878576655e-03    2.574815808e-02    4.845936946e-02    7.081019319e-02    9.258093301e-02    1.135540863e-01    1.335313653e-01    1.523486875e-01    1.698897667e-01    1.860989590e-01    2.009942407e-01    2.146816306e-01    2.273731446e-01
   -1.650902034e-01   -1.366725725e-01   -1.114707832e-01   -8.776293481e-02   -6.462830381e-02   -4.160114383e-02   -1.849318662e-02    4.706713730e-03    2.789487883e-02    5.089510915e-02    7.348984253e-02    9.544468901e-02    1.165287265e-01    1.365318682e-01    1.552800990e-01    1.726491853e-01    1.885774929e-01    2.030787589e-01    2.162560944e-01    2.283192464e-01
   -1.650501043e-01   -1.365160473e-01   -1.111313167e-01   -8.718435859e-02   -6.376618843e-02   -4.042435331e-02   -1.698526348e-02    6.546513339e-03    3.005100226e-02    5.333562826e-02    7.616689080e-02    9.829539235e-02    1.194765744e-01    1.394884432e-01    1.581470567e-01    1.753203519e-01    1.909409239e-01    2.050185723e-01    2.176538559e-01    2.290546201e-01
   -1.650095041e-01   -1.363576066e-01   -1.107878475e-01   -8.659933516e-02   -6.289521255e-02   -3.923676823e-02   -1.546557825e-02    8.397573788e-03    3.221592568e-02    5.578007424e-02    7.884019106e-02    1.011315670e-01    1.223958060e-01    1.423989215e-01    1.609470784e-01    1.779005364e-01    1.931863785e-01    2.068108136e-01    2.188722519e-01    2.295770574e-01
   -1.649684030e-01   -1.361972522e-01   -1.104403854e-01   -8.600789497e-02   -6.201544798e-02   -3.803853125e-02   -1.393438222e-02    1.025949073e-02    3.438904355e-02    5.822759232e-02    8.150859636e-02    1.039517415e-01    1.252846100e-01    1.452611594e-01    1.636777252e-01    1.803870768e-01    1.953110851e-01    2.084527596e-01    2.199088157e-01    2.298846094e-01
   -1.649268009e-01   -1.360349863e-01   -1.100889405e-01   -8.541006882e-02   -6.112696723e-02   -3.682978632e-02   -1.239192869e-02    1.213185728e-02    3.656974762e-02    6.067732582e-02    8.417096025e-02    1.067544498e-01    1.281411887e-01    1.480730399e-01    1.663366035e-01    1.827773823e-01    1.973123763e-01    2.099418341e-01    2.207612800e-01    2.299755897e-01
   -1.648846982e-01   -1.358708108e-01   -1.097335228e-01   -8.480588783e-02   -6.022984357e-02   -3.561067871e-02   -1.083847288e-02    1.401426403e-02    3.875742708e-02    6.312841641e-02    8.682613718e-02    1.095382319e-01    1.309637591e-01    1.508324737e-01    1.689213664e-01    1.850689347e-01    1.991876918e-01    2.112756109e-01    2.214275800e-01    2.298485765e-01
   -1.648420949e-01   -1.357047279e-01   -1.093741427e-01   -8.419538346e-02   -5.932415095e-02   -3.438135494e-02   -9.274271938e-03    1.590629920e-02    4.095146872e-02    6.558000437e-02    8.947298296e-02    1.123016344e-01    1.337505536e-01    1.535374010e-01    1.714297161e-01    1.872592912e-01    2.009345808e-01    2.124518163e-01    2.219058560e-01    2.295024154e-01
   -1.647989911e-01   -1.355367395e-01   -1.090108105e-01   -8.357858749e-02   -5.840996408e-02   -3.314196281e-02   -7.699584850e-03    1.780754870e-02    4.315125708e-02    6.803122889e-02    9.211035521e-02    1.150432113e-01    1.364998216e-01    1.561857923e-01    1.738594049e-01    1.893460859e-01    2.025507044e-01    2.134683317e-01    2.221944555e-01    2.289362207e-01
   -1.647553869e-01   -1.353668479e-01   -1.086435367e-01   -8.295553204e-02   -5.748735835e-02   -3.189265135e-02   -6.114672442e-03    1.971759621e-02    4.535617463e-02    7.048122831e-02    9.473711382e-02    1.177615247e-01    1.392098295e-01    1.587756502e-01    1.762082372e-01    1.913270323e-01    2.040338375e-01    2.143231962e-01    2.222919358e-01    2.281493772e-01
   -1.647112826e-01   -1.351950551e-01   -1.082723318e-01   -8.232624957e-02   -5.655640987e-02   -3.063357082e-02   -4.519797321e-03    2.163602324e-02    4.756560193e-02    7.292914044e-02    9.735212135e-02    1.204551452e-01    1.418788628e-01    1.613050102e-01    1.784740712e-01    1.931999252e-01    2.053818718e-01    2.150146085e-01    2.221970659e-01    2.271415412e-01
   -1.646666782e-01   -1.350213632e-01   -1.078972065e-01   -8.169077283e-02   -5.561719544e-02   -2.936487268e-02   -2.915223835e-03    2.356240927e-02    4.977891775e-02    7.537410280e-02    9.995424351e-02    1.231226531e-01    1.445052259e-01    1.637719423e-01    1.806548204e-01    1.949626421e-01    2.065928172e-01    2.155409292e-01    2.219088280e-01    2.259126416e-01
   -1.646215738e-01   -1.348457746e-01   -1.075181718e-01   -8.104913494e-02   -5.466979255e-02   -2.808670959e-02   -1.301218037e-03    2.549633179e-02    5.199549929e-02    7.781525292e-02    1.025423496e-01    1.257626385e-01    1.470872440e-01    1.661745523e-01    1.827484551e-01    1.966131458e-01    2.076648041e-01    2.159006825e-01    2.214264190e-01    2.244628805e-01
   -1.645759697e-01   -1.346682913e-01   -1.071352384e-01   -8.040136932e-02   -5.371427939e-02   -2.679923537e-02    3.219523617e-04    2.743736640e-02    5.421472228e-02    8.025172860e-02    1.051153129e-01    1.283737022e-01    1.496232633e-01    1.685109826e-01    1.847530039e-01    1.981494853e-01    2.085960849e-01    2.160925583e-01    2.207492520e-01    2.227927328e-01
   -1.645298659e-01   -1.344889156e-01   -1.067484174e-01   -7.974750969e-02   -5.275073480e-02   -2.550260502e-02    1.954018031e-03    2.938508689e-02    5.643596120e-02    8.268266819e-02    1.076720112e-01    1.309544566e-01    1.521116523e-01    1.707794139e-01    1.866665554e-01    1.995697984e-01    2.093850366e-01    2.161154135e-01    2.198769571e-01    2.209029469e-01
   -1.644832626e-01   -1.343076498e-01   -1.063577201e-01   -7.908759014e-02   -5.177923833e-02   -2.419697466e-02    3.594708061e-03    3.133906536e-02    5.865858938e-02    8.510721087e-02    1.102113271e-01    1.335035257e-01    1.545508028e-01    1.729780660e-01    1.884872595e-01    2.008723126e-01    2.100301613e-01    2.159682735e-01    2.188093823e-01    2.187945433e-01
   -1.644361599e-01   -1.341244960e-01   -1.059631576e-01   -7.842164504e-02   -5.079987018e-02   -2.288250153e-02    5.243750008e-03    3.329887226e-02    6.088197922e-02    8.752449694e-02    1.127321487e-01    1.360195464e-01    1.569391302e-01    1.751051990e-01    1.902133287e-01    2.020553470e-01    2.105300889e-01    2.156503333e-01    2.175465936e-01    2.164688146e-01
   -1.643885579e-01   -1.339394568e-01   -1.055647413e-01   -7.774970908e-02   -4.981271121e-02   -2.155934398e-02    6.900869934e-03    3.526407651e-02    6.310550233e-02    8.993366806e-02    1.152333698e-01    1.385011689e-01    1.592750753e-01    1.771591149e-01    1.918430395e-01    2.031173138e-01    2.108835775e-01    2.151609588e-01    2.160888761e-01    2.139273237e-01
   -1.643404569e-01   -1.337525342e-01   -1.051624827e-01   -7.707181728e-02   -4.881784292e-02   -2.022766145e-02    8.565792451e-03    3.723424555e-02    6.532852966e-02    9.233386755e-02    1.177138902e-01    1.409470572e-01    1.615571042e-01    1.791381580e-01    1.933747339e-01    2.040567195e-01    2.110895156e-01    2.144996878e-01    2.144367330e-01    2.111719029e-01
   -1.642918569e-01   -1.335637307e-01   -1.047563935e-01   -7.638800497e-02   -4.781534750e-02   -1.888761444e-02    1.023824076e-02    3.920894549e-02    6.755043172e-02    9.472424069e-02    1.201726166e-01    1.433558898e-01    1.637837097e-01    1.810407163e-01    1.948068204e-01    2.048721664e-01    2.111469228e-01    2.136662303e-01    2.125908863e-01    2.082046514e-01
   -1.642427581e-01   -1.333730487e-01   -1.043464852e-01   -7.569830777e-02   -4.680530775e-02   -1.753936449e-02    1.191793670e-02    4.118774114e-02    6.977057872e-02    9.710393493e-02    1.226084627e-01    1.457263604e-01    1.659534123e-01    1.828652227e-01    1.961377753e-01    2.055623539e-01    2.110549507e-01    2.126604694e-01    2.105522758e-01    2.050279337e-01
   -1.641931607e-01   -1.331804905e-01   -1.039327699e-01   -7.500276164e-02   -4.578780710e-02   -1.618307418e-02    1.360460080e-02    4.317019612e-02    7.198834069e-02    9.947210021e-02    1.250203495e-01    1.480571786e-01    1.680647603e-01    1.846101559e-01    1.973661440e-01    2.061260795e-01    2.108128845e-01    2.114824616e-01    2.083220584e-01    2.016443768e-01
   -1.641430648e-01   -1.329860586e-01   -1.035152592e-01   -7.430140283e-02   -4.476292964e-02   -1.481890712e-02    1.529795227e-02    4.515587297e-02    7.420308772e-02    1.018278892e-01    1.274072062e-01    1.503470702e-01    1.701163316e-01    1.862740413e-01    1.984905419e-01    2.065622400e-01    2.104201433e-01    2.101324371e-01    2.059016077e-01    1.980568676e-01
   -1.640924705e-01   -1.327897555e-01   -1.030939654e-01   -7.359426790e-02   -4.373076004e-02   -1.344702787e-02    1.699770914e-02    4.714433319e-02    7.641419008e-02    1.041704577e-01    1.297679701e-01    1.525947781e-01    1.721067334e-01    1.878554521e-01    1.995096558e-01    2.068698326e-01    2.098762812e-01    2.086107997e-01    2.032925120e-01    1.942685493e-01
   -1.640413781e-01   -1.325915834e-01   -1.026689006e-01   -7.288139371e-02   -4.269138363e-02   -1.206760202e-02    1.870358820e-02    4.913513738e-02    7.862101836e-02    1.064989647e-01    1.321015872e-01    1.547990625e-01    1.740346039e-01    1.893530102e-01    2.004222445e-01    2.070479558e-01    2.091809875e-01    2.069181266e-01    2.004965734e-01    1.902828186e-01
   -1.639897876e-01   -1.323915450e-01   -1.022400770e-01   -7.216281742e-02   -4.164488633e-02   -1.068079606e-02    2.041530512e-02    5.112784530e-02    8.082294369e-02    1.088125728e-01    1.344070129e-01    1.569587022e-01    1.758986127e-01    1.907653870e-01    2.012271401e-01    2.070958102e-01    2.083340876e-01    2.050551684e-01    1.975158061e-01    1.861033215e-01
   -1.639376992e-01   -1.321896428e-01   -1.018075069e-01   -7.143857651e-02   -4.059135464e-02   -9.286777454e-03    2.213257447e-02    5.312201596e-02    8.301933787e-02    1.111104483e-01    1.366832120e-01    1.590724943e-01    1.776974613e-01    1.920913045e-01    2.019232488e-01    2.070126993e-01    2.073355430e-01    2.030228484e-01    1.943524344e-01    1.817339493e-01
   -1.638851131e-01   -1.319858793e-01   -1.013712030e-01   -7.070870874e-02   -3.953087570e-02   -7.885714576e-03    2.385510973e-02    5.511720773e-02    8.520957352e-02    1.133917620e-01    1.389291593e-01    1.611392555e-01    1.794298843e-01    1.933295360e-01    2.025095518e-01    2.067980304e-01    2.061854518e-01    2.008222618e-01    1.910088903e-01    1.771788341e-01
   -1.638320295e-01   -1.317802570e-01   -1.009311777e-01   -6.997325216e-02   -3.846353720e-02   -6.477776696e-03    2.558262340e-02    5.711297841e-02    8.739302427e-02    1.156556885e-01    1.411438400e-01    1.631578220e-01    1.810946498e-01    1.944789070e-01    2.029851060e-01    2.064513149e-01    2.048840489e-01    1.984546751e-01    1.874878118e-01    1.724423444e-01
   -1.637784484e-01   -1.315727786e-01   -1.004874437e-01   -6.923224513e-02   -3.738942743e-02   -5.063133964e-03    2.731482700e-02    5.910888534e-02    8.956906492e-02    1.179014076e-01    1.433262500e-01    1.651270509e-01    1.826905603e-01    1.955382960e-01    2.033490451e-01    2.059721690e-01    2.034317054e-01    1.959215253e-01    1.837920395e-01    1.675290799e-01
   -1.637243701e-01   -1.313634466e-01   -1.000400139e-01   -6.848572631e-02   -3.630863526e-02   -3.641957392e-03    2.905143111e-02    6.110448544e-02    9.173707158e-02    1.201281037e-01    1.454753964e-01    1.670458197e-01    1.842164530e-01    1.965066350e-01    2.036005798e-01    2.053603143e-01    2.018289293e-01    1.932244180e-01    1.799246143e-01    1.624438662e-01
   -1.636697947e-01   -1.311522637e-01   -9.958890108e-02   -6.773373463e-02   -3.522125010e-02   -2.214418833e-03    3.079214544e-02    6.309933538e-02    9.389642186e-02    1.223349663e-01    1.475902980e-01    1.689130279e-01    1.856712010e-01    1.973829107e-01    2.037389991e-01    2.046155779e-01    2.000763647e-01    1.903651269e-01    1.758887740e-01    1.571917492e-01
   -1.636147224e-01   -1.309392324e-01   -9.913411836e-02   -6.697630932e-02   -3.412736196e-02   -7.806909607e-04    3.253667887e-02    6.509299162e-02    9.604649500e-02    1.245211906e-01    1.496699853e-01    1.707275965e-01    1.870537135e-01    1.981661648e-01    2.037636703e-01    2.037378930e-01    1.981747914e-01    1.873455916e-01    1.716879503e-01    1.517779896e-01
   -1.635591534e-01   -1.307243556e-01   -9.867567882e-02   -6.621348989e-02   -3.302706138e-02    6.590527475e-04    3.428473949e-02    6.708501048e-02    9.818667208e-02    1.266859772e-01    1.517135013e-01    1.724884695e-01    1.883629366e-01    1.988554947e-01    2.036740399e-01    2.027272987e-01    1.961251250e-01    1.841679164e-01    1.673257653e-01    1.462080564e-01
   -1.635030878e-01   -1.305076359e-01   -9.821359569e-02   -6.544531614e-02   -3.192043945e-02    2.104638033e-03    3.603603463e-02    6.907494830e-02    1.003163361e-01    1.288285330e-01    1.537199017e-01    1.741946135e-01    1.895978540e-01    1.994500543e-01    2.034696339e-01    2.015839405e-01    1.939284153e-01    1.808343682e-01    1.628060273e-01    1.404876207e-01
   -1.634465258e-01   -1.302890759e-01   -9.774788229e-02   -6.467182817e-02   -3.080758780e-02    3.555889874e-03    3.779027094e-02    7.106236145e-02    1.024348723e-01    1.309480707e-01    1.556882553e-01    1.758450189e-01    1.907574873e-01    1.999490546e-01    2.031500585e-01    2.003080702e-01    1.915858467e-01    1.773473746e-01    1.581327275e-01    1.346225491e-01
   -1.633894676e-01   -1.300686785e-01   -9.727855208e-02   -6.389306632e-02   -2.968859860e-02    5.012632507e-03    3.954715440e-02    7.304680649e-02    1.045416680e-01    1.330438097e-01    1.576176442e-01    1.774387000e-01    1.918408970e-01    2.003517641e-01    2.027150003e-01    1.989000458e-01    1.890987362e-01    1.737095214e-01    1.533100354e-01    1.286188968e-01
   -1.633319133e-01   -1.298464464e-01   -9.680561857e-02   -6.310907125e-02   -2.856356453e-02    6.474689443e-03    4.130639040e-02    7.502784023e-02    1.066361132e-01    1.351149762e-01    1.595071645e-01    1.789746956e-01    1.928471824e-01    2.006575092e-01    2.021642266e-01    1.973603314e-01    1.864685335e-01    1.699235509e-01    1.483422947e-01    1.224829005e-01
   -1.632738631e-01   -1.296223824e-01   -9.632909543e-02   -6.231988387e-02   -2.743257880e-02    7.941883494e-03    4.306768375e-02    7.700501980e-02    1.087176004e-01    1.371608031e-01    1.613559264e-01    1.804520693e-01    1.937754829e-01    2.008656751e-01    2.014975857e-01    1.956894969e-01    1.836968190e-01    1.659923587e-01    1.432340188e-01    1.162209710e-01
   -1.632153172e-01   -1.293964893e-01   -9.584899641e-02   -6.152554538e-02   -2.629573512e-02    9.414036787e-03    4.483073876e-02    7.897790278e-02    1.107855249e-01    1.391805307e-01    1.631630545e-01    1.818699102e-01    1.946249778e-01    2.009757060e-01    2.007150074e-01    1.938882181e-01    1.807853031e-01    1.619189915e-01    1.379898856e-01    1.098396857e-01
   -1.631562758e-01   -1.291687699e-01   -9.536533534e-02   -6.072609724e-02   -2.515312773e-02    1.089097079e-02    4.659525925e-02    8.094604727e-02    1.128392849e-01    1.411734068e-01    1.649276886e-01    1.832273332e-01    1.953948874e-01    2.009871053e-01    1.998165025e-01    1.919572756e-01    1.777358248e-01    1.577066443e-01    1.326147334e-01    1.033457810e-01
   -1.630967391e-01   -1.289392272e-01   -9.487812621e-02   -5.992158121e-02   -2.400485133e-02    1.237250632e-02    4.836094864e-02    8.290901197e-02    1.148782816e-01    1.431386867e-01    1.666489834e-01    1.845234796e-01    1.960844727e-01    2.008994366e-01    1.988021637e-01    1.898975551e-01    1.745503500e-01    1.533586570e-01    1.271135549e-01    9.674614381e-02
   -1.630367072e-01   -1.287078639e-01   -9.438738306e-02   -5.911203927e-02   -2.285100113e-02    1.385846358e-02    5.012750995e-02    8.486635630e-02    1.169019196e-01    1.450756338e-01    1.683261094e-01    1.857575171e-01    1.966930368e-01    2.007123233e-01    1.976721650e-01    1.877100462e-01    1.712309703e-01    1.488785119e-01    1.214914928e-01    9.004780413e-02
   -1.629761802e-01   -1.284746830e-01   -9.389312005e-02   -5.829751371e-02   -2.169167282e-02    1.534866217e-02    5.189464589e-02    8.681764046e-02    1.189096068e-01    1.469835196e-01    1.699582527e-01    1.869286407e-01    1.972199245e-01    2.004254494e-01    1.964267621e-01    1.853958421e-01    1.677799011e-01    1.442698298e-01    1.157538334e-01    8.325792610e-02
   -1.629151585e-01   -1.282396875e-01   -9.339535146e-02   -5.747804707e-02   -2.052696255e-02    1.684292111e-02    5.366205885e-02    8.876242555e-02    1.209007547e-01    1.488616241e-01    1.715446159e-01    1.880360726e-01    1.976645230e-01    2.000385597e-01    1.950662921e-01    1.829561391e-01    1.641994797e-01    1.395363674e-01    1.099060019e-01    7.638379972e-02
   -1.628536422e-01   -1.280028802e-01   -9.289409165e-02   -5.665368214e-02   -1.935696696e-02    1.834105886e-02    5.542945102e-02    9.070027362e-02    1.228747784e-01    1.507092360e-01    1.730844179e-01    1.890790632e-01    1.980262624e-01    1.995514600e-01    1.935911735e-01    1.803922350e-01    1.604921637e-01    1.346820128e-01    1.039535559e-01    6.943283217e-02
   -1.627916314e-01   -1.277642641e-01   -9.238935509e-02   -5.582446199e-02   -1.818178312e-02    1.984289333e-02    5.719652438e-02    9.263074780e-02    1.248310970e-01    1.525256528e-01    1.745768948e-01    1.900568909e-01    1.983046160e-01    1.989640170e-01    1.920019059e-01    1.777055293e-01    1.566605287e-01    1.297107828e-01    9.790218011e-02    6.241253894e-02
   -1.627291264e-01   -1.275238422e-01   -9.188115634e-02   -5.499042994e-02   -1.700150858e-02    2.134824193e-02    5.896298076e-02    9.455341237e-02    1.267691335e-01    1.543101811e-01    1.760212994e-01    1.909688627e-01    1.984991002e-01    1.982761590e-01    1.902990698e-01    1.748975214e-01    1.527072664e-01    1.246268183e-01    9.175767963e-02    5.533053488e-02
   -1.626661274e-01   -1.272816176e-01   -9.136951008e-02   -5.415162956e-02   -1.581624131e-02    2.285692156e-02    6.072852189e-02    9.646783285e-02    1.286883150e-01    1.560621370e-01    1.774169023e-01    1.918143144e-01    1.986092756e-01    1.974878756e-01    1.884833266e-01    1.719698096e-01    1.486351823e-01    1.194343811e-01    8.552597422e-02    4.819452507e-02
   -1.626026344e-01   -1.270375933e-01   -9.085443108e-02   -5.330810468e-02   -1.462607972e-02    2.436874865e-02    6.249284946e-02    9.837357608e-02    1.305880731e-01    1.577808459e-01    1.787629916e-01    1.925926114e-01    1.986347466e-01    1.965992180e-01    1.865554176e-01    1.689240907e-01    1.444471931e-01    1.141378490e-01    7.921309174e-02    4.101229562e-02
   -1.625386478e-01   -1.267917724e-01   -9.033593420e-02   -5.245989938e-02   -1.343112265e-02    2.588353915e-02    6.425566513e-02    1.002702103e-01    1.324678437e-01    1.594656432e-01    1.800588737e-01    1.933031482e-01    1.985751620e-01    1.956102988e-01    1.845161642e-01    1.657621579e-01    1.401463250e-01    1.087417125e-01    7.282516173e-02    3.379170436e-02
   -1.624741678e-01   -1.265441578e-01   -8.981403442e-02   -5.160705799e-02   -1.223146938e-02    2.740110861e-02    6.601667062e-02    1.021573054e-01    1.343270674e-01    1.611158743e-01    1.813038731e-01    1.939453496e-01    1.984302150e-01    1.945212925e-01    1.823664672e-01    1.624859001e-01    1.357357101e-01    1.032505699e-01    6.636840880e-02    2.654067134e-02
   -1.624091944e-01   -1.262947528e-01   -8.928874680e-02   -5.074962510e-02   -1.102721956e-02    2.892127213e-02    6.777556772e-02    1.040344326e-01    1.361651894e-01    1.627308947e-01    1.824973330e-01    1.945186704e-01    1.981996437e-01    1.933324349e-01    1.801073061e-01    1.590973004e-01    1.312185849e-01    9.766912313e-02    5.984914595e-02    1.926716940e-02
   -1.623437280e-01   -1.260435605e-01   -8.876008652e-02   -4.988764551e-02   -9.818473281e-03    3.044384445e-02    6.953205837e-02    1.059011650e-01    1.379816601e-01    1.643100706e-01    1.836386155e-01    1.950225956e-01    1.978832312e-01    1.920440234e-01    1.777397390e-01    1.555984344e-01    1.265982867e-01    9.200217335e-02    5.327376771e-02    1.197921454e-02
   -1.622777687e-01   -1.257905840e-01   -8.822806883e-02   -4.902116430e-02   -8.605331015e-03    3.196863991e-02    7.128584468e-02    1.077570775e-01    1.397759345e-01    1.658527785e-01    1.847271017e-01    1.954566413e-01    1.974808055e-01    1.906564166e-01    1.752649014e-01    1.519914692e-01    1.218782512e-01    8.625461607e-02    4.664874331e-02    4.684856288e-03
   -1.622113167e-01   -1.255358265e-01   -8.769270909e-02   -4.815022677e-02   -7.387893626e-03    3.349547252e-02    7.303662897e-02    1.096017467e-01    1.415474731e-01    1.673584060e-01    1.857621921e-01    1.958203543e-01    1.969922401e-01    1.891700345e-01    1.726840060e-01    1.482786614e-01    1.170620096e-01    8.043143666e-02    3.998060963e-02   -2.607832018e-03
   -1.621443722e-01   -1.252792912e-01   -8.715402278e-02   -4.727487846e-02   -6.166262358e-03    3.502415595e-02    7.478411386e-02    1.114347513e-01    1.432957417e-01    1.688263516e-01    1.867433069e-01    1.961133127e-01    1.964174537e-01    1.875853583e-01    1.699983415e-01    1.444623555e-01    1.121531855e-01    7.453770545e-02    3.327596413e-02   -9.890762937e-03
   -1.620769355e-01   -1.250209813e-01   -8.661202544e-02   -4.639516516e-02   -4.940538826e-03    3.655450354e-02    7.652800227e-02    1.132556720e-01    1.450202116e-01    1.702560252e-01    1.876698861e-01    1.963351259e-01    1.957564106e-01    1.859029297e-01    1.672092722e-01    1.405449823e-01    1.071554919e-01    6.857857286e-02    2.654145773e-02   -1.715584470e-02
   -1.620090067e-01   -1.247609001e-01   -8.606673272e-02   -4.551113288e-02   -3.710825013e-03    3.808632839e-02    7.826799749e-02    1.150640914e-01    1.467203594e-01    1.716468480e-01    1.885413898e-01    1.964854350e-01    1.950091205e-01    1.841233513e-01    1.643182371e-01    1.365290572e-01    1.020727277e-01    6.255926443e-02    1.978378755e-02   -2.439499100e-02
   -1.619405860e-01   -1.244990508e-01   -8.551816038e-02   -4.462282786e-02   -2.477223256e-03    3.961944329e-02    8.000380321e-02    1.168595946e-01    1.483956678e-01    1.729982530e-01    1.893572984e-01    1.965639130e-01    1.941756389e-01    1.822472858e-01    1.613267487e-01    1.324171781e-01    9.690877503e-02    5.648507576e-02    1.300968968e-02   -3.160013073e-02
   -1.618716736e-01   -1.242354367e-01   -8.496632426e-02   -4.373029658e-02   -1.239836244e-03    4.115366080e-02    8.173512360e-02    1.186417689e-01    1.500456252e-01    1.743096847e-01    1.901171130e-01    1.965702648e-01    1.932560666e-01    1.802754559e-01    1.582363923e-01    1.282120235e-01    9.166759562e-02    5.036136736e-02    6.225931832e-03   -3.876321781e-02
   -1.618022698e-01   -1.239700611e-01   -8.441124030e-02   -4.283358573e-02    1.232996872e-06    4.268879326e-02    8.346166330e-02    1.204102040e-01    1.516697261e-01    1.755806001e-01    1.908203551e-01    1.965042275e-01    1.922505504e-01    1.782086441e-01    1.550488250e-01    1.239163506e-01    8.635322734e-02    4.419355949e-02   -5.606940384e-04   -4.587624089e-02
   -1.617323748e-01   -1.237029274e-01   -8.385292453e-02   -4.193274225e-02    1.245881105e-03    4.422465281e-02    8.518312754e-02    1.221644919e-01    1.532674710e-01    1.768104680e-01    1.914665674e-01    1.963655704e-01    1.911592825e-01    1.760476919e-01    1.517657745e-01    1.195329932e-01    8.096978087e-02    3.798712686e-02   -7.343379104e-03   -5.293123307e-02
   -1.616619887e-01   -1.234340389e-01   -8.329139309e-02   -4.102781327e-02    2.494004397e-03    4.576105140e-02    8.689922211e-02    1.239042272e-01    1.548383670e-01    1.779987697e-01    1.920553138e-01    1.961540955e-01    1.899825005e-01    1.737934996e-01    1.483890382e-01    1.150648596e-01    7.552143612e-02    3.174759332e-02   -1.411530511e-02   -5.992028161e-02
   -1.615911119e-01   -1.231633989e-01   -8.272666218e-02   -4.011884617e-02    3.745498869e-03    4.729780082e-02    8.860965346e-02    1.256290074e-01    1.563819271e-01    1.791449990e-01    1.925861792e-01    1.958696371e-01    1.887204877e-01    1.714470258e-01    1.449204817e-01    1.105149305e-01    7.001243865e-02    2.548052648e-02   -2.086965181e-02   -6.683553749e-02
   -1.615197444e-01   -1.228910110e-01   -8.215874814e-02   -3.920588853e-02    5.000260214e-03    4.883471272e-02    9.031412871e-02    1.273384323e-01    1.578976714e-01    1.802486626e-01    1.930587704e-01    1.955120625e-01    1.873735727e-01    1.690092871e-01    1.413620382e-01    1.058862565e-01    6.444709601e-02    1.919153228e-02   -2.759960442e-02   -7.366922499e-02
   -1.614478865e-01   -1.226168784e-01   -8.158766736e-02   -3.828898814e-02    6.258183822e-03    5.037159866e-02    9.201235575e-02    1.290321048e-01    1.593851262e-01    1.813092798e-01    1.934727154e-01    1.950812714e-01    1.859421294e-01    1.664813569e-01    1.377157064e-01    1.011819560e-01    5.882977400e-02    1.288624952e-02   -3.429836109e-02   -8.041365111e-02
   -1.613755385e-01   -1.223410047e-01   -8.101343634e-02   -3.736819303e-02    7.519164790e-03    5.190827006e-02    9.370404320e-02    1.307096304e-01    1.608438250e-01    1.823263830e-01    1.938276645e-01    1.945771967e-01    1.844265766e-01    1.638643657e-01    1.339835499e-01    9.640521277e-02    5.316489293e-02    6.570344376e-03   -4.095914030e-02   -8.706121503e-02
   -1.613027005e-01   -1.220633932e-01   -8.043607169e-02   -3.644355141e-02    8.783097936e-03    5.344453830e-02    9.538890054e-02    1.323706179e-01    1.622733078e-01    1.832995181e-01    1.941232897e-01    1.939998040e-01    1.828273783e-01    1.611594999e-01    1.301676958e-01    9.155927362e-02    4.745692378e-02    2.495048117e-04   -4.757518838e-02   -9.360441727e-02
   -1.612293729e-01   -1.217840476e-01   -7.985559007e-02   -3.551511171e-02    1.004987780e-02    5.498021470e-02    9.706663810e-02    1.340146789e-01    1.636731219e-01    1.842282439e-01    1.943592852e-01    1.933490922e-01    1.811450432e-01    1.583680012e-01    1.262703328e-01    8.664744586e-02    4.171038434e-02   -6.070564948e-03   -5.413978681e-02   -1.000358689e-01
   -1.611555557e-01   -1.215029712e-01   -7.927200828e-02   -3.458292256e-02    1.131939865e-02    5.651511054e-02    9.873696715e-02    1.356414281e-01    1.650428218e-01    1.851121330e-01    1.945353675e-01    1.926250927e-01    1.793801244e-01    1.554911661e-01    1.222937102e-01    8.167309483e-02    3.592983526e-02   -1.238415002e-02   -6.064625970e-02   -1.063483006e-01
   -1.610812492e-01   -1.212201677e-01   -7.868534316e-02   -3.364703281e-02    1.259155450e-02    5.804903709e-02    1.003995999e-01    1.372504835e-01    1.663819692e-01    1.859507715e-01    1.946512753e-01    1.918278704e-01    1.775332194e-01    1.525303451e-01    1.182401365e-01    7.663964130e-02    3.011987613e-02   -1.868553048e-02   -6.708798104e-02   -1.125345716e-01
   -1.610064537e-01   -1.209356405e-01   -7.809561169e-02   -3.270749149e-02    1.386623912e-02    5.958180565e-02    1.020542495e-01    1.388414664e-01    1.676901330e-01    1.867437594e-01    1.947067701e-01    1.909575231e-01    1.756049698e-01    1.494869420e-01    1.141119774e-01    7.155055890e-02    2.428514146e-02   -2.496898694e-02   -7.345838206e-02   -1.185876780e-01
   -1.609311694e-01   -1.206493933e-01   -7.750283089e-02   -3.176434784e-02    1.514334604e-02    6.111322754e-02    1.037006303e-01    1.404140013e-01    1.689668899e-01    1.874907105e-01    1.947016359e-01    1.900141814e-01    1.735960607e-01    1.463624129e-01    1.099116548e-01    6.640937145e-02    1.843029666e-02   -3.122880623e-02   -7.975095840e-02   -1.245007621e-01
   -1.608553965e-01   -1.203614296e-01   -7.690701791e-02   -3.081765130e-02    1.642276852e-02    6.264311414e-02    1.053384577e-01    1.419677162e-01    1.702118241e-01    1.881912528e-01    1.946356794e-01    1.889980092e-01    1.715072210e-01    1.431582656e-01    1.056416448e-01    6.121965028e-02    1.256003396e-02   -3.745928696e-02   -8.595927733e-02   -1.302671201e-01
   -1.607791352e-01   -1.200717531e-01   -7.630818997e-02   -2.986745148e-02    1.770439965e-02    6.417127690e-02    1.069674481e-01    1.435022428e-01    1.714245275e-01    1.888450284e-01    1.945087301e-01    1.879092033e-01    1.693392225e-01    1.398760590e-01    1.013044762e-01    5.598501149e-02    6.679068323e-03   -4.365474515e-02   -9.207698483e-02   -1.358802109e-01
   -1.607023857e-01   -1.197803673e-01   -7.570636438e-02   -2.891379820e-02    1.898813227e-02    6.569752737e-02    1.085873192e-01    1.450172160e-01    1.726046000e-01    1.894516937e-01    1.943206404e-01    1.867479934e-01    1.670928797e-01    1.365174014e-01    9.690272889e-02    5.070911319e-02    7.921333488e-04   -4.980951986e-02   -9.809781259e-02   -1.413336636e-01
   -1.606251484e-01   -1.194872760e-01   -7.510155854e-02   -2.795674147e-02    2.027385901e-02    6.722167723e-02    1.101977900e-01    1.465122748e-01    1.737516492e-01    1.900109194e-01    1.940712858e-01    1.855146419e-01    1.647690495e-01    1.330839505e-01    9.243903195e-02    4.539565268e-02   -5.096022886e-03   -5.591797873e-02   -1.040155850e-01   -1.466212859e-01
   -1.605474234e-01   -1.191924829e-01   -7.449378993e-02   -2.699633148e-02    2.156147231e-02    6.874353829e-02    1.117985806e-01    1.479870616e-01    1.748652910e-01    1.905223911e-01    1.937605647e-01    1.842094442e-01    1.623686310e-01    1.295774119e-01    8.791606208e-02    4.004836362e-02   -1.098064197e-02   -6.197452357e-02   -1.098242257e-01   -1.517370712e-01
   -1.604692110e-01   -1.188959915e-01   -7.388307612e-02   -2.603261859e-02    2.285086442e-02    7.026292252e-02    1.133894125e-01    1.494412228e-01    1.759451493e-01    1.909858087e-01    1.933883988e-01    1.828327281e-01    1.598925646e-01    1.259995385e-01    8.333654175e-02    3.467101317e-02   -1.685695932e-02   -6.797359588e-02   -1.155177650e-01   -1.566752065e-01
   -1.603905114e-01   -1.185978057e-01   -7.326943478e-02   -2.506565337e-02    2.414192740e-02    7.177964209e-02    1.149700087e-01    1.508744085e-01    1.769908563e-01    1.914008870e-01    1.929547328e-01    1.813848543e-01    1.573418319e-01    1.223521289e-01    7.870323733e-02    2.926739906e-02   -2.272020837e-02   -7.390968237e-02   -1.210903457e-01   -1.614300793e-01
   -1.603113248e-01   -1.182979292e-01   -7.265288364e-02   -2.409548655e-02    2.543455314e-02    7.329350936e-02    1.165400933e-01    1.522862729e-01    1.780020527e-01    1.917673557e-01    1.924595347e-01    1.798662156e-01    1.547174552e-01    1.186370272e-01    7.401895733e-02    2.384134670e-02   -2.856562474e-02   -7.977732038e-02   -1.265362300e-01   -1.659962845e-01
   -1.602316516e-01   -1.179963658e-01   -7.203344054e-02   -2.312216902e-02    2.672863336e-02    7.480433692e-02    1.180993921e-01    1.536764743e-01    1.789783874e-01    1.920849594e-01    1.919027956e-01    1.782772372e-01    1.520204968e-01    1.148561212e-01    6.928655043e-02    1.839670621e-02   -3.438845040e-02   -8.557110333e-02   -1.318498058e-01   -1.703686315e-01
   -1.601514918e-01   -1.176931192e-01   -7.141112339e-02   -2.214575188e-02    2.802405963e-02    7.631193763e-02    1.196476323e-01    1.550446750e-01    1.799195180e-01    1.923534578e-01    1.912845301e-01    1.766183765e-01    1.492520589e-01    1.110113419e-01    6.450890363e-02    1.293734946e-02   -4.018393791e-02   -9.128568607e-02   -1.370255931e-01   -1.745421501e-01
   -1.600708459e-01   -1.173881933e-01   -7.078595019e-02   -2.116628638e-02    2.932072336e-02    7.781612458e-02    1.211845426e-01    1.563905413e-01    1.808251108e-01    1.925726256e-01    1.906047759e-01    1.748901228e-01    1.464132826e-01    1.071046618e-01    5.968894029e-02    7.467167045e-03   -4.594735452e-02   -9.691579018e-02   -1.420582498e-01   -1.785120970e-01
   -1.599897139e-01   -1.170815919e-01   -7.015793902e-02   -2.018382392e-02    3.061851583e-02    7.931671119e-02    1.227098533e-01    1.577137441e-01    1.816948408e-01    1.927422529e-01    1.898635940e-01    1.730929972e-01    1.435053476e-01    1.031380943e-01    5.482961816e-02    1.990065328e-03   -5.167398640e-02   -1.024562092e-01   -1.469425780e-01   -1.822739619e-01
   -1.599080962e-01   -1.167733187e-01   -6.952710804e-02   -1.919841611e-02    3.191732819e-02    8.081351116e-02    1.242232964e-01    1.590139583e-01    1.825283917e-01    1.928621449e-01    1.890610688e-01    1.712275522e-01    1.405294718e-01    9.911369227e-02    4.993392738e-02   -3.490036626e-03   -5.735914276e-02   -1.079018140e-01   -1.516735296e-01   -1.858234727e-01
   -1.598259930e-01   -1.164633778e-01   -6.889347551e-02   -1.821011468e-02    3.321705144e-02    8.230633855e-02    1.257246055e-01    1.602908633e-01    1.833254563e-01    1.929321225e-01    1.881973079e-01    1.692943720e-01    1.374869102e-01    9.503354689e-02    4.500488849e-02   -8.969210069e-03   -6.299815999e-02   -1.132475574e-01   -1.562462118e-01   -1.891566013e-01
   -1.597434046e-01   -1.161517730e-01   -6.825705975e-02   -1.721897154e-02    3.451757650e-02    8.379500775e-02    1.272135158e-01    1.615441431e-01    1.840857362e-01    1.929520217e-01    1.872724422e-01    1.672940716e-01    1.343789548e-01    9.089978645e-02    4.004555037e-02   -1.444351963e-02   -6.858640581e-02   -1.184884799e-01   -1.606558930e-01   -1.922695683e-01
   -1.596603312e-01   -1.158385083e-01   -6.761787918e-02   -1.622503876e-02    3.581879417e-02    8.527933356e-02    1.286897644e-01    1.627734858e-01    1.848089424e-01    1.929216941e-01    1.862866258e-01    1.652272970e-01    1.312069337e-01    8.671457513e-02    3.505898819e-02   -1.990902634e-02   -7.411928330e-02   -1.236197140e-01   -1.648980078e-01   -1.951588480e-01
   -1.595767731e-01   -1.155235874e-01   -6.697595228e-02   -1.522836855e-02    3.712059514e-02    8.675913115e-02    1.301530901e-01    1.639785846e-01    1.854947946e-01    1.928410070e-01    1.852400360e-01    1.630947250e-01    1.279722106e-01    8.248011171e-02    3.004830130e-02   -2.536179076e-02   -7.959223502e-02   -1.286364894e-01   -1.689681623e-01   -1.978211728e-01
   -1.594927304e-01   -1.152070145e-01   -6.633129764e-02   -1.422901329e-02    3.842287004e-02    8.823421612e-02    1.316032336e-01    1.651591369e-01    1.861430222e-01    1.927098431e-01    1.841328732e-01    1.608970625e-01    1.246761839e-01    7.819862833e-02    2.501661119e-02   -3.079787596e-02   -8.500074704e-02   -1.335341378e-01   -1.728621388e-01   -2.002535373e-01
   -1.594082036e-01   -1.148887934e-01   -6.568393390e-02   -1.322702551e-02    3.972550939e-02    8.970440449e-02    1.330399374e-01    1.663148450e-01    1.867533636e-01    1.925281011e-01    1.829653611e-01    1.586350467e-01    1.213202862e-01    7.387238916e-02    1.996705933e-02   -3.621335065e-02   -9.034035291e-02   -1.383080974e-01   -1.765759010e-01   -2.024532024e-01
   -1.593231928e-01   -1.145689282e-01   -6.503387980e-02   -1.222245786e-02    4.102840365e-02    9.116951278e-02    1.344629458e-01    1.674454160e-01    1.873255667e-01    1.922956950e-01    1.817377462e-01    1.563094444e-01    1.179059836e-01    6.950368909e-02    1.490280502e-02   -4.160429221e-02   -9.560663765e-02   -1.429539175e-01   -1.801055979e-01   -2.044176985e-01
   -1.592376982e-01   -1.142474229e-01   -6.438115414e-02   -1.121536317e-02    4.233144322e-02    9.262935796e-02    1.358720054e-01    1.685505617e-01    1.878593889e-01    1.920125548e-01    1.804502981e-01    1.539210520e-01    1.144347749e-01    6.509485238e-02    9.827023307e-03   -4.696678976e-02   -1.007952417e-01   -1.474672631e-01   -1.834475691e-01   -2.061448289e-01
   -1.591517203e-01   -1.139242815e-01   -6.372577583e-02   -1.020579439e-02    4.363451844e-02    9.408375751e-02    1.372668643e-01    1.696299990e-01    1.883545970e-01    1.916786263e-01    1.791033093e-01    1.514706951e-01    1.109081908e-01    6.064823131e-02    4.742902775e-03   -5.229694723e-02   -1.059018646e-01   -1.518439193e-01   -1.865983480e-01   -2.076326724e-01
   -1.590652591e-01   -1.135995081e-01   -6.306776384e-02   -9.193804621e-03    4.493751962e-02    9.553252943e-02    1.386472731e-01    1.706834494e-01    1.888109674e-01    1.912938711e-01    1.776970950e-01    1.489592279e-01    1.073277933e-01    5.616620478e-02   -3.463566066e-04   -5.759088636e-02   -1.109222692e-01   -1.560797952e-01   -1.895546664e-01   -2.088795866e-01
   -1.589783150e-01   -1.132731068e-01   -6.240713719e-02   -8.179447086e-03    4.624033700e-02    9.697549229e-02    1.400129842e-01    1.717106397e-01    1.892282864e-01    1.908582665e-01    1.762319931e-01    1.463875332e-01    1.036951749e-01    5.165117696e-02   -5.437545666e-03   -6.284474979e-02   -1.158522850e-01   -1.601709284e-01   -1.923134581e-01   -2.098842090e-01
   -1.588908882e-01   -1.129450816e-01   -6.174391503e-02   -7.162775154e-03    4.754286082e-02    9.841246518e-02    1.413637521e-01    1.727113018e-01    1.896063498e-01    1.903718058e-01    1.747083643e-01    1.437565220e-01    1.000119576e-01    4.710557581e-02   -1.052744822e-02   -6.805470403e-02   -1.206878123e-01   -1.641134890e-01   -1.948718623e-01   -2.106454599e-01
   -1.588029790e-01   -1.126154368e-01   -6.107811655e-02   -6.143842323e-03    4.884498129e-02    9.984326783e-02    1.426993336e-01    1.736851725e-01    1.899449630e-01    1.898344982e-01    1.731265916e-01    1.410671328e-01    9.627979230e-02    4.253185172e-02   -1.561284325e-02   -7.321694249e-02   -1.254248254e-01   -1.679037831e-01   -1.972272268e-01   -2.111625433e-01
   -1.587145877e-01   -1.122841763e-01   -6.040976103e-02   -5.122702217e-03    5.014658862e-02    1.012677205e-01    1.440194875e-01    1.746319939e-01    1.902439417e-01    1.892463687e-01    1.714870804e-01    1.383203316e-01    9.250035799e-02    3.793247603e-02   -2.069050713e-02   -7.832768847e-02   -1.300593767e-01   -1.715382570e-01   -1.993771116e-01   -2.114349483e-01
   -1.586257146e-01   -1.119513044e-01   -5.973886781e-02   -4.099408589e-03    5.144757299e-02    1.026856442e-01    1.453239750e-01    1.755515133e-01    1.905031110e-01    1.886074583e-01    1.697902582e-01    1.355171114e-01    8.867536076e-02    3.330993958e-02   -2.575721581e-02   -8.338319810e-02   -1.345875996e-01   -1.750135006e-01   -2.013192912e-01   -2.114624500e-01
   -1.585363598e-01   -1.116168254e-01   -5.906545633e-02   -3.074015313e-03    5.274782461e-02    1.040968605e-01    1.466125594e-01    1.764434834e-01    1.907223064e-01    1.879178237e-01    1.680365749e-01    1.326584914e-01    8.480653303e-02    2.866675124e-02   -3.080974705e-02   -8.837976331e-02   -1.390057127e-01   -1.783262508e-01   -2.030517573e-01   -2.112451100e-01
   -1.584465237e-01   -1.112807432e-01   -5.838954608e-02   -2.046576385e-03    5.404723370e-02    1.055011916e-01    1.478850065e-01    1.773076621e-01    1.909013729e-01    1.871775377e-01    1.662265021e-01    1.297455173e-01    8.089563267e-02    2.400543646e-02   -3.584488257e-02   -9.331371472e-02   -1.433100226e-01   -1.814733951e-01   -2.045727217e-01   -2.107832764e-01
   -1.583562066e-01   -1.109430623e-01   -5.771115664e-02   -1.017145917e-03    5.534569050e-02    1.068984604e-01    1.491410842e-01    1.781438127e-01    1.910401658e-01    1.863866889e-01    1.643605331e-01    1.267792601e-01    7.694444213e-02    1.932853570e-02   -4.085941031e-02   -9.818142455e-02   -1.474969276e-01   -1.844519745e-01   -2.058806176e-01   -2.100775840e-01
   -1.582654086e-01   -1.106037868e-01   -5.703030765e-02    1.422186099e-05    5.664308529e-02    1.082884907e-01    1.503805629e-01    1.789517040e-01    1.911385506e-01    1.855453818e-01    1.624391832e-01    1.237608163e-01    7.295476752e-02    1.463860303e-02   -4.585012661e-02   -1.029793095e-01   -1.515629206e-01   -1.872591867e-01   -2.069741022e-01   -2.091289531e-01
   -1.581741302e-01   -1.102629210e-01   -5.634701884e-02    1.047472609e-03    5.793930837e-02    1.096711068e-01    1.516032153e-01    1.797311103e-01    1.911964027e-01    1.846537367e-01    1.604629888e-01    1.206913070e-01    6.892843772e-02    9.938204522e-03   -5.081383842e-02   -1.077038334e-01   -1.555045927e-01   -1.898923890e-01   -2.078520582e-01   -2.079385893e-01
   -1.580823716e-01   -1.099204691e-01   -5.566131000e-02    2.082551877e-03    5.923425011e-02    1.110461338e-01    1.528088169e-01    1.804818114e-01    1.912136077e-01    1.837118897e-01    1.584325077e-01    1.175718775e-01    6.486730344e-02    5.229916810e-03   -5.574736549e-02   -1.123515104e-01   -1.593186358e-01   -1.923491009e-01   -2.085135950e-01   -2.065079821e-01
   -1.579901330e-01   -1.095764356e-01   -5.497320099e-02    3.119405107e-03    6.052780093e-02    1.124133976e-01    1.539971451e-01    1.812035927e-01    1.911900614e-01    1.827199928e-01    1.563483187e-01    1.144036972e-01    6.077323631e-02    5.163255062e-04   -6.064754253e-02   -1.169189073e-01   -1.630018458e-01   -1.946270069e-01   -2.089580500e-01   -2.048389031e-01
   -1.578974148e-01   -1.092308246e-01   -5.428271175e-02    4.157977637e-03    6.181985131e-02    1.137727249e-01    1.551679804e-01    1.818962453e-01    1.911256698e-01    1.816782137e-01    1.542110217e-01    1.111879585e-01    5.664812790e-02   -4.199976311e-03   -6.551122144e-02   -1.214026464e-01   -1.665511258e-01   -1.967239587e-01   -2.091849895e-01   -2.029334043e-01
   -1.578042171e-01   -1.088836406e-01   -5.358986227e-02    5.198214704e-03    6.311029183e-02    1.151239433e-01    1.563211054e-01    1.825595659e-01    1.910203492e-01    1.805867357e-01    1.520212370e-01    1.079258767e-01    5.249388878e-02   -8.916389637e-03   -7.033527345e-02   -1.257994083e-01   -1.699634883e-01   -1.986379777e-01   -2.091942096e-01   -2.007938158e-01
   -1.577105404e-01   -1.085348879e-01   -5.289467265e-02    6.240061446e-03    6.439901312e-02    1.164668809e-01    1.574563055e-01    1.831933570e-01    1.908740262e-01    1.794457581e-01    1.497796055e-01    1.046186895e-01    4.831244759e-02   -1.363031109e-02   -7.511659126e-02   -1.301059346e-01   -1.732360585e-01   -2.003672568e-01   -2.089857363e-01   -1.984227433e-01
   -1.576163848e-01   -1.081845709e-01   -5.219716302e-02    7.283462905e-03    6.568590593e-02    1.178013671e-01    1.585733688e-01    1.837974267e-01    1.906866377e-01    1.782554955e-01    1.474867884e-01    1.012676561e-01    4.410574998e-02   -1.833913447e-02   -7.985209121e-02   -1.343190300e-01   -1.763660764e-01   -2.019101625e-01   -2.085598257e-01   -1.958230651e-01
   -1.575217508e-01   -1.078326940e-01   -5.149735359e-02    8.328364028e-03    6.697086110e-02    1.191272319e-01    1.596720858e-01    1.843715890e-01    1.904581309e-01    1.770161782e-01    1.451434669e-01    9.787405708e-02    3.987575770e-02   -2.304025228e-02   -8.453871543e-02   -1.384355655e-01   -1.793509000e-01   -2.032652368e-01   -2.079169642e-01   -1.929979288e-01
   -1.574266384e-01   -1.074792616e-01   -5.079526464e-02    9.374709675e-03    6.825376957e-02    1.204443062e-01    1.607522499e-01    1.849156639e-01    1.901884634e-01    1.757280521e-01    1.427503418e-01    9.443919378e-02    3.562444756e-02   -2.773105731e-02   -8.917343388e-02   -1.424524802e-01   -1.821880069e-01   -2.044311984e-01   -2.070578680e-01   -1.899507479e-01
   -1.573310482e-01   -1.071242781e-01   -5.009091653e-02    1.042244462e-02    6.953452241e-02    1.217524218e-01    1.618136572e-01    1.854294772e-01    1.898776031e-01    1.743913784e-01    1.403081336e-01    9.096438752e-02    3.135381045e-02   -3.240894420e-02   -9.375324653e-02   -1.463667846e-01   -1.848749971e-01   -2.054069444e-01   -2.059834824e-01   -1.866851979e-01
   -1.572349802e-01   -1.067677480e-01   -4.938432968e-02    1.147151353e-02    7.081301082e-02    1.230514115e-01    1.628561064e-01    1.859128604e-01    1.895255283e-01    1.730064338e-01    1.378175821e-01    8.745097924e-02    2.706585030e-02   -3.707131094e-02   -9.827518539e-02   -1.501755621e-01   -1.874095955e-01   -2.061915518e-01   -2.046949813e-01   -1.832052119e-01
   -1.571384349e-01   -1.064096759e-01   -4.867552456e-02    1.252186103e-02    7.208912613e-02    1.243411090e-01    1.638793991e-01    1.863656513e-01    1.891322278e-01    1.715735103e-01    1.352794461e-01    8.390032886e-02    2.276258308e-02   -4.171556049e-02   -1.027363166e-01   -1.538759719e-01   -1.897896532e-01   -2.067842777e-01   -2.031937657e-01   -1.795149762e-01
   -1.570414125e-01   -1.060500661e-01   -4.796452172e-02    1.357343164e-02    7.336275981e-02    1.256213490e-01    1.648833397e-01    1.867876936e-01    1.886977008e-01    1.700929151e-01    1.326945032e-01    8.031381471e-02    1.844603577e-02   -4.633910230e-02   -1.071337424e-01   -1.574652509e-01   -1.920131501e-01   -2.071845611e-01   -2.014814627e-01   -1.756189255e-01
   -1.569439133e-01   -1.056889232e-01   -4.725134177e-02    1.462616980e-02    7.463380349e-02    1.268919672e-01    1.658677355e-01    1.871788369e-01    1.882219567e-01    1.685649706e-01    1.300635494e-01    7.669283291e-02    1.411824532e-02   -5.093935387e-02   -1.114646032e-01   -1.609407165e-01   -1.940781968e-01   -2.073920233e-01   -1.995599238e-01   -1.715217378e-01
   -1.568459377e-01   -1.053262518e-01   -4.653600540e-02    1.568001988e-02    7.590214896e-02    1.281528002e-01    1.668323966e-01    1.875389369e-01    1.877050156e-01    1.669900141e-01    1.273873988e-01    7.303879682e-02    9.781257610e-03   -5.551374227e-02   -1.157260795e-01   -1.642997680e-01   -1.959830360e-01   -2.074064683e-01   -1.974312232e-01   -1.672283288e-01
   -1.567474858e-01   -1.049620563e-01   -4.581853336e-02    1.673492618e-02    7.716768818e-02    1.294036858e-01    1.677771361e-01    1.878678557e-01    1.871469079e-01    1.653683981e-01    1.246668838e-01    6.935313641e-02    5.437126416e-03   -6.005970573e-02   -1.199153942e-01   -1.675398892e-01   -1.977260445e-01   -2.072278830e-01   -1.950976556e-01   -1.627438464e-01
   -1.566485580e-01   -1.045963415e-01   -4.509894643e-02    1.779083295e-02    7.843031328e-02    1.306444626e-01    1.687017699e-01    1.881654611e-01    1.865476744e-01    1.637004900e-01    1.219028542e-01    6.563729763e-02    1.087912340e-03   -6.457469513e-02   -1.240298138e-01   -1.706586503e-01   -1.993057344e-01   -2.068564381e-01   -1.925617337e-01   -1.580736646e-01
   -1.565491547e-01   -1.042291118e-01   -4.437726550e-02    1.884768434e-02    7.968991658e-02    1.318749705e-01    1.696061170e-01    1.884316273e-01    1.859073664e-01    1.619866716e-01    1.190961770e-01    6.189274181e-02   -3.264318228e-03   -6.905617557e-02   -1.280666511e-01   -1.736537100e-01   -2.007207549e-01   -2.062924873e-01   -1.898261864e-01   -1.532233769e-01
   -1.564492761e-01   -1.038603719e-01   -4.365351150e-02    1.990542446e-02    8.094639061e-02    1.330950503e-01    1.704899994e-01    1.886662348e-01    1.852260457e-01    1.602273398e-01    1.162477364e-01    5.812094502e-02   -7.617494176e-03   -7.350162785e-02   -1.320232665e-01   -1.765228170e-01   -2.019698934e-01   -2.055365676e-01   -1.868939551e-01   -1.481987906e-01
   -1.563489224e-01   -1.034901265e-01   -4.292770542e-02    2.096399736e-02    8.219962809e-02    1.343045440e-01    1.713532419e-01    1.888691700e-01    1.845037842e-01    1.584229059e-01    1.133584334e-01    5.432339744e-02   -1.196954073e-02   -7.790855002e-02   -1.358970702e-01   -1.792638121e-01   -2.030520768e-01   -2.045893986e-01   -1.837681912e-01   -1.430059191e-01
   -1.562480941e-01   -1.031183801e-01   -4.219986832e-02    2.202334703e-02    8.344952195e-02    1.355032947e-01    1.721956727e-01    1.890403259e-01    1.837406645e-01    1.565737956e-01    1.104291851e-01    5.050160272e-02   -1.631838052e-02   -8.227445889e-02   -1.396855239e-01   -1.818746303e-01   -2.039663723e-01   -2.034518824e-01   -1.804522529e-01   -1.376509753e-01
   -1.561467915e-01   -1.027451374e-01   -4.147002131e-02    2.308341739e-02    8.469596535e-02    1.366911465e-01    1.730171229e-01    1.891796015e-01    1.829367795e-01    1.546804490e-01    1.074609250e-01    4.665707731e-02   -2.066193465e-02   -8.659689148e-02   -1.433861425e-01   -1.843533017e-01   -2.047119886e-01   -2.021251026e-01   -1.769497015e-01   -1.321403644e-01
   -1.560450147e-01   -1.023704032e-01   -4.073818557e-02    2.414415233e-02    8.593885167e-02    1.378679450e-01    1.738174266e-01    1.892869022e-01    1.820922324e-01    1.527433202e-01    1.044546020e-01    4.279134984e-02   -2.499812375e-02   -9.087340655e-02   -1.469964958e-01   -1.866979537e-01   -2.052882768e-01   -2.006103232e-01   -1.732642978e-01   -1.264806759e-01
   -1.559427642e-01   -1.019941822e-01   -4.000438234e-02    2.520549568e-02    8.717807453e-02    1.390335365e-01    1.745964214e-01    1.893621397e-01    1.812071369e-01    1.507628777e-01    1.014111807e-01    3.890596041e-02   -2.932486907e-02   -9.510158607e-02   -1.505142106e-01   -1.889068125e-01   -2.056947307e-01   -1.989089879e-01   -1.693999983e-01   -1.206786762e-01
   -1.558400402e-01   -1.016164790e-01   -3.926863291e-02    2.626739123e-02    8.841352781e-02    1.401877689e-01    1.753539476e-01    1.894052321e-01    1.802816168e-01    1.487396038e-01    9.833164042e-02    3.500245997e-02   -3.364009352e-02   -9.927903664e-02   -1.539369719e-01   -1.909782043e-01   -2.059309879e-01   -1.970227189e-01   -1.653609509e-01   -1.147413008e-01
   -1.557368432e-01   -1.012372985e-01   -3.853095863e-02    2.732978272e-02    8.964510563e-02    1.413304910e-01    1.760898491e-01    1.894161038e-01    1.793158065e-01    1.466739944e-01    9.521697552e-02    3.108240964e-02   -3.794172278e-02   -1.034033910e-01   -1.572625247e-01   -1.929105568e-01   -2.059968296e-01   -1.949533150e-01   -1.611514905e-01   -1.086756455e-01
   -1.556331732e-01   -1.008566453e-01   -3.779138092e-02    2.839261386e-02    9.087270237e-02    1.424615530e-01    1.768039727e-01    1.893946857e-01    1.783098505e-01    1.445665593e-01    9.206819447e-02    2.714738000e-02   -4.222768632e-02   -1.074723093e-01   -1.604886756e-01   -1.947024007e-01   -2.058921815e-01   -1.927027505e-01   -1.567761348e-01   -1.024889587e-01
   -1.555290308e-01   -1.004745243e-01   -3.704992123e-02    2.945582832e-02    9.209621268e-02    1.435808063e-01    1.774961687e-01    1.893409149e-01    1.772639035e-01    1.424178219e-01    8.888631981e-02    2.319895043e-02   -4.649591850e-02   -1.114834809e-01   -1.636132944e-01   -1.963523708e-01   -2.056171139e-01   -1.902731731e-01   -1.522395793e-01   -9.618863230e-02
   -1.554244162e-01   -1.000909403e-01   -3.630660111e-02    3.051936971e-02    9.331553152e-02    1.446881036e-01    1.781662904e-01    1.892547349e-01    1.761781305e-01    1.402283186e-01    8.567238768e-02    1.923870844e-02   -5.074435966e-02   -1.154346253e-01   -1.666343157e-01   -1.978592068e-01   -2.051718415e-01   -1.876669021e-01   -1.475466923e-01   -8.978219323e-02
   -1.553193297e-01   -9.970589815e-02   -3.556144212e-02    3.158318165e-02    9.453055409e-02    1.457832987e-01    1.788141947e-01    1.891360960e-01    1.750527068e-01    1.379985993e-01    8.242744743e-02    1.526824895e-02   -5.497095710e-02   -1.193234937e-01   -1.695497401e-01   -1.992217550e-01   -2.045567234e-01   -1.848864264e-01   -1.427025099e-01   -8.327729448e-02
   -1.552137716e-01   -9.931940259e-02   -3.481446591e-02    3.264720770e-02    9.574117593e-02    1.468662469e-01    1.794397416e-01    1.889849545e-01    1.738878177e-01    1.357292270e-01    7.915256132e-02    1.128917363e-02   -5.917366624e-02   -1.231478707e-01   -1.723576356e-01   -2.004389690e-01   -2.037722632e-01   -1.819344020e-01   -1.377122308e-01   -7.668170603e-02
   -1.551077423e-01   -9.893145853e-02   -3.406569417e-02    3.371139141e-02    9.694729285e-02    1.479368047e-01    1.800427945e-01    1.888012734e-01    1.726836587e-01    1.334207772e-01    7.584880407e-02    7.303090155e-03   -6.335045161e-02   -1.269055749e-01   -1.750561395e-01   -2.015099104e-01   -2.028191085e-01   -1.788136495e-01   -1.325812105e-01   -7.000330563e-02
   -1.550012421e-01   -9.854207085e-02   -3.331514863e-02    3.477567630e-02    9.814880100e-02    1.489948299e-01    1.806232201e-01    1.885850220e-01    1.714404353e-01    1.310738386e-01    7.251726247e-02    3.311611552e-03   -6.749928792e-02   -1.305944611e-01   -1.776434590e-01   -2.024337500e-01   -2.016980502e-01   -1.755271519e-01   -1.273149558e-01   -6.325006944e-02
   -1.548942714e-01   -9.815124444e-02   -3.256285110e-02    3.584000587e-02    9.934559684e-02    1.500401817e-01    1.811808886e-01    1.883361764e-01    1.701583629e-01    1.286890122e-01    6.915903505e-02   -6.836445287e-04   -7.161816114e-02   -1.342124210e-01   -1.801178731e-01   -2.032097682e-01   -2.004100225e-01   -1.720780514e-01   -1.219191189e-01   -5.643006257e-02
   -1.547868303e-01   -9.775898421e-02   -3.180882344e-02    3.690432360e-02    1.005375771e-01    1.510727207e-01    1.817156735e-01    1.880547188e-01    1.688376673e-01    1.262669113e-01    6.577523163e-02   -4.681056516e-03   -7.570506949e-02   -1.377573846e-01   -1.824777335e-01   -2.038373558e-01   -1.989561018e-01   -1.684696467e-01   -1.163994917e-01   -4.955142952e-02
   -1.546789193e-01   -9.736529510e-02   -3.105308753e-02    3.796857296e-02    1.017246391e-01    1.520923087e-01    1.822274517e-01    1.877406381e-01    1.674785838e-01    1.238081616e-01    6.236697291e-02   -8.678999622e-03   -7.975802454e-02   -1.412273217e-01   -1.847214659e-01   -2.043160149e-01   -1.973375060e-01   -1.647053900e-01   -1.107619990e-01   -4.262238446e-02
   -1.545705387e-01   -9.697018205e-02   -3.029566535e-02    3.903269740e-02    1.029066800e-01    1.530988092e-01    1.827161037e-01    1.873939297e-01    1.660813578e-01    1.213134007e-01    5.893539012e-02   -1.267584655e-02   -8.377505217e-02   -1.446202427e-01   -1.868475710e-01   -2.046453586e-01   -1.955555936e-01   -1.607888836e-01   -1.050126930e-01   -3.565120148e-02
   -1.544616888e-01   -9.657365004e-02   -2.953657889e-02    4.009664037e-02    1.040835979e-01    1.540920867e-01    1.831815133e-01    1.870145954e-01    1.646462444e-01    1.187832780e-01    5.548162455e-02   -1.666996823e-02   -8.775419366e-02   -1.479342005e-01   -1.888546258e-01   -2.048251121e-01   -1.936118627e-01   -1.567238763e-01   -9.915774606e-02   -2.864620474e-02
   -1.543523699e-01   -9.617570405e-02   -2.877585022e-02    4.116034532e-02    1.052552908e-01    1.550720074e-01    1.836235679e-01    1.866026436e-01    1.631735085e-01    1.162184547e-01    5.200682720e-02   -2.065973448e-02   -9.169350670e-02   -1.511672909e-01   -1.907412845e-01   -2.048551129e-01   -1.915079495e-01   -1.525142606e-01   -9.320344478e-02   -2.161575856e-02
   -1.542425825e-01   -9.577634907e-02   -2.801350144e-02    4.222375567e-02    1.064216574e-01    1.560384390e-01    1.840421583e-01    1.861580893e-01    1.616634249e-01    1.136196032e-01    4.851215828e-02   -2.464351477e-02   -9.559106635e-02   -1.543176544e-01   -1.925062795e-01   -2.047353107e-01   -1.892456274e-01   -1.481640683e-01   -8.715618289e-02   -1.456825746e-02
   -1.541323267e-01   -9.537559014e-02   -2.724955471e-02    4.328681487e-02    1.075825966e-01    1.569912503e-01    1.844371789e-01    1.856809537e-01    1.601162778e-01    1.109874073e-01    4.499878687e-02   -2.861967893e-02   -9.944496611e-02   -1.573834770e-01   -1.941484224e-01   -2.044657678e-01   -1.868268055e-01   -1.436774669e-01   -8.102245458e-02   -7.512116139e-03
   -1.540216030e-01   -9.497343229e-02   -2.648403222e-02    4.434946635e-02    1.087380076e-01    1.579303119e-01    1.848085277e-01    1.851712648e-01    1.585323610e-01    1.083225619e-01    4.146789045e-02   -3.258659782e-02   -1.032533189e-01   -1.603629914e-01   -1.956666048e-01   -2.040466591e-01   -1.842535267e-01   -1.390587561e-01   -7.480884752e-02   -4.557594686e-04
   -1.539104117e-01   -9.456988059e-02   -2.571695625e-02    4.541165356e-02    1.098877903e-01    1.588554958e-01    1.851561060e-01    1.846290571e-01    1.569119779e-01    1.056257725e-01    3.792065446e-02   -3.654264412e-02   -1.070142579e-01   -1.632544782e-01   -1.970597991e-01   -2.034782720e-01   -1.815279666e-01   -1.343123629e-01   -6.852203584e-02    6.592387580e-03
   -1.537987531e-01   -9.416494009e-02   -2.494834908e-02    4.647331993e-02    1.110318447e-01    1.597666754e-01    1.854798190e-01    1.840543714e-01    1.552554415e-01    1.028977556e-01    3.435827193e-02   -4.048619296e-02   -1.107259378e-01   -1.660562668e-01   -1.983270594e-01   -2.027610064e-01   -1.786524311e-01   -1.294428384e-01   -6.216877296e-02    1.362390998e-02
   -1.536866275e-01   -9.375861590e-02   -2.417823306e-02    4.753440895e-02    1.121700713e-01    1.606637258e-01    1.857795752e-01    1.834472552e-01    1.535630737e-01    1.001392377e-01    3.078194297e-02   -4.441562270e-02   -1.143865356e-01   -1.687667363e-01   -1.994675221e-01   -2.018953743e-01   -1.756293553e-01   -1.244548524e-01   -5.575588438e-02    2.063041269e-02
   -1.535740354e-01   -9.335091312e-02   -2.340663059e-02    4.859486408e-02    1.133023711e-01    1.615465234e-01    1.860552870e-01    1.828077624e-01    1.518352063e-01    9.735095585e-02    2.719287439e-02   -4.832931562e-02   -1.179942515e-01   -1.713843172e-01   -2.004804065e-01   -2.008819999e-01   -1.724613005e-01   -1.193531900e-01   -4.929026034e-02    2.760353069e-02
   -1.534609770e-01   -9.294183689e-02   -2.263356410e-02    4.965462881e-02    1.144286455e-01    1.624149462e-01    1.863068701e-01    1.821359535e-01    1.500721798e-01    9.453365692e-02    2.359227922e-02   -5.222565863e-02   -1.215473100e-01   -1.739074913e-01   -2.013650157e-01   -1.997216186e-01   -1.691509530e-01   -1.141427462e-01   -4.277884848e-02    3.453493896e-02
   -1.533474527e-01   -9.253139234e-02   -2.185905608e-02    5.071364665e-02    1.155487962e-01    1.632688739e-01    1.865342441e-01    1.814318952e-01    1.482743442e-01    9.168809759e-02    1.998137630e-02   -5.610304398e-02   -1.250439608e-01   -1.763347937e-01   -2.021207367e-01   -1.984150772e-01   -1.657011215e-01   -1.088285218e-01   -3.622864633e-02    4.141636246e-02
   -1.532334628e-01   -9.211958464e-02   -2.108312906e-02    5.177186113e-02    1.166627255e-01    1.641081877e-01    1.867373322e-01    1.806956611e-01    1.464420585e-01    8.881504406e-02    1.636138981e-02   -5.995986996e-02   -1.284824794e-01   -1.786648130e-01   -2.027470413e-01   -1.969633327e-01   -1.621147344e-01   -1.034156184e-01   -2.964669382e-02    4.823958599e-02
   -1.531190077e-01   -9.170641896e-02   -2.030580561e-02    5.282921582e-02    1.177703362e-01    1.649327703e-01    1.869160611e-01    1.799273308e-01    1.445756904e-01    8.591527187e-02    1.273354884e-02   -6.379454163e-02   -1.318611685e-01   -1.808961924e-01   -2.032434864e-01   -1.953674521e-01   -1.583948381e-01   -9.790923346e-02   -2.304006574e-02    5.499646402e-02
   -1.530040877e-01   -9.129190051e-02   -1.952710835e-02    5.388565429e-02    1.188715313e-01    1.657425061e-01    1.870703613e-01    1.791269908e-01    1.426756168e-01    8.298956563e-02    9.099086916e-03   -6.760547150e-02   -1.351783588e-01   -1.830276308e-01   -2.036097141e-01   -1.936286116e-01   -1.545445939e-01   -9.231465552e-02   -1.641586409e-02    6.167893045e-02
   -1.528887032e-01   -9.087603450e-02   -1.874705993e-02    5.494112017e-02    1.199662144e-01    1.665372810e-01    1.872001670e-01    1.782947338e-01    1.407422235e-01    8.003871880e-02    5.459241589e-03   -7.139108025e-02   -1.384324095e-01   -1.850578830e-01   -2.038454524e-01   -1.917480957e-01   -1.505672754e-01   -8.663725898e-02   -9.781210505e-03    6.827900825e-02
   -1.527728545e-01   -9.045882615e-02   -1.796568304e-02    5.599555709e-02    1.210542897e-01    1.673169826e-01    1.873054161e-01    1.774306588e-01    1.387759046e-01    7.706353346e-02    1.815253940e-03   -7.514979742e-02   -1.416217095e-01   -1.869857613e-01   -2.039505155e-01   -1.897272962e-01   -1.464662663e-01   -8.088249908e-02   -3.143238533e-03    7.478881904e-02
   -1.526565420e-01   -9.004028072e-02   -1.718300044e-02    5.704890874e-02    1.221356617e-01    1.680815003e-01    1.873860502e-01    1.765348715e-01    1.367770632e-01    7.406482006e-02   -1.831631856e-03   -7.888006209e-02   -1.447446781e-01   -1.888101355e-01   -2.039248034e-01   -1.875677117e-01   -1.422450566e-01   -7.505590657e-02    3.490914006e-03    8.120059247e-02
   -1.525397660e-01   -8.962040347e-02   -1.639903490e-02    5.810111886e-02    1.232102355e-01    1.688307248e-01    1.874420146e-01    1.756074838e-01    1.347461107e-01    7.104339721e-02   -5.480168982e-03   -8.258032359e-02   -1.477997661e-01   -1.905299342e-01   -2.037683028e-01   -1.852709457e-01   -1.379072405e-01   -6.916308247e-02    1.011411272e-02    8.750667557e-02
   -1.524225269e-01   -8.919919968e-02   -1.561380924e-02    5.915213119e-02    1.242779166e-01    1.695645487e-01    1.874732583e-01    1.746486140e-01    1.326834672e-01    6.800009136e-02   -9.129108449e-03   -8.624904218e-02   -1.507854561e-01   -1.921441451e-01   -2.034810867e-01   -1.828387063e-01   -1.334565130e-01   -6.320969267e-02    1.671923433e-02    9.369954190e-02
   -1.523048250e-01   -8.877667464e-02   -1.482734633e-02    6.020188956e-02    1.253386110e-01    1.702828663e-01    1.874797341e-01    1.736583867e-01    1.305895609e-01    6.493573665e-02   -1.277719954e-02   -8.988468973e-02   -1.537002639e-01   -1.936518157e-01   -2.030633145e-01   -1.802728045e-01   -1.288966670e-01   -5.720146249e-02    2.329917433e-02    9.977180060e-02
   -1.521866608e-01   -8.835283368e-02   -1.403966905e-02    6.125033782e-02    1.263922254e-01    1.709855734e-01    1.874613985e-01    1.726369331e-01    1.284648282e-01    6.185117459e-02   -1.642319029e-02   -9.348575040e-02   -1.565427390e-01   -1.950520542e-01   -2.025152322e-01   -1.775751531e-01   -1.242315895e-01   -5.114417118e-02    2.984685469e-02    1.057162052e-01
   -1.520680345e-01   -8.792768213e-02   -1.325080036e-02    6.229741987e-02    1.274386668e-01    1.716725677e-01    1.874182119e-01    1.715843904e-01    1.263097139e-01    5.874725383e-02   -2.006582793e-02   -9.705072133e-02   -1.593114651e-01   -1.963440297e-01   -2.018371719e-01   -1.747477650e-01   -1.194652593e-01   -4.504364636e-02    3.635523145e-02    1.115256624e-01
   -1.519489465e-01   -8.750122533e-02   -1.246076321e-02    6.334307968e-02    1.284778427e-01    1.723437486e-01    1.873501384e-01    1.705009022e-01    1.241246705e-01    5.562482993e-02   -2.370385934e-02   -1.005781133e-01   -1.620050613e-01   -1.975269730e-01   -2.010295521e-01   -1.717927521e-01   -1.146017426e-01   -3.890575843e-02    4.281730232e-02    1.171932404e-01
   -1.518293971e-01   -8.707346865e-02   -1.166958062e-02    6.438726127e-02    1.295096615e-01    1.729990170e-01    1.872571457e-01    1.693866183e-01    1.219101588e-01    5.248476504e-02   -2.733603154e-02   -1.040664512e-01   -1.646221829e-01   -1.986001771e-01   -2.000928770e-01   -1.687123236e-01   -1.096451904e-01   -3.273641486e-02    4.922611429e-02    1.227121775e-01
   -1.517093868e-01   -8.664441747e-02   -1.087727564e-02    6.542990870e-02    1.305340316e-01    1.736382758e-01    1.871392055e-01    1.682416950e-01    1.196666470e-01    4.932792773e-02   -3.096109213e-02   -1.075142753e-01   -1.671615214e-01   -1.995629973e-01   -1.990277369e-01   -1.655087845e-01   -1.045998341e-01   -2.654155459e-02    5.557477107e-02    1.280758899e-01
   -1.515889160e-01   -8.621407719e-02   -1.008387135e-02    6.647096611e-02    1.315508624e-01    1.742614294e-01    1.869962932e-01    1.670662944e-01    1.173946113e-01    4.615519264e-02   -3.457778975e-02   -1.109201409e-01   -1.696218061e-01   -2.004148523e-01   -1.978348070e-01   -1.621845336e-01   -9.946998298e-02   -2.032714221e-02    6.185644061e-02    1.332779799e-01
   -1.514679848e-01   -8.578245322e-02   -9.289390867e-03    6.751037771e-02    1.325600636e-01    1.748683844e-01    1.868283880e-01    1.658605851e-01    1.150945354e-01    4.296744029e-02   -3.818487455e-02   -1.142826200e-01   -1.720018041e-01   -2.011552241e-01   -1.965148478e-01   -1.587420620e-01   -9.426001949e-02   -1.409916227e-02    6.806436242e-02    1.383122433e-01
   -1.513465939e-01   -8.534955099e-02   -8.493857339e-03    6.854808777e-02    1.335615455e-01    1.754590486e-01    1.866354729e-01    1.646247417e-01    1.127669104e-01    3.976555676e-02   -4.178109864e-02   -1.176003013e-01   -1.743003214e-01   -2.017836582e-01   -1.950687042e-01   -1.551839512e-01   -8.897439615e-02   -7.863613492e-03    7.419185494e-02    1.431726772e-01
   -1.512247434e-01   -8.491537595e-02   -7.697293950e-03    6.958404061e-02    1.345552191e-01    1.760333320e-01    1.864175348e-01    1.633589450e-01    1.104122349e-01    3.655043347e-02   -4.536521659e-02   -1.208717910e-01   -1.765162032e-01   -2.022997646e-01   -1.934973051e-01   -1.515128713e-01   -8.361763153e-02   -1.626502945e-03    8.023232271e-02    1.478534867e-01
   -1.511024338e-01   -8.447993356e-02   -6.899723919e-03    7.061818066e-02    1.355409958e-01    1.765911463e-01    1.861745643e-01    1.620633818e-01    1.080310146e-01    3.332296688e-02   -4.893598584e-02   -1.240957135e-01   -1.786483349e-01   -2.027032175e-01   -1.918016631e-01   -1.477315787e-01   -7.819430644e-02    4.606159719e-03    8.617926356e-02    1.523490925e-01
   -1.509796655e-01   -8.404322931e-02   -6.101170495e-03    7.165045239e-02    1.365187877e-01    1.771324048e-01    1.859065557e-01    1.607382451e-01    1.056237624e-01    3.008405821e-02   -5.249216716e-02   -1.272707117e-01   -1.806956422e-01   -2.029937557e-01   -1.899828734e-01   -1.438429143e-01   -7.270905999e-02    1.082836809e-02    9.202627561e-02    1.566541371e-01
   -1.508564387e-01   -8.360526868e-02   -5.301656956e-03    7.268080038e-02    1.374885075e-01    1.776570229e-01    1.856135074e-01    1.593837338e-01    1.031909981e-01    2.683461323e-02   -5.603252517e-02   -1.303954482e-01   -1.826570923e-01   -2.031711829e-01   -1.880421134e-01   -1.398498014e-01   -6.716658563e-02    1.703412482e-02    9.776706423e-02    1.607634914e-01
   -1.507327540e-01   -8.316605719e-02   -4.501206617e-03    7.370916926e-02    1.384500684e-01    1.781649177e-01    1.852954214e-01    1.580000527e-01    1.007332485e-01    2.357554191e-02   -5.955582872e-02   -1.334686054e-01   -1.845316938e-01   -2.032353679e-01   -1.859806421e-01   -1.357552434e-01   -6.157162714e-02    2.321744741e-02    1.033954488e-01    1.646722611e-01
   -1.506086116e-01   -8.272560037e-02   -3.699842816e-03    7.473550376e-02    1.394033842e-01    1.786560081e-01    1.849523036e-01    1.565874128e-01    9.825104699e-02    2.030775818e-02   -6.306085140e-02   -1.364888862e-01   -1.863184978e-01   -2.031862444e-01   -1.837997991e-01   -1.315623217e-01   -5.592897459e-02    2.937237398e-02    1.089053696e-01    1.683757922e-01
   -1.504840120e-01   -8.228390375e-02   -2.897588927e-03    7.575974871e-02    1.403483694e-01    1.791302149e-01    1.845841636e-01    1.551460308e-01    9.574493372e-02    1.703217968e-02   -6.654637197e-02   -1.394550146e-01   -1.880165981e-01   -2.030238115e-01   -1.815010037e-01   -1.272741932e-01   -5.024346018e-02    3.549296911e-02    1.142908940e-01    1.718696769e-01
   -1.503589555e-01   -8.184097290e-02   -2.094468349e-03    7.678184901e-02    1.412849392e-01    1.795874608e-01    1.841910151e-01    1.536761294e-01    9.321545525e-02    1.374972744e-02   -7.001117482e-02   -1.423657364e-01   -1.896251319e-01   -2.027481336e-01   -1.790857544e-01   -1.228940881e-01   -4.451995412e-02    4.157332952e-02    1.195462233e-01    1.751497588e-01
   -1.502334425e-01   -8.139681339e-02   -1.290504510e-03    7.780174964e-02    1.422130091e-01    1.800276702e-01    1.837728752e-01    1.521779371e-01    9.066316449e-02    1.046132561e-02   -7.345405043e-02   -1.452198197e-01   -1.911432799e-01   -2.023593403e-01   -1.765556273e-01   -1.184253075e-01   -3.876336049e-02    4.760758984e-02    1.246656987e-01    1.782121377e-01
   -1.501074734e-01   -8.095143081e-02   -4.857208662e-04    7.881939572e-02    1.431324956e-01    1.804507695e-01    1.833297653e-01    1.506516881e-01    8.808862060e-02    7.167901202e-03   -7.687379579e-02   -1.480160552e-01   -1.925702674e-01   -2.018576264e-01   -1.739122758e-01   -1.138712206e-01   -3.297861296e-02    5.358992824e-02    1.296438079e-01    1.810531749e-01
   -1.499810485e-01   -8.050483076e-02    3.198590993e-04    7.983473241e-02    1.440433156e-01    1.808566870e-01    1.828617103e-01    1.490976224e-01    8.549238881e-02    3.870383798e-03   -8.026921488e-02   -1.507532571e-01   -1.939053638e-01   -2.012432521e-01   -1.711574291e-01   -1.092352627e-01   -2.717067061e-02    5.951457217e-02    1.344751904e-01    1.836694968e-01
   -1.498541683e-01   -8.005701887e-02    1.126211878e-03    8.084770503e-02    1.449453867e-01    1.812453528e-01    1.823687389e-01    1.475159858e-01    8.287504028e-02    5.697052595e-04   -8.363911910e-02   -1.534302636e-01   -1.951478842e-01   -2.005165427e-01   -1.682928911e-01   -1.045209322e-01   -2.134451361e-02    6.537580386e-02    1.391546439e-01    1.860579997e-01
   -1.497268332e-01   -7.960800078e-02    1.933313934e-03    8.185825895e-02    1.458386272e-01    1.816166990e-01    1.818508837e-01    1.459070296e-01    8.023715203e-02   -2.733200547e-03   -8.698232772e-02   -1.560459370e-01   -1.962971886e-01   -1.996778882e-01   -1.653205396e-01   -9.973178797e-02   -1.550513900e-02    7.116796596e-02    1.436771298e-01    1.882158530e-01
   -1.495990435e-01   -7.915778213e-02    2.741141708e-03    8.286633969e-02    1.467229561e-01    1.819706595e-01    1.813081813e-01    1.442710108e-01    7.757930671e-02   -6.037398033e-03   -9.029766829e-02   -1.585991649e-01   -1.973526830e-01   -1.987277437e-01   -1.622423245e-01   -9.487144700e-02   -9.657556338e-03    7.688546696e-02    1.480377783e-01    1.901405031e-01
   -1.494707995e-01   -7.870636859e-02    3.549671617e-03    8.387189284e-02    1.475982928e-01    1.823071702e-01    1.807406717e-01    1.426081920e-01    7.490209253e-02   -9.341950172e-03   -9.358397713e-02   -1.610888602e-01   -1.983138197e-01   -1.976666288e-01   -1.590602671e-01   -8.994358134e-02   -3.806783402e-03    8.252278668e-02    1.522318945e-01    1.918296758e-01
   -1.493421018e-01   -7.825376585e-02    4.358880051e-03    8.487486412e-02    1.484645577e-01    1.826261690e-01    1.801483990e-01    1.409188413e-01    7.220610307e-02   -1.264591879e-02   -9.684009972e-02   -1.635139615e-01   -1.991800971e-01   -1.964951271e-01   -1.557764585e-01   -8.495191549e-02    2.042158127e-03    8.807448161e-02    1.562549626e-01    1.932813798e-01
   -1.492129507e-01   -7.779997959e-02    5.168743382e-03    8.587519938e-02    1.493216718e-01    1.829275955e-01    1.795314111e-01    1.392032321e-01    6.949193716e-02   -1.594836483e-02   -1.000648911e-01   -1.658734342e-01   -1.999510607e-01   -1.952138867e-01   -1.523930584e-01   -7.990022352e-02    7.884247001e-03    9.353519022e-02    1.601026516e-01    1.944939089e-01
   -1.490833465e-01   -7.734501555e-02    5.979237955e-03    8.687284456e-02    1.501695566e-01    1.832113914e-01    1.788897595e-01    1.374616435e-01    6.676019875e-02   -1.924834867e-02   -1.032572165e-01   -1.681662704e-01   -2.006263027e-01   -1.938236190e-01   -1.489122934e-01   -7.479232626e-02    1.371446673e-02    9.889963813e-02    1.637708194e-01    1.954658435e-01
   -1.489532897e-01   -7.688887943e-02    6.790340095e-03    8.786774573e-02    1.510081344e-01    1.834775003e-01    1.782234997e-01    1.356943597e-01    6.401149673e-02   -2.254493038e-02   -1.064159514e-01   -1.703914895e-01   -2.012054628e-01   -1.923250989e-01   -1.453364560e-01   -6.963208835e-02    1.952780994e-02    1.041626433e-01    1.672555176e-01    1.961960533e-01
   -1.488227807e-01   -7.643157699e-02    7.602026108e-03    8.885984908e-02    1.518373283e-01    1.837258678e-01    1.775326907e-01    1.339016704e-01    6.124644479e-02   -2.583717003e-02   -1.095399822e-01   -1.725481387e-01   -2.016882281e-01   -1.907191643e-01   -1.416679025e-01   -6.442341537e-02    2.531928262e-02    1.093191211e-01    1.705529959e-01    1.966836978e-01
   -1.486918199e-01   -7.597311398e-02    8.414272277e-03    8.984910093e-02    1.526570620e-01    1.839564414e-01    1.768173957e-01    1.320838705e-01    5.846566130e-02   -2.912412795e-02   -1.126282068e-01   -1.746352935e-01   -2.020743332e-01   -1.890067152e-01   -1.379090521e-01   -5.917025085e-02    3.108390855e-02    1.143640892e-01    1.736597061e-01    1.969282279e-01
   -1.485604076e-01   -7.551349617e-02    9.227054866e-03    9.083544774e-02    1.534672598e-01    1.841691707e-01    1.760776812e-01    1.302412600e-01    5.566976913e-02   -3.240486505e-02   -1.156795345e-01   -1.766520580e-01   -2.023635608e-01   -1.871887140e-01   -1.340623849e-01   -5.387657329e-02    3.681673349e-02    1.192926723e-01    1.765723057e-01    1.969293862e-01
   -1.484285443e-01   -7.505272936e-02    1.004035012e-02    9.181883606e-02    1.542678469e-01    1.843640071e-01    1.753136177e-01    1.283741443e-01    5.285939549e-02   -3.567844308e-02   -1.186928870e-01   -1.785975653e-01   -2.025557414e-01   -1.852661843e-01   -1.301304405e-01   -4.854639311e-02    4.251282953e-02    1.241001072e-01    1.792876621e-01    1.966872077e-01
   -1.482962304e-01   -7.459081934e-02    1.085413427e-02    9.279921262e-02    1.550587492e-01    1.845409040e-01    1.745252796e-01    1.264828335e-01    5.003517183e-02   -3.894392491e-02   -1.216671982e-01   -1.804709782e-01   -2.026507537e-01   -1.832402107e-01   -1.261158160e-01   -4.318374964e-02    4.816729934e-02    1.287817473e-01    1.818028555e-01    1.962020196e-01
   -1.481634662e-01   -7.412777192e-02    1.166838351e-02    9.377652425e-02    1.558398932e-01    1.846998170e-01    1.737127446e-01    1.245676432e-01    4.719773362e-02   -4.220037485e-02   -1.246014153e-01   -1.822714891e-01   -2.026485247e-01   -1.811119380e-01   -1.220211648e-01   -3.779270803e-02    5.377528040e-02    1.333330669e-01    1.841151823e-01    1.954744406e-01
   -1.480302522e-01   -7.366359295e-02    1.248307405e-02    9.475071795e-02    1.566112063e-01    1.848407033e-01    1.728760946e-01    1.226288936e-01    4.434772025e-02   -4.544685890e-02   -1.274944985e-01   -1.839983207e-01   -2.025490295e-01   -1.788825707e-01   -1.178491944e-01   -3.237735616e-02    5.933194920e-02    1.377496660e-01    1.862221583e-01    1.945053808e-01
   -1.478965888e-01   -7.319828825e-02    1.329818206e-02    9.572174082e-02    1.573726165e-01    1.849635225e-01    1.720154150e-01    1.206669100e-01    4.148577483e-02   -4.868244506e-02   -1.303454218e-01   -1.856507263e-01   -2.023522916e-01   -1.765533726e-01   -1.136026647e-01   -2.694180154e-02    6.483252544e-02    1.420272744e-01    1.881215210e-01    1.932960402e-01
   -1.477624763e-01   -7.273186370e-02    1.411368370e-02    9.668954015e-02    1.581240526e-01    1.850682360e-01    1.711307947e-01    1.186820224e-01    3.861254407e-02   -5.190620361e-02   -1.331531734e-01   -1.872279901e-01   -2.020583828e-01   -1.741256653e-01   -1.092843865e-01   -2.149016816e-02    7.027227617e-02    1.461617559e-01    1.898112322e-01    1.918479074e-01
   -1.476279152e-01   -7.226432517e-02    1.492955511e-02    9.765406335e-02    1.588654440e-01    1.851548072e-01    1.702223268e-01    1.166745659e-01    3.572867811e-02   -5.511720737e-02   -1.359167558e-01   -1.887294275e-01   -2.016674235e-01   -1.716008285e-01   -1.048972191e-01   -1.602659336e-02    7.564651985e-02    1.501491122e-01    1.912894806e-01    1.901627578e-01
   -1.474929060e-01   -7.179567855e-02    1.574577243e-02    9.861525798e-02    1.595967212e-01    1.852232016e-01    1.692901075e-01    1.146448799e-01    3.283483034e-02   -5.831453202e-02   -1.386351865e-01   -1.901543857e-01   -2.011795821e-01   -1.689802983e-01   -1.004440689e-01   -1.055522468e-02    8.095063049e-02    1.539854871e-01    1.925546833e-01    1.882426516e-01
   -1.473574489e-01   -7.132592973e-02    1.656231177e-02    9.957307176e-02    1.603178152e-01    1.852733866e-01    1.683342372e-01    1.125933087e-01    2.993165729e-02   -6.149725637e-02   -1.413074981e-01   -1.915022435e-01   -2.005950754e-01   -1.662655671e-01   -9.592788739e-02   -5.080216677e-03    8.618004158e-02    1.576671702e-01    1.936054878e-01    1.860899310e-01
   -1.472215444e-01   -7.085508463e-02    1.737914923e-02    1.005274526e-01    1.610286578e-01    1.853053318e-01    1.673548196e-01    1.105202013e-01    2.701981840e-02   -6.466446262e-02   -1.439327389e-01   -1.927724122e-01   -1.999141686e-01   -1.634581823e-01   -9.135166881e-02    3.942722078e-04    9.133025012e-02    1.611906001e-01    1.944407736e-01    1.837072179e-01
   -1.470851930e-01   -7.038314919e-02    1.819626091e-02    1.014783484e-01    1.617291816e-01    1.853190086e-01    1.663519622e-01    1.084259111e-01    2.409997593e-02   -6.781523666e-02   -1.465099730e-01   -1.939643352e-01   -1.991371748e-01   -1.605597456e-01   -8.671844862e-02    5.864082869e-03    9.639682047e-02    1.645523688e-01    1.950596530e-01    1.810974103e-01
   -1.469483950e-01   -6.991012934e-02    1.901362288e-02    1.024257075e-01    1.624193200e-01    1.853143907e-01    1.653257761e-01    1.063107959e-01    2.117279475e-02   -7.094866838e-02   -1.490382810e-01   -1.950774890e-01   -1.982644550e-01   -1.575719121e-01   -8.203130124e-02    1.132505869e-02    1.013753883e-01    1.677492239e-01    1.954614728e-01    1.782636793e-01
   -1.468111509e-01   -6.943603105e-02    1.983121122e-02    1.033694781e-01    1.630990071e-01    1.852914535e-01    1.642763760e-01    1.041752181e-01    1.823894219e-02   -7.406385189e-02   -1.515167598e-01   -1.961113827e-01   -1.972964182e-01   -1.544963895e-01   -7.729333810e-02    1.677304872e-02    1.062616642e-01    1.707780728e-01    1.956458144e-01    1.752094647e-01
   -1.466734611e-01   -6.896086029e-02    2.064900198e-02    1.043096089e-01    1.637681779e-01    1.852501747e-01    1.632038803e-01    1.020195441e-01    1.529908790e-02   -7.715988582e-02   -1.539445238e-01   -1.970655590e-01   -1.962335211e-01   -1.513349369e-01   -7.250770554e-02    2.220391086e-02    1.110514376e-01    1.736359852e-01    1.956124946e-01    1.719384714e-01
   -1.465353259e-01   -6.848462305e-02    2.146697122e-02    1.052460484e-01    1.644267681e-01    1.851905340e-01    1.621084107e-01    9.984414497e-02    1.235390364e-02   -8.023587363e-02   -1.563207042e-01   -1.979395938e-01   -1.950762678e-01   -1.480893638e-01   -6.767758269e-02    2.761351503e-02    1.157405804e-01    1.763201960e-01    1.953615656e-01    1.684546649e-01
   -1.463967459e-01   -6.800732531e-02    2.228509496e-02    1.061787455e-01    1.650747143e-01    1.851125130e-01    1.609900928e-01    9.764939567e-02    9.404063157e-03   -8.329092385e-02   -1.586444502e-01   -1.987330966e-01   -1.938252094e-01   -1.447615293e-01   -6.280617941e-02    3.299774630e-02    1.203250505e-01    1.788281082e-01    1.948933155e-01    1.647622662e-01
   -1.462577214e-01   -6.752897310e-02    2.310334925e-02    1.071076493e-01    1.657119537e-01    1.850160956e-01    1.598490556e-01    9.543567539e-02    6.450242005e-03   -8.632415034e-02   -1.609149289e-01   -1.994457109e-01   -1.924809444e-01   -1.413533408e-01   -5.789673411e-02    3.835250810e-02    1.248008952e-01    1.811572955e-01    1.942082673e-01    1.608657469e-01
   -1.461182528e-01   -6.704957244e-02    2.392171011e-02    1.080327090e-01    1.663384246e-01    1.849012675e-01    1.586854316e-01    9.320336735e-02    3.493117371e-03   -8.933467263e-02   -1.631313256e-01   -2.000771142e-01   -1.910441177e-01   -1.378667532e-01   -5.295251160e-02    4.367372531e-02    1.291642551e-01    1.833055043e-01    1.933071790e-01    1.567698242e-01
   -1.459783406e-01   -6.656912937e-02    2.474015354e-02    1.089538739e-01    1.669540659e-01    1.847680165e-01    1.574993569e-01    9.095285877e-02    5.333679209e-04   -9.232161611e-02   -1.652928443e-01   -2.006270181e-01   -1.895154209e-01   -1.343037674e-01   -4.797680091e-02    4.895734741e-02    1.334113668e-01    1.852706564e-01    1.921910422e-01    1.524794547e-01
   -1.458379852e-01   -6.608764995e-02    2.555865558e-02    1.098710936e-01    1.675588175e-01    1.846163326e-01    1.562909710e-01    8.868454073e-02   -2.428326372e-03   -9.528411234e-02   -1.673987078e-01   -2.010951686e-01   -1.878955915e-01   -1.306664295e-01   -4.297291310e-02    5.419935154e-02    1.375385667e-01    1.870508507e-01    1.908610818e-01    1.479998286e-01
   -1.456971871e-01   -6.560514024e-02    2.637719220e-02    1.107843178e-01    1.681526198e-01    1.844462078e-01    1.550604169e-01    8.639880816e-02   -5.391284395e-03   -9.822129933e-02   -1.694481584e-01   -2.014813461e-01   -1.861854128e-01   -1.269568294e-01   -3.794417905e-02    5.939574568e-02    1.415422941e-01    1.886443654e-01    1.893187539e-01    1.433363638e-01
   -1.455559466e-01   -6.512160631e-02    2.719573943e-02    1.116934964e-01    1.687354144e-01    1.842576360e-01    1.538078411e-01    8.409605974e-02   -8.354824060e-03   -1.011323218e-01   -1.714404575e-01   -2.017853657e-01   -1.843857136e-01   -1.231770998e-01   -3.289394720e-02    6.454257161e-02    1.454190940e-01    1.900496594e-01    1.875657450e-01    1.384946988e-01
   -1.454142642e-01   -6.463705427e-02    2.801427324e-02    1.125985796e-01    1.693071435e-01    1.840506134e-01    1.525333936e-01    8.177669782e-02   -1.131826248e-02   -1.040163314e-01   -1.733748866e-01   -2.020070770e-01   -1.824973675e-01   -1.193294147e-01   -2.782558137e-02    6.963590801e-02    1.491656207e-01    1.912653740e-01    1.856039696e-01    1.334806865e-01
   -1.452721403e-01   -6.415149022e-02    2.883276964e-02    1.134995177e-01    1.698677502e-01    1.838251380e-01    1.512372276e-01    7.944112835e-02   -1.428091611e-02   -1.068724870e-01   -1.752507470e-01   -2.021463645e-01   -1.805212931e-01   -1.154159886e-01   -2.274245846e-02    7.467187347e-02    1.527786399e-01    1.922903343e-01    1.834355683e-01    1.283003869e-01
   -1.451295754e-01   -6.366492027e-02    2.965120462e-02    1.143962612e-01    1.704171785e-01    1.835812101e-01    1.499194998e-01    7.708976080e-02   -1.724210096e-02   -1.096999549e-01   -1.770673606e-01   -2.022031477e-01   -1.784584527e-01   -1.114390747e-01   -1.764796619e-02    7.964662943e-02    1.562550325e-01    1.931235502e-01    1.810629060e-01    1.229600597e-01
   -1.449865698e-01   -6.317735057e-02    3.046955415e-02    1.152887607e-01    1.709553732e-01    1.833188319e-01    1.485803704e-01    7.472300808e-02   -2.020113273e-02   -1.124979094e-01   -1.788240697e-01   -2.021773807e-01   -1.763098526e-01   -1.074009639e-01   -1.254550086e-02    8.455638320e-02    1.595917965e-01    1.937642175e-01    1.784885686e-01    1.174661570e-01
   -1.448431241e-01   -6.268878724e-02    3.128779422e-02    1.161769672e-01    1.714822800e-01    1.830380078e-01    1.472200029e-01    7.234128648e-02   -2.315732698e-02   -1.152655325e-01   -1.805202375e-01   -2.020690528e-01   -1.740765422e-01   -1.033039835e-01   -7.438465056e-03    8.939739082e-02    1.627860500e-01    1.942117188e-01    1.757153606e-01    1.118253154e-01
   -1.446992386e-01   -6.219923646e-02    3.210590082e-02    1.170608318e-01    1.719978453e-01    1.827387442e-01    1.458385639e-01    6.994501555e-02   -2.610999932e-02   -1.180020146e-01   -1.821552482e-01   -2.018781882e-01   -1.717596137e-01   -9.915049584e-02   -2.330265363e-03    9.416595996e-02    1.658350339e-01    1.944656240e-01    1.727463024e-01    1.060443480e-01
   -1.445549138e-01   -6.170870439e-02    3.292384993e-02    1.179403056e-01    1.725020165e-01    1.824210494e-01    1.444362235e-01    6.753461805e-02   -2.905846554e-02   -1.207065545e-01   -1.837285076e-01   -2.016048460e-01   -1.693602015e-01   -9.494289671e-02    2.775689917e-03    9.885845276e-02    1.687361139e-01    1.945256909e-01    1.695846263e-01    1.001302366e-01
   -1.444101501e-01   -6.121719721e-02    3.374161753e-02    1.188153404e-01    1.729947419e-01    1.820849341e-01    1.430131550e-01    6.511051989e-02   -3.200204184e-02   -1.233783600e-01   -1.852394427e-01   -2.012491206e-01   -1.668794816e-01   -9.068361430e-02    7.875993049e-03    1.034712886e-01    1.714867829e-01    1.943918652e-01    1.662337738e-01    9.409012251e-02
   -1.442649480e-01   -6.072472111e-02    3.455917961e-02    1.196858876e-01    1.734759705e-01    1.817304107e-01    1.415695352e-01    6.267314999e-02   -3.494004493e-02   -1.260166475e-01   -1.866875025e-01   -2.008111410e-01   -1.643186711e-01   -8.637510756e-02    1.296723916e-02    1.080009471e-01    1.740846637e-01    1.940642809e-01    1.626973912e-01    8.793129873e-02
   -1.441193079e-01   -6.023128231e-02    3.537651216e-02    1.205518994e-01    1.739456524e-01    1.813574940e-01    1.401055437e-01    6.022294024e-02   -3.787179225e-02   -1.286206429e-01   -1.880721581e-01   -2.002910714e-01   -1.616790275e-01   -8.201986491e-02    1.804602853e-02    1.124439702e-01    1.765275104e-01    1.935432601e-01    1.589793262e-01    8.166120075e-02
   -1.439732302e-01   -5.973688703e-02    3.619359115e-02    1.214133277e-01    1.744037385e-01    1.809662007e-01    1.386213636e-01    5.776032540e-02   -4.079660210e-02   -1.311895817e-01   -1.893929025e-01   -1.996891108e-01   -1.589618484e-01   -7.762040272e-02    2.310896886e-02    1.167969658e-01    1.788132107e-01    1.928293125e-01    1.550836235e-01    7.528739772e-02
   -1.438267154e-01   -5.924154149e-02    3.701039259e-02    1.222701250e-01    1.748501803e-01    1.805565494e-01    1.371171812e-01    5.528574304e-02   -4.371379385e-02   -1.337227087e-01   -1.906492514e-01   -1.990054932e-01   -1.561684704e-01   -7.317926389e-02    2.815267759e-02    1.210566093e-01    1.809397880e-01    1.919231353e-01    1.510145205e-01    6.881758335e-02
   -1.436797640e-01   -5.874525195e-02    3.782689248e-02    1.231222438e-01    1.752849307e-01    1.801285611e-01    1.355931857e-01    5.279963343e-02   -4.662268808e-02   -1.362192791e-01   -1.918407430e-01   -1.982404870e-01   -1.533002690e-01   -6.869901635e-02    3.317378411e-02    1.252196471e-01    1.829054025e-01    1.908256124e-01    1.467764426e-01    6.225956662e-02
   -1.435323763e-01   -5.824802465e-02    3.864306680e-02    1.239696369e-01    1.757079430e-01    1.796822586e-01    1.340495696e-01    5.030243947e-02   -4.952260675e-02   -1.386785581e-01   -1.929669381e-01   -1.973943956e-01   -1.503586572e-01   -6.418225160e-02    3.816893213e-02    1.292828985e-01    1.847083535e-01    1.895378134e-01    1.423739986e-01    5.562126238e-02
   -1.433845529e-01   -5.774986586e-02    3.945889157e-02    1.248122573e-01    1.761191718e-01    1.792176668e-01    1.324865286e-01    4.779460657e-02   -5.241287337e-02   -1.410998211e-01   -1.940274208e-01   -1.964675569e-01   -1.473450857e-01   -5.963158321e-02    4.313478183e-02    1.332432585e-01    1.863470806e-01    1.880609929e-01    1.378119756e-01    4.891068186e-02
   -1.432362941e-01   -5.725078188e-02    4.027434279e-02    1.256500582e-01    1.765185723e-01    1.787348127e-01    1.309042613e-01    4.527658264e-02   -5.529281317e-02   -1.434823545e-01   -1.950217981e-01   -1.954603431e-01   -1.442610415e-01   -5.504964525e-02    4.806801219e-02    1.370977000e-01    1.878201650e-01    1.863965890e-01    1.330953339e-01    4.213592294e-02
   -1.430876005e-01   -5.675077898e-02    4.108939648e-02    1.264829932e-01    1.769061008e-01    1.782337255e-01    1.293029693e-01    4.274881793e-02   -5.816175327e-02   -1.458254554e-01   -1.959497003e-01   -1.943731609e-01   -1.411080472e-01   -5.043909081e-02    5.296532320e-02    1.408432761e-01    1.891263309e-01    1.845462223e-01    1.282292015e-01    3.530516051e-02
   -1.429384725e-01   -5.624986348e-02    4.190402868e-02    1.273110158e-01    1.772817143e-01    1.777144361e-01    1.276828573e-01    4.021176497e-02   -6.101902285e-02   -1.481284320e-01   -1.968107812e-01   -1.932064508e-01   -1.378876609e-01   -4.580259044e-02    5.782343809e-02    1.444771227e-01    1.902644466e-01    1.825116940e-01    1.232188687e-01    2.842663650e-02
   -1.427889105e-01   -5.574804169e-02    4.271821540e-02    1.281340800e-01    1.776453708e-01    1.771769777e-01    1.260441330e-01    3.766587849e-02   -6.386395330e-02   -1.503906037e-01   -1.976047182e-01   -1.919606878e-01   -1.346014746e-01   -4.114283059e-02    6.263910552e-02    1.479964604e-01    1.912335256e-01    1.802949842e-01    1.180697824e-01    2.150865006e-02
   -1.426389149e-01   -5.524531993e-02    4.353193269e-02    1.289521399e-01    1.779970295e-01    1.766213854e-01    1.243870071e-01    3.511161534e-02   -6.669587841e-02   -1.526113016e-01   -1.983312124e-01   -1.906363801e-01   -1.312511139e-01   -3.646251206e-02    6.740910182e-02    1.513985968e-01    1.920327272e-01    1.778982505e-01    1.127875400e-01    1.455954751e-02
   -1.424884864e-01   -5.474170455e-02    4.434515660e-02    1.297651501e-01    1.783366500e-01    1.760476966e-01    1.227116931e-01    3.254943436e-02   -6.951413449e-02   -1.547898683e-01   -1.989899885e-01   -1.892340699e-01   -1.278382372e-01   -3.176434842e-02    7.213023312e-02    1.546809285e-01    1.926613578e-01    1.753238253e-01    1.073778834e-01    7.587712271e-03
   -1.423376252e-01   -5.423720190e-02    4.515786318e-02    1.305730649e-01    1.786641931e-01    1.754559505e-01    1.210184074e-01    2.997979633e-02   -7.231806060e-02   -1.569256585e-01   -1.995807955e-01   -1.877543327e-01   -1.243645346e-01   -2.705106441e-02    7.679933753e-02    1.578409433e-01    1.931188709e-01    1.725742137e-01    1.018466930e-01    6.015548024e-04
   -1.421863318e-01   -5.373181833e-02    4.597002852e-02    1.313758395e-01    1.789796206e-01    1.748461883e-01    1.193073693e-01    2.740316390e-02   -7.510699866e-02   -1.590180390e-01   -2.001034063e-01   -1.861977771e-01   -1.208317274e-01   -2.232539438e-02    8.141328730e-02    1.608762218e-01    1.934048679e-01    1.696520914e-01    9.619998113e-02   -6.390497554e-03
   -1.420346068e-01   -5.322556023e-02    4.678162868e-02    1.321734288e-01    1.792828951e-01    1.742184535e-01    1.175788009e-01    2.482000142e-02   -7.788029364e-02   -1.610663888e-01   -2.005576179e-01   -1.845650446e-01   -1.172415671e-01   -1.759008068e-02    8.596899088e-02    1.637844397e-01    1.935190988e-01    1.665603020e-01    9.044388543e-02   -1.338001073e-02
   -1.418824506e-01   -5.271843398e-02    4.759263977e-02    1.329657882e-01    1.795739802e-01    1.735727912e-01    1.158329272e-01    2.223077495e-02   -8.063729372e-02   -1.630700997e-01   -2.009432516e-01   -1.828568093e-01   -1.135958342e-01   -1.284787207e-02    9.046339506e-02    1.665633694e-01    1.934614618e-01    1.633018541e-01    8.458466247e-02   -2.035855408e-02
   -1.417298636e-01   -5.221044598e-02    4.840303788e-02    1.337528733e-01    1.798528402e-01    1.729092491e-01    1.140699759e-01    1.963595209e-02   -8.337735045e-02   -1.650285759e-01   -2.012601530e-01   -1.810737778e-01   -1.098963381e-01   -8.101522074e-03    9.489348701e-02    1.692108816e-01    1.932320039e-01    1.598799183e-01    7.862868079e-02   -2.731771056e-02
   -1.415768463e-01   -5.170160262e-02    4.921279913e-02    1.345346401e-01    1.801194407e-01    1.722278763e-01    1.122901774e-01    1.703600192e-02   -8.609981890e-02   -1.669412347e-01   -2.015081923e-01   -1.792166888e-01   -1.061449153e-01   -3.353787439e-03    9.925629633e-02    1.717249473e-01    1.928309206e-01    1.562978245e-01    7.258241404e-02   -3.424908687e-02
   -1.414233992e-01   -5.119191034e-02    5.002189966e-02    1.353110445e-01    1.803737480e-01    1.715287243e-01    1.104937647e-01    1.443139495e-02   -8.880405783e-02   -1.688075064e-01   -2.016872638e-01   -1.772863128e-01   -1.023434294e-01    1.392573533e-03    1.035488971e-01    1.741036389e-01    1.922585563e-01    1.525590586e-01    6.645243397e-02   -4.114432357e-02
   -1.412695227e-01   -5.068137555e-02    5.083031561e-02    1.360820430e-01    1.806157294e-01    1.708118466e-01    1.086809737e-01    1.182260294e-02   -9.148942986e-02   -1.706268347e-01   -2.017972865e-01   -1.752834516e-01   -9.849376915e-02    6.134802576e-03    1.077684097e-01    1.763451324e-01    1.915154030e-01    1.486672589e-01    6.024540325e-02   -4.799510515e-02
   -1.411152173e-01   -5.017000471e-02    5.163802314e-02    1.368475922e-01    1.808453531e-01    1.700772985e-01    1.068520428e-01    9.210098883e-03   -9.415530163e-02   -1.723986765e-01   -2.018382041e-01   -1.732089383e-01   -9.459784849e-02    1.087014308e-02    1.119120030e-01    1.784477080e-01    1.906021012e-01    1.446262128e-01    5.396806831e-02   -5.479317006e-02
   -1.409604835e-01   -4.965780426e-02    5.244499844e-02    1.376076490e-01    1.810625883e-01    1.693251375e-01    1.050072130e-01    6.594356894e-03   -9.680104391e-02   -1.741225026e-01   -2.018099846e-01   -1.710636370e-01   -9.065760498e-02    1.559584169e-02    1.159768962e-01    1.804097521e-01    1.895194382e-01    1.404398529e-01    4.762725197e-02   -6.153032066e-02
   -1.408053217e-01   -4.914478066e-02    5.325121769e-02    1.383621704e-01    1.812674053e-01    1.685554230e-01    1.031467278e-01    3.975852101e-03   -9.942603184e-02   -1.757977974e-01   -2.017126208e-01   -1.688484419e-01   -8.667499905e-02    2.030914995e-02    1.199603605e-01    1.822297582e-01    1.882683482e-01    1.361122535e-01    4.122984606e-02   -6.819843316e-02
   -1.406497324e-01   -4.863094038e-02    5.405665710e-02    1.391111140e-01    1.814597750e-01    1.677682163e-01    1.012708333e-01    1.355060569e-03   -1.020296450e-01   -1.774240592e-01   -2.015461302e-01   -1.665642774e-01   -8.265201298e-02    2.500732587e-02    1.238597214e-01    1.839063284e-01    1.868499113e-01    1.316476266e-01    3.478280392e-02   -7.478946732e-02
   -1.404937161e-01   -4.811628992e-02    5.486129291e-02    1.398544374e-01    1.816396695e-01    1.669635809e-01    9.937977815e-02   -1.267540797e-03   -1.046112676e-01   -1.790008007e-01   -2.013105547e-01   -1.642120979e-01   -7.859064994e-02    2.968763559e-02    1.276723600e-01    1.854381741e-01    1.852653526e-01    1.270503174e-01    2.829313287e-02   -8.129547623e-02
   -1.403372732e-01   -4.760083575e-02    5.566510135e-02    1.405920985e-01    1.818070618e-01    1.661415821e-01    9.747381336e-02   -3.891474345e-03   -1.071702888e-01   -1.805275485e-01   -2.010059612e-01   -1.617928868e-01   -7.449293295e-02    3.434735493e-02    1.313957151e-01    1.868241173e-01    1.835160409e-01    1.223248007e-01    2.176788658e-02   -8.770861585e-02
   -1.401804043e-01   -4.708458439e-02    5.646805871e-02    1.413240556e-01    1.819619259e-01    1.653022871e-01    9.555319235e-02   -6.516261765e-03   -1.097061024e-01   -1.820038439e-01   -2.006324408e-01   -1.593076566e-01   -7.036090390e-02    3.898377100e-02    1.350272851e-01    1.880630915e-01    1.816034880e-01    1.174756761e-01    1.521415744e-02   -9.402115451e-02
   -1.400231098e-01   -4.656754236e-02    5.727014125e-02    1.420502671e-01    1.821042367e-01    1.644457654e-01    9.361817097e-02   -9.141424187e-03   -1.122181075e-01   -1.834292426e-01   -2.001901097e-01   -1.567574480e-01   -6.619662251e-02    4.359418383e-02    1.385646291e-01    1.891541424e-01    1.795293471e-01    1.125076639e-01    8.639068822e-03   -1.002254822e-01
   -1.398653902e-01   -4.604971617e-02    5.807132530e-02    1.427706918e-01    1.822339701e-01    1.635720880e-01    9.166900738e-02   -1.176648227e-02   -1.147057084e-01   -1.848033151e-01   -1.996791082e-01   -1.541433302e-01   -6.200216533e-02    4.817590790e-02    1.420053691e-01    1.900964288e-01    1.772954116e-01    1.074256001e-01    2.049767368e-03   -1.063141197e-01
   -1.397072459e-01   -4.553111235e-02    5.887158717e-02    1.434852887e-01    1.823511029e-01    1.626813283e-01    8.970596207e-02   -1.439095630e-02   -1.171683149e-01   -1.861256466e-01   -1.990996017e-01   -1.514663997e-01   -5.777962465e-02    5.272627377e-02    1.453471916e-01    1.908892234e-01    1.749036134e-01    1.022344320e-01   -4.546584788e-03   -1.122797277e-01
   -1.395486775e-01   -4.501173747e-02    5.967090321e-02    1.441940171e-01    1.824556130e-01    1.617735613e-01    8.772929777e-02   -1.701436628e-02   -1.196053421e-01   -1.873958375e-01   -1.984517796e-01   -1.487277802e-01   -5.353110749e-02    5.724262960e-02    1.485878488e-01    1.915319129e-01    1.723560212e-01    9.693921357e-02   -1.114281780e-02   -1.181151158e-01
   -1.393896854e-01   -4.449159806e-02    6.046924980e-02    1.448968366e-01    1.825474792e-01    1.608488640e-01    8.573927946e-02   -1.963623202e-02   -1.220162110e-01   -1.886135032e-01   -1.977358560e-01   -1.459286221e-01   -4.925873452e-02    6.172234276e-02    1.517251606e-01    1.920239990e-01    1.696548390e-01    9.154509997e-02   -1.773176189e-02   -1.238132506e-01
   -1.392302701e-01   -4.397070070e-02    6.126660334e-02    1.455937072e-01    1.826266811e-01    1.599073154e-01    8.373617431e-02   -2.225607323e-02   -1.244003483e-01   -1.897782742e-01   -1.969520695e-01   -1.430701022e-01   -4.496463903e-02    6.616280133e-02    1.547570156e-01    1.923650987e-01    1.668024040e-01    8.605734305e-02   -2.430625516e-02   -1.293672649e-01
   -1.390704321e-01   -4.344905196e-02    6.206294023e-02    1.462845889e-01    1.826931997e-01    1.589489965e-01    8.172025161e-02   -2.487340962e-02   -1.267571869e-01   -1.908897966e-01   -1.961006828e-01   -1.401534228e-01   -4.065096582e-02    7.056141566e-02    1.576813730e-01    1.925549443e-01    1.638011847e-01    8.048128605e-02   -3.085915136e-02   -1.347704657e-01
   -1.389101719e-01   -4.292665842e-02    6.285823692e-02    1.469694422e-01    1.827470165e-01    1.579739900e-01    7.969178281e-02   -2.748776101e-02   -1.290861655e-01   -1.919477318e-01   -1.951819829e-01   -1.371798115e-01   -3.631987014e-02    7.491561991e-02    1.604962637e-01    1.925933841e-01    1.606537785e-01    7.482235844e-02   -3.738332767e-02   -1.400163420e-01
   -1.387494899e-01   -4.240352668e-02    6.365246989e-02    1.476482278e-01    1.827881143e-01    1.569823806e-01    7.765104140e-02   -3.009864737e-02   -1.313867292e-01   -1.929517568e-01   -1.941962811e-01   -1.341505204e-01   -3.197351663e-02    7.922287352e-02    1.631997916e-01    1.924803822e-01    1.573629101e-01    6.908607061e-02   -4.387169243e-02   -1.450985730e-01
   -1.385883867e-01   -4.187966334e-02    6.444561562e-02    1.483209068e-01    1.828164767e-01    1.559742550e-01    7.559830291e-02   -3.270558898e-02   -1.336583297e-01   -1.939015644e-01   -1.931439126e-01   -1.310668262e-01   -2.761407817e-02    8.348066276e-02    1.657901354e-01    1.922160188e-01    1.539314284e-01    6.327800855e-02   -5.031719288e-02   -1.500110359e-01
   -1.384268627e-01   -4.135507502e-02    6.523765063e-02    1.489874405e-01    1.828320884e-01    1.549497015e-01    7.353384487e-02   -3.530810647e-02   -1.359004248e-01   -1.947968631e-01   -1.920252366e-01   -1.279300288e-01   -2.324373487e-02    8.768650217e-02    1.682655490e-01    1.918004899e-01    1.503623046e-01    5.740382841e-02   -5.671282277e-02   -1.547478126e-01
   -1.382649185e-01   -4.082976834e-02    6.602855148e-02    1.496477905e-01    1.828349350e-01    1.539088105e-01    7.145794673e-02   -3.790572093e-02   -1.381124795e-01   -1.956373772e-01   -1.908406360e-01   -1.247414514e-01   -1.886467288e-02    9.183793601e-02    1.706243636e-01    1.912341073e-01    1.466586295e-01    5.146925097e-02   -6.305163006e-02   -1.593031976e-01
   -1.381025545e-01   -4.030374993e-02    6.681829473e-02    1.503019187e-01    1.828250032e-01    1.528516743e-01    6.937088990e-02   -4.049795404e-02   -1.402939652e-01   -1.964228472e-01   -1.895905176e-01   -1.215024397e-01   -1.447908339e-02    9.593253979e-02    1.728649882e-01    1.905172985e-01    1.428236105e-01    4.548005612e-02   -6.932672441e-02   -1.636717043e-01
   -1.379397712e-01   -3.977702643e-02    6.760685699e-02    1.509497873e-01    1.828022804e-01    1.517783869e-01    6.727295762e-02   -4.308432811e-02   -1.424443604e-01   -1.971530295e-01   -1.882753117e-01   -1.182143614e-01   -1.008916144e-02    9.996792160e-02    1.749859110e-01    1.896506064e-01    1.388605696e-01    3.944207720e-02   -7.553128473e-02   -1.678480722e-01
   -1.377765691e-01   -3.924960449e-02    6.839421490e-02    1.515913589e-01    1.827667555e-01    1.506890442e-01    6.516443497e-02   -4.566436619e-02   -1.445631507e-01   -1.978276966e-01   -1.868954720e-01   -1.148786054e-01   -5.697104860e-03    1.039417236e-01    1.769857002e-01    1.886346884e-01    1.347729396e-01    3.336119533e-02   -8.165856656e-02   -1.718272725e-01
   -1.376129487e-01   -3.872149078e-02    6.918034510e-02    1.522265961e-01    1.827184178e-01    1.495837439e-01    6.304560882e-02   -4.823759217e-02   -1.466498288e-01   -1.984466374e-01   -1.854514754e-01   -1.114965817e-01   -1.305113150e-03    1.078516234e-01    1.788630054e-01    1.874703168e-01    1.305642619e-01    2.724333369e-02   -8.770190944e-02   -1.756045149e-01
   -1.374489105e-01   -3.819269196e-02    6.996522430e-02    1.528554623e-01    1.826572580e-01    1.484625857e-01    6.091676778e-02   -5.080353089e-02   -1.487038949e-01   -1.990096570e-01   -1.839438221e-01   -1.080697203e-01    3.084613629e-03    1.116953353e-01    1.806165579e-01    1.861583775e-01    1.262381830e-01    2.109445175e-02   -9.365474414e-02   -1.791752530e-01
   -1.372844550e-01   -3.766321471e-02    7.074882923e-02    1.534779207e-01    1.825832676e-01    1.473256709e-01    5.877820216e-02   -5.336170820e-02   -1.507248565e-01   -1.995165769e-01   -1.823730350e-01   -1.045994707e-01    7.469875963e-03    1.154706119e-01    1.822451724e-01    1.846998697e-01    1.217984516e-01    1.492053948e-02   -9.951059981e-02   -1.825351899e-01
   -1.371195827e-01   -3.713306572e-02    7.153113662e-02    1.540939351e-01    1.824964391e-01    1.461731026e-01    5.663020392e-02   -5.591165105e-02   -1.527122288e-01   -1.999672351e-01   -1.807396601e-01   -1.010873017e-01    1.184847600e-02    1.191752453e-01    1.837477471e-01    1.830959049e-01    1.172489153e-01    8.727611479e-03   -1.052631110e-01   -1.856802833e-01
   -1.369542941e-01   -3.660225167e-02    7.231212328e-02    1.547034695e-01    1.823967662e-01    1.450049860e-01    5.447306666e-02   -5.845288764e-02   -1.546655347e-01   -2.003614858e-01   -1.790442656e-01   -9.753470012e-02    1.621821865e-02    1.228070682e-01    1.851232646e-01    1.813477063e-01    1.125935170e-01    2.521701164e-03   -1.109060248e-01   -1.886067504e-01
   -1.367885897e-01   -3.607077929e-02    7.309176601e-02    1.553064884e-01    1.822842433e-01    1.438214277e-01    5.230708553e-02   -6.098494743e-02   -1.565843047e-01   -2.006992002e-01   -1.772874425e-01   -9.394317075e-02    2.057691271e-02    1.263639556e-01    1.863707931e-01    1.794566080e-01    1.078362920e-01   -3.691145146e-03   -1.164332071e-01   -1.913110727e-01
   -1.366224700e-01   -3.553865528e-02    7.387004169e-02    1.559029563e-01    1.821588659e-01    1.426225363e-01    5.013255721e-02   -6.350736131e-02   -1.584680776e-01   -2.009802656e-01   -1.754698036e-01   -9.031423534e-02    2.492237195e-02    1.298438256e-01    1.874894864e-01    1.774240536e-01    1.029813642e-01   -9.904874107e-03   -1.218386499e-01   -1.937899998e-01
   -1.364559355e-01   -3.500588636e-02    7.464692718e-02    1.564928382e-01    1.820206306e-01    1.414084220e-01    4.794977989e-02   -6.601966162e-02   -1.603164001e-01   -2.012045863e-01   -1.735919839e-01   -8.664943213e-02    2.925241625e-02    1.332446410e-01    1.884785849e-01    1.752515954e-01    9.803294233e-02   -1.611343125e-02   -1.271164776e-01   -1.960405538e-01
   -1.362889867e-01   -3.447247926e-02    7.542239942e-02    1.570760995e-01    1.818695348e-01    1.401791970e-01    4.575905317e-02   -6.852138232e-02   -1.621288270e-01   -2.013720832e-01   -1.716546400e-01   -8.295031513e-02    3.356487266e-02    1.365644105e-01    1.893374159e-01    1.729408930e-01    9.299531688e-02   -2.231076689e-02   -1.322609534e-01   -1.980600324e-01
   -1.361216242e-01   -3.393844072e-02    7.619643536e-02    1.576527058e-01    1.817055771e-01    1.389349750e-01    4.356067806e-02   -7.101205899e-02   -1.639049216e-01   -2.014826937e-01   -1.696584504e-01   -7.921845349e-02    3.785757654e-02    1.398011896e-01    1.900653944e-01    1.704937125e-01    8.787285590e-02   -2.849084201e-02   -1.372664852e-01   -1.998460128e-01
   -1.359538484e-01   -3.340377748e-02    7.696901200e-02    1.582226230e-01    1.815287569e-01    1.376758714e-01    4.135495693e-02   -7.349122900e-02   -1.656442554e-01   -2.015363722e-01   -1.676041144e-01   -7.545543081e-02    4.212837264e-02    1.429530818e-01    1.906620231e-01    1.679119247e-01    8.267000140e-02   -3.464763416e-02   -1.421276325e-01   -2.013963539e-01
   -1.357856598e-01   -3.286849631e-02    7.774010637e-02    1.587858173e-01    1.813390748e-01    1.364020037e-01    3.914219346e-02   -7.595843158e-02   -1.673464085e-01   -2.015330898e-01   -1.654923526e-01   -7.166284448e-02    4.637511617e-02    1.460182401e-01    1.911268931e-01    1.651975037e-01    7.739126550e-02   -4.077514333e-02   -1.468391115e-01   -2.027091995e-01
   -1.356170589e-01   -3.233260397e-02    7.850969554e-02    1.593422554e-01    1.811365323e-01    1.351134905e-01    3.692269257e-02   -7.841320787e-02   -1.690109696e-01   -2.014728342e-01   -1.633239066e-01   -6.784230497e-02    5.059567392e-02    1.489948676e-01    1.914596840e-01    1.623525258e-01    7.204122649e-02   -4.686739781e-02   -1.513958014e-01   -2.037829802e-01
   -1.354480464e-01   -3.179610722e-02    7.927775662e-02    1.598919042e-01    1.809211317e-01    1.338104527e-01    3.469676042e-02   -8.085510107e-02   -1.706375362e-01   -2.013556100e-01   -1.610995381e-01   -6.399543521e-02    5.478792534e-02    1.518812189e-01    1.916601641e-01    1.593791676e-01    6.662452491e-02   -5.291846000e-02   -1.557927498e-01   -2.046164154e-01
   -1.352786226e-01   -3.125901284e-02    8.004426674e-02    1.604347308e-01    1.806928767e-01    1.324930123e-01    3.246470434e-02   -8.328365649e-02   -1.722257146e-01   -2.011814386e-01   -1.588200295e-01   -6.012386982e-02    5.894976359e-02    1.546756012e-01    1.917281908e-01    1.562797043e-01    6.114585946e-02   -5.892243220e-02   -1.600251778e-01   -2.052085149e-01
   -1.351087881e-01   -3.072132763e-02    8.080920311e-02    1.609707029e-01    1.804517716e-01    1.311612935e-01    3.022683279e-02   -8.569842163e-02   -1.737751201e-01   -2.009503584e-01   -1.564861830e-01   -5.622925445e-02    6.307909661e-02    1.573763748e-01    1.916637106e-01    1.530565083e-01    5.560998301e-02   -6.487346238e-02   -1.640884858e-01   -2.055585798e-01
   -1.349385433e-01   -3.018305838e-02    8.157254293e-02    1.614997884e-01    1.801978219e-01    1.298154218e-01    2.798345530e-02   -8.809894633e-02   -1.752853767e-01   -2.006624241e-01   -1.540988206e-01   -5.231324509e-02    6.717384822e-02    1.599819547e-01    1.914667591e-01    1.497120471e-01    5.002169841e-02   -7.076574990e-02   -1.679782583e-01   -2.056662039e-01
   -1.347678890e-01   -2.964421188e-02    8.233426348e-02    1.620219555e-01    1.799310342e-01    1.284555244e-01    2.573488245e-02   -9.048478279e-02   -1.767561180e-01   -2.003177077e-01   -1.516587837e-01   -4.837750733e-02    7.123195913e-02    1.624908112e-01    1.911374610e-01    1.462488813e-01    4.438585436e-02   -7.659355115e-02   -1.716902681e-01   -2.055312736e-01
   -1.345968254e-01   -2.910479496e-02    8.309434206e-02    1.625371728e-01    1.796514158e-01    1.270817302e-01    2.348142581e-02   -9.285548569e-02   -1.781869866e-01   -1.999162977e-01   -1.491669328e-01   -4.442371565e-02    7.525138800e-02    1.649014707e-01    1.906760301e-01    1.426696633e-01    3.870734120e-02   -8.235118515e-02   -1.752204821e-01   -2.051539685e-01
   -1.344253532e-01   -2.856481443e-02    8.385275603e-02    1.630454092e-01    1.793589753e-01    1.256941696e-01    2.122339789e-02   -9.521061227e-02   -1.795776342e-01   -1.994582993e-01   -1.466241473e-01   -4.045355276e-02    7.923011249e-02    1.672125172e-01    1.900827692e-01    1.389771344e-01    3.299108666e-02   -8.803303913e-02   -1.785650645e-01   -2.045347608e-01
   -1.342534729e-01   -2.802427710e-02    8.460948277e-02    1.635466338e-01    1.790537220e-01    1.242929747e-01    1.896111210e-02   -9.754972244e-02   -1.809277224e-01   -1.989438348e-01   -1.440313253e-01   -3.646870879e-02    8.316613027e-02    1.694225922e-01    1.893580699e-01    1.351741235e-01    2.724205159e-02   -9.363357398e-02   -1.817203819e-01   -2.036744151e-01
   -1.340811850e-01   -2.748318983e-02    8.536449973e-02    1.640408164e-01    1.787356665e-01    1.228782793e-01    1.669488270e-02   -9.987237883e-02   -1.822369218e-01   -1.983730427e-01   -1.413893828e-01   -3.247088063e-02    8.705746006e-02    1.715303963e-01    1.885024121e-01    1.312635444e-01    2.146522566e-02   -9.914732968e-02   -1.846830065e-01   -2.025739871e-01
   -1.339084900e-01   -2.694155944e-02    8.611778437e-02    1.645279268e-01    1.784048201e-01    1.214502184e-01    1.442502476e-02   -1.021781469e-01   -1.835049130e-01   -1.977460787e-01   -1.386992539e-01   -2.846177119e-02    9.090214259e-02    1.735346898e-01    1.875163643e-01    1.272483937e-01    1.566562301e-02   -1.045689306e-01   -1.874497205e-01   -2.012348228e-01
   -1.337353885e-01   -2.639939279e-02    8.686931422e-02    1.650079353e-01    1.780611953e-01    1.200089288e-01    1.215185410e-02   -1.044665950e-01   -1.847313858e-01   -1.970631146e-01   -1.359618902e-01   -2.444308867e-02    9.469824167e-02    1.754342930e-01    1.864005825e-01    1.231317488e-01    9.848277909e-03   -1.098930909e-01   -1.900175194e-01   -1.996585563e-01
   -1.335618809e-01   -2.585669672e-02    8.761906686e-02    1.654808125e-01    1.777048056e-01    1.185545489e-01    9.875687258e-03   -1.067372945e-01   -1.859160402e-01   -1.963243393e-01   -1.331782607e-01   -2.041654580e-02    9.844384511e-02    1.772280874e-01    1.851558103e-01    1.189167651e-01    4.018240398e-03   -1.151146193e-01   -1.923836149e-01   -1.978471082e-01
   -1.333879678e-01   -2.531347811e-02    8.836701989e-02    1.659465293e-01    1.773356652e-01    1.170872184e-01    7.596841448e-03   -1.089898199e-01   -1.870585858e-01   -1.955299579e-01   -1.303493511e-01   -1.638385915e-02    1.021370657e-01    1.789150165e-01    1.837828784e-01    1.146066741e-01   -1.819428123e-03   -1.202284248e-01   -1.945454385e-01   -1.958026834e-01
   -1.332136498e-01   -2.476974381e-02    8.911315097e-02    1.664050571e-01    1.769537898e-01    1.156070788e-01    5.315634486e-03   -1.112237488e-01   -1.881587420e-01   -1.946801922e-01   -1.274761636e-01   -1.234674836e-02    1.057760423e-01    1.804940858e-01    1.822827035e-01    1.102047803e-01   -7.659659277e-03   -1.252295209e-01   -1.965006440e-01   -1.935277679e-01
   -1.330389273e-01   -2.422550070e-02    8.985743782e-02    1.668563675e-01    1.765591956e-01    1.141142729e-01    3.032384765e-03   -1.134386619e-01   -1.892162384e-01   -1.937752802e-01   -1.245597167e-01   -8.306935424e-03    1.093589405e-01    1.819643638e-01    1.806562885e-01    1.057144592e-01   -1.349738212e-02   -1.301130311e-01   -1.982471101e-01   -1.910251263e-01
   -1.328638009e-01   -2.368075567e-02    9.059985818e-02    1.673004325e-01    1.761519000e-01    1.126089449e-01    7.474112031e-04   -1.156341435e-01   -1.902308145e-01   -1.928154766e-01   -1.216010449e-01   -4.266143921e-03    1.128839539e-01    1.833249826e-01    1.789047213e-01    1.011391547e-01   -1.932752753e-02   -1.348741933e-01   -1.997829429e-01   -1.882977985e-01
   -1.326882711e-01   -2.313551561e-02    9.134038987e-02    1.677372244e-01    1.757319215e-01    1.110912406e-01   -1.538966807e-03   -1.178097813e-01   -1.912022199e-01   -1.918010521e-01   -1.186011977e-01   -2.260983057e-04    1.163493047e-01    1.845751385e-01    1.770291742e-01    9.648237591e-02   -2.514503265e-02   -1.395083647e-01   -2.011064775e-01   -1.853490954e-01
   -1.325123385e-01   -2.258978741e-02    9.207901073e-02    1.681667160e-01    1.752992793e-01    1.095613073e-01   -3.826429444e-03   -1.199651662e-01   -1.921302144e-01   -1.907322938e-01   -1.155612401e-01    3.811476849e-03    1.197532449e-01    1.857140921e-01    1.750309033e-01    9.174769517e-02   -3.094484525e-02   -1.440110262e-01   -2.022162804e-01   -1.821825956e-01
   -1.323360036e-01   -2.204357797e-02    9.281569866e-02    1.685888803e-01    1.748539939e-01    1.080192937e-01   -6.114656503e-03   -1.220998930e-01   -1.930145682e-01   -1.896095049e-01   -1.124822516e-01    7.844857592e-03    1.230940571e-01    1.867411690e-01    1.729112473e-01    8.693874486e-02   -3.672192814e-02   -1.483777866e-01   -2.031111509e-01   -1.788021407e-01
   -1.321592669e-01   -2.149689420e-02    9.355043162e-02    1.690036907e-01    1.743960865e-01    1.064653497e-01   -8.403327448e-03   -1.242135599e-01   -1.938550615e-01   -1.884330048e-01   -1.093653261e-01    1.187232133e-02    1.263700553e-01    1.876557603e-01    1.706716270e-01    8.205921478e-02   -4.247126355e-02   -1.526043875e-01   -2.037901220e-01   -1.752118308e-01
   -1.319821289e-01   -2.094974301e-02    9.428318762e-02    1.694111210e-01    1.739255795e-01    1.048996269e-01   -1.069212145e-02   -1.263057690e-01   -1.946514851e-01   -1.872031285e-01   -1.062115715e-01    1.589214759e-02    1.295795856e-01    1.884573228e-01    1.683135443e-01    7.711284928e-02   -4.818785747e-02   -1.566867068e-01   -2.042524620e-01   -1.714160195e-01
   -1.318045902e-01   -2.040213133e-02    9.501394469e-02    1.698111453e-01    1.734424963e-01    1.033222782e-01   -1.298071746e-02   -1.283761263e-01   -1.954036402e-01   -1.859202274e-01   -1.030221090e-01    1.990261872e-02    1.327210275e-01    1.891453794e-01    1.658385809e-01    7.210344443e-02   -5.386674405e-02   -1.606207633e-01   -2.044976751e-01   -1.674193085e-01
   -1.316266514e-01   -1.985406609e-02    9.574268096e-02    1.702037382e-01    1.729468610e-01    1.017334578e-01   -1.526879420e-02   -1.304242413e-01   -1.961113383e-01   -1.845846684e-01   -9.979807329e-02    2.390202066e-02    1.357927945e-01    1.897195196e-01    1.632483975e-01    6.703484506e-02   -5.950298985e-02   -1.644027200e-01   -2.045255019e-01   -1.632265423e-01
   -1.314483130e-01   -1.930555422e-02    9.646937458e-02    1.705888744e-01    1.724386989e-01    1.001333212e-01   -1.755603030e-02   -1.324497280e-01   -1.967744016e-01   -1.831968341e-01   -9.654061146e-02    2.788864369e-02    1.387933347e-01    1.901793992e-01    1.605447328e-01    6.191094183e-02   -6.509169818e-02   -1.680288885e-01   -2.043359197e-01   -1.588428022e-01
   -1.312695754e-01   -1.875660265e-02    9.719400376e-02    1.709665292e-01    1.719180363e-01    9.852202539e-02   -1.984210426e-02   -1.344522039e-01   -1.973926628e-01   -1.817571228e-01   -9.325088313e-02    3.186078314e-02    1.417211319e-01    1.905247412e-01    1.577294020e-01    5.673566827e-02   -7.062801337e-02   -1.714957321e-01   -2.039291428e-01   -1.542734001e-01
   -1.310904394e-01   -1.820721834e-02    9.791654676e-02    1.713366782e-01    1.713849004e-01    9.689972860e-02   -2.212669453e-02   -1.364312912e-01   -1.979659652e-01   -1.802659481e-01   -8.993005976e-02    3.581674012e-02    1.445747062e-01    1.907553354e-01    1.548042959e-01    5.151299772e-02   -7.610712494e-02   -1.747998696e-01   -2.033056217e-01   -1.495238723e-01
   -1.309109053e-01   -1.765740823e-02    9.863698191e-02    1.716992972e-01    1.708393194e-01    9.526659037e-02   -2.440947959e-02   -1.383866157e-01   -1.984941629e-01   -1.787237392e-01   -8.657932434e-02    3.975482228e-02    1.473526148e-01    1.908710389e-01    1.517713795e-01    4.624694030e-02   -8.152427185e-02   -1.779380784e-01   -2.024660432e-01   -1.445999725e-01
   -1.307309738e-01   -1.710717929e-02    9.935528759e-02    1.720543627e-01    1.702813224e-01    9.362277152e-02   -2.669013794e-02   -1.403178080e-01   -1.989771204e-01   -1.771309402e-01   -8.319987090e-02    4.367334455e-02    1.500534530e-01    1.908717762e-01    1.486326906e-01    4.094153986e-02   -8.687474660e-02   -1.809072977e-01   -2.014113293e-01   -1.395076651e-01
   -1.305506453e-01   -1.655653847e-02    1.000714422e-01    1.724018512e-01    1.697109395e-01    9.196843414e-02   -2.896834818e-02   -1.422245027e-01   -1.994147133e-01   -1.754880107e-01   -7.979290412e-02    4.757062980e-02    1.526758543e-01    1.907575391e-01    1.453903387e-01    3.560087080e-02   -9.215389936e-02   -1.837046317e-01   -2.001426366e-01   -1.342531179e-01
   -1.303699206e-01   -1.600549275e-02    1.007854243e-01    1.727417399e-01    1.691282020e-01    9.030374157e-02   -3.124378908e-02   -1.441063389e-01   -1.998068277e-01   -1.737954250e-01   -7.635963892e-02    5.144500966e-02    1.552184917e-01    1.905283865e-01    1.420465033e-01    3.022903502e-02   -9.735714201e-02   -1.863273520e-01   -1.986613543e-01   -1.288426945e-01
   -1.301888000e-01   -1.545404909e-02    1.014972123e-01    1.730740061e-01    1.685331417e-01    8.862885839e-02   -3.351613957e-02   -1.459629603e-01   -2.001533607e-01   -1.720536724e-01   -7.290129997e-02    5.529482515e-02    1.576800783e-01    1.901844451e-01    1.386034327e-01    2.483015871e-02   -1.024799521e-01   -1.887729009e-01   -1.969691037e-01   -1.232829471e-01
   -1.300072841e-01   -1.490221448e-02    1.022067850e-01    1.733986276e-01    1.679257918e-01    8.694395039e-02   -3.578507883e-02   -1.477940150e-01   -2.004542201e-01   -1.702632567e-01   -6.941912129e-02    5.911842746e-02    1.600593674e-01    1.897259085e-01    1.350634423e-01    1.940838924e-02   -1.075178769e-01   -1.910388932e-01   -1.950677355e-01   -1.175806077e-01
   -1.298253736e-01   -1.434999591e-02    1.029141209e-01    1.737155827e-01    1.673061863e-01    8.524918455e-02   -3.805028635e-02   -1.495991559e-01   -2.007093246e-01   -1.684246965e-01   -6.591434580e-02    6.291417864e-02    1.623551540e-01    1.891530378e-01    1.314289130e-01    1.396789188e-02   -1.124665372e-01   -1.931231191e-01   -1.929593284e-01   -1.117425811e-01
   -1.296430688e-01   -1.379740036e-02    1.036191987e-01    1.740248497e-01    1.666743600e-01    8.354472905e-02   -4.031144192e-02   -1.513780404e-01   -2.009186040e-01   -1.665385247e-01   -6.238822486e-02    6.668045230e-02    1.645662747e-01    1.884661610e-01    1.277022900e-01    8.512846715e-03   -1.173216310e-01   -1.950235462e-01   -1.906461867e-01   -1.057759353e-01
   -1.294603705e-01   -1.324443482e-02    1.043219973e-01    1.743264076e-01    1.660303489e-01    8.183075321e-02   -4.256822574e-02   -1.531303309e-01   -2.010819986e-01   -1.646052884e-01   -5.884201785e-02    7.041563433e-02    1.666916088e-01    1.876656729e-01    1.238860806e-01    3.047445323e-03   -1.220789375e-01   -1.967383213e-01   -1.881308377e-01   -9.968789416e-02
   -1.292772792e-01   -1.269110631e-02    1.050224955e-01    1.746202358e-01    1.653741899e-01    8.010742750e-02   -4.482031844e-02   -1.548556945e-01   -2.011994600e-01   -1.626255490e-01   -5.527699169e-02    7.411812359e-02    1.687300784e-01    1.867520352e-01    1.199828530e-01   -2.424112379e-03   -1.267343207e-01   -1.982657726e-01   -1.854160289e-01   -9.348582776e-02
   -1.290937953e-01   -1.213742182e-02    1.057206721e-01    1.749063138e-01    1.647059208e-01    7.837492352e-02   -4.706740111e-02   -1.565538031e-01   -2.012709506e-01   -1.605998817e-01   -5.169442039e-02    7.778633260e-02    1.706806495e-01    1.857257758e-01    1.159952342e-01   -7.897621394e-03   -1.312837329e-01   -1.996044110e-01   -1.825047252e-01   -8.717724394e-02
   -1.289099195e-01   -1.158338837e-02    1.064165062e-01    1.751846218e-01    1.640255802e-01    7.663341397e-02   -4.930915538e-02   -1.582243339e-01   -2.012964438e-01   -1.585288753e-01   -4.809558460e-02    8.141868825e-02    1.725423321e-01    1.845874888e-01    1.119259087e-01   -1.336887487e-02   -1.357232185e-01   -2.007529318e-01   -1.794001056e-01   -8.076977911e-02
   -1.287256524e-01   -1.102901296e-02    1.071099767e-01    1.754551400e-01    1.633332080e-01    7.488307264e-02   -5.154526346e-02   -1.598669688e-01   -2.012759240e-01   -1.564131326e-01   -4.448177117e-02    8.501363243e-02    1.743141809e-01    1.833378339e-01    1.077776161e-01   -1.883366736e-02   -1.400489168e-01   -2.017102157e-01   -1.761055597e-01   -7.427118903e-02
   -1.285409944e-01   -1.047430263e-02    1.078010628e-01    1.757178494e-01    1.626288448e-01    7.312407439e-02   -5.377540817e-02   -1.614813949e-01   -2.012093865e-01   -1.542532696e-01   -4.085427264e-02    8.856962277e-02    1.759952957e-01    1.819775366e-01    1.035531497e-01   -2.428779800e-02   -1.442570664e-01   -2.024753302e-01   -1.726246841e-01   -6.768933940e-02
   -1.283559461e-01   -9.919264395e-03    1.084897436e-01    1.759727310e-01    1.619125322e-01    7.135659514e-02   -5.599927302e-02   -1.630673045e-01   -2.010968377e-01   -1.520499155e-01   -3.721438680e-02    9.208513326e-02    1.775848220e-01    1.805073870e-01    9.925535444e-02   -2.972707383e-02   -1.483440076e-01   -2.030475306e-01   -1.689612785e-01   -6.103219637e-02
   -1.281705082e-01   -9.363905284e-03    1.091759982e-01    1.762197666e-01    1.611843126e-01    6.958081182e-02   -5.821654221e-02   -1.646243952e-01   -2.009382949e-01   -1.498037127e-01   -3.356341623e-02    9.555865494e-02    1.790819513e-01    1.789282398e-01    9.488712516e-02   -3.514731295e-02   -1.523061859e-01   -2.034262603e-01   -1.651193413e-01   -5.430781694e-02
   -1.279846811e-01   -8.808232332e-03    1.098598060e-01    1.764589379e-01    1.604442296e-01    6.779690238e-02   -6.042690071e-02   -1.661523697e-01   -2.007337865e-01   -1.475153164e-01   -2.990266783e-02    9.898869653e-02    1.804859217e-01    1.772410140e-01    9.045140442e-02   -4.054434776e-02   -1.561401551e-01   -2.036111516e-01   -1.611030656e-01   -4.752433915e-02
   -1.277984655e-01   -8.252252578e-03    1.105411464e-01    1.766902273e-01    1.596923276e-01    6.600504578e-02   -6.263003433e-02   -1.676509362e-01   -2.004833518e-01   -1.451853945e-01   -2.623345232e-02    1.023737851e-01    1.817960180e-01    1.754466918e-01    8.595118067e-02   -4.591402819e-02   -1.598425805e-01   -2.036020264e-01   -1.569168344e-01   -4.068997229e-02
   -1.276118619e-01   -7.695973063e-03    1.112199986e-01    1.769136176e-01    1.589286518e-01    6.420542193e-02   -6.482562970e-02   -1.691198082e-01   -2.001870413e-01   -1.428146275e-01   -2.255708382e-02    1.057124667e-01    1.830115725e-01    1.735463186e-01    8.138948619e-02   -5.125222486e-02   -1.634102414e-01   -2.033988958e-01   -1.525652160e-01   -3.381298697e-02
   -1.274248708e-01   -7.139400836e-03    1.118963422e-01    1.771290918e-01    1.581532486e-01    6.239821172e-02   -6.701337437e-02   -1.705587047e-01   -1.998449161e-01   -1.404037081e-01   -1.887487932e-02    1.090033071e-01    1.841319648e-01    1.715410020e-01    7.676939505e-02   -5.655483232e-02   -1.668400344e-01   -2.030019603e-01   -1.480529589e-01   -2.690170508e-02
   -1.272374929e-01   -6.582542946e-03    1.125701568e-01    1.773366334e-01    1.573661651e-01    6.058359694e-02   -6.919295686e-02   -1.719673502e-01   -1.994570487e-01   -1.379533412e-01   -1.518815824e-02    1.122448920e-01    1.851566227e-01    1.694319113e-01    7.209402107e-02   -6.181777213e-02   -1.701289755e-01   -2.024116099e-01   -1.433849868e-01   -1.996448978e-02
   -1.270497286e-01   -6.025406450e-03    1.132414218e-01    1.775362264e-01    1.565674494e-01    5.876176034e-02   -7.136406667e-02   -1.733454749e-01   -1.990235222e-01   -1.354642433e-01   -1.149824195e-02    1.154358283e-01    1.860850221e-01    1.672202770e-01    6.736651569e-02   -6.703699609e-02   -1.732742034e-01   -2.016284235e-01   -1.385663928e-01   -1.300973534e-02
   -1.268615787e-01   -5.467998406e-03    1.139101170e-01    1.777278548e-01    1.557571505e-01    5.693288552e-02   -7.352639434e-02   -1.746928144e-01   -1.985444310e-01   -1.329371431e-01   -7.806453286e-03    1.185747441e-01    1.869166874e-01    1.649073898e-01    6.259006585e-02   -7.220848929e-02   -1.762729816e-01   -2.006531683e-01   -1.336024345e-01   -6.045857002e-03
   -1.266730435e-01   -4.910325878e-03    1.145762222e-01    1.779115035e-01    1.549353183e-01    5.509715699e-02   -7.567963152e-02   -1.760091101e-01   -1.980198801e-01   -1.303727802e-01   -4.114116072e-03    1.216602898e-01    1.876511919e-01    1.624946001e-01    5.776789187e-02   -7.732827327e-02   -1.791227006e-01   -1.994867991e-01   -1.284985278e-01    9.187191800e-04
   -1.264841238e-01   -4.352395931e-03    1.152397170e-01    1.780871575e-01    1.541020036e-01    5.325476009e-02   -7.782347099e-02   -1.772941093e-01   -1.974499856e-01   -1.277719059e-01   -4.225546467e-04    1.246911381e-01    1.882881577e-01    1.599833169e-01    5.290324523e-02   -8.239240900e-02   -1.818208808e-01   -1.981304574e-01   -1.232602410e-01    7.875566550e-03
   -1.262948201e-01   -3.794215638e-03    1.159005815e-01    1.782548021e-01    1.532572583e-01    5.140588102e-02   -7.995760671e-02   -1.785475647e-01   -1.968348745e-01   -1.251352823e-01    3.266906620e-03    1.276659853e-01    1.888272562e-01    1.573750075e-01    4.799940643e-02   -8.739700002e-02   -1.843651741e-01   -1.965854704e-01   -1.178932891e-01    1.481626804e-02
   -1.261051330e-01   -3.235792071e-03    1.165587955e-01    1.784144233e-01    1.524011348e-01    4.955070679e-02   -8.208173387e-02   -1.797692352e-01   -1.961746846e-01   -1.224636825e-01    6.952943802e-03    1.305835513e-01    1.892682082e-01    1.546711959e-01    4.305968274e-02   -9.233819538e-02   -1.867533661e-01   -1.948533496e-01   -1.124035273e-01    2.173242633e-02
   -1.259150629e-01   -2.677132310e-03    1.172143391e-01    1.785660071e-01    1.515336868e-01    4.768942519e-02   -8.419554896e-02   -1.809588854e-01   -1.954695645e-01   -1.197578898e-01    1.063423390e-02    1.334425802e-01    1.896107840e-01    1.518734627e-01    3.808740599e-02   -9.721219262e-02   -1.889833784e-01   -1.929357892e-01   -1.067969446e-01    2.861567405e-02
   -1.257246106e-01   -2.118243434e-03    1.178671923e-01    1.787095403e-01    1.506549687e-01    4.582222480e-02   -8.629874976e-02   -1.821162859e-01   -1.947196737e-01   -1.170186984e-01    1.430945530e-02    1.362418413e-01    1.898548033e-01    1.489834438e-01    3.308593031e-02   -1.020152407e-01   -1.910532699e-01   -1.908346648e-01   -1.010796573e-01    3.545768384e-02
   -1.255337766e-01   -1.559132529e-03    1.185173354e-01    1.788450099e-01    1.497650358e-01    4.394929494e-02   -8.839103544e-02   -1.832412133e-01   -1.939251824e-01   -1.142469121e-01    1.797728830e-02    1.389801290e-01    1.900001360e-01    1.460028293e-01    2.805862987e-02   -1.067436430e-01   -1.929612387e-01   -1.885520313e-01   -9.525790250e-02    4.225017847e-02
   -1.253425615e-01   -9.998066821e-04    1.191647485e-01    1.789724032e-01    1.488639442e-01    4.207082569e-02   -9.047210656e-02   -1.843334500e-01   -1.930862716e-01   -1.114433450e-01    2.163641554e-02    1.416562640e-01    1.900467016e-01    1.429333627e-01    2.300889661e-02   -1.113937599e-01   -1.947056238e-01   -1.860901209e-01   -8.933803116e-02    4.898494084e-02
   -1.251509658e-01   -4.402729851e-04    1.198094119e-01    1.790917080e-01    1.479517511e-01    4.018700782e-02   -9.254166517e-02   -1.853927848e-01   -1.922031328e-01   -1.086088206e-01    2.528552248e-02    1.442690932e-01    1.899944693e-01    1.397768402e-01    1.794013793e-02   -1.159620119e-01   -1.962849065e-01   -1.834513412e-01   -8.332650115e-02    5.565382390e-02
   -1.249589902e-01    1.194614680e-04    1.204513060e-01    1.792029126e-01    1.470285144e-01    3.829803280e-02   -9.459941479e-02   -1.864190125e-01   -1.912759683e-01   -1.057441718e-01    2.892329791e-02    1.468174905e-01    1.898434585e-01    1.365351089e-01    1.285577442e-02   -1.204448822e-01   -1.976977117e-01   -1.806382725e-01   -7.722987028e-02    6.224876054e-02
   -1.247666352e-01    6.793895800e-04    1.210904113e-01    1.793060055e-01    1.460942930e-01    3.640409277e-02   -9.664506051e-02   -1.874119340e-01   -1.903049912e-01   -1.028502408e-01    3.254843441e-02    1.493003575e-01    1.895937384e-01    1.332100664e-01    7.759237502e-03   -1.248389196e-01   -1.989428090e-01   -1.776536656e-01   -7.105478915e-02    6.876177330e-02
   -1.245739013e-01    1.239504251e-03    1.217267083e-01    1.794009757e-01    1.451491466e-01    3.450538054e-02   -9.867830901e-02   -1.883713563e-01   -1.892904247e-01   -9.992787874e-02    3.615962881e-02    1.517166235e-01    1.892454280e-01    1.298036595e-01    2.653967172e-03   -1.291407408e-01   -2.000191141e-01   -1.745004388e-01   -6.480799387e-02    7.518498408e-02
   -1.243807893e-01    1.799798377e-03    1.223601776e-01    1.794878127e-01    1.441931357e-01    3.260208952e-02   -1.006988686e-01   -1.892970929e-01   -1.882325030e-01   -9.697794517e-02    3.975558269e-02    1.540652462e-01    1.887986964e-01    1.263178827e-01   -2.456590373e-03   -1.333470334e-01   -2.009256893e-01   -1.711816755e-01   -5.849629875e-02    8.151062360e-02
   -1.241872997e-01    2.360264853e-03    1.229907998e-01    1.795665061e-01    1.432263217e-01    3.069441374e-02   -1.027064492e-01   -1.901889634e-01   -1.871314703e-01   -9.400130824e-02    4.333500280e-02    1.563452124e-01    1.882537620e-01    1.227547778e-01   -7.568985043e-03   -1.374545584e-01   -2.016617447e-01   -1.677006206e-01   -5.212658885e-02    8.773104088e-02
   -1.239934330e-01    2.920896570e-03    1.236185557e-01    1.796370462e-01    1.422487670e-01    2.878254784e-02   -1.047007627e-01   -1.910467938e-01   -1.859875816e-01   -9.099884422e-02    4.689660159e-02    1.585555380e-01    1.876108933e-01    1.191164318e-01   -1.267976519e-02   -1.414601523e-01   -2.022266390e-01   -1.640606781e-01   -4.570581247e-02    9.383871241e-02
   -1.237991898e-01    3.481686418e-03    1.242434262e-01    1.796994235e-01    1.412605347e-01    2.686668701e-02   -1.066815224e-01   -1.918704163e-01   -1.848011019e-01   -8.797143724e-02    5.043909766e-02    1.606952687e-01    1.868704082e-01    1.154049764e-01   -1.778547994e-02   -1.453607302e-01   -2.026198794e-01   -1.602654068e-01   -3.924097359e-02    9.982625132e-02
   -1.236045708e-01    4.042627282e-03    1.248653921e-01    1.797536291e-01    1.402616887e-01    2.494702697e-02   -1.086484436e-01   -1.926596696e-01   -1.835723069e-01   -8.491997908e-02    5.396121619e-02    1.627634804e-01    1.860326738e-01    1.116225866e-01   -2.288268154e-02   -1.491532877e-01   -2.028411229e-01   -1.563185179e-01   -3.273912422e-02    1.056864163e-01
   -1.234095765e-01    4.603712047e-03    1.254844345e-01    1.797996544e-01    1.392522939e-01    2.302376400e-02   -1.106012436e-01   -1.934143989e-01   -1.823014820e-01   -8.184536888e-02    5.746168944e-02    1.647592797e-01    1.850981067e-01    1.077714789e-01   -2.796792767e-02   -1.528349032e-01   -2.028901760e-01   -1.522238705e-01   -2.620735674e-02    1.114121203e-01
   -1.232142076e-01    5.164933593e-03    1.261005343e-01    1.798374911e-01    1.382324159e-01    2.109709485e-02   -1.125396413e-01   -1.941344557e-01   -1.809889232e-01   -7.874851288e-02    6.093925721e-02    1.666818038e-01    1.840671722e-01    1.038539108e-01   -3.303778378e-02   -1.564027407e-01   -2.027669951e-01   -1.479854685e-01   -1.965279611e-02    1.169964392e-01
   -1.230184645e-01    5.726284802e-03    1.267136727e-01    1.798671313e-01    1.372021213e-01    1.916721677e-02   -1.144633577e-01   -1.948196980e-01   -1.796349365e-01   -7.563032414e-02    6.439266727e-02    1.685302217e-01    1.829403847e-01    9.987217901e-02   -3.808882542e-02   -1.598540513e-01   -2.024716867e-01   -1.436074561e-01   -1.308259218e-02    1.224326201e-01
   -1.228223480e-01    6.287758549e-03    1.273238310e-01    1.798885678e-01    1.361614774e-01    1.723432748e-02   -1.163721159e-01   -1.954699905e-01   -1.782398377e-01   -7.249172230e-02    6.782067585e-02    1.703037336e-01    1.817183069e-01    9.582861806e-02   -4.311764054e-02   -1.631861757e-01   -2.020045069e-01   -1.390941142e-01   -6.503911797e-03    1.277140895e-01
   -1.226258586e-01    6.849347710e-03    1.279309904e-01    1.799017935e-01    1.351105522e-01    1.529862512e-02   -1.182656407e-01   -1.960852042e-01   -1.768039527e-01   -6.933363328e-02    7.122204805e-02    1.720015723e-01    1.804015498e-01    9.172559918e-02   -4.812083183e-02   -1.663965463e-01   -2.013658616e-01   -1.344498561e-01    7.606892280e-05    1.328344615e-01
   -1.224289969e-01    7.411045158e-03    1.285351323e-01    1.799068018e-01    1.340494148e-01    1.336030824e-02   -1.201436592e-01   -1.966652168e-01   -1.753276173e-01   -6.615698900e-02    7.459555835e-02    1.736230025e-01    1.789907724e-01    8.756552879e-02   -5.309501899e-02   -1.694826891e-01   -2.005563061e-01   -1.296792230e-01    6.650172473e-03    1.377875450e-01
   -1.222317635e-01    7.972843764e-03    1.291362381e-01    1.799035866e-01    1.329781350e-01    1.141957583e-02   -1.220059006e-01   -1.972099125e-01   -1.738111771e-01   -6.296272714e-02    7.793999100e-02    1.751673220e-01    1.774866813e-01    8.335084708e-02   -5.803684103e-02   -1.724422255e-01   -1.995765443e-01   -1.247868800e-01    1.321122777e-02    1.425673517e-01
   -1.220341590e-01    8.534736398e-03    1.297342895e-01    1.798921419e-01    1.318967832e-01    9.476627200e-03   -1.238520962e-01   -1.977191823e-01   -1.722549874e-01   -5.975179083e-02    8.125414047e-02    1.766338615e-01    1.758900305e-01    7.908402658e-02   -6.294295854e-02   -1.752728744e-01   -1.984274284e-01   -1.197776109e-01    1.975207797e-02    1.471681030e-01
   -1.218361839e-01    9.096715928e-03    1.303292679e-01    1.798724625e-01    1.308054310e-01    7.531662051e-03   -1.256819794e-01   -1.981929237e-01   -1.706594130e-01   -5.652512838e-02    8.453681193e-02    1.780219850e-01    1.742016206e-01    7.476757077e-02   -6.781005597e-02   -1.779724537e-01   -1.971099583e-01   -1.146563141e-01    2.626558828e-02    1.515842373e-01
   -1.216378390e-01    9.658775219e-03    1.309211552e-01    1.798445433e-01    1.297041505e-01    5.584880398e-03   -1.274952861e-01   -1.986310409e-01   -1.690248285e-01   -5.328369298e-02    8.778682164e-02    1.793310900e-01    1.724222991e-01    7.040401253e-02   -7.263484385e-02   -1.805388821e-01   -1.956252802e-01   -1.094279978e-01    3.274465375e-02    1.558104165e-01
   -1.214391248e-01    1.022090714e-02    1.315099331e-01    1.798083799e-01    1.285930147e-01    3.636482570e-03   -1.292917541e-01   -1.990334448e-01   -1.673516177e-01   -5.002844248e-02    9.100299741e-02    1.805606082e-01    1.705529593e-01    6.599591271e-02   -7.741406105e-02   -1.829701809e-01   -1.939746862e-01   -1.040977745e-01    3.918220702e-02    1.598415324e-01
   -1.212400419e-01    1.078310454e-02    1.320955835e-01    1.797639679e-01    1.274720974e-01    1.686669183e-03   -1.310711238e-01   -1.994000531e-01   -1.656401740e-01   -4.676033901e-02    9.418417899e-02    1.817100051e-01    1.685945403e-01    6.154585861e-02   -8.214447696e-02   -1.852644751e-01   -1.921596129e-01   -9.867085691e-02    4.557122600e-02    1.636727131e-01
   -1.210405909e-01    1.134536030e-02    1.326780883e-01    1.797113037e-01    1.263414730e-01   -2.643588838e-04   -1.328331378e-01   -1.997307900e-01   -1.638908999e-01   -4.348034878e-02    9.732921855e-02    1.827787809e-01    1.665480264e-01    5.705646246e-02   -8.682289368e-02   -1.874199954e-01   -1.901816402e-01   -9.315255197e-02    5.190474158e-02    1.672993289e-01
   -1.208407724e-01    1.190766727e-02    1.332574296e-01    1.796503839e-01    1.252012169e-01   -2.216400505e-03   -1.345775411e-01   -2.000255866e-01   -1.621042072e-01   -4.018944173e-02    1.004369811e-01    1.837664700e-01    1.644144464e-01    5.253035989e-02   -9.144614822e-02   -1.894350790e-01   -1.880424897e-01   -8.754825628e-02    5.817584520e-02    1.707169977e-01
   -1.206405870e-01    1.247001831e-02    1.338335894e-01    1.795812055e-01    1.240514052e-01   -4.169254334e-03   -1.363040813e-01   -2.002843808e-01   -1.602805169e-01   -3.688859128e-02    1.035063447e-01    1.846726419e-01    1.621948735e-01    4.797020838e-02   -9.601111462e-02   -1.913081715e-01   -1.857440239e-01   -8.186345057e-02    6.437769639e-02    1.739215903e-01
   -1.204400354e-01    1.303240628e-02    1.344065500e-01    1.795037661e-01    1.228921148e-01   -6.122718826e-03   -1.380125081e-01   -2.005071172e-01   -1.584202586e-01   -3.357877404e-02    1.065362013e-01    1.854969010e-01    1.598904243e-01    4.337868569e-02   -1.005147061e-01   -1.930378276e-01   -1.832882436e-01   -7.610369440e-02    7.050353026e-02    1.769092356e-01
   -1.202391181e-01    1.359482404e-02    1.349762937e-01    1.794180634e-01    1.217234233e-01   -8.076592257e-03   -1.397025741e-01   -2.006937472e-01   -1.565238712e-01   -3.026096949e-02    1.095254567e-01    1.862388870e-01    1.575022589e-01    3.875848832e-02   -1.049538770e-01   -1.946227124e-01   -1.806772872e-01   -7.027462071e-02    7.654666486e-02    1.796763252e-01
   -1.200378358e-01    1.415726443e-02    1.355428029e-01    1.793240957e-01    1.205454090e-01   -1.003067275e-02   -1.413740341e-01   -2.008442291e-01   -1.545918021e-01   -2.693615972e-02    1.124730312e-01    1.868982746e-01    1.550315794e-01    3.411232988e-02   -1.093256251e-01   -1.960616026e-01   -1.779134279e-01   -6.438193034e-02    8.250050845e-02    1.822195177e-01
   -1.198361890e-01    1.471972033e-02    1.361060600e-01    1.792218618e-01    1.193581511e-01   -1.198475829e-02   -1.430266458e-01   -2.009585279e-01   -1.526245078e-01   -2.360532910e-02    1.153778599e-01    1.874747744e-01    1.524796301e-01    2.944293952e-02   -1.136269936e-01   -1.973533871e-01   -1.749990724e-01   -5.843138643e-02    8.835856675e-02    1.845357428e-01
   -1.196341784e-01    1.528218458e-02    1.366660476e-01    1.791113606e-01    1.181617294e-01   -1.393864675e-02   -1.446601692e-01   -2.010366154e-01   -1.506224528e-01   -2.026946404e-02    1.182388931e-01    1.879681324e-01    1.498476966e-01    2.475306034e-02   -1.178550729e-01   -1.984970684e-01   -1.719367586e-01   -5.242880881e-02    9.411444996e-02    1.866222049e-01
   -1.194318045e-01    1.584465003e-02    1.372227483e-01    1.789925917e-01    1.169562245e-01   -1.589213592e-02   -1.462743672e-01   -2.010784703e-01   -1.485861105e-01   -1.692955264e-02    1.210550968e-01    1.883781303e-01    1.471371050e-01    2.004544774e-02   -1.220070027e-01   -1.994917627e-01   -1.687291534e-01   -4.638006827e-02    9.976187981e-02    1.884763868e-01
   -1.192290681e-01    1.640710954e-02    1.377761449e-01    1.788655551e-01    1.157417178e-01   -1.784502352e-02   -1.478690053e-01   -2.010840781e-01   -1.465159624e-01   -1.358658444e-02    1.238254530e-01    1.887045856e-01    1.443492214e-01    1.532286782e-02   -1.260799742e-01   -2.003367012e-01   -1.653790502e-01   -4.029108088e-02    1.052946963e-01    1.900960524e-01
   -1.190259697e-01    1.696955597e-02    1.383262201e-01    1.787302509e-01    1.145182913e-01   -1.979710723e-02   -1.494438516e-01   -2.010534313e-01   -1.444124986e-01   -1.024155009e-02    1.265489598e-01    1.889473521e-01    1.414854512e-01    1.058809578e-02   -1.300712315e-01   -2.010312304e-01   -1.618893667e-01   -3.416780216e-02    1.107068647e-01    1.914792495e-01
   -1.188225099e-01    1.753198216e-02    1.388729569e-01    1.785866800e-01    1.132860277e-01   -2.174818469e-02   -1.509986772e-01   -2.009865290e-01   -1.422762168e-01   -6.895441093e-03    1.292246323e-01    1.891063191e-01    1.385472385e-01    5.843914227e-03   -1.339780740e-01   -2.015748126e-01   -1.582631425e-01   -2.801622127e-02    1.159924816e-01    1.926243122e-01
   -1.186186894e-01    1.809438096e-02    1.394163383e-01    1.784348434e-01    1.120450106e-01   -2.369805355e-02   -1.525332557e-01   -2.008833774e-01   -1.401076233e-01   -3.549249457e-03    1.318515026e-01    1.891814122e-01    1.355360650e-01    1.093111587e-03   -1.377978578e-01   -2.019670264e-01   -1.545035359e-01   -2.184235516e-02    1.211457819e-01    1.935298629e-01
   -1.184145087e-01    1.865674524e-02    1.399563473e-01    1.782747427e-01    1.107953241e-01   -2.564651148e-02   -1.540473638e-01   -2.007439892e-01   -1.379072317e-01   -2.039674461e-04    1.344286202e-01    1.891725930e-01    1.324534498e-01   -3.661519554e-03   -1.415279979e-01   -2.022075672e-01   -1.506138219e-01   -1.565224267e-02    1.261611449e-01    1.941948142e-01
   -1.182099685e-01    1.921906783e-02    1.404929672e-01    1.781063798e-01    1.095370531e-01   -2.759335621e-02   -1.555407810e-01   -2.005683844e-01   -1.356755638e-01    3.139412739e-03    1.369550523e-01    1.890798595e-01    1.293009481e-01   -8.417184096e-03   -1.451659694e-01   -2.022962471e-01   -1.465973888e-01   -9.451938635e-03    1.310331003e-01    1.946183696e-01
   -1.180050695e-01    1.978134160e-02    1.410261812e-01    1.779297571e-01    1.082702832e-01   -2.953838550e-02   -1.570132894e-01   -2.003565895e-01   -1.334131489e-01    6.479899253e-03    1.394298845e-01    1.889032454e-01    1.260801508e-01   -1.317108606e-02   -1.487093098e-01   -2.022329953e-01   -1.424577353e-01   -3.247507967e-03    1.357563344e-01    1.948000251e-01
   -1.177998121e-01    2.034355939e-02    1.415559726e-01    1.777448773e-01    1.069951007e-01   -3.148139723e-02   -1.584646746e-01   -2.001086381e-01   -1.311205238e-01    9.816500902e-03    1.418522205e-01    1.886428207e-01    1.227926835e-01   -1.792043026e-02   -1.521556205e-01   -2.020178580e-01   -1.381984679e-01    2.954980291e-03    1.403256959e-01    1.947395696e-01
   -1.175941971e-01    2.090571406e-02    1.420823250e-01    1.775517436e-01    1.057115925e-01   -3.342218937e-02   -1.598947246e-01   -1.998245704e-01   -1.287982328e-01    1.314822744e-02    1.442211831e-01    1.882986915e-01    1.194402058e-01   -2.266242390e-02   -1.555025681e-01   -2.016509987e-01   -1.338232971e-01    9.149458894e-03    1.447362011e-01    1.944370849e-01
   -1.173882251e-01    2.146779846e-02    1.426052219e-01    1.773503595e-01    1.044198462e-01   -3.536056002e-02   -1.613032306e-01   -1.995044336e-01   -1.264468272e-01    1.647408987e-02    1.465359141e-01    1.878710001e-01    1.160244103e-01   -2.739427828e-02   -1.587478865e-01   -2.011326976e-01   -1.293360347e-01    1.532986833e-02    1.489830399e-01    1.938929460e-01
   -1.171818967e-01    2.202980543e-02    1.431246468e-01    1.771407292e-01    1.031199501e-01   -3.729630747e-02   -1.626899871e-01   -1.991482817e-01   -1.240668657e-01    1.979310072e-02    1.487955746e-01    1.873599245e-01    1.125470221e-01   -3.211321040e-02   -1.618893780e-01   -2.004633519e-01   -1.247405905e-01    2.149016276e-02    1.530615808e-01    1.931078203e-01
   -1.169752126e-01    2.259172784e-02    1.436405836e-01    1.769228568e-01    1.018119932e-01   -3.922923013e-02   -1.640547912e-01   -1.987561756e-01   -1.216589139e-01    2.310427437e-02    1.509993457e-01    1.867656788e-01    1.090097973e-01   -3.681644459e-02   -1.649249151e-01   -1.996434749e-01   -1.200409683e-01    2.762431592e-02    1.569673760e-01    1.920826672e-01
   -1.167681733e-01    2.315355853e-02    1.441530161e-01    1.766967473e-01    1.004960651e-01   -4.115912666e-02   -1.653974433e-01   -1.983281830e-01   -1.192235443e-01    2.640662734e-02    1.531464282e-01    1.860885129e-01    1.054145230e-01   -4.150121419e-02   -1.678524418e-01   -1.986736964e-01   -1.152412631e-01    3.372632700e-02    1.606961661e-01    1.908187363e-01
   -1.165607794e-01    2.371529037e-02    1.446619281e-01    1.764624058e-01    9.917225599e-02   -4.308579590e-02   -1.667177470e-01   -1.978643782e-01   -1.167613361e-01    2.969917854e-02    1.552360437e-01    1.853287125e-01    1.017630153e-01   -4.616476315e-02   -1.706699750e-01   -1.975547615e-01   -1.103456572e-01    3.979022658e-02    1.642438850e-01    1.893175667e-01
   -1.163530317e-01    2.427691620e-02    1.451673038e-01    1.762198380e-01    9.784065679e-02   -4.500903695e-02   -1.680155090e-01   -1.973648425e-01   -1.142728750e-01    3.298094964e-02    1.572674339e-01    1.844865990e-01    9.805711954e-02   -5.080434765e-02   -1.733756059e-01   -1.962875304e-01   -1.053584166e-01    4.581008240e-02    1.676066641e-01    1.875809843e-01
   -1.161449308e-01    2.483842887e-02    1.456691272e-01    1.759690499e-01    9.650135903e-02   -4.692864918e-02   -1.692905391e-01   -1.968296640e-01   -1.117587533e-01    3.625096529e-02    1.592398617e-01    1.835625290e-01    9.429870847e-02   -5.541723773e-02   -1.759675013e-01   -1.948729777e-01   -1.002838873e-01    5.178000520e-02    1.707808368e-01    1.856111003e-01
   -1.159364772e-01    2.539982126e-02    1.461673825e-01    1.757100478e-01    9.515445487e-02   -4.884443225e-02   -1.705426503e-01   -1.962589374e-01   -1.092195695e-01    3.950825347e-02    1.611526112e-01    1.825568947e-01    9.048968177e-02   -6.000071893e-02   -1.784439048e-01   -1.933121917e-01   -9.512649157e-02    5.769415450e-02    1.737629423e-01    1.834103082e-01
   -1.157276716e-01    2.596108620e-02    1.466620541e-01    1.754428387e-01    9.380003708e-02   -5.075618610e-02   -1.717716590e-01   -1.956527645e-01   -1.066559284e-01    4.275184573e-02    1.630049877e-01    1.814701234e-01    8.663196494e-02   -6.455209381e-02   -1.808031382e-01   -1.916063733e-01   -8.989072392e-02    6.354674426e-02    1.765497294e-01    1.809812810e-01
   -1.155185147e-01    2.652221657e-02    1.471531262e-01    1.751674297e-01    9.243819905e-02   -5.266371103e-02   -1.729773847e-01   -1.950112533e-01   -1.040684407e-01    4.598077755e-02    1.647963185e-01    1.803026776e-01    8.272750836e-02   -6.906868362e-02   -1.830436021e-01   -1.897568354e-01   -8.458114744e-02    6.933204861e-02    1.791381600e-01    1.783269680e-01
   -1.153090070e-01    2.708320521e-02    1.476405836e-01    1.748838285e-01    9.106903478e-02   -5.456680767e-02   -1.741596502e-01   -1.943345190e-01   -1.014577230e-01    4.919408853e-02    1.665259525e-01    1.790550542e-01    7.877828630e-02   -7.354782986e-02   -1.851637777e-01   -1.877650019e-01   -7.920238967e-02    7.504440743e-02    1.815254128e-01    1.754505913e-01
   -1.150991493e-01    2.764404500e-02    1.481244106e-01    1.745920432e-01    8.969263886e-02   -5.646527705e-02   -1.753182818e-01   -1.936226833e-01   -9.882439762e-02    5.239082279e-02    1.681932611e-01    1.777277850e-01    7.478629591e-02   -7.798689582e-02   -1.871622275e-01   -1.856324064e-01   -7.375913857e-02    8.067823186e-02    1.837088858e-01    1.723556419e-01
   -1.148889421e-01    2.820472878e-02    1.486045920e-01    1.742920822e-01    8.830910648e-02   -5.835892058e-02   -1.764531090e-01   -1.928758746e-01   -9.616909253e-02    5.557002915e-02    1.697976379e-01    1.763214363e-01    7.075355623e-02   -8.238326818e-02   -1.890375960e-01   -1.833606910e-01   -6.825613850e-02    8.622800983e-02    1.856861996e-01    1.690458751e-01
   -1.146783862e-01    2.876524943e-02    1.490811127e-01    1.739839544e-01    8.691853341e-02   -6.024754007e-02   -1.775639647e-01   -1.920942279e-01   -9.349244107e-02    5.873076152e-02    1.713384991e-01    1.748366082e-01    6.668210715e-02   -8.673435850e-02   -1.907886113e-01   -1.809516054e-01   -6.269818603e-02    9.168831140e-02    1.874551997e-01    1.655253065e-01
   -1.144674820e-01    2.932559980e-02    1.495539575e-01    1.736676691e-01    8.552101602e-02   -6.213093781e-02   -1.786506852e-01   -1.912778850e-01   -9.079508185e-02    6.187207908e-02    1.728152841e-01    1.732739349e-01    6.257400839e-02   -9.103760480e-02   -1.924140852e-01   -1.784070050e-01   -5.709012580e-02    9.705379413e-02    1.890139591e-01    1.617982067e-01
   -1.142562303e-01    2.988577277e-02    1.500231114e-01    1.733432358e-01    8.411665122e-02   -6.400891652e-02   -1.797131102e-01   -1.904269940e-01   -8.807765865e-02    6.499304666e-02    1.742274549e-01    1.716340843e-01    5.843133848e-02   -9.529047306e-02   -1.939129148e-01   -1.757288502e-01   -5.143684627e-02    1.023192083e-01    1.903607803e-01    1.578690966e-01
   -1.140446318e-01    3.044576120e-02    1.504885594e-01    1.730106647e-01    8.270553650e-02   -6.588127942e-02   -1.807510830e-01   -1.895417100e-01   -8.534082018e-02    6.809273494e-02    1.755744970e-01    1.699177574e-01    5.425619364e-02   -9.949045869e-02   -1.952840824e-01   -1.729192041e-01   -4.574327548e-02    1.074794019e-01    1.914941970e-01    1.537427412e-01
   -1.138326870e-01    3.100555796e-02    1.509502868e-01    1.726699663e-01    8.128776991e-02   -6.774783022e-02   -1.817644501e-01   -1.886221943e-01   -8.258522000e-02    7.117022078e-02    1.768559194e-01    1.681256884e-01    5.005068679e-02   -1.036350880e-01   -1.965266570e-01   -1.699802316e-01   -4.001437673e-02    1.125293260e-01    1.924129761e-01    1.494241447e-01
   -1.136203966e-01    3.156515592e-02    1.514082790e-01    1.723211515e-01    7.986345005e-02   -6.960837317e-02   -1.827530617e-01   -1.876686149e-01   -7.981151630e-02    7.422458749e-02    1.780712546e-01    1.662586443e-01    4.581694645e-02   -1.077219198e-01   -1.976397944e-01   -1.669141973e-01   -3.425514430e-02    1.174640394e-01    1.931161186e-01    1.449185436e-01
   -1.134077612e-01    3.212454795e-02    1.518625211e-01    1.719642314e-01    7.843267605e-02   -7.146271306e-02   -1.837167715e-01   -1.866811462e-01   -7.702037179e-02    7.725492508e-02    1.792200591e-01    1.643174244e-01    4.155711567e-02   -1.117485466e-01   -1.986227381e-01   -1.637234639e-01   -2.847059904e-02    1.222787136e-01    1.936028610e-01    1.402314011e-01
   -1.131947815e-01    3.268372693e-02    1.523129988e-01    1.715992179e-01    7.699554758e-02   -7.331065525e-02   -1.846554368e-01   -1.856599692e-01   -7.421245352e-02    8.026033056e-02    1.803019130e-01    1.623028601e-01    3.727335092e-02   -1.157125963e-01   -1.994748197e-01   -1.604104905e-01   -2.266578403e-02    1.269686376e-01    1.938726761e-01    1.353684000e-01
   -1.129814582e-01    3.324268573e-02    1.527596977e-01    1.712261230e-01    7.555216485e-02   -7.515200570e-02   -1.855689184e-01   -1.846052713e-01   -7.138843272e-02    8.323990822e-02    1.813164210e-01    1.602158144e-01    3.296782104e-02   -1.196117332e-01   -2.001954591e-01   -1.569778305e-01   -1.684576018e-02    1.315292221e-01    1.939252733e-01    1.303354358e-01
   -1.127677918e-01    3.380141724e-02    1.532026034e-01    1.708449592e-01    7.410262857e-02   -7.698657097e-02   -1.864570806e-01   -1.835172461e-01   -6.854898463e-02    8.619276985e-02    1.822632118e-01    1.580571819e-01    2.864270609e-02   -1.234436600e-01   -2.007841655e-01   -1.534281298e-01   -1.101560180e-02    1.359560048e-01    1.937605993e-01    1.251386099e-01
   -1.125537831e-01    3.435991433e-02    1.536417018e-01    1.704557393e-01    7.264703998e-02   -7.881415825e-02   -1.873197914e-01   -1.823960938e-01   -6.569478836e-02    8.911803506e-02    1.831419386e-01    1.558278880e-01    2.430019631e-02   -1.272061186e-01   -2.012405371e-01   -1.497641247e-01   -5.180392190e-03    1.402446540e-01    1.933788381e-01    1.197842220e-01
   -1.123394326e-01    3.491816989e-02    1.540769788e-01    1.700584768e-01    7.118550082e-02   -8.063457541e-02   -1.881569225e-01   -1.812420209e-01   -6.282652673e-02    9.201483154e-02    1.839522791e-01    1.535288887e-01    1.994249093e-02   -1.308968916e-01   -2.015642619e-01   -1.459886397e-01    6.547807975e-04    1.443909730e-01    1.927804105e-01    1.142787626e-01
   -1.121247411e-01    3.547617681e-02    1.545084203e-01    1.696531852e-01    6.971811331e-02   -8.244763096e-02   -1.889683492e-01   -1.800552401e-01   -5.994488606e-02    9.488229528e-02    1.846939356e-01    1.511611702e-01    1.557179714e-02   -1.345138037e-01   -2.017551176e-01   -1.421045855e-01    6.484829194e-03    1.483909047e-01    1.919659739e-01    1.086289048e-01
   -1.119097092e-01    3.603392796e-02    1.549360124e-01    1.692398787e-01    6.824498019e-02   -8.425313414e-02   -1.897539504e-01   -1.788359705e-01   -5.705055605e-02    9.771957088e-02    1.853666355e-01    1.487257484e-01    1.119032890e-02   -1.380547229e-01   -2.018129719e-01   -1.381149567e-01    1.230466935e-02    1.522405349e-01    1.909364216e-01    1.028414966e-01
   -1.116943375e-01    3.659141625e-02    1.553597415e-01    1.688185717e-01    6.676620465e-02   -8.605089490e-02   -1.905136088e-01   -1.775844371e-01   -5.414422961e-02    1.005258118e-01    1.859701307e-01    1.462236684e-01    6.800305858e-03   -1.415175619e-01   -2.017377823e-01   -1.340228296e-01    1.810922638e-02    1.559360968e-01    1.896928817e-01    9.692355242e-02
   -1.114786267e-01    3.714863456e-02    1.557795938e-01    1.683892792e-01    6.528189039e-02   -8.784072390e-02   -1.912472108e-01   -1.763008714e-01   -5.122660267e-02    1.033001805e-01    1.865041984e-01    1.436560045e-01    2.403952202e-03   -1.449002790e-01   -2.015295969e-01   -1.298313594e-01    2.389343858e-02    1.594739739e-01    1.882367160e-01    9.088224468e-02
   -1.112625774e-01    3.770557579e-02    1.561955557e-01    1.679520163e-01    6.379214154e-02   -8.962243261e-02   -1.919546465e-01   -1.749855109e-01   -4.829837404e-02    1.060418490e-01    1.869686407e-01    1.410238591e-01   -1.996504449e-03   -1.482008800e-01   -2.011885533e-01   -1.255437783e-01    2.965226183e-02    1.628507045e-01    1.865695184e-01    8.472489505e-02
   -1.110461904e-01    3.826223285e-02    1.566076139e-01    1.675067989e-01    6.229706271e-02   -9.139583324e-02   -1.926358096e-01   -1.736385993e-01   -4.536024521e-02    1.087499987e-01    1.873632848e-01    1.383283627e-01   -6.398834191e-03   -1.514174183e-01   -2.007148795e-01   -1.211633928e-01    3.538067403e-02    1.660629843e-01    1.846931132e-01    7.845896560e-02
   -1.108294662e-01    3.881859863e-02    1.570157548e-01    1.670536429e-01    6.079675895e-02   -9.316073882e-02   -1.932905979e-01   -1.722603861e-01   -4.241292021e-02    1.114238210e-01    1.876879833e-01    1.355706730e-01   -1.080080596e-02   -1.545479971e-01   -2.001088932e-01   -1.166935812e-01    4.107367945e-02    1.691076698e-01    1.826095531e-01    7.209204980e-02
   -1.106124055e-01    3.937466604e-02    1.574199653e-01    1.665925649e-01    5.929133577e-02   -9.491696319e-02   -1.939189126e-01   -1.708511270e-01   -3.945710543e-02    1.140625174e-01    1.879426139e-01    1.327519751e-01   -1.520018866e-02   -1.575907700e-01   -1.993710016e-01   -1.121377906e-01    4.672631311e-02    1.719817819e-01    1.803211171e-01    6.563186326e-02
   -1.103950090e-01    3.993042798e-02    1.578202322e-01    1.661235817e-01    5.778089910e-02   -9.666432105e-02   -1.945206591e-01   -1.694110836e-01   -3.649350943e-02    1.166652996e-01    1.881270797e-01    1.298734802e-01   -1.959475232e-02   -1.605439422e-01   -1.985017015e-01   -1.074995351e-01    5.233364509e-02    1.746825082e-01    1.778303078e-01    5.908623444e-02
   -1.101772773e-01    4.048587737e-02    1.582165424e-01    1.656467106e-01    5.626555530e-02   -9.840262796e-02   -1.950957462e-01   -1.679405233e-01   -3.352284282e-02    1.192313900e-01    1.882413092e-01    1.269364254e-01   -2.398226919e-02   -1.634057715e-01   -1.975015785e-01   -1.027823921e-01    5.789078486e-02    1.772072059e-01    1.751398487e-01    5.246309513e-02
   -1.099592112e-01    4.104100713e-02    1.586088831e-01    1.651619691e-01    5.474541114e-02   -1.001317003e-01   -1.956440869e-01   -1.664397196e-01   -3.054581802e-02    1.217600218e-01    1.882852562e-01    1.239420734e-01   -2.836051488e-02   -1.661745695e-01   -1.963713070e-01   -9.799000043e-02    6.339288554e-02    1.795534047e-01    1.722526816e-01    4.577047089e-02
   -1.097408111e-01    4.159581016e-02    1.589972414e-01    1.646693755e-01    5.322057383e-02   -1.018513556e-01   -1.961655977e-01   -1.649089515e-01   -2.756314916e-02    1.242504392e-01    1.882589000e-01    1.208917118e-01   -3.272726954e-02   -1.688487022e-01   -1.951116496e-01   -9.312605684e-02    6.883514809e-02    1.817188090e-01    1.691719626e-01    3.901647126e-02
   -1.095220780e-01    4.215027940e-02    1.593816046e-01    1.641689480e-01    5.169115095e-02   -1.035614119e-01   -1.966601992e-01   -1.633485040e-01   -2.457555184e-02    1.267018976e-01    1.881622452e-01    1.177866521e-01   -3.708031892e-02   -1.714265917e-01   -1.937234564e-01   -8.819431357e-02    7.421282558e-02    1.837013000e-01    1.659010597e-01    3.220927999e-02
   -1.093030123e-01    4.270440776e-02    1.597619600e-01    1.636607056e-01    5.015725049e-02   -1.052616885e-01   -1.971278158e-01   -1.617586676e-01   -2.158374301e-02    1.291136642e-01    1.879953220e-01    1.146282301e-01   -4.141745552e-02   -1.739067164e-01   -1.922076649e-01   -8.319857535e-02    7.952122726e-02    1.854989381e-01    1.624435482e-01    2.535714513e-02
   -1.090836147e-01    4.325818818e-02    1.601382953e-01    1.631446674e-01    4.861898082e-02   -1.069520055e-01   -1.975683758e-01   -1.601397387e-01   -1.858844077e-02    1.314850176e-01    1.877581860e-01    1.114178044e-01   -4.573647972e-02   -1.762876122e-01   -1.905652988e-01   -7.814269642e-02    8.475572269e-02    1.871099645e-01    1.588032072e-01    1.846836900e-02
   -1.088638860e-01    4.381161358e-02    1.605105979e-01    1.626208531e-01    4.707645071e-02   -1.086321843e-01   -1.979818112e-01   -1.584920189e-01   -1.559036419e-02    1.338152484e-01    1.874509180e-01    1.081567562e-01   -5.003520091e-02   -1.785678734e-01   -1.887974678e-01   -7.303057761e-02    8.991174578e-02    1.885328032e-01    1.549840156e-01    1.155129816e-02
   -1.086438267e-01    4.436467691e-02    1.608788556e-01    1.620892826e-01    4.552976927e-02   -1.103020468e-01   -1.983680583e-01   -1.568158157e-01   -1.259023316e-02    1.361036594e-01    1.870736244e-01    1.048464888e-01   -5.431143857e-02   -1.807461538e-01   -1.869053665e-01   -6.786616329e-02    9.498479876e-02    1.897660625e-01    1.509901475e-01    4.614313319e-03
   -1.084234376e-01    4.491737110e-02    1.612430563e-01    1.615499764e-01    4.397904599e-02   -1.119614163e-01   -1.987270569e-01   -1.551114420e-01   -9.588768210e-03    1.383495658e-01    1.866264370e-01    1.014884268e-01   -5.856302340e-02   -1.828211667e-01   -1.848902741e-01   -6.265343836e-02    9.997045614e-02    1.908085361e-01    1.468259678e-01   -2.334180872e-03
   -1.082027193e-01    4.546968910e-02    1.616031878e-01    1.610029551e-01    4.242439072e-02   -1.136101170e-01   -1.990587509e-01   -1.533792160e-01   -6.586690317e-03    1.405522953e-01    1.861095126e-01    9.808401582e-02   -6.278779843e-02   -1.847916864e-01   -1.827535527e-01   -5.739642518e-02    1.048643685e-01    1.916592045e-01    1.424960273e-01   -9.285765945e-03
   -1.079816726e-01    4.602162385e-02    1.619592382e-01    1.604482400e-01    4.086591364e-02   -1.152479743e-01   -1.993630882e-01   -1.516194612e-01   -3.584720751e-03    1.427111885e-01    1.855230335e-01    9.463472126e-02   -6.698362008e-02   -1.866565490e-01   -1.804966472e-01   -5.209918044e-02    1.096622665e-01    1.923172362e-01    1.380050579e-01   -1.623201984e-02
   -1.077602979e-01    4.657316831e-02    1.623111958e-01    1.598858525e-01    3.930372527e-02   -1.168748144e-01   -1.996400206e-01   -1.498325066e-01   -5.835808885e-04    1.448255988e-01    1.848672072e-01    9.114202829e-02   -7.114835930e-02   -1.884146522e-01   -1.781210839e-01   -4.676579203e-02    1.143599643e-01    1.927819881e-01    1.333579673e-01   -2.316452710e-02
   -1.075385961e-01    4.712431543e-02    1.626590486e-01    1.593158147e-01    3.773793646e-02   -1.184904649e-01   -1.998895038e-01   -1.480186864e-01    2.416007954e-03    1.468948928e-01    1.841422662e-01    8.760744090e-02   -7.527990263e-02   -1.900649570e-01   -1.756284697e-01   -4.140037592e-02    1.189533634e-01    1.930530064e-01    1.285598336e-01   -3.007488906e-02
   -1.073165679e-01    4.767505818e-02    1.630027852e-01    1.587381487e-01    3.616865840e-02   -1.200947544e-01   -2.001114975e-01   -1.461783399e-01    5.413324702e-03    1.489184506e-01    1.833484682e-01    8.403248131e-02   -7.937615327e-02   -1.916064878e-01   -1.730204908e-01   -3.600707295e-02    1.234384561e-01    1.931300271e-01    1.236159002e-01   -3.695473404e-02
   -1.070942138e-01    4.822538952e-02    1.633423941e-01    1.581528774e-01    3.459600256e-02   -1.216875126e-01   -2.003059654e-01   -1.443118116e-01    8.407648690e-03    1.508956658e-01    1.824860956e-01    8.041868934e-02   -8.343503215e-02   -1.930383329e-01   -1.702989116e-01   -3.059004565e-02    1.278113294e-01    1.930129759e-01    1.185315692e-01   -4.379572746e-02
   -1.068715345e-01    4.877530241e-02    1.636778637e-01    1.575600237e-01    3.302008075e-02   -1.232685704e-01   -2.004728750e-01   -1.424194508e-01    1.139825984e-02    1.528259456e-01    1.815554560e-01    7.676762171e-02   -8.745447899e-02   -1.943596452e-01   -1.674655737e-01   -2.515347502e-02    1.320681678e-01    1.927019687e-01    1.133123965e-01   -5.058958194e-02
   -1.066485308e-01    4.932478984e-02    1.640091830e-01    1.569596110e-01    3.144100504e-02   -1.248377599e-01   -2.006121981e-01   -1.405016121e-01    1.438443885e-02    1.547087113e-01    1.805568813e-01    7.308085141e-02   -9.143245336e-02   -1.955696430e-01   -1.645223944e-01   -1.970155730e-02    1.362052571e-01    1.921973115e-01    1.079640849e-01   -5.732806735e-02
   -1.064252033e-01    4.987384478e-02    1.643363406e-01    1.563516633e-01    2.985888780e-02   -1.263949143e-01   -2.007239101e-01   -1.385586549e-01    1.736546733e-02    1.565433982e-01    1.794907286e-01    6.935996699e-02   -9.536693571e-02   -1.966676097e-01   -1.614713657e-01   -1.423850076e-02    1.402189873e-01    1.914994995e-01    1.024924785e-01   -6.400302080e-02
   -1.062015527e-01    5.042246021e-02    1.646593255e-01    1.557362047e-01    2.827384170e-02   -1.279398682e-01   -2.008079907e-01   -1.365909434e-01    2.034062803e-02    1.583294558e-01    1.783573790e-01    6.560657189e-02   -9.925592837e-02   -1.976528951e-01   -1.583145526e-01   -8.768522394e-03    1.441058563e-01    1.906092175e-01    9.690355599e-02   -7.060635646e-02
   -1.059775797e-01    5.097062913e-02    1.649781269e-01    1.551132598e-01    2.668597965e-02   -1.294724572e-01   -2.008644235e-01   -1.345988467e-01    2.330920495e-02    1.600663482e-01    1.771572381e-01    6.182228373e-02   -1.030974566e-01   -1.985249152e-01   -1.550540920e-01   -3.295844722e-03    1.478624723e-01    1.895273385e-01    9.120342402e-02   -7.713007542e-02
   -1.057532849e-01    5.151834452e-02    1.652927338e-01    1.544828535e-01    2.509541484e-02   -1.309925183e-01   -2.008931961e-01   -1.325827383e-01    2.627048358e-02    1.617535541e-01    1.758907360e-01    5.800873366e-02   -1.068895697e-01   -1.992831527e-01   -1.516921912e-01    2.175307508e-03    1.514855572e-01    1.882549232e-01    8.539831085e-02   -8.356627536e-02
   -1.055286690e-01    5.206559938e-02    1.656031356e-01    1.538450111e-01    2.350226070e-02   -1.324998899e-01   -2.008943000e-01   -1.305429968e-01    2.922375102e-02    1.633905666e-01    1.745583266e-01    5.416756559e-02   -1.106303418e-01   -1.999271576e-01   -1.482311263e-01    7.640710567e-03    1.549719493e-01    1.867932190e-01    7.949455936e-02   -8.990716012e-02
   -1.053037328e-01    5.261238673e-02    1.659093217e-01    1.531997584e-01    2.190663093e-02   -1.339944113e-01   -2.008677309e-01   -1.284800051e-01    3.216829620e-02    1.649768943e-01    1.731604878e-01    5.030043555e-02   -1.143178728e-01   -2.004565469e-01   -1.446732406e-01    1.309614501e-02    1.583186060e-01    1.851436586e-01    7.349862012e-02   -9.614504912e-02
   -1.050784768e-01    5.315869956e-02    1.662112815e-01    1.525471214e-01    2.030863942e-02   -1.354759235e-01   -2.008134883e-01   -1.263941505e-01    3.510340999e-02    1.665120602e-01    1.716977212e-01    4.640901091e-02   -1.179502897e-01   -2.008710053e-01   -1.410209434e-01    1.853739893e-02    1.615226069e-01    1.833078586e-01    6.741704442e-02   -1.022723867e-01
   -1.048529018e-01    5.370453089e-02    1.665090047e-01    1.518871266e-01    1.870840034e-02   -1.369442685e-01   -2.007315758e-01   -1.242858250e-01    3.802838545e-02    1.679956031e-01    1.701705521e-01    4.249496971e-02   -1.215257473e-01   -2.011702854e-01   -1.372767079e-01    2.396027124e-02    1.645811556e-01    1.812876182e-01    6.125647706e-02   -1.082817513e-01
   -1.046270085e-01    5.424987374e-02    1.668024811e-01    1.512198007e-01    1.710602804e-02   -1.383992899e-01   -2.006220011e-01   -1.221554247e-01    4.094251794e-02    1.694270768e-01    1.685795290e-01    3.855999992e-02   -1.250424291e-01   -2.013542074e-01   -1.334430699e-01    2.936057486e-02    1.674915829e-01    1.790849172e-01    5.502364911e-02   -1.141658643e-01
   -1.044007975e-01    5.479472114e-02    1.670917006e-01    1.505451710e-01    1.550163711e-02   -1.398408326e-01   -2.004847758e-01   -1.200033503e-01    4.384510531e-02    1.708060506e-01    1.669252237e-01    3.460579870e-02   -1.284985482e-01   -2.014226598e-01   -1.295226257e-01    3.473414001e-02    1.702513486e-01    1.767019141e-01    4.872537055e-02   -1.199175991e-01
   -1.041742696e-01    5.533906610e-02    1.673766530e-01    1.498632649e-01    1.389534231e-02   -1.412687428e-01   -2.003199154e-01   -1.178300062e-01    4.673544808e-02    1.721321096e-01    1.652082310e-01    3.063407168e-02   -1.318923486e-01   -2.013755990e-01   -1.255180309e-01    4.007681742e-02    1.728580440e-01    1.741409439e-01    4.236852284e-02   -1.255299895e-01
   -1.039474254e-01    5.588290168e-02    1.676573286e-01    1.491741104e-01    1.228725862e-02   -1.426828681e-01   -2.001274397e-01   -1.156358015e-01    4.961284961e-02    1.734048544e-01    1.634291685e-01    2.664653223e-02   -1.352221055e-01   -2.012130495e-01   -1.214319979e-01    4.538448149e-02    1.753093939e-01    1.714045161e-01    3.596005141e-02   -1.309962382e-01
   -1.037202656e-01    5.642622091e-02    1.679337175e-01    1.484777357e-01    1.067750119e-02   -1.440830575e-01   -1.999073724e-01   -1.134211489e-01    5.247661625e-02    1.746239017e-01    1.615886762e-01    2.264490070e-02   -1.384861267e-01   -2.009351041e-01   -1.172672947e-01    5.065303354e-02    1.776032586e-01    1.684953120e-01    2.950695806e-02   -1.363097252e-01
   -1.034927908e-01    5.696901684e-02    1.682058100e-01    1.477741695e-01    9.066185349e-03   -1.454691615e-01   -1.996597409e-01   -1.111864652e-01    5.532605753e-02    1.757888841e-01    1.596874165e-01    1.863090369e-02   -1.416827531e-01   -2.005419235e-01   -1.130267427e-01    5.587840495e-02    1.797376359e-01    1.654161822e-01    2.301629333e-02   -1.414640156e-01
   -1.032650019e-01    5.751128251e-02    1.684735967e-01    1.470634408e-01    7.453426593e-03   -1.468410320e-01   -1.993845771e-01   -1.089321713e-01    5.816048632e-02    1.768994502e-01    1.577260740e-01    1.460627331e-02   -1.448103598e-01   -2.000337365e-01   -1.087132148e-01    6.105656030e-02    1.817106626e-01    1.621701436e-01    1.649514875e-02   -1.464528674e-01
   -1.030368995e-01    5.805301100e-02    1.687370680e-01    1.463455789e-01    5.839340578e-03   -1.481985223e-01   -1.990819165e-01   -1.066586916e-01    6.097921899e-02    1.779552649e-01    1.557053549e-01    1.057274640e-02   -1.478673569e-01   -1.994108395e-01   -1.043296335e-01    6.618350049e-02    1.835206165e-01    1.587603769e-01    9.950649181e-03   -1.512702394e-01
   -1.028084842e-01    5.859419536e-02    1.689962147e-01    1.456206135e-01    4.224043105e-03   -1.495414874e-01   -1.987517988e-01   -1.043664545e-01    6.378157558e-02    1.789560093e-01    1.536259873e-01    6.532063836e-03   -1.508521899e-01   -1.986735969e-01   -9.987896901e-02    7.125526584e-02    1.851659174e-01    1.551902229e-01    3.389944941e-03   -1.559102981e-01
   -1.025797569e-01    5.913482867e-02    1.692510275e-01    1.448885748e-01    2.607650120e-03   -1.508697835e-01   -1.983942677e-01   -1.020558918e-01    6.656687999e-02    1.799013812e-01    1.514887204e-01    2.485969715e-03   -1.537633412e-01   -1.978224403e-01   -9.536423715e-02    7.626793916e-02    1.866451290e-01    1.514631798e-01   -3.179795950e-03   -1.603674249e-01
   -1.023507180e-01    5.967490401e-02    1.695014974e-01    1.441494930e-01    9.902776968e-04   -1.521832685e-01   -1.980093707e-01   -9.972743907e-02    6.933446010e-02    1.807910945e-01    1.492943245e-01   -1.563789354e-03   -1.565993303e-01   -1.968578687e-01   -9.078849727e-02    8.121764874e-02    1.879569598e-01    1.475828993e-01   -9.751395621e-03   -1.646362229e-01
   -1.021213685e-01    6.021441445e-02    1.697476154e-01    1.434033991e-01   -6.279579643e-04   -1.534818018e-01   -1.975971594e-01   -9.738153530e-02    7.208364797e-02    1.816248800e-01    1.470435907e-01   -5.615465024e-03   -1.593587150e-01   -1.957804480e-01   -8.615485025e-02    8.610057140e-02    1.891002646e-01    1.435531833e-01   -1.631767419e-02   -1.687115237e-01
   -1.018917089e-01    6.075335308e-02    1.699893727e-01    1.426503241e-01   -2.246940551e-03   -1.547652442e-01   -1.971576895e-01   -9.501862288e-02    7.481377999e-02    1.824024849e-01    1.447373307e-01   -9.667307964e-03   -1.620400915e-01   -1.945908105e-01   -8.146643636e-02    9.091293540e-02    1.900740449e-01    1.393779802e-01   -2.287145759e-02   -1.725883933e-01
   -1.016617399e-01    6.129171301e-02    1.702267606e-01    1.418902995e-01   -3.866553644e-03   -1.560334583e-01   -1.966910204e-01   -9.263914750e-02    7.752419703e-02    1.831236735e-01    1.423763761e-01   -1.371756861e-02   -1.646420958e-01   -1.932896550e-01   -7.672643318e-02    9.565102336e-02    1.908774505e-01    1.350613809e-01   -2.940558545e-02   -1.762621382e-01
   -1.014314623e-01    6.182948734e-02    1.704597703e-01    1.411233571e-01   -5.486680728e-03   -1.572863080e-01   -1.961972157e-01   -9.024355813e-02    8.021424463e-02    1.837882267e-01    1.399615788e-01   -1.776449794e-02   -1.671634042e-01   -1.918777461e-01   -7.193805337e-02    1.003111752e-01    1.915097797e-01    1.306076149e-01   -3.591291887e-02   -1.797283110e-01
   -1.012008767e-01    6.236666917e-02    1.706883936e-01    1.403495292e-01   -7.107205201e-03   -1.585236590e-01   -1.956763428e-01   -8.783230686e-02    8.288327313e-02    1.843959422e-01    1.374938101e-01   -2.180634821e-02   -1.696027337e-01   -1.903559135e-01   -6.710454257e-02    1.048897908e-01    1.919704803e-01    1.260210459e-01   -4.238634824e-02   -1.829827162e-01
   -1.009699839e-01    6.290325163e-02    1.709126220e-01    1.395688483e-01   -8.728010381e-03   -1.597453785e-01   -1.951284730e-01   -8.540584887e-02    8.553063784e-02    1.849466349e-01    1.349739605e-01   -2.584137370e-02   -1.719588428e-01   -1.887250522e-01   -6.222917716e-02    1.093833331e-01    1.922591496e-01    1.213061680e-01   -4.881880103e-02   -1.860214146e-01
   -1.007387846e-01    6.343922783e-02    1.711324472e-01    1.387813472e-01   -1.034897951e-02   -1.609513354e-01   -1.945536818e-01   -8.296464230e-02    8.815569920e-02    1.854401366e-01    1.324029397e-01   -2.986783151e-02   -1.742305324e-01   -1.869861213e-01   -5.731526206e-02    1.137883304e-01    1.923755353e-01    1.164676010e-01   -5.520324946e-02   -1.888407287e-01
   -1.005072793e-01    6.397459091e-02    1.713478611e-01    1.379870591e-01   -1.196999579e-02   -1.621414001e-01   -1.939520483e-01   -8.050914820e-02    9.075782293e-02    1.858762960e-01    1.297816759e-01   -3.388398228e-02   -1.764166462e-01   -1.851401438e-01   -5.236612845e-02    1.181013795e-01    1.923195355e-01    1.115100857e-01   -6.153271826e-02   -1.914372467e-01
   -1.002754690e-01    6.450933400e-02    1.715588558e-01    1.371860177e-01   -1.359094234e-02   -1.633154448e-01   -1.933236557e-01   -7.803983040e-02    9.333638021e-02    1.862549794e-01    1.271111157e-01   -3.788809096e-02   -1.785160709e-01   -1.831882059e-01   -4.738513156e-02    1.223191479e-01    1.920911987e-01    1.064384797e-01   -6.780029221e-02   -1.938078270e-01
   -1.000433542e-01    6.504345024e-02    1.717654233e-01    1.363782568e-01   -1.521170226e-02   -1.644733432e-01   -1.926685910e-01   -7.555715548e-02    9.589074778e-02    1.865760696e-01    1.243922234e-01   -4.187842756e-02   -1.805277377e-01   -1.811314564e-01   -4.237564838e-02    1.264383770e-01    1.916907240e-01    1.012577523e-01   -7.399912374e-02   -1.959496018e-01
   -9.981093567e-02    6.557693280e-02    1.719675559e-01    1.355638106e-01   -1.683215860e-02   -1.656149707e-01   -1.919869453e-01   -7.306159263e-02    9.842030815e-02    1.868394672e-01    1.216259812e-01   -4.585326788e-02   -1.824506220e-01   -1.789711060e-01   -3.734107535e-02    1.304558836e-01    1.911184604e-01    9.597297989e-02   -8.012244042e-02   -1.978599804e-01
   -9.957821411e-02    6.610977482e-02    1.721652460e-01    1.347427138e-01   -1.845219439e-02   -1.667402046e-01   -1.912788133e-01   -7.055361358e-02    1.009244497e-01    1.870450897e-01    1.188133886e-01   -4.981089429e-02   -1.842837443e-01   -1.767084266e-01   -3.228482608e-02    1.343685636e-01    1.903749074e-01    9.058934062e-02   -8.616355234e-02   -1.995366529e-01
   -9.934519023e-02    6.664196947e-02    1.723584860e-01    1.339150012e-01   -2.007169264e-02   -1.678489237e-01   -1.905442936e-01   -6.803369251e-02    1.034025669e-01    1.871928720e-01    1.159554617e-01   -5.374959643e-02   -1.860261706e-01   -1.743447506e-01   -2.721032903e-02    1.381733935e-01    1.894607136e-01    8.511210970e-02   -9.211585942e-02   -2.009775924e-01
   -9.911186473e-02    6.717350993e-02    1.725472685e-01    1.330807082e-01   -2.169053637e-02   -1.689410085e-01   -1.897834890e-01   -6.550230597e-02    1.058540603e-01    1.872827661e-01    1.130532335e-01   -5.766767200e-02   -1.876770130e-01   -1.718814699e-01   -2.212102517e-02    1.418674328e-01    1.883766769e-01    7.954665407e-02   -9.797285862e-02   -2.021810576e-01
   -9.887823832e-02    6.770438937e-02    1.727315863e-01    1.322398702e-01   -2.330860857e-02   -1.700163414e-01   -1.889965056e-01   -6.295993277e-02    1.082783370e-01    1.873147415e-01    1.101077529e-01   -6.156342747e-02   -1.892354301e-01   -1.693200356e-01   -1.702036568e-02    1.454478270e-01    1.871237434e-01    7.389842711e-02   -1.037281511e-01   -2.031455953e-01
   -9.864431172e-02    6.823460099e-02    1.729114322e-01    1.313925232e-01   -2.492579226e-02   -1.710748063e-01   -1.881834538e-01   -6.040705391e-02    1.106748104e-01    1.872887849e-01    1.071200846e-01   -6.543517880e-02   -1.907006272e-01   -1.666619563e-01   -1.191180957e-02    1.489118090e-01    1.857030065e-01    6.817296339e-02   -1.093754491e-01   -2.038700417e-01
   -9.841008562e-02    6.876413798e-02    1.730867992e-01    1.305387035e-01   -2.654197048e-02   -1.721162891e-01   -1.873444476e-01   -5.784415246e-02    1.130429006e-01    1.872049004e-01    1.040913089e-01   -6.928125222e-02   -1.920718571e-01   -1.639087982e-01   -6.798821359e-03    1.522567016e-01    1.841157065e-01    6.237587317e-02   -1.149085829e-01   -2.043535238e-01
   -9.817556075e-02    6.929299354e-02    1.732576803e-01    1.296784475e-01   -2.815702628e-02   -1.731406773e-01   -1.864796046e-01   -5.527171350e-02    1.153820343e-01    1.870631093e-01    1.010225210e-01   -7.309998490e-02   -1.933484202e-01   -1.610621834e-01   -1.684868708e-03    1.554799195e-01    1.823632288e-01    5.651283696e-02   -1.203215075e-01   -2.045954610e-01
   -9.794073781e-02    6.982116088e-02    1.734240689e-01    1.288117923e-01   -2.977084277e-02   -1.741478603e-01   -1.855890466e-01   -5.269022401e-02    1.176916455e-01    1.868634504e-01    9.791483059e-02   -7.688972570e-02   -1.945296652e-01   -1.581237894e-01    3.426579916e-03    1.585789715e-01    1.804471033e-01    5.058959992e-02   -1.256083095e-01   -2.045955651e-01
   -9.770561752e-02    7.034863323e-02    1.735859582e-01    1.279387750e-01   -3.138330308e-02   -1.751377292e-01   -1.846728988e-01   -5.010017277e-02    1.199711749e-01    1.866059796e-01    9.476936177e-02   -8.064883588e-02   -1.956149889e-01   -1.550953478e-01    8.532057607e-03    1.615514620e-01    1.783690026e-01    4.461196626e-02   -1.307632130e-01   -2.043538412e-01
   -9.747020060e-02    7.087540381e-02    1.737433417e-01    1.270594332e-01   -3.299429042e-02   -1.761101770e-01   -1.837312903e-01   -4.750205030e-02    1.222200705e-01    1.862907702e-01    9.158725236e-02   -8.437568981e-02   -1.966038370e-01   -1.519786437e-01    1.362810136e-02    1.643950934e-01    1.761307409e-01    3.858579351e-02   -1.357805865e-01   -2.038705872e-01
   -9.723448774e-02    7.140146585e-02    1.738962129e-01    1.261738047e-01   -3.460368804e-02   -1.770650984e-01   -1.827643540e-01   -4.489634871e-02    1.244377876e-01    1.859179128e-01    8.836965359e-02   -8.806867568e-02   -1.974957040e-01   -1.487755140e-01    1.871125445e-02    1.671076674e-01    1.737342724e-01    3.251698685e-02   -1.406549486e-01   -2.031463941e-01
   -9.699847968e-02    7.192681261e-02    1.740445657e-01    1.252819278e-01   -3.621137928e-02   -1.780023901e-01   -1.817722263e-01   -4.228356168e-02    1.266237890e-01    1.854875152e-01    8.511772967e-02   -9.172619621e-02   -1.982901338e-01   -1.454878471e-01    2.377806873e-02    1.696870869e-01    1.711816891e-01    2.641149324e-02   -1.453809743e-01   -2.021821445e-01
   -9.676217713e-02    7.245143732e-02    1.741883938e-01    1.243838409e-01   -3.781724754e-02   -1.789219504e-01   -1.807550475e-01   -3.966418428e-02    1.287775450e-01    1.849997025e-01    8.183265737e-02   -9.534666929e-02   -1.989867199e-01   -1.421175811e-01    2.882510701e-02    1.721313578e-01    1.684752198e-01    2.027529569e-02   -1.499535007e-01   -2.009790122e-01
   -9.652558080e-02    7.297533326e-02    1.743276911e-01    1.234795828e-01   -3.942117633e-02   -1.798236796e-01   -1.797129613e-01   -3.703871297e-02    1.308985338e-01    1.844546169e-01    7.851562561e-02   -9.892852875e-02   -1.995851053e-01   -1.386667032e-01    3.384894539e-02    1.744385903e-01    1.656172274e-01    1.411440730e-02   -1.543675327e-01   -1.995384603e-01
   -9.628869142e-02    7.349849368e-02    1.744624519e-01    1.225691927e-01   -4.102304925e-02   -1.807074800e-01   -1.786461154e-01   -3.440764543e-02    1.329862412e-01    1.838524177e-01    7.516783499e-02   -1.024702250e-01   -2.000849829e-01   -1.351372481e-01    3.884617556e-02    1.766070003e-01    1.626102073e-01    7.934865443e-03   -1.586182483e-01   -1.978622397e-01
   -9.605150970e-02    7.402091187e-02    1.745926702e-01    1.216527100e-01   -4.262275001e-02   -1.815732556e-01   -1.775546608e-01   -3.177148048e-02    1.350401611e-01    1.831932815e-01    7.179049739e-02   -1.059702256e-01   -2.004860958e-01   -1.315312971e-01    4.381340714e-02    1.786349112e-01    1.594567850e-01    1.742725807e-03   -1.627010041e-01   -1.959523869e-01
   -9.581403636e-02    7.454258112e-02    1.747183404e-01    1.207301744e-01   -4.422016242e-02   -1.824209123e-01   -1.764387524e-01   -2.913071803e-02    1.370597956e-01    1.824774017e-01    6.838483553e-02   -1.094270161e-01   -2.007882373e-01   -1.278509766e-01    4.874726995e-02    1.805207546e-01    1.561597141e-01   -4.455943522e-03   -1.666113402e-01   -1.938112214e-01
   -9.557627213e-02    7.506349470e-02    1.748394570e-01    1.198016261e-01   -4.581517045e-02   -1.832503579e-01   -1.752985484e-01   -2.648585893e-02    1.390446548e-01    1.817049889e-01    6.495208252e-02   -1.128391007e-01   -2.009912507e-01   -1.240984573e-01    5.364441635e-02    1.822630721e-01    1.527218734e-01   -1.065506801e-02   -1.703449851e-01   -1.914413433e-01
   -9.533821773e-02    7.558364594e-02    1.749560145e-01    1.188671053e-01   -4.740765816e-02   -1.840615021e-01   -1.741342107e-01   -2.383740489e-02    1.409942573e-01    1.808762705e-01    6.149348140e-02   -1.162050027e-01   -2.010950301e-01   -1.202759523e-01    5.850152345e-02    1.838605161e-01    1.491462649e-01   -1.684857263e-02   -1.738978605e-01   -1.888456296e-01
   -9.509987387e-02    7.610302813e-02    1.750680076e-01    1.179266528e-01   -4.899750979e-02   -1.848542567e-01   -1.729459048e-01   -2.118585841e-02    1.429081300e-01    1.799914909e-01    5.801028471e-02   -1.195232652e-01   -2.010995197e-01   -1.163857164e-01    6.331529542e-02    1.853118509e-01    1.454360108e-01   -2.303038781e-02   -1.772660856e-01   -1.860272311e-01
   -9.486124129e-02    7.662163461e-02    1.751754313e-01    1.169803096e-01   -5.058460971e-02   -1.856285351e-01   -1.717337996e-01   -1.853172266e-02    1.447858085e-01    1.790509112e-01    5.450375402e-02   -1.227924520e-01   -2.010047144e-01   -1.124300444e-01    6.808246570e-02    1.866159537e-01    1.415943512e-01   -2.919445539e-02   -1.804459813e-01   -1.829895683e-01
   -9.462232070e-02    7.713945869e-02    1.752782804e-01    1.160281168e-01   -5.216884246e-02   -1.863842530e-01   -1.704980676e-01   -1.587550136e-02    1.466268371e-01    1.780548093e-01    5.097515950e-02   -1.260111480e-01   -2.008106594e-01   -1.084112698e-01    7.279979923e-02    1.877718154e-01    1.376246407e-01   -3.533473456e-02   -1.834340746e-01   -1.797363275e-01
   -9.438311283e-02    7.765649372e-02    1.753765500e-01    1.150701161e-01   -5.375009274e-02   -1.871213278e-01   -1.692388846e-01   -1.321769875e-02    1.484307688e-01    1.770034796e-01    4.742577941e-02   -1.291779595e-01   -2.005174506e-01   -1.043317634e-01    7.746409465e-02    1.887785416e-01    1.335303461e-01   -4.144520775e-02   -1.862271020e-01   -1.762714563e-01
   -9.414361842e-02    7.817273305e-02    1.754702353e-01    1.141063494e-01   -5.532824543e-02   -1.878396789e-01   -1.679564301e-01   -1.055881944e-02    1.501971655e-01    1.758972332e-01    4.385689970e-02   -1.322915156e-01   -2.001252339e-01   -1.001939323e-01    8.207218646e-02    1.896353529e-01    1.293150428e-01   -4.751988659e-02   -1.888220130e-01   -1.725991587e-01
   -9.390383818e-02    7.868817003e-02    1.755593317e-01    1.131368587e-01   -5.690318562e-02   -1.885392278e-01   -1.666508867e-01   -7.899368314e-03    1.519255983e-01    1.747363977e-01    4.026981349e-02   -1.353504681e-01   -1.996342061e-01   -9.600021771e-02    8.662094718e-02    1.903415861e-01    1.249824121e-01   -5.355281771e-02   -1.912159739e-01   -1.687238901e-01
   -9.366377284e-02    7.920279802e-02    1.756438346e-01    1.121616866e-01   -5.847479855e-02   -1.892198978e-01   -1.653224408e-01   -5.239850474e-03    1.536156473e-01    1.735213169e-01    3.666582063e-02   -1.383534922e-01   -1.990446139e-01   -9.175309432e-02    9.110728949e-02    1.908966940e-01    1.205362378e-01   -5.953808864e-02   -1.934063705e-01   -1.646503516e-01
   -9.342342313e-02    7.971661041e-02    1.757237396e-01    1.111808758e-01   -6.004296970e-02   -1.898816143e-01   -1.639712817e-01   -2.580771100e-03    1.552669016e-01    1.722523510e-01    3.304622721e-02   -1.412992874e-01   -1.983567541e-01   -8.745506828e-02    9.552816829e-02    1.913002463e-01    1.159804030e-01   -6.546983355e-02   -1.953908111e-01   -1.603834849e-01
   -9.318278979e-02    8.022960058e-02    1.757990424e-01    1.101944693e-01   -6.160758475e-02   -1.905243047e-01   -1.625976024e-01    7.736462133e-05    1.568789601e-01    1.709298763e-01    2.941234512e-02   -1.441865779e-01   -1.975709737e-01   -8.310867599e-02    9.988058282e-02    1.915519300e-01    1.113188865e-01   -7.134223903e-02   -1.971671291e-01   -1.559284657e-01
   -9.294187354e-02    8.074176192e-02    1.758697389e-01    1.092025104e-01   -6.316852960e-02   -1.911478982e-01   -1.612015991e-01    2.734051605e-03    1.584514308e-01    1.695542852e-01    2.576549153e-02   -1.470141130e-01   -1.966876693e-01   -7.871648250e-02    1.041615787e-01    1.916515494e-01    1.065557595e-01   -7.714954979e-02   -1.987333855e-01   -1.512906979e-01
   -9.270067512e-02    8.125308784e-02    1.759358250e-01    1.082050428e-01   -6.472569039e-02   -1.917523264e-01   -1.597834711e-01    5.388784958e-03    1.599839312e-01    1.681259861e-01    2.210698844e-02   -1.497806677e-01   -1.957072873e-01   -7.428108005e-02    1.083682498e-01    1.915990261e-01    1.016951822e-01   -8.288607430e-02   -2.000878706e-01   -1.464758067e-01
   -9.245919525e-02    8.176357175e-02    1.759972968e-01    1.072021104e-01   -6.627895349e-02   -1.923375226e-01   -1.583434213e-01    8.041060079e-03    1.614760885e-01    1.666454030e-01    1.843816220e-02   -1.524850434e-01   -1.946303235e-01   -6.980508649e-02    1.124977404e-01    1.913943997e-01    9.674139984e-02   -8.854619034e-02   -2.012291066e-01   -1.414896319e-01
   -9.221743467e-02    8.227320707e-02    1.760541505e-01    1.061937572e-01   -6.782820552e-02   -1.929034222e-01   -1.568816556e-01    1.069037276e-02    1.629275398e-01    1.651129759e-01    1.476034300e-02   -1.551260684e-01   -1.934573226e-01   -6.529114380e-02    1.165472471e-01    1.910378270e-01    9.169873912e-02   -9.412435058e-02   -2.021558482e-01   -1.363382209e-01
   -9.197539412e-02    8.278198724e-02    1.761063826e-01    1.051800278e-01   -6.937333336e-02   -1.934499628e-01   -1.553983831e-01    1.333621926e-02    1.643379316e-01    1.635291601e-01    1.107486443e-02   -1.577025981e-01   -1.921888784e-01   -6.074191645e-02    1.205140207e-01    1.905295825e-01    8.657160450e-02   -9.961508794e-02   -2.028670852e-01   -1.310278213e-01
   -9.173307432e-02    8.328990570e-02    1.761539894e-01    1.041609669e-01   -7.091422414e-02   -1.939770837e-01   -1.538938162e-01    1.597809644e-02    1.657069207e-01    1.618944265e-01    7.383062975e-03   -1.602135159e-01   -1.908256332e-01   -5.616008991e-02    1.243953679e-01    1.898700579e-01    8.136447431e-02   -1.050130210e-01   -2.033620424e-01   -1.255648733e-01
   -9.149047602e-02    8.379695590e-02    1.761969675e-01    1.031366194e-01   -7.245076528e-02   -1.944847266e-01   -1.523681703e-01    1.861550182e-02    1.670341735e-01    1.602092611e-01    3.686277512e-03   -1.626577335e-01   -1.893682776e-01   -5.154836900e-02    1.281886535e-01    1.890597619e-01    7.608189680e-02   -1.103128593e-01   -2.036401813e-01   -1.199560020e-01
   -9.124759995e-02    8.430313131e-02    1.762353137e-01    1.021070306e-01   -7.398284448e-02   -1.949728351e-01   -1.508216639e-01    2.124793371e-02    1.683193668e-01    1.584741653e-01   -1.415114737e-05   -1.650341914e-01   -1.878175500e-01   -4.690947634e-02    1.318913017e-01    1.880993196e-01    7.072848620e-02   -1.155094084e-01   -2.037012002e-01   -1.142080092e-01
   -9.100444684e-02    8.480842541e-02    1.762690248e-01    1.010722461e-01   -7.551034973e-02   -1.954413548e-01   -1.492545186e-01    2.387489129e-02    1.695621872e-01    1.566896554e-01   -3.716880758e-03   -1.673418593e-01   -1.861742364e-01   -4.224615070e-02    1.355007984e-01    1.869894723e-01    6.530891872e-02   -1.205975751e-01   -2.035450350e-01   -1.083278654e-01
   -9.076101745e-02    8.531283167e-02    1.762980979e-01    1.000323116e-01   -7.703316931e-02   -1.958902335e-01   -1.476669593e-01    2.649587468e-02    1.707623317e-01    1.548562624e-01   -7.420568127e-03   -1.695797365e-01   -1.844391700e-01   -3.756114542e-02    1.390146926e-01    1.857310769e-01    5.982792841e-02   -1.255723725e-01   -2.031718587e-01   -1.023227009e-01
   -9.051731250e-02    8.581634359e-02    1.763225300e-01    9.898727330e-02   -7.855119181e-02   -1.963194211e-01   -1.460592135e-01    2.911038509e-02    1.719195076e-01    1.529745323e-01   -1.112386960e-02   -1.717468526e-01   -1.826132305e-01   -3.285722677e-02    1.424305980e-01    1.843251051e-01    5.429030305e-02   -1.304289246e-01   -2.025820817e-01   -9.619979788e-02
   -9.027333273e-02    8.631895467e-02    1.763423183e-01    9.793717742e-02   -8.006430614e-02   -1.967288693e-01   -1.444315119e-01    3.171792487e-02    1.730334326e-01    1.510450252e-01   -1.482544156e-02   -1.738422677e-01   -1.806973442e-01   -2.813717229e-02    1.457461947e-01    1.827726426e-01    4.870087999e-02   -1.351624715e-01   -2.017763510e-01   -8.996658080e-02
   -9.002907889e-02    8.682065843e-02    1.763574603e-01    9.688207059e-02   -8.157240155e-02   -1.971185323e-01   -1.427840881e-01    3.431799763e-02    1.741038345e-01    1.490683159e-01   -1.852394089e-02   -1.758650728e-01   -1.786924829e-01   -2.340376921e-02    1.489592310e-01    1.810748884e-01    4.306454190e-02   -1.397683737e-01   -2.007555498e-01   -8.363060790e-02
   -8.978455172e-02    8.732144840e-02    1.763679534e-01    9.582199966e-02   -8.307536759e-02   -1.974883662e-01   -1.411171787e-01    3.691010834e-02    1.751304521e-01    1.470449934e-01   -2.221802550e-02   -1.778143905e-01   -1.765996639e-01   -1.865981274e-02    1.520675246e-01    1.792331542e-01    3.738621251e-02   -1.442421167e-01   -1.995207963e-01   -7.719956188e-02
   -8.953975196e-02    8.782131811e-02    1.763737953e-01    9.475701173e-02   -8.457309418e-02   -1.978383290e-01   -1.394310230e-01    3.949376339e-02    1.761130344e-01    1.449756605e-01   -2.590635477e-02   -1.796893749e-01   -1.744199493e-01   -1.390810447e-02    1.550689643e-01    1.772488625e-01    3.167085231e-02   -1.485793157e-01   -1.980734426e-01   -7.068124057e-02
   -8.929468035e-02    8.832026111e-02    1.763749836e-01    9.368715416e-02   -8.606547158e-02   -1.981683811e-01   -1.377258634e-01    4.206847072e-02    1.770513412e-01    1.428609340e-01   -2.958759008e-02   -1.814892122e-01   -1.721544452e-01   -9.151450661e-03    1.579615113e-01    1.751235466e-01    2.592345421e-02   -1.527757197e-01   -1.964150732e-01   -6.408354751e-02
   -8.904933764e-02    8.881827096e-02    1.763715163e-01    9.261247456e-02   -8.755239041e-02   -1.984784849e-01   -1.360019448e-01    4.463373990e-02    1.779451428e-01    1.407014443e-01   -3.326039526e-02   -1.832131213e-01   -1.698043018e-01   -4.392660643e-03    1.607432006e-01    1.728588484e-01    2.014903921e-02   -1.568272155e-01   -1.945475032e-01   -5.741448238e-02
   -8.880372457e-02    8.931534122e-02    1.763633914e-01    9.153302080e-02   -8.903374165e-02   -1.987686050e-01   -1.342595150e-01    4.718908223e-02    1.787942205e-01    1.384978353e-01   -3.692343712e-02   -1.848603537e-01   -1.673707121e-01    3.654548805e-04    1.634121427e-01    1.704565180e-01    1.435265198e-02   -1.607298321e-01   -1.924727764e-01   -5.068213126e-02
   -8.855784189e-02    8.981146549e-02    1.763506070e-01    9.044884099e-02   -9.050941666e-02   -1.990387078e-01   -1.324988248e-01    4.973401083e-02    1.795983661e-01    1.362507640e-01   -4.057538589e-02   -1.864301943e-01   -1.648549119e-01    5.120085484e-03    1.659665243e-01    1.679184116e-01    8.539356452e-03   -1.644797444e-01   -1.901931631e-01   -4.389465686e-02
   -8.831169034e-02    9.030663733e-02    1.763331613e-01    8.935998347e-02   -9.197930719e-02   -1.992887623e-01   -1.307201272e-01    5.226804072e-02    1.803573825e-01    1.339609009e-01   -4.421491571e-02   -1.879219610e-01   -1.622581785e-01    9.868422678e-03    1.684046097e-01    1.652464908e-01    2.714231426e-03   -1.680732770e-01   -1.877111575e-01   -3.706028863e-02
   -8.806527068e-02    9.080085037e-02    1.763110528e-01    8.826649685e-02   -9.344330537e-02   -1.995187393e-01   -1.289236784e-01    5.479068896e-02    1.810710834e-01    1.316289289e-01   -4.784070515e-02   -1.893350060e-01   -1.595818309e-01    1.460766158e-02    1.707247426e-01    1.624428204e-01   -3.117633895e-03   -1.715069076e-01   -1.850294751e-01   -3.018731275e-02
   -8.781858364e-02    9.129409821e-02    1.762842800e-01    8.716842995e-02   -9.490130373e-02   -1.997286118e-01   -1.271097367e-01    5.730147468e-02    1.817392935e-01    1.292555439e-01   -5.145143767e-02   -1.906687152e-01   -1.568272283e-01    1.933500254e-02    1.729253461e-01    1.595095672e-01   -8.951144339e-03   -1.747772708e-01   -1.821510497e-01   -2.328406211e-02
   -8.757162999e-02    9.178637448e-02    1.762528416e-01    8.606583187e-02   -9.635319523e-02   -1.999183549e-01   -1.252785635e-01    5.979991920e-02    1.823618484e-01    1.268414541e-01   -5.504580206e-02   -1.919225089e-01   -1.539957701e-01    2.404765286e-02    1.750049250e-01    1.564489985e-01   -1.478120322e-02   -1.778811613e-01   -1.790790300e-01   -1.635890624e-02
   -8.732441046e-02    9.227767282e-02    1.762167362e-01    8.495875189e-02   -9.779887323e-02   -2.000879460e-01   -1.234304224e-01    6.228554616e-02    1.829385948e-01    1.243873801e-01   -5.862249298e-02   -1.930958418e-01   -1.510888946e-01    2.874282837e-02    1.769620657e-01    1.532634797e-01   -2.060271679e-02   -1.808155366e-01   -1.758167766e-01   -9.420241074e-03
   -8.707692581e-02    9.276798686e-02    1.761759628e-01    8.384723958e-02   -9.923823150e-02   -2.002373644e-01   -1.215655796e-01    6.475788154e-02    1.834693904e-01    1.218940544e-01   -6.218021141e-02   -1.941882038e-01   -1.481080787e-01    3.341775512e-02    1.787954381e-01    1.499554732e-01   -2.641059870e-02   -1.835775209e-01   -1.723678577e-01   -2.476478875e-03
   -8.682917679e-02    9.325731028e-02    1.761305205e-01    8.273134471e-02   -1.006711643e-01   -2.003665918e-01   -1.196843038e-01    6.721645381e-02    1.839541041e-01    1.193622215e-01   -6.571766510e-02   -1.951991193e-01   -1.450548370e-01    3.806967102e-02    1.805037959e-01    1.465275360e-01   -3.219977442e-02   -1.861644070e-01   -1.687360459e-01    4.463962032e-03
   -8.658116416e-02    9.374563673e-02    1.760804083e-01    8.161111727e-02   -1.020975662e-01   -2.004756117e-01   -1.177868662e-01    6.966079398e-02    1.843926160e-01    1.167926373e-01   -6.923356910e-02   -1.961281485e-01   -1.419307209e-01    4.269582745e-02    1.820859776e-01    1.429823179e-01   -3.796518569e-02   -1.885736594e-01   -1.649253134e-01    1.139266744e-02
   -8.633288866e-02    9.423295991e-02    1.760256257e-01    8.048660750e-02   -1.035173324e-01   -2.005644102e-01   -1.158735404e-01    7.209043572e-02    1.847848171e-01    1.141860692e-01   -7.272664614e-02   -1.969748865e-01   -1.387373182e-01    4.729349089e-02    1.835409074e-01    1.393225596e-01   -4.370179497e-02   -1.908029169e-01   -1.609398284e-01    1.830123745e-02
   -8.608435105e-02    9.471927351e-02    1.759661720e-01    7.935786585e-02   -1.049303584e-01   -2.006329753e-01   -1.139446022e-01    7.450491544e-02    1.851306098e-01    1.115432959e-01   -7.619562718e-02   -1.977389644e-01   -1.354762519e-01    5.185994457e-02    1.848675960e-01    1.355510903e-01   -4.940458977e-02   -1.928499947e-01   -1.567839498e-01    2.518129667e-02
   -8.583555208e-02    9.520457124e-02    1.759020467e-01    7.822494300e-02   -1.063365403e-01   -2.006812970e-01   -1.120003299e-01    7.690377238e-02    1.854299078e-01    1.088651066e-01   -7.963925183e-02   -1.984200488e-01   -1.321491794e-01    5.639249003e-02    1.860651409e-01    1.316708257e-01   -5.506858711e-02   -1.947128864e-01   -1.524622229e-01    3.202450439e-02
   -8.558649252e-02    9.568884680e-02    1.758332496e-01    7.708788984e-02   -1.077357745e-01   -2.007093677e-01   -1.100410040e-01    7.928654868e-02    1.856826359e-01    1.061523017e-01   -8.305626881e-02   -1.990178424e-01   -1.287577919e-01    6.088844876e-02    1.871327275e-01    1.276847657e-01   -6.068883781e-02   -1.963897664e-01   -1.479793742e-01    3.882256463e-02
   -8.533717311e-02    9.617209394e-02    1.757597804e-01    7.594675748e-02   -1.091279581e-01   -2.007171818e-01   -1.080669072e-01    8.165278950e-02    1.858887302e-01    1.034056917e-01   -8.644543642e-02   -1.995320839e-01   -1.253038134e-01    6.534516373e-02    1.880696293e-01    1.235959921e-01   -6.626043087e-02   -1.978789914e-01   -1.433403066e-01    4.556723624e-02
   -8.508759461e-02    9.665430639e-02    1.756816390e-01    7.480159725e-02   -1.105129885e-01   -2.007047361e-01   -1.060783245e-01    8.400204310e-02    1.860481381e-01    1.006260973e-01   -8.980552298e-02   -1.999625482e-01   -1.217889999e-01    6.976000103e-02    1.888752086e-01    1.194076662e-01   -7.177849771e-02   -1.991791019e-01   -1.385500934e-01    5.225034290e-02
   -8.483775778e-02    9.713547791e-02    1.755988257e-01    7.365246068e-02   -1.118907637e-01   -2.006720292e-01   -1.040755429e-01    8.633386088e-02    1.861608183e-01    9.781434937e-02   -9.313530729e-02   -2.003090462e-01   -1.182151383e-01    7.413035137e-02    1.895489167e-01    1.151230264e-01   -7.723821648e-02   -2.002888241e-01   -1.336139734e-01    5.886378300e-02
   -8.458766338e-02    9.761560227e-02    1.755113404e-01    7.249939951e-02   -1.132611821e-01   -2.006190622e-01   -1.020588518e-01    8.864779757e-02    1.862267408e-01    9.497128833e-02   -9.643357906e-02   -2.005714257e-01   -1.145840457e-01    7.845363165e-02    1.900902946e-01    1.107453855e-01   -8.263481624e-02   -2.012070707e-01   -1.285373448e-01    6.539953948e-02
   -8.433731217e-02    9.809467324e-02    1.754191836e-01    7.134246571e-02   -1.146241428e-01   -2.005458381e-01   -1.000285423e-01    9.094341118e-02    1.862458871e-01    9.209776411e-02   -9.969913938e-02   -2.007495703e-01   -1.108975686e-01    8.272728649e-02    1.904989731e-01    1.062781284e-01   -8.796358112e-02   -2.019329422e-01   -1.233257596e-01    7.184968955e-02
   -8.408670491e-02    9.857268461e-02    1.753223558e-01    7.018171142e-02   -1.159795453e-01   -2.004523623e-01   -9.798490790e-02    9.322026322e-02    1.862182496e-01    8.919463585e-02   -1.029308011e-01   -2.008434005e-01   -1.071575815e-01    8.694878975e-02    1.907746731e-01    1.017247096e-01   -9.321985450e-02   -2.024657275e-01   -1.179849170e-01    7.820641428e-02
   -8.383584235e-02    9.904963020e-02    1.752208574e-01    6.901718900e-02   -1.173272896e-01   -2.003386420e-01   -9.592824382e-02    9.547791868e-02    1.861438325e-01    8.626277162e-02   -1.061273894e-01   -2.008528732e-01   -1.033659864e-01    9.111564599e-02    1.909172059e-01    9.708864991e-02   -9.839904301e-02   -2.028049051e-01   -1.125206578e-01    8.446200808e-02
   -8.358472527e-02    9.952550381e-02    1.751146892e-01    6.784895102e-02   -1.186672762e-01   -2.002046869e-01   -9.385884735e-02    9.771594617e-02    1.860226511e-01    8.330304819e-02   -1.092877419e-01   -2.007779818e-01   -9.952471165e-02    9.522539199e-02    1.909264730e-01    9.237353444e-02   -1.034966206e-01   -2.029501431e-01   -1.069389575e-01    9.060888807e-02
   -8.333335442e-02    1.000002993e-01    1.750038520e-01    6.667705022e-02   -1.199994063e-01   -2.000505088e-01   -9.177701764e-02    9.993391800e-02    1.858547319e-01    8.031635076e-02   -1.124107096e-01   -2.006187562e-01   -9.563571083e-02    9.927559818e-02    1.908024667e-01    8.758300941e-02   -1.085081325e-01   -2.029013000e-01   -1.012459202e-01    9.663960323e-02
   -8.308173056e-02    1.004740104e-01    1.748883468e-01    6.550153955e-02   -1.213235815e-01   -1.998761215e-01   -8.968305573e-02    1.021314102e-01    1.856401130e-01    7.730357268e-02   -1.154951568e-01   -2.003752630e-01   -9.170096209e-02    1.032638701e-01    1.905452696e-01    8.272077944e-02   -1.134291989e-01   -2.026584244e-01   -9.544777156e-02    1.025468435e-01
   -8.282985447e-02    1.009466311e-01    1.747681747e-01    6.432247216e-02   -1.226397041e-01   -1.996815411e-01   -8.757726447e-02    1.043080028e-01    1.853788438e-01    7.426561520e-02   -1.185399618e-01   -2.000476051e-01   -8.772246688e-02    1.071878497e-01    1.901550548e-01    7.779060472e-02   -1.182555194e-01   -2.022217552e-01   -8.955085220e-02    1.083234484e-01
   -8.257772690e-02    1.014181553e-01    1.746433370e-01    6.313990137e-02   -1.239476769e-01   -1.994667857e-01   -8.545994847e-02    1.064632795e-01    1.850709847e-01    7.120338721e-02   -1.215440172e-01   -1.996359220e-01   -8.370224903e-02    1.110452171e-01    1.896320859e-01    7.279629807e-02   -1.229828758e-01   -2.015917214e-01   -8.356161072e-02    1.139624163e-01
   -8.232534862e-02    1.018885767e-01    1.745138349e-01    6.195388070e-02   -1.252474032e-01   -1.992318759e-01   -8.333141406e-02    1.085968283e-01    1.847166077e-01    6.811780493e-02   -1.245062303e-01   -1.991403895e-01   -7.964235369e-02    1.148336915e-01    1.889767164e-01    6.774172197e-02   -1.276071368e-01   -2.007689415e-01   -7.748659666e-02    1.194569121e-01
   -8.207272040e-02    1.023578893e-01    1.743796699e-01    6.076446385e-02   -1.265387869e-01   -1.989768339e-01   -8.119196929e-02    1.107082412e-01    1.843157960e-01    6.500979169e-02   -1.274255235e-01   -1.985612199e-01   -7.554484632e-02    1.185510326e-01    1.881893901e-01    6.263078564e-02   -1.321242609e-01   -1.997542230e-01   -7.133245330e-02    1.248002761e-01
   -8.181984300e-02    1.028260870e-01    1.742408437e-01    5.957170469e-02   -1.278217327e-01   -1.987016846e-01   -7.904192382e-02    1.127971142e-01    1.838686440e-01    6.188027759e-02   -1.303008349e-01   -1.978986617e-01   -7.141181163e-02    1.221950425e-01    1.872706400e-01    5.746744194e-02   -1.365303003e-01   -1.985485618e-01   -6.510591045e-02    1.299860319e-01
   -8.156671719e-02    1.032931637e-01    1.740973580e-01    5.837565729e-02   -1.290961455e-01   -1.984064548e-01   -7.688158891e-02    1.148630477e-01    1.833752574e-01    5.873019927e-02   -1.331311183e-01   -1.971529993e-01   -6.724535249e-02    1.257635661e-01    1.862210889e-01    5.225568438e-02   -1.408214039e-01   -1.971531408e-01   -5.881377705e-02    1.350078944e-01
   -8.131334374e-02    1.037591134e-01    1.739492147e-01    5.717637588e-02   -1.303619313e-01   -1.980911733e-01   -7.471127737e-02    1.169056466e-01    1.828357530e-01    5.556049963e-02   -1.359153440e-01   -1.963245534e-01   -6.304758889e-02    1.292544931e-01    1.850414480e-01    4.699954399e-02   -1.449938216e-01   -1.955693291e-01   -5.246293375e-02    1.398597769e-01
   -8.105972342e-02    1.042239299e-01    1.737964158e-01    5.597391488e-02   -1.316189962e-01   -1.977558713e-01   -7.253130351e-02    1.189245198e-01    1.822502590e-01    5.237212749e-02   -1.386524989e-01   -1.954136805e-01   -5.882065688e-02    1.326657590e-01    1.837325171e-01    4.170308621e-02   -1.490439064e-01   -1.937986805e-01   -4.606032537e-02    1.445357992e-01
   -8.080585701e-02    1.046876074e-01    1.736389633e-01    5.476832886e-02   -1.328672472e-01   -1.974005820e-01   -7.034198310e-02    1.209192811e-01    1.816189145e-01    4.916603740e-02   -1.413415867e-01   -1.944207727e-01   -5.456670743e-02    1.359953462e-01    1.822951839e-01    3.637040776e-02   -1.529681185e-01   -1.918429321e-01   -3.961295334e-02    1.490302942e-01
   -8.055174526e-02    1.051501396e-01    1.734768596e-01    5.355967257e-02   -1.341065920e-01   -1.970253409e-01   -6.814363333e-02    1.228895486e-01    1.809418700e-01    4.594318926e-02   -1.439816289e-01   -1.933462580e-01   -5.028790537e-02    1.392412853e-01    1.807304232e-01    3.100563347e-02   -1.567630280e-01   -1.897040026e-01   -3.312786799e-02    1.533378150e-01
   -8.029738895e-02    1.056115206e-01    1.733101071e-01    5.234800093e-02   -1.353369388e-01   -1.966301854e-01   -6.593657275e-02    1.248349450e-01    1.802192868e-01    4.270454810e-02   -1.465716645e-01   -1.921905994e-01   -4.598642829e-02    1.424016565e-01    1.790392965e-01    2.561291307e-02   -1.604253180e-01   -1.873839900e-01   -2.661216090e-02    1.574531415e-01
   -8.004278885e-02    1.060717445e-01    1.731387081e-01    5.113336902e-02   -1.365581963e-01   -1.962151552e-01   -6.372112121e-02    1.267550980e-01    1.794513376e-01    3.945108374e-02   -1.491107506e-01   -1.909542953e-01   -4.166446541e-02    1.454745903e-01    1.772229512e-01    2.019641799e-02   -1.639517873e-01   -1.848851702e-01   -2.007295711e-02    1.613712865e-01
   -7.978794574e-02    1.065308052e-01    1.729626655e-01    4.991583206e-02   -1.377702742e-01   -1.957802920e-01   -6.149759987e-02    1.286496396e-01    1.786382057e-01    3.618377055e-02   -1.515979630e-01   -1.896378790e-01   -3.732421650e-02    1.484582688e-01    1.752826196e-01    1.476033815e-02   -1.673393535e-01   -1.822099943e-01   -1.351740732e-02    1.650875021e-01
   -7.953286039e-02    1.069886967e-01    1.727819819e-01    4.869544547e-02   -1.389730825e-01   -1.953256398e-01   -5.926633108e-02    1.305182071e-01    1.777800857e-01    3.290358712e-02   -1.540323961e-01   -1.882419185e-01   -3.296789071e-02    1.513509270e-01    1.732196185e-01    9.308878701e-03   -1.705850556e-01   -1.793610865e-01   -6.952680119e-03    1.685972852e-01
   -7.927753358e-02    1.074454132e-01    1.725966602e-01    4.747226478e-02   -1.401665321e-01   -1.948512445e-01   -5.702763839e-02    1.323604426e-01    1.768771831e-01    2.961151598e-02   -1.564131635e-01   -1.867670165e-01   -2.859770550e-02    1.541508534e-01    1.710353479e-01    3.846256764e-03   -1.736860566e-01   -1.763412413e-01   -3.859540949e-04    1.718963831e-01
   -7.902196608e-02    1.079009485e-01    1.724067036e-01    4.624634571e-02   -1.413505344e-01   -1.943571543e-01   -5.478184648e-02    1.341759929e-01    1.759297139e-01    2.630854330e-02   -1.587393981e-01   -1.852138098e-01   -2.421588548e-02    1.568563916e-01    1.687312903e-01   -1.623301808e-03   -1.766396458e-01   -1.731534209e-01    6.175589982e-03    1.749807984e-01
   -7.876615866e-02    1.083552969e-01    1.722121150e-01    4.501774410e-02   -1.425250016e-01   -1.938434194e-01   -5.252928109e-02    1.359645102e-01    1.749379055e-01    2.299565860e-02   -1.610102528e-01   -1.835829690e-01   -1.982466126e-02    1.594659405e-01    1.663090096e-01   -7.095565716e-03   -1.794432413e-01   -1.698007521e-01    1.272477703e-02    1.778467944e-01
   -7.851011210e-02    1.088084524e-01    1.720128979e-01    4.378651596e-02   -1.436898466e-01   -1.933100921e-01   -5.027026904e-02    1.377256518e-01    1.739019956e-01    1.967385445e-02   -1.632249004e-01   -1.818751987e-01   -1.542626837e-02    1.619779562e-01    1.637701501e-01   -1.256630149e-02   -1.820943925e-01   -1.662865235e-01    1.925444547e-02    1.804908989e-01
   -7.825382719e-02    1.092604091e-01    1.718090556e-01    4.255271743e-02   -1.448449828e-01   -1.927572270e-01   -4.800513810e-02    1.394590798e-01    1.728222329e-01    1.634412620e-02   -1.653825342e-01   -1.800912367e-01   -1.102294606e-02    1.643909520e-01    1.611164354e-01   -1.803127674e-02   -1.845907818e-01   -1.626141822e-01    2.575745512e-02    1.829099089e-01
   -7.799730469e-02    1.097111611e-01    1.716005916e-01    4.131640480e-02   -1.459903245e-01   -1.921848806e-01   -4.573421700e-02    1.411644621e-01    1.716988766e-01    1.300747160e-02   -1.674823682e-01   -1.782318538e-01   -6.616936201e-03    1.667034998e-01    1.583496668e-01   -2.348626348e-02   -1.869302269e-01   -1.587873303e-01    3.222669493e-02    1.851008945e-01
   -7.774054539e-02    1.101607026e-01    1.713875097e-01    4.007763449e-02   -1.471257866e-01   -1.915931114e-01   -4.345783535e-02    1.428414716e-01    1.705321964e-01    9.664890615e-03   -1.695236372e-01   -1.762978537e-01   -2.210482131e-03    1.689142311e-01    1.554717231e-01   -2.892704136e-02   -1.891106827e-01   -1.548097215e-01    3.865509081e-02    1.870612021e-01
   -7.748355006e-02    1.106090276e-01    1.711698136e-01    3.883646307e-02   -1.482512846e-01   -1.909819802e-01   -4.117632363e-02    1.444897866e-01    1.693224730e-01    6.317385024e-03   -1.715055975e-01   -1.742900724e-01    2.194172498e-03    1.710218372e-01    1.524845581e-01   -3.434940092e-02   -1.911302431e-01   -1.506852572e-01    4.503561333e-02    1.887884579e-01
   -7.722631949e-02    1.110561303e-01    1.709475073e-01    3.759294723e-02   -1.493667350e-01   -1.903515497e-01   -3.889001309e-02    1.461090908e-01    1.680699969e-01    2.965958179e-03   -1.734275266e-01   -1.722093778e-01    6.594784851e-03    1.730250705e-01    1.493902002e-01   -3.974914690e-02   -1.929871425e-01   -1.464179832e-01    5.136128544e-02    1.902805707e-01
   -7.696885446e-02    1.115020049e-01    1.707205947e-01    3.634714380e-02   -1.504720548e-01   -1.897018849e-01   -3.659923575e-02    1.476990737e-01    1.667750695e-01   -3.883853174e-04   -1.752887240e-01   -1.700566696e-01    1.098911406e-02    1.749227451e-01    1.461907505e-01   -4.512210144e-02   -1.946797575e-01   -1.420120850e-01    5.762519007e-02    1.915357345e-01
   -7.671115575e-02    1.119466456e-01    1.704890801e-01    3.509910973e-02   -1.515671618e-01   -1.890330526e-01   -3.430432431e-02    1.492594299e-01    1.654380023e-01   -3.744639912e-03   -1.770885112e-01   -1.678328788e-01    1.537492235e-02    1.767137375e-01    1.428883817e-01   -5.046410734e-02   -1.962066085e-01   -1.374718843e-01    6.382047772e-02    1.925524306e-01
   -7.645322414e-02    1.123900466e-01    1.702529678e-01    3.384890211e-02   -1.526519745e-01   -1.883451219e-01   -3.200561213e-02    1.507898601e-01    1.640591172e-01   -7.101799400e-03   -1.788262320e-01   -1.655389671e-01    1.974997621e-02    1.783969870e-01    1.394853365e-01   -5.577103126e-02   -1.975663604e-01   -1.328018346e-01    6.994037393e-02    1.933294293e-01
   -7.619506041e-02    1.128322021e-01    1.700122622e-01    3.259657812e-02   -1.537264121e-01   -1.876381637e-01   -2.970343317e-02    1.522900704e-01    1.626387460e-01   -1.045885723e-02   -1.805012528e-01   -1.631759267e-01    2.411204751e-02    1.799714969e-01    1.359839258e-01   -6.103876693e-02   -1.987578244e-01   -1.280065165e-01    7.597818669e-02    1.938657918e-01
   -7.593666536e-02    1.132731063e-01    1.697669678e-01    3.134219511e-02   -1.547903947e-01   -1.869122512e-01   -2.739812196e-02    1.537597726e-01    1.611772309e-01   -1.381480680e-02   -1.821129625e-01   -1.607447798e-01    2.845891463e-02    1.814363346e-01    1.323865278e-01   -6.626323832e-02   -1.997799589e-01   -1.230906337e-01    8.192731380e-02    1.941608710e-01
   -7.567803975e-02    1.137127534e-01    1.695170894e-01    3.008581050e-02   -1.558438429e-01   -1.861674594e-01   -2.509001351e-02    1.551986845e-01    1.596749238e-01   -1.716864178e-02   -1.836607733e-01   -1.582465784e-01    3.278836360e-02    1.827906323e-01    1.286955856e-01   -7.144040281e-02   -2.006318700e-01   -1.180590081e-01    8.778125001e-02    1.942143122e-01
   -7.541918438e-02    1.141511378e-01    1.692626318e-01    2.882748185e-02   -1.568866784e-01   -1.854038655e-01   -2.277944331e-02    1.566065297e-01    1.581321869e-01   -2.051935638e-02   -1.851441205e-01   -1.556824032e-01    3.709818925e-02    1.840335877e-01    1.249136062e-01   -7.656625431e-02   -2.013128129e-01   -1.129165752e-01    9.353359420e-02    1.940260540e-01
   -7.516010004e-02    1.145882536e-01    1.690035999e-01    2.756726682e-02   -1.579188233e-01   -1.846215487e-01   -2.046674723e-02    1.579830376e-01    1.565493919e-01   -2.386594569e-02   -1.865624627e-01   -1.530533639e-01    4.138619630e-02    1.851644641e-01    1.210431584e-01   -8.163682636e-02   -2.018221921e-01   -1.076683792e-01    9.917805637e-02    1.935963278e-01
   -7.490078751e-02    1.150240953e-01    1.687399987e-01    2.630522320e-02   -1.589402008e-01   -1.838205901e-01   -1.815226152e-02    1.593279436e-01    1.549269204e-01   -2.720740594e-02   -1.879152822e-01   -1.503605982e-01    4.565020050e-02    1.861825913e-01    1.170868711e-01   -8.664819519e-02   -2.021595621e-01   -1.023195679e-01    1.047084645e-01    1.929256580e-01
   -7.464124758e-02    1.154586570e-01    1.684718336e-01    2.504140885e-02   -1.599507346e-01   -1.830010728e-01   -1.583632273e-02    1.606409891e-01    1.532651636e-01   -3.054273484e-02   -1.892020852e-01   -1.476052715e-01    4.988802973e-02    1.870873655e-01    1.130474319e-01   -9.159648279e-02   -2.023246277e-01   -9.687538808e-02    1.101187713e-01    1.920148611e-01
   -7.438148103e-02    1.158919331e-01    1.681991097e-01    2.377588177e-02   -1.609503494e-01   -1.821630822e-01   -1.351926767e-02    1.619219217e-01    1.515645224e-01   -3.387093188e-02   -1.904224017e-01   -1.447885765e-01    5.409752514e-02    1.878782502e-01    1.089275846e-01   -9.647785988e-02   -2.023172446e-01   -9.134117984e-02    1.154030609e-01    1.908650448e-01
   -7.412148865e-02    1.163239179e-01    1.679218326e-01    2.250870003e-02   -1.619389705e-01   -1.813067052e-01   -1.120143335e-02    1.631704950e-01    1.498254070e-01   -3.719099859e-02   -1.915757860e-01   -1.419117325e-01    5.827654219e-02    1.885547760e-01    1.047301279e-01   -1.012885489e-01   -2.021374190e-01   -8.572237174e-02    1.205555551e-01    1.894776064e-01
   -7.386127124e-02    1.167546058e-01    1.676400078e-01    2.123992182e-02   -1.629165241e-01   -1.804320312e-01   -8.883156963e-03    1.643864687e-01    1.480482371e-01   -4.050193888e-02   -1.926618165e-01   -1.389759848e-01    6.242295181e-02    1.891165412e-01    1.004579134e-01   -1.060248269e-01   -2.017853078e-01   -8.002447531e-02    1.255706200e-01    1.878542315e-01
   -7.360082959e-02    1.171839911e-01    1.673536410e-01    1.996960542e-02   -1.638829372e-01   -1.795391511e-01   -6.564775796e-03    1.655696088e-01    1.462334416e-01   -4.380275934e-02   -1.936800965e-01   -1.359826045e-01    6.653464145e-02    1.895632120e-01    9.611384340e-02   -1.106830285e-01   -2.012612189e-01   -7.425307968e-02    1.304427719e-01    1.859968919e-01
   -7.334016447e-02    1.176120683e-01    1.670627380e-01    1.869780918e-02   -1.648381376e-01   -1.786281581e-01   -4.246627200e-03    1.667196874e-01    1.443814585e-01   -4.709246949e-02   -1.946302535e-01   -1.329328876e-01    7.060951616e-02    1.898945226e-01    9.170086916e-02   -1.152595486e-01   -2.005656101e-01   -6.841384611e-02    1.351666836e-01    1.839078429e-01
   -7.307927670e-02    1.180388317e-01    1.667673048e-01    1.742459158e-02   -1.657820539e-01   -1.776991471e-01   -1.929048540e-03    1.678364832e-01    1.424927350e-01   -5.037008216e-02   -1.955119399e-01   -1.298281547e-01    7.464549966e-02    1.901102755e-01    8.722198886e-02   -1.197508452e-01   -1.996990894e-01   -6.251250242e-02    1.397371897e-01    1.815896208e-01
   -7.281816705e-02    1.184642757e-01    1.664673476e-01    1.615001115e-02   -1.667146155e-01   -1.767522152e-01    3.876228541e-04    1.689197810e-01    1.405677271e-01   -5.363461370e-02   -1.963248330e-01   -1.266697502e-01    7.864053542e-02    1.902103415e-01    8.268024553e-02   -1.241534425e-01   -1.986624144e-01   -5.655483739e-02    1.441492928e-01    1.790450398e-01
   -7.255683632e-02    1.188883947e-01    1.661628724e-01    1.487412651e-02   -1.676357526e-01   -1.757874612e-01    2.703049742e-03    1.699693719e-01    1.386068998e-01   -5.688508435e-02   -1.970686353e-01   -1.234590420e-01    8.259258766e-02    1.901946597e-01    7.807872499e-02   -1.284639329e-01   -1.974564911e-01   -5.054669504e-02    1.483981688e-01    1.762771886e-01
   -7.229528531e-02    1.193111832e-01    1.658538856e-01    1.359699639e-02   -1.685453963e-01   -1.748049859e-01    5.016895019e-03    1.709850538e-01    1.366107268e-01   -6.012051847e-02   -1.977430740e-01   -1.201974205e-01    8.649964245e-02    1.900632380e-01    7.342055377e-02   -1.326789801e-01   -1.960823737e-01   -4.449396897e-02    1.524791719e-01    1.732894264e-01
   -7.203351481e-02    1.197326357e-01    1.655403936e-01    1.231867956e-02   -1.694434785e-01   -1.738048920e-01    7.328821765e-03    1.719666306e-01    1.345796903e-01   -6.333994488e-02   -1.983479020e-01   -1.168862985e-01    9.035970869e-02    1.898161524e-01    6.870889698e-02   -1.367953219e-01   -1.945412635e-01   -3.840259651e-02    1.563878402e-01    1.700853794e-01
   -7.177152561e-02    1.201527466e-01    1.652224031e-01    1.103923488e-02   -1.703299319e-01   -1.727872842e-01    9.638493295e-03    1.729139130e-01    1.325142811e-01   -6.654239716e-02   -1.988828971e-01   -1.135271102e-01    9.417081916e-02    1.894535474e-01    6.394695613e-02   -1.408097720e-01   -1.928345077e-01   -3.227855295e-02    1.601198999e-01    1.666689357e-01
   -7.150931850e-02    1.205715104e-01    1.648999208e-01    9.758721292e-03   -1.712046902e-01   -1.717522690e-01    1.194557321e-02    1.738267182e-01    1.304149984e-01   -6.972691387e-02   -1.993478628e-01   -1.101213108e-01    9.793103149e-02    1.889756361e-01    5.913796701e-02   -1.447192233e-01   -1.909635985e-01   -2.612784563e-02    1.636712708e-01    1.630442411e-01
   -7.124689429e-02    1.209889216e-01    1.645729534e-01    8.477197792e-03   -1.720676877e-01   -1.706999547e-01    1.424972544e-02    1.747048699e-01    1.282823496e-01   -7.289253893e-02   -1.997426278e-01   -1.066703755e-01    1.016384292e-01    1.883826994e-01    5.428519746e-02   -1.485206496e-01   -1.889301715e-01   -1.995650809e-02    1.670380699e-01    1.592156939e-01
   -7.098425378e-02    1.214049747e-01    1.642415080e-01    7.194723449e-03   -1.729188597e-01   -1.696304517e-01    1.655061430e-02    1.755481984e-01    1.261168502e-01   -7.603832184e-02   -2.000670465e-01   -1.031757996e-01    1.052911226e-01    1.876750866e-01    4.939194513e-02   -1.522111084e-01   -1.867360044e-01   -1.377059413e-02    1.702166164e-01    1.551879396e-01
   -7.072139775e-02    1.218196644e-01    1.639055915e-01    5.911357397e-03   -1.737581423e-01   -1.685438719e-01    1.884790454e-02    1.763565408e-01    1.239190239e-01   -7.916331801e-02   -2.003209990e-01   -9.963909695e-02    1.088872498e-01    1.868532147e-01    4.446153529e-02   -1.557877431e-01   -1.843830155e-01   -7.576171879e-03    1.732034353e-01    1.509658650e-01
   -7.045832701e-02    1.222329850e-01    1.635652113e-01    4.627158829e-03   -1.745854726e-01   -1.674403294e-01    2.114126140e-02    1.771297406e-01    1.216894020e-01   -8.226658901e-02   -2.005043908e-01   -9.606180002e-02    1.124249778e-01    1.859175682e-01    3.949731853e-02   -1.592477849e-01   -1.818732622e-01   -1.379317834e-03    1.759952611e-01    1.465545928e-01
   -7.019504235e-02    1.226449312e-01    1.632203746e-01    3.342186994e-03   -1.754007884e-01   -1.663199400e-01    2.343035062e-02    1.778676483e-01    1.194285239e-01   -8.534720287e-02   -2.006171532e-01   -9.244545884e-02    1.159025031e-01    1.848686992e-01    3.450266849e-02   -1.625885555e-01   -1.792089387e-01    4.813889094e-03    1.785890419e-01    1.419594750e-01
   -6.993154458e-02    1.230554977e-01    1.628710889e-01    2.056501201e-03   -1.762040286e-01   -1.651828211e-01    2.571483856e-02    1.785701209e-01    1.171369363e-01   -8.840423439e-02   -2.006592432e-01   -8.879164048e-02    1.193180529e-01    1.837072264e-01    2.948097959e-02   -1.658074686e-01   -1.763923744e-01    1.099737354e-02    1.809819422e-01    1.371860863e-01
   -6.966783449e-02    1.234646789e-01    1.625173618e-01    7.701608062e-04   -1.769951325e-01   -1.640290923e-01    2.799439217e-02    1.792370223e-01    1.148151937e-01   -9.143676534e-02   -2.006306433e-01   -8.510192833e-02    1.226698859e-01    1.824338356e-01    2.443566469e-02   -1.689020324e-01   -1.734260321e-01    1.716506966e-02    1.831713462e-01    1.322402178e-01
   -6.940391289e-02    1.238724695e-01    1.621592010e-01   -5.167747821e-04   -1.777740409e-01   -1.628588748e-01    3.026867911e-02    1.798682232e-01    1.124638577e-01   -9.444388482e-02   -2.005313622e-01   -8.137792141e-02    1.259562932e-01    1.810492784e-01    1.937015279e-02   -1.718698512e-01   -1.703125053e-01    2.331092705e-02    1.851548608e-01    1.271278696e-01
   -6.913978057e-02    1.242788641e-01    1.617966142e-01   -1.804246110e-03   -1.785406951e-01   -1.616722914e-01    3.253736775e-02    1.804636010e-01    1.100834973e-01   -9.742468949e-02   -2.003614338e-01   -7.762123368e-02    1.291755993e-01    1.795543725e-01    1.428788670e-02   -1.747086272e-01   -1.670545163e-01    2.942891673e-02    1.869303179e-01    1.218552436e-01
   -6.887543835e-02    1.246838574e-01    1.614296095e-01   -3.092193680e-03   -1.792950374e-01   -1.604694671e-01    3.480012723e-02    1.810230400e-01    1.076746886e-01   -1.003782839e-01   -2.001209181e-01   -7.383349337e-02    1.323261626e-01    1.779500008e-01    9.192320706e-03   -1.774161628e-01   -1.636549140e-01    3.551303702e-02    1.884957773e-01    1.164287361e-01
   -6.861088701e-02    1.250874441e-01    1.610581948e-01   -4.380557954e-03   -1.800370109e-01   -1.592505282e-01    3.705662754e-02    1.815464315e-01    1.052380145e-01   -1.033037805e-01   -1.998099005e-01   -7.001634223e-02    1.354063767e-01    1.762371108e-01    4.086918193e-03   -1.799903616e-01   -1.601166708e-01    4.155731942e-02    1.898495281e-01    1.108549299e-01
   -6.834612737e-02    1.254896189e-01    1.606823785e-01   -5.669279356e-03   -1.807665598e-01   -1.580156030e-01    3.930653950e-02    1.820336734e-01    1.027740648e-01   -1.062003005e-01   -1.994284924e-01   -6.617143485e-02    1.384146708e-01    1.744167146e-01   -1.024850679e-03   -1.824292305e-01   -1.564428805e-01    4.755583452e-02    1.909900913e-01    1.051405865e-01
   -6.808116023e-02    1.258903763e-01    1.603021688e-01   -6.958298274e-03   -1.814836290e-01   -1.567648215e-01    4.154953490e-02    1.824846707e-01    1.002834360e-01   -1.090669733e-01   -1.989768305e-01   -6.230043792e-02    1.413495108e-01    1.724898876e-01   -6.139511346e-03   -1.847308813e-01   -1.526367556e-01    5.350269776e-02    1.919162207e-01    9.929263750e-02
   -6.781598639e-02    1.262897113e-01    1.599175741e-01   -8.247555067e-03   -1.821881645e-01   -1.554983154e-01    4.378528645e-02    1.828993354e-01    9.776673113e-02   -1.119029377e-01   -1.984550772e-01   -5.840502954e-02    1.442094000e-01    1.704577685e-01   -1.125358720e-02   -1.868935317e-01   -1.487016241e-01    5.939207523e-02    1.926269050e-01    9.331817676e-02
   -6.755060665e-02    1.266876184e-01    1.595286030e-01   -9.536990061e-03   -1.828801130e-01   -1.542162181e-01    4.601346792e-02    1.832775862e-01    9.522455954e-02   -1.147073412e-01   -1.978634204e-01   -5.448689845e-02    1.469928798e-01    1.683215580e-01   -1.636360197e-02   -1.889155072e-01   -1.446409271e-01    6.521818940e-02    1.931213684e-01    8.722445134e-02
   -6.728502183e-02    1.270840926e-01    1.591352642e-01   -1.082654356e-02   -1.835594223e-01   -1.529186646e-01    4.823375411e-02    1.836193490e-01    9.265753682e-02   -1.174793411e-01   -1.972020737e-01   -5.054774333e-02    1.496985306e-01    1.660825186e-01   -2.146608204e-02   -1.907952419e-01   -1.404582153e-01    7.097532476e-02    1.933990716e-01    8.101885295e-02
   -6.701923273e-02    1.274791284e-01    1.587375665e-01   -1.211615584e-02   -1.842260411e-01   -1.516057918e-01    5.044582097e-02    1.839245564e-01    9.006628468e-02   -1.202181041e-01   -1.964712756e-01   -4.658927206e-02    1.523249721e-01    1.637419738e-01   -2.655755886e-02   -1.925312801e-01   -1.361571463e-01    7.665783346e-02    1.934597123e-01    7.470890886e-02
   -6.675324016e-02    1.278727208e-01    1.583355188e-01   -1.340576716e-02   -1.848799188e-01   -1.502777380e-01    5.264934557e-02    1.841931483e-01    8.745143072e-02   -1.229228069e-01   -1.956712903e-01   -4.261320096e-02    1.548708648e-01    1.613013069e-01   -3.163457128e-02   -1.941222775e-01   -1.317414813e-01    8.226014084e-02    1.933032258e-01    6.830227286e-02
   -6.648704492e-02    1.282648644e-01    1.579291301e-01   -1.469531776e-02   -1.855210062e-01   -1.489346433e-01    5.484400621e-02    1.844250715e-01    8.481360835e-02   -1.255926365e-01   -1.948024070e-01   -3.862125408e-02    1.573349098e-01    1.587619608e-01   -3.669366792e-02   -1.955670018e-01   -1.272150814e-01    8.777675090e-02    1.929297848e-01    6.180671593e-02
   -6.622064782e-02    1.286555542e-01    1.575184096e-01   -1.598474786e-02   -1.861492545e-01   -1.475766494e-01    5.702948246e-02    1.846202796e-01    8.215345658e-02   -1.282267903e-01   -1.938649402e-01   -3.461516239e-02    1.597158500e-01    1.561254365e-01   -4.173140948e-02   -1.968643341e-01   -1.225819050e-01    9.320225167e-02    1.923397993e-01    5.523011683e-02
   -6.595404968e-02    1.290447850e-01    1.571033667e-01   -1.727399768e-02   -1.867646162e-01   -1.462038995e-01    5.920545517e-02    1.847787335e-01    7.947161992e-02   -1.308244762e-01   -1.928592290e-01   -3.059666312e-02    1.620124707e-01    1.533932929e-01   -4.674437113e-02   -1.980132693e-01   -1.178460037e-01    9.853132058e-02    1.915339162e-01    4.858045252e-02
   -6.568725129e-02    1.294325517e-01    1.566840106e-01   -1.856300743e-02   -1.873670446e-01   -1.448165386e-01    6.137160653e-02    1.849004010e-01    7.676874817e-02   -1.333849131e-01   -1.917856378e-01   -2.656749892e-02    1.642236001e-01    1.505671452e-01   -5.172914479e-02   -1.990129175e-01   -1.130115190e-01    1.037587296e-01    1.905130185e-01    4.186578854e-02
   -6.542025348e-02    1.298188490e-01    1.562603510e-01   -1.985171730e-02   -1.879564941e-01   -1.434147132e-01    6.352762017e-02    1.849852569e-01    7.404549631e-02   -1.359073311e-01   -1.906445554e-01   -2.252941715e-02    1.663481099e-01    1.476486644e-01   -5.668234150e-02   -1.998625041e-01   -1.080826785e-01    1.088793505e-01    1.892782243e-01    3.509426917e-02
   -6.515305704e-02    1.302036720e-01    1.558323975e-01   -2.114006748e-02   -1.885329197e-01   -1.419985713e-01    6.567318111e-02    1.850332832e-01    7.130252430e-02   -1.383909716e-01   -1.894363954e-01   -1.848416912e-02    1.683849158e-01    1.446395763e-01   -6.160059367e-02   -2.005613707e-01   -1.030637928e-01    1.138881596e-01    1.878308859e-01    2.827410760e-02
   -6.488566280e-02    1.305870154e-01    1.554001598e-01   -2.242799819e-02   -1.890962777e-01   -1.405682626e-01    6.780797591e-02    1.850444688e-01    6.854049694e-02   -1.408350877e-01   -1.881615957e-01   -1.443350931e-02    1.703329785e-01    1.415416602e-01   -6.648055742e-02   -2.011089758e-01   -9.795925075e-02    1.187802432e-01    1.861725878e-01    2.141357592e-02
   -6.461807156e-02    1.309688743e-01    1.549636479e-01   -2.371544960e-02   -1.896465253e-01   -1.391239381e-01    6.993169263e-02    1.850188097e-01    6.576008372e-02   -1.432389442e-01   -1.868206186e-01   -1.037919464e-02    1.721913036e-01    1.383567480e-01   -7.131891480e-02   -2.015048946e-01   -9.277351654e-02    1.235508018e-01    1.843051456e-01    1.452099515e-02
   -6.435028414e-02    1.313492436e-01    1.545228717e-01   -2.500236193e-02   -1.901836206e-01   -1.376657505e-01    7.204402092e-02    1.849563089e-01    6.296195863e-02   -1.456018179e-01   -1.854139504e-01   -6.322983659e-03    1.739589425e-01    1.350867233e-01   -7.611237611e-02   -2.017488201e-01   -8.751112524e-02    1.281951554e-01    1.822306034e-01    7.604725087e-03
   -6.408230135e-02    1.317281183e-01    1.540778413e-01   -2.628867539e-02   -1.907075225e-01   -1.361938541e-01    7.414465206e-02    1.848569766e-01    6.014680004e-02   -1.479229982e-01   -1.839421015e-01   -2.266635838e-03    1.756349928e-01    1.317335199e-01   -8.085768209e-02   -2.018405626e-01   -8.217667905e-02    1.327087475e-01    1.799512319e-01    6.731542071e-04
   -6.381412401e-02    1.321054932e-01    1.536285671e-01   -2.757433020e-02   -1.912181912e-01   -1.347084045e-01    7.623327902e-02    1.847208299e-01    5.731529048e-02   -1.502017865e-01   -1.824056059e-01    1.788089232e-03    1.772185988e-01    1.282991211e-01   -8.555160616e-02   -2.017800506e-01   -7.677484321e-02    1.370871500e-01    1.774695258e-01   -6.265310523e-03
   -6.354575292e-02    1.324813635e-01    1.531750593e-01   -2.885926660e-02   -1.917155876e-01   -1.332095588e-01    7.830959646e-02    1.845478931e-01    5.446811650e-02   -1.524374973e-01   -1.808050212e-01    5.839432591e-03    1.787089518e-01    1.247855581e-01   -9.019095662e-02   -2.015673301e-01   -7.131034196e-02    1.413260676e-01    1.747882012e-01   -1.320225384e-02
   -6.327718890e-02    1.328557242e-01    1.527173285e-01   -3.014342484e-02   -1.921996737e-01   -1.316974755e-01    8.037330082e-02    1.843381973e-01    5.160596853e-02   -1.546294578e-01   -1.791409285e-01    9.885636675e-03    1.801052907e-01    1.211949092e-01   -9.477257877e-02   -2.012025652e-01   -6.578795437e-02    1.454213416e-01    1.719101925e-01   -2.012926239e-02
   -6.300843277e-02    1.332285702e-01    1.522553852e-01   -3.142674521e-02   -1.926704125e-01   -1.301723149e-01    8.242409034e-02    1.840917808e-01    4.872954067e-02   -1.567770084e-01   -1.774139318e-01    1.392494608e-02    1.814069023e-01    1.175292981e-01   -9.929335715e-02   -2.006860376e-01   -6.021251021e-02    1.493689543e-01    1.688386494e-01   -2.703793492e-02
   -6.273948534e-02    1.335998966e-01    1.517892402e-01   -3.270916800e-02   -1.931277679e-01   -1.286342382e-01    8.446166512e-02    1.838086890e-01    4.583953055e-02   -1.588795028e-01   -1.756246583e-01    1.795560831e-02    1.826131216e-01    1.137908933e-01   -1.037502176e-01   -2.000181466e-01   -5.458888567e-02    1.531650329e-01    1.655769330e-01   -3.391989250e-02
   -6.247034743e-02    1.339696986e-01    1.513189043e-01   -3.399063353e-02   -1.935717047e-01   -1.270834083e-01    8.648572716e-02    1.834889743e-01    4.293663913e-02   -1.609363080e-01   -1.737737578e-01    2.197587458e-02    1.837233323e-01    1.099819060e-01   -1.081401293e-01   -1.991994085e-01   -4.892199913e-02    1.568058532e-01    1.621286127e-01   -4.076678864e-02
   -6.220101987e-02    1.343379711e-01    1.508443885e-01   -3.527108216e-02   -1.940021890e-01   -1.255199896e-01    8.849598039e-02    1.831326960e-01    4.002157057e-02   -1.629468049e-01   -1.718619024e-01    2.598400052e-02    1.847369670e-01    1.061045896e-01   -1.124601069e-01   -1.982304565e-01   -4.321680688e-02    1.602878433e-01    1.584974619e-01   -4.757031945e-02
   -6.193150345e-02    1.347047094e-01    1.503657038e-01   -3.655045427e-02   -1.944191876e-01   -1.239441475e-01    9.049213074e-02    1.827399204e-01    3.709503203e-02   -1.649103883e-01   -1.698897867e-01    2.997824697e-02    1.856535075e-01    1.021612379e-01   -1.167072126e-01   -1.971120402e-01   -3.747829871e-02    1.636075872e-01    1.546874540e-01   -5.432223368e-02
   -6.166179901e-02    1.350699084e-01    1.498828613e-01   -3.782869028e-02   -1.948226683e-01   -1.223560492e-01    9.247388614e-02    1.823107210e-01    3.415773351e-02   -1.668264670e-01   -1.678581273e-01    3.395688071e-02    1.864724851e-01    9.815418360e-02   -1.208785582e-01   -1.958450248e-01   -3.171149364e-02    1.667618281e-01    1.507027579e-01   -6.101434275e-02
   -6.139190736e-02    1.354335634e-01    1.493958725e-01   -3.910573064e-02   -1.952126001e-01   -1.207558628e-01    9.444095662e-02    1.818451780e-01    3.121038768e-02   -1.686944639e-01   -1.657676621e-01    3.791817526e-02    1.871934807e-01    9.408579752e-02   -1.249713066e-01   -1.944303907e-01   -2.592143545e-02    1.697474715e-01    1.465477339e-01   -6.763853068e-02
   -6.112182932e-02    1.357956696e-01    1.489047486e-01   -4.038151586e-02   -1.955889527e-01   -1.191437580e-01    9.639305431e-02    1.813433789e-01    2.825370969e-02   -1.705138165e-01   -1.636191510e-01    4.186041155e-02    1.878161253e-01    8.995848662e-02   -1.289826745e-01   -1.928692323e-01   -2.011318834e-02    1.725615883e-01    1.422269284e-01   -7.418676391e-02
   -6.085156572e-02    1.361562221e-01    1.484095014e-01   -4.165598648e-02   -1.959516972e-01   -1.175199057e-01    9.832989351e-02    1.808054178e-01    2.528841702e-02   -1.722839769e-01   -1.614133747e-01    4.578187876e-02    1.883401001e-01    8.577469287e-02   -1.329099337e-01   -1.911627579e-01   -1.429183242e-02    1.752014178e-01    1.377450692e-01   -8.065110107e-02
   -6.058111736e-02    1.365152160e-01    1.479101423e-01   -4.292908308e-02   -1.963008053e-01   -1.158844782e-01    1.002511907e-01    1.802313960e-01    2.231522928e-02   -1.740044118e-01   -1.591511349e-01    4.968087498e-02    1.887651365e-01    8.153689170e-02   -1.367504129e-01   -1.893122880e-01   -8.462459350e-03    1.776643701e-01    1.331070602e-01   -8.702370260e-02
   -6.031048508e-02    1.368726467e-01    1.474066832e-01   -4.420074630e-02   -1.966362498e-01   -1.142376489e-01    1.021566646e-01    1.796214216e-01    1.933486806e-02   -1.756746030e-01   -1.568332540e-01    5.355570801e-02    1.890910161e-01    7.724759061e-02   -1.405015003e-01   -1.873192548e-01   -2.630167826e-03    1.799480292e-01    1.283179761e-01   -9.329684024e-02
   -6.003966969e-02    1.372285094e-01    1.468991359e-01   -4.547091682e-02   -1.969580048e-01   -1.125795925e-01    1.040460363e-01    1.789756095e-01    1.634805674e-02   -1.772940471e-01   -1.544605745e-01    5.740469607e-02    1.893175715e-01    7.290932759e-02   -1.441606444e-01   -1.851852007e-01    3.199940849e-03    1.820501547e-01    1.233830572e-01   -9.946290643e-02
   -5.976867202e-02    1.375827993e-01    1.463875124e-01   -4.673953539e-02   -1.972660451e-01   -1.109104849e-01    1.059190290e-01    1.782940818e-01    1.335552032e-02   -1.788622563e-01   -1.520339591e-01    6.122616852e-02    1.894446857e-01    6.852466974e-02   -1.477253562e-01   -1.829117776e-01    9.022767242e-03    1.839686843e-01    1.183077028e-01   -1.055144235e-01
   -5.949749289e-02    1.379355116e-01    1.458718248e-01   -4.800654281e-02   -1.975603465e-01   -1.092305033e-01    1.077753685e-01    1.775769670e-01    1.035798523e-02   -1.803787578e-01   -1.495542900e-01    6.501846660e-02    1.894722924e-01    6.409621162e-02   -1.511932112e-01   -1.805007450e-01    1.483321824e-02    1.857017361e-01    1.130974662e-01   -1.114440529e-01
   -5.922613313e-02    1.382866418e-01    1.453520854e-01   -4.927187993e-02   -1.978408859e-01   -1.075398260e-01    1.096147828e-01    1.768244009e-01    7.356179178e-03   -1.818430945e-01   -1.470224690e-01    6.877994415e-02    1.894003759e-01    5.962657383e-02   -1.545618504e-01   -1.779539692e-01    2.062621152e-02    1.872476099e-01    1.077580480e-01   -1.172446037e-01
   -5.895459355e-02    1.386361851e-01    1.448283065e-01   -5.053548769e-02   -1.981076414e-01   -1.058386325e-01    1.114370027e-01    1.760365257e-01    4.350830960e-03   -1.832548249e-01   -1.444394167e-01    7.250896834e-02    1.892289717e-01    5.511840138e-02   -1.578289823e-01   -1.752734216e-01    2.639667996e-02    1.886047895e-01    1.022952904e-01   -1.229090418e-01
   -5.868287498e-02    1.389841367e-01    1.443005005e-01   -5.179730707e-02   -1.983605918e-01   -1.041271035e-01    1.132417609e-01    1.752134905e-01    1.342670274e-03   -1.846135234e-01   -1.418060725e-01    7.620392035e-02    1.889581655e-01    5.057436218e-02   -1.609923844e-01   -1.724611772e-01    3.213957613e-02    1.897719435e-01    9.671517022e-02   -1.284304982e-01
   -5.841097824e-02    1.393304922e-01    1.437686800e-01   -5.305727914e-02   -1.985997170e-01   -1.024054207e-01    1.150287932e-01    1.743554513e-01   -1.667572444e-03   -1.859187802e-01   -1.391233942e-01    7.986319608e-02    1.885880941e-01    4.599714540e-02   -1.640499048e-01   -1.695194130e-01    3.784987666e-02    1.907479271e-01    9.102379283e-02   -1.338022773e-01
   -5.813890417e-02    1.396752468e-01    1.432328577e-01   -5.431534501e-02   -1.988249981e-01   -1.006737670e-01    1.167978377e-01    1.734625707e-01   -4.679166204e-03   -1.871702016e-01   -1.363923576e-01    8.348520688e-02    1.881189446e-01    4.138945995e-02   -1.669994635e-01   -1.664504062e-01    4.352258663e-02    1.915317832e-01    8.522738526e-02   -1.390178650e-01
   -5.786665359e-02    1.400183960e-01    1.426930462e-01   -5.557144591e-02   -1.990364171e-01   -9.893232653e-02    1.185486350e-01    1.725350180e-01   -7.691379636e-03   -1.883674100e-01   -1.336139561e-01    8.706838019e-02    1.875509549e-01    3.675403283e-02   -1.698390538e-01   -1.632565328e-01    4.915274400e-02    1.921227431e-01    7.933228942e-02   -1.440709370e-01
   -5.759422732e-02    1.403599351e-01    1.421492587e-01   -5.682552311e-02   -1.992339569e-01   -9.718128420e-02    1.202809286e-01    1.715729691e-01   -1.070348117e-02   -1.895100441e-01   -1.307892005e-01    9.061116027e-02    1.868844132e-01    3.209360753e-02   -1.725667438e-01   -1.599402653e-01    5.473542387e-02    1.925202273e-01    7.334495521e-02   -1.489553658e-01
   -5.732162619e-02    1.406998595e-01    1.416015079e-01   -5.807751798e-02   -1.994176016e-01   -9.542082617e-02    1.219944645e-01    1.705766066e-01   -1.371473923e-02   -1.905977591e-01   -1.279191183e-01    9.411200884e-02    1.861196578e-01    2.741094238e-02   -1.751806777e-01   -1.565041711e-01    6.026574285e-02    1.927238464e-01    6.727193339e-02   -1.536652286e-01
   -5.704885103e-02    1.410381648e-01    1.410498072e-01   -5.932737197e-02   -1.995873363e-01   -9.365113957e-02    1.236889915e-01    1.695461196e-01   -1.672442236e-02   -1.916302264e-01   -1.250047540e-01    9.756940578e-02    1.852570775e-01    2.270880898e-02   -1.776790770e-01   -1.529509105e-01    6.573886330e-02    1.927334010e-01    6.111986846e-02   -1.581948146e-01
   -5.677590267e-02    1.413748464e-01    1.404941696e-01   -6.057502661e-02   -1.997431470e-01   -9.187241257e-02    1.253642611e-01    1.684817039e-01   -1.973179948e-02   -1.926071343e-01   -1.220471678e-01    1.009818498e-01    1.842971107e-01    1.798999049e-02   -1.800602419e-01   -1.492832344e-01    7.114999758e-02    1.925488822e-01    5.489549140e-02   -1.625386314e-01
   -5.650278193e-02    1.417098997e-01    1.399346085e-01   -6.182042353e-02   -1.998850209e-01   -9.008483432e-02    1.270200275e-01    1.673835617e-01   -2.273613999e-02   -1.935281877e-01   -1.190474359e-01    1.043478589e-01    1.832402454e-01    1.325728004e-02   -1.823225520e-01   -1.455039825e-01    7.649441225e-02    1.921704716e-01    4.860561227e-02   -1.666914120e-01
   -5.622948965e-02    1.420433204e-01    1.393711374e-01   -6.306350444e-02   -2.000129461e-01   -8.828859493e-02    1.286560480e-01    1.662519017e-01   -2.573671400e-02   -1.943931081e-01   -1.160066501e-01    1.076659715e-01    1.820870193e-01    8.513479015e-03   -1.844644679e-01   -1.416160808e-01    8.176743216e-02    1.915985411e-01    4.225711279e-02   -1.706481213e-01
   -5.595602665e-02    1.423751038e-01    1.388037699e-01   -6.430421115e-02   -2.001269118e-01   -8.648388549e-02    1.302720826e-01    1.650869391e-01   -2.873279248e-02   -1.952016342e-01   -1.129259167e-01    1.109347465e-01    1.808380191e-01    3.761395469e-03   -1.864845321e-01   -1.376225395e-01    8.696444460e-02    1.908336523e-01    3.585693880e-02   -1.744039618e-01
   -5.568239377e-02    1.427052455e-01    1.382325195e-01   -6.554248558e-02   -2.002269083e-01   -8.467089799e-02    1.318678941e-01    1.638888954e-01   -3.172364744e-02   -1.959535213e-01   -1.098063572e-01    1.141527643e-01    1.794938804e-01   -9.961575993e-04   -1.883813699e-01   -1.335264507e-01    9.208090330e-02    1.898765564e-01    2.941209265e-02   -1.779543800e-01
   -5.540859184e-02    1.430337412e-01    1.376574001e-01   -6.677826972e-02   -2.003129267e-01   -8.284982537e-02    1.334432483e-01    1.626579986e-01   -3.470855213e-02   -1.966485419e-01   -1.066491068e-01    1.173186271e-01    1.780552873e-01   -5.756363879e-03   -1.901536902e-01   -1.293309861e-01    9.711233244e-02    1.887281931e-01    2.292962556e-02   -1.812950713e-01
   -5.513462168e-02    1.433605863e-01    1.370784256e-01   -6.801150570e-02   -2.003849593e-01   -8.102086142e-02    1.349979142e-01    1.613944828e-01   -3.768678118e-02   -1.972864855e-01   -1.034553149e-01    1.204309600e-01    1.765229722e-01   -1.051640543e-02   -1.918002869e-01   -1.250393940e-01    1.020543305e-01    1.873896897e-01    1.641662992e-02   -1.844219857e-01
   -5.486048413e-02    1.436857766e-01    1.364956100e-01   -6.924213573e-02   -2.004429995e-01   -7.918420083e-02    1.365316634e-01    1.600985885e-01   -4.065761080e-02   -1.978671588e-01   -1.002261438e-01    1.234884110e-01    1.748977152e-01   -1.527346433e-02   -1.933200391e-01   -1.206549975e-01    1.069025742e-01    1.858623604e-01    9.880231467e-03   -1.873313323e-01
   -5.458618002e-02    1.440093075e-01    1.359089673e-01   -7.047010214e-02   -2.004870416e-01   -7.734003912e-02    1.380442708e-01    1.587705625e-01   -4.362031897e-02   -1.983903859e-01   -9.696276913e-02    1.264896520e-01    1.731803439e-01   -2.002472437e-02   -1.947119123e-01   -1.161811915e-01    1.116528223e-01    1.841477043e-01    3.327581561e-03   -1.900195843e-01
   -5.431171019e-02    1.443311748e-01    1.353185118e-01   -7.169534737e-02   -2.005170809e-01   -7.548857266e-02    1.395355144e-01    1.574106576e-01   -4.657418557e-02   -1.988560077e-01   -9.366637887e-02    1.294333793e-01    1.713717329e-01   -2.476737271e-02   -1.959749590e-01   -1.116214403e-01    1.163009191e-01    1.822474047e-01   -3.234150679e-03   -1.924834830e-01
   -5.403707546e-02    1.446513742e-01    1.347242578e-01   -7.291781397e-02   -2.005331140e-01   -7.362999861e-02    1.410051752e-01    1.560191329e-01   -4.951849261e-02   -1.992638828e-01   -9.033817311e-02    1.323183140e-01    1.694728033e-01   -2.949860154e-02   -1.971083192e-01   -1.069792747e-01    1.208427983e-01    1.801633268e-01   -9.797786206e-03   -1.947200420e-01
   -5.376227667e-02    1.449699012e-01    1.341262197e-01   -7.413744462e-02   -2.005351382e-01   -7.176451493e-02    1.424530372e-01    1.545962535e-01   -5.245252437e-02   -1.996138870e-01   -8.697936357e-02    1.351432029e-01    1.674845223e-01   -3.421560976e-02   -1.981112212e-01   -1.022582893e-01    1.252744866e-01    1.778975164e-01   -1.635614390e-02   -1.967265506e-01
   -5.348731466e-02    1.452867516e-01    1.335244121e-01   -7.535418210e-02   -2.005231520e-01   -6.989232032e-02    1.438788879e-01    1.531422905e-01   -5.537556756e-02   -1.999059137e-01   -8.359117318e-02    1.379068185e-01    1.654079029e-01   -3.891560460e-02   -1.989829820e-01   -9.746213988e-02    1.295921069e-01    1.754521975e-01   -2.290204844e-02   -1.985005769e-01
   -5.321219026e-02    1.456019212e-01    1.329188495e-01   -7.656796933e-02   -2.004971550e-01   -6.801361425e-02    1.452825178e-01    1.516575210e-01   -5.828691156e-02   -2.001398733e-01   -8.017483563e-02    1.406079602e-01    1.632440029e-01   -4.359580332e-02   -1.997230076e-01   -9.259454054e-02    1.337918819e-01    1.728297703e-01   -2.942833811e-02   -2.000399714e-01
   -5.293690430e-02    1.459154056e-01    1.323095467e-01   -7.777874935e-02   -2.004571477e-01   -6.612859690e-02    1.466637206e-01    1.501422281e-01   -6.118584853e-02   -2.003156941e-01   -7.673159491e-02    1.432454542e-01    1.609939248e-01   -4.825343485e-02   -2.003307939e-01   -8.765926065e-02    1.378701375e-01    1.700328089e-01   -3.592787269e-02   -2.013428689e-01
   -5.266145763e-02    1.462272007e-01    1.316965187e-01   -7.898646533e-02   -2.004031317e-01   -6.423746916e-02    1.480222933e-01    1.485967006e-01   -6.407167358e-02   -2.004333217e-01   -7.326270488e-02    1.458181546e-01    1.586588151e-01   -5.288574138e-02   -2.008059265e-01   -8.266012209e-02    1.418233056e-01    1.670640585e-01   -4.239354124e-02   -2.024076912e-01
   -5.238585107e-02    1.465373022e-01    1.310797802e-01   -8.019106057e-02   -2.003351098e-01   -6.234043259e-02    1.493580363e-01    1.470212333e-01   -6.694368500e-02   -2.004927192e-01   -6.976942878e-02    1.483249432e-01    1.562398637e-01   -5.748998008e-02   -2.011480814e-01   -7.760099623e-02    1.456479279e-01    1.639264332e-01   -4.881826987e-02   -2.032331490e-01
   -5.211008547e-02    1.468457059e-01    1.304593464e-01   -8.139247850e-02   -2.002530854e-01   -6.043768941e-02    1.506707531e-01    1.454161267e-01   -6.980118437e-02   -2.004938671e-01   -6.625303881e-02    1.507647308e-01    1.537383033e-01   -6.206342465e-02   -2.013570250e-01   -7.248580096e-02    1.493406583e-01    1.606230124e-01   -5.519502950e-02   -2.038182431e-01
   -5.183416166e-02    1.471524076e-01    1.298352325e-01   -8.259066270e-02   -2.001570634e-01   -5.852944249e-02    1.519602507e-01    1.437816870e-01   -7.264347678e-02   -2.004367636e-01   -6.271481564e-02    1.531364570e-01    1.511554086e-01   -6.660336697e-02   -2.014326142e-01   -6.731849762e-02    1.528982659e-01    1.571570387e-01   -6.151684353e-02   -2.041622660e-01
   -5.155808047e-02    1.474574033e-01    1.292074537e-01   -8.378555688e-02   -2.000470496e-01   -5.661589529e-02    1.532263396e-01    1.421182260e-01   -7.546987096e-02   -2.003214244e-01   -5.915604793e-02    1.554390909e-01    1.484924961e-01   -7.110711871e-02   -2.013747968e-01   -6.210308799e-02    1.563176383e-01    1.535319140e-01   -6.777679552e-02   -2.042648026e-01
   -5.128184276e-02    1.477606887e-01    1.285760253e-01   -8.497710488e-02   -1.999230506e-01   -5.469725188e-02    1.544688335e-01    1.404260612e-01   -7.827967947e-02   -2.001478825e-01   -5.557803190e-02    1.576716316e-01    1.457509230e-01   -7.557201288e-02   -2.011836112e-01   -5.684361112e-02    1.595957838e-01    1.497511963e-01   -7.396803667e-02   -2.041257307e-01
   -5.100544935e-02    1.480622597e-01    1.279409629e-01   -8.616525071e-02   -1.997850744e-01   -5.277371690e-02    1.556875495e-01    1.387055154e-01   -8.107221884e-02   -1.999161888e-01   -5.198207083e-02    1.598331089e-01    1.429320868e-01   -7.999540548e-02   -2.008591865e-01   -5.154414028e-02    1.627298344e-01    1.458185966e-01   -8.008379342e-02   -2.037452212e-01
   -5.072890109e-02    1.483621123e-01    1.273022820e-01   -8.734993851e-02   -1.996331298e-01   -5.084549554e-02    1.568823083e-01    1.369569172e-01   -8.384680980e-02   -1.996264113e-01   -4.836947460e-02    1.619225829e-01    1.400374241e-01   -8.437467701e-02   -2.004017427e-01   -4.620877972e-02    1.657170481e-01    1.417379747e-01   -8.611737476e-02   -2.031237378e-01
   -5.045219881e-02    1.486602423e-01    1.266599984e-01   -8.853111258e-02   -1.994672267e-01   -4.891279351e-02    1.580529342e-01    1.351806004e-01   -8.660277737e-02   -1.992786357e-01   -4.474155921e-02    1.639391453e-01    1.370684107e-01   -8.870723403e-02   -1.998115899e-01   -4.084166158e-02    1.685548112e-01    1.375133358e-01   -9.206217964e-02   -2.022620365e-01
   -5.017534335e-02    1.489566458e-01    1.260141276e-01   -8.970871737e-02   -1.992873760e-01   -4.697581702e-02    1.591992547e-01    1.333769040e-01   -8.933945107e-02   -1.988729650e-01   -4.109964627e-02    1.658819194e-01    1.340265601e-01   -9.299051072e-02   -1.990891289e-01   -3.544694261e-02    1.712406409e-01    1.331488265e-01   -9.791170412e-02   -2.011611648e-01
   -4.989833556e-02    1.492513187e-01    1.253646858e-01   -9.088269749e-02   -1.990935898e-01   -4.503477278e-02    1.603211012e-01    1.315461726e-01   -9.205616507e-02   -1.984095199e-01   -3.744506256e-02    1.677500605e-01    1.309134229e-01   -9.722197039e-02   -1.982348501e-01   -3.002880101e-02    1.737721873e-01    1.286487306e-01   -1.036595485e-01   -1.998224601e-01
   -4.962117628e-02    1.495442569e-01    1.247116887e-01   -9.205299770e-02   -1.988858809e-01   -4.308986796e-02    1.614183082e-01    1.296887558e-01   -9.475225837e-02   -1.978884380e-01   -3.377913955e-02    1.695427560e-01    1.277305864e-01   -1.013991070e-01   -1.972493340e-01   -2.459143315e-02    1.761472353e-01    1.240174650e-01   -1.092994244e-01   -1.982475483e-01
   -4.934386635e-02    1.498354566e-01    1.240551526e-01   -9.321956292e-02   -1.986642635e-01   -4.114131014e-02    1.624907144e-01    1.278050084e-01   -9.742707492e-02   -1.973098748e-01   -3.010321287e-02    1.712592266e-01    1.244796733e-01   -1.055194465e-01   -1.961332500e-01   -1.913905038e-02    1.783637069e-01    1.192595754e-01   -1.148251616e-01   -1.964383421e-01
   -4.906640660e-02    1.501249136e-01    1.233950935e-01   -9.438233825e-02   -1.984287526e-01   -3.918930735e-02    1.635381615e-01    1.258952902e-01   -1.000799638e-01   -1.966740027e-01   -2.641862186e-02    1.728987255e-01    1.211623411e-01   -1.095805486e-01   -1.948873566e-01   -1.367587568e-02    1.804196628e-01    1.143797317e-01   -1.202307146e-01   -1.943970381e-01
   -4.878879789e-02    1.504126241e-01    1.227315278e-01   -9.554126894e-02   -1.981793644e-01   -3.723406800e-02    1.645604953e-01    1.239599662e-01   -1.027102795e-01   -1.959810115e-01   -2.272670905e-02    1.744605396e-01    1.177802813e-01   -1.135800080e-01   -1.935125005e-01   -8.206140483e-03    1.823133040e-01    1.093827236e-01   -1.255101696e-01   -1.921261143e-01
   -4.851104105e-02    1.506985842e-01    1.220644719e-01   -9.669630042e-02   -1.979161159e-01   -3.527580086e-02    1.655575651e-01    1.219994060e-01   -1.053173817e-01   -1.952311082e-01   -1.902881974e-02    1.759439896e-01    1.143352183e-01   -1.175154558e-01   -1.920096162e-01   -2.734081318e-03    1.840429737e-01    1.042734558e-01   -1.306577507e-01   -1.896283277e-01
   -4.823313693e-02    1.509827899e-01    1.213939421e-01   -9.784737829e-02   -1.976390253e-01   -3.331471508e-02    1.665292238e-01    1.200139845e-01   -1.079006361e-01   -1.944245168e-01   -1.532630140e-02    1.773484300e-01    1.108289090e-01   -1.213845608e-01   -1.903797254e-01    2.736063418e-03    1.856071583e-01    9.905694310e-02   -1.356678263e-01   -1.869067099e-01
   -4.795508638e-02    1.512652373e-01    1.207199552e-01   -9.899444832e-02   -1.973481118e-01   -3.135102011e-02    1.674753281e-01    1.180040811e-01   -1.104594137e-01   -1.935614786e-01   -1.162050330e-02    1.786732498e-01    1.072631412e-01   -1.251850315e-01   -1.886239360e-01    8.200056766e-03    1.870044892e-01    9.373830565e-02   -1.405349152e-01   -1.839645645e-01
   -4.767689022e-02    1.515459226e-01    1.200425277e-01   -1.001374565e-01   -1.970433957e-01   -2.938492570e-02    1.683957384e-01    1.159700799e-01   -1.129930917e-01   -1.926422517e-01   -7.912775898e-03    1.799178722e-01    1.036397334e-01   -1.289146165e-01   -1.867434418e-01    1.365366648e-02    1.882337437e-01    8.832276384e-02   -1.452536928e-01   -1.808054621e-01
   -4.739854932e-02    1.518248420e-01    1.193616765e-01   -1.012763489e-01   -1.967248982e-01   -2.741664191e-02    1.692903189e-01    1.139123698e-01   -1.155010534e-01   -1.916671112e-01   -4.204470456e-03    1.810817556e-01    9.996053346e-02   -1.325711066e-01   -1.847395212e-01    1.909266832e-02    1.892938461e-01    8.281563318e-02   -1.498189966e-01   -1.774332369e-01
   -4.712006452e-02    1.521019916e-01    1.186774184e-01   -1.024110718e-01   -1.963926415e-01   -2.544637903e-02    1.701589375e-01    1.118313442e-01   -1.179826881e-01   -1.906363489e-01   -4.969384733e-04    1.821643934e-01    9.622741766e-02   -1.361523359e-01   -1.826135370e-01    2.451284930e-02    1.901838688e-01    7.722231907e-02   -1.542258322e-01   -1.738519814e-01
   -4.684143666e-02    1.523773676e-01    1.179897703e-01   -1.035415718e-01   -1.960466489e-01   -2.347434760e-02    1.710014659e-01    1.097274010e-01   -1.204373917e-01   -1.895502736e-01    3.208468775e-03    1.831653140e-01    9.244228996e-02   -1.396561828e-01   -1.803669346e-01    2.991001097e-02    1.909030329e-01    7.154831154e-02   -1.584693785e-01   -1.700660414e-01
   -4.656266658e-02    1.526509662e-01    1.172987493e-01   -1.046677955e-01   -1.956869448e-01   -2.150075838e-02    1.718177797e-01    1.076009426e-01   -1.228645665e-01   -1.884092105e-01    6.910400736e-03    1.840840816e-01    8.860708083e-02   -1.430805716e-01   -1.780012418e-01    3.527997266e-02    1.914507090e-01    6.579917982e-02   -1.625449931e-01   -1.660800114e-01
   -4.628375514e-02    1.529227838e-01    1.166043727e-01   -1.057896899e-01   -1.953135545e-01   -1.952582230e-02    1.726077582e-01    1.054523757e-01   -1.252636214e-01   -1.872135016e-01    1.060750808e-02    1.849202958e-01    8.472374639e-02   -1.464234737e-01   -1.755180673e-01    4.061857473e-02    1.918264180e-01    5.998056689e-02   -1.664482173e-01   -1.618987284e-01
   -4.600470318e-02    1.531928165e-01    1.159066575e-01   -1.069072019e-01   -1.949265044e-01   -1.754975049e-02    1.733712846e-01    1.032821111e-01   -1.276339724e-01   -1.859635051e-01    1.429844317e-02    1.856735923e-01    8.079426734e-02   -1.496829086e-01   -1.729191000e-01    4.592168177e-02    1.920298308e-01    5.409818397e-02   -1.701747812e-01   -1.575272660e-01
   -4.572551154e-02    1.534610606e-01    1.152056213e-01   -1.080202789e-01   -1.945258218e-01   -1.557275419e-02    1.741082461e-01    1.010905641e-01   -1.299750420e-01   -1.846595957e-01    1.798186058e-02    1.863436426e-01    7.682064799e-02   -1.528569452e-01   -1.702061072e-01    5.118518585e-02    1.920607695e-01    4.815780484e-02   -1.737206080e-01   -1.529709288e-01
   -4.544618109e-02    1.537275124e-01    1.145012813e-01   -1.091288684e-01   -1.941115351e-01   -1.359504478e-02    1.748185335e-01    9.887815385e-02   -1.322862601e-01   -1.833021644e-01    2.165641758e-02    1.869301544e-01    7.280491520e-02   -1.559437031e-01   -1.673809341e-01    5.640500963e-02    1.919192068e-01    4.216526027e-02   -1.770818188e-01   -1.482352455e-01
   -4.516671265e-02    1.539921683e-01    1.137936552e-01   -1.102329179e-01   -1.936836736e-01   -1.161683376e-02    1.755020417e-01    9.664530370e-02   -1.345670639e-01   -1.818916182e-01    2.532077460e-02    1.874328718e-01    6.874911739e-02   -1.589413533e-01   -1.644455022e-01    6.157710959e-02    1.916052665e-01    3.612643220e-02   -1.802547366e-01   -1.433259622e-01
   -4.488710709e-02    1.542550247e-01    1.130827606e-01   -1.113323753e-01   -1.932422679e-01   -9.638332664e-03    1.761586694e-01    9.439244087e-02   -1.368168977e-01   -1.804283802e-01    2.897359577e-02    1.878515751e-01    6.465532348e-02   -1.618481198e-01   -1.614018081e-01    6.669747913e-02    1.911192233e-01    3.004724807e-02   -1.832358905e-01   -1.382490358e-01
   -4.460736525e-02    1.545160778e-01    1.123686151e-01   -1.124271888e-01   -1.927873494e-01   -7.659753117e-03    1.767883194e-01    9.211999646e-02   -1.390352135e-01   -1.789128891e-01    3.261354934e-02    1.881860812e-01    6.052562180e-02   -1.646622801e-01   -1.582519219e-01    7.176215168e-02    1.904615023e-01    2.393367489e-02   -1.860220196e-01   -1.330106263e-01
   -4.432748797e-02    1.547753241e-01    1.116512367e-01   -1.135173067e-01   -1.923189503e-01   -5.681306761e-03    1.773908982e-01    8.982840535e-02   -1.412214708e-01   -1.773455998e-01    3.623930824e-02    1.884362437e-01    5.636211909e-02   -1.673821669e-01   -1.549979863e-01    7.676720376e-02    1.896326788e-01    1.779171348e-02   -1.886100760e-01   -1.276170897e-01
   -4.404747612e-02    1.550327600e-01    1.109306431e-01   -1.146026773e-01   -1.918371043e-01   -3.703205248e-03    1.779663166e-01    8.751810615e-02   -1.433751371e-01   -1.757269825e-01    3.984955049e-02    1.886019524e-01    5.216693936e-02   -1.700061683e-01   -1.516422145e-01    8.170875804e-02    1.886334782e-01    1.162739253e-02   -1.909972289e-01   -1.220749700e-01
   -4.376733054e-02    1.552883819e-01    1.102068524e-01   -1.156832494e-01   -1.913418456e-01   -1.725660219e-03    1.785144889e-01    8.518954105e-02   -1.454956875e-01   -1.740575229e-01    4.344295975e-02    1.886831344e-01    4.794222286e-02   -1.725327294e-01   -1.481868891e-01    8.658298634e-02    1.874647745e-01    5.446762690e-03   -1.931808671e-01   -1.163909915e-01
   -4.348705207e-02    1.555421863e-01    1.094798828e-01   -1.167589720e-01   -1.908332098e-01    2.511167247e-04    1.790353338e-01    8.284315581e-02   -1.475826053e-01   -1.723377220e-01    4.701822576e-02    1.886797529e-01    4.369012496e-02   -1.749603531e-01   -1.446343608e-01    9.138611259e-02    1.861275904e-01   -7.441093587e-04   -1.951586024e-01   -1.105720506e-01
   -4.320664158e-02    1.557941697e-01    1.087497522e-01   -1.178297942e-01   -1.903112332e-01    2.226914038e-03    1.795287738e-01    8.047939962e-02   -1.496353820e-01   -1.705680962e-01    5.057404481e-02    1.885918083e-01    3.941281503e-02   -1.772876005e-01   -1.409870460e-01    9.611441577e-02    1.846230958e-01   -6.939146869e-03   -1.969282714e-01   -1.046252073e-01
   -4.292609991e-02    1.560443286e-01    1.080164791e-01   -1.188956653e-01   -1.897759533e-01    4.201520261e-03    1.799947355e-01    7.809872504e-02   -1.516535174e-01   -1.687491765e-01    5.410912027e-02    1.884193375e-01    3.511247540e-02   -1.795130924e-01   -1.372474259e-01    1.007642328e-01    1.829526072e-01   -1.313226899e-02   -1.984879390e-01   -9.855767659e-02
   -4.264542792e-02    1.562926594e-01    1.072800818e-01   -1.199565349e-01   -1.892274086e-01    6.174724035e-03    1.804331494e-01    7.570158789e-02   -1.536365194e-01   -1.668815092e-01    5.762216299e-02    1.881624142e-01    3.079130018e-02   -1.816355099e-01   -1.334180445e-01    1.053319612e-01    1.811175862e-01   -1.931739672e-02   -1.998358993e-01   -9.237682010e-02
   -4.236462645e-02    1.565391588e-01    1.065405786e-01   -1.210123530e-01   -1.886656383e-01    8.146314132e-03    1.808439501e-01    7.328844721e-02   -1.555839048e-01   -1.649656550e-01    6.111189183e-02    1.878211487e-01    2.645149415e-02   -1.836535949e-01   -1.295015070e-01    1.098140624e-01    1.791196385e-01   -2.548845891e-02   -2.009706785e-01   -8.609013668e-02
   -4.208369637e-02    1.567838233e-01    1.057979882e-01   -1.220630694e-01   -1.880906829e-01    1.011607947e-02    1.812270763e-01    7.085976511e-02   -1.574951989e-01   -1.630021893e-01    6.457703411e-02    1.873956881e-01    2.209527169e-02   -1.855661512e-01   -1.255004777e-01    1.142070638e-01    1.769605123e-01   -3.163939819e-02   -2.018910358e-01   -7.970525360e-02
   -4.180263851e-02    1.570266495e-01    1.050523292e-01   -1.231086345e-01   -1.875025837e-01    1.208380915e-02    1.815824706e-01    6.841600673e-02   -1.593699357e-01   -1.609917017e-01    6.801632606e-02    1.868862160e-01    1.772485558e-02   -1.873720451e-01   -1.214176788e-01    1.185075619e-01    1.746420969e-01   -3.776417693e-02   -2.025959651e-01   -7.322991719e-02
   -4.152145374e-02    1.572676340e-01    1.043036203e-01   -1.241489987e-01   -1.869013832e-01    1.404929246e-02    1.819100799e-01    6.595764012e-02   -1.612076581e-01   -1.589347961e-01    7.142851328e-02    1.862929524e-01    1.334247591e-02   -1.890702060e-01   -1.172558878e-01    1.227122249e-01    1.721664210e-01   -4.385678314e-02   -2.030846962e-01   -6.667198345e-02
   -4.124014291e-02    1.575067735e-01    1.035518802e-01   -1.251841129e-01   -1.862871245e-01    1.601231891e-02    1.822098548e-01    6.348513618e-02   -1.630079180e-01   -1.568320903e-01    7.481235124e-02    1.856161540e-01    8.950368925e-03   -1.906596273e-01   -1.130179362e-01    1.268177950e-01    1.695356509e-01   -4.991123642e-02   -2.033566953e-01   -6.003940856e-02
   -4.095870687e-02    1.577440645e-01    1.027971278e-01   -1.262139280e-01   -1.856598522e-01    1.797267825e-02    1.824817504e-01    6.099896855e-02   -1.647702765e-01   -1.546842161e-01    7.816660568e-02    1.848561135e-01    4.550775878e-03   -1.921393664e-01   -1.087067073e-01    1.308210914e-01    1.667520887e-01   -5.592159381e-02   -2.034116657e-01   -5.334023920e-02
   -4.067714648e-02    1.579795039e-01    1.020393822e-01   -1.272383952e-01   -1.850196113e-01    1.993016049e-02    1.827257255e-01    5.849961351e-02   -1.664943038e-01   -1.524918185e-01    8.149005309e-02    1.840131598e-01    1.459419067e-04   -1.935085461e-01   -1.043251345e-01    1.347190123e-01    1.638181701e-01   -6.188195559e-02   -2.032495484e-01   -4.658260277e-02
   -4.039546259e-02    1.582130882e-01    1.012786623e-01   -1.282574660e-01   -1.843664482e-01    2.188455593e-02    1.829417432e-01    5.598754992e-02   -1.681795792e-01   -1.502555565e-01    8.478148117e-02    1.830876581e-01   -4.261885129e-03   -1.947663543e-01   -9.987619873e-02    1.385085376e-01    1.607364626e-01   -6.778647111e-02   -2.028705217e-01   -3.977469758e-02
   -4.011365606e-02    1.584448143e-01    1.005149873e-01   -1.292710921e-01   -1.837004101e-01    2.383565519e-02    1.831297707e-01    5.346325908e-02   -1.698256919e-01   -1.479761019e-01    8.803968924e-02    1.820800092e-01   -8.670455791e-03   -1.959120451e-01   -9.536292716e-02    1.421867312e-01    1.575096628e-01   -7.362934455e-02   -2.022750015e-01   -3.292478285e-02
   -3.983172774e-02    1.586746787e-01    9.974837642e-02   -1.302792254e-01   -1.830215451e-01    2.578324921e-02    1.832897793e-01    5.092722471e-02   -1.714322401e-01   -1.456541397e-01    9.126348868e-02    1.809906498e-01   -1.307752021e-02   -1.969449390e-01   -9.078839060e-02    1.457507431e-01    1.541405945e-01   -7.940484054e-02   -2.014636405e-01   -2.604116874e-02
   -3.954967849e-02    1.589026784e-01    9.897884896e-02   -1.312818183e-01   -1.823299024e-01    2.772712928e-02    1.834217442e-01    4.837993277e-02   -1.729988320e-01   -1.432903677e-01    9.445170341e-02    1.798200519e-01   -1.748082922e-02   -1.978644231e-01   -8.615570166e-02    1.491978118e-01    1.506322059e-01   -8.510728986e-02   -2.004373275e-01   -1.913220624e-02
   -3.926750916e-02    1.591288102e-01    9.820642432e-02   -1.322788230e-01   -1.816255320e-01    2.966708708e-02    1.835256450e-01    4.582187144e-02   -1.745250853e-01   -1.408854963e-01    9.760317027e-02    1.785687229e-01   -2.187813555e-02   -1.986699519e-01   -8.146801252e-02    1.525252663e-01    1.469875671e-01   -9.073109499e-02   -1.991971867e-01   -1.220627704e-02
   -3.898522062e-02    1.593530707e-01    9.743112195e-02   -1.332701925e-01   -1.809084851e-01    3.160291468e-02    1.836014652e-01    4.325353100e-02   -1.760106275e-01   -1.384402484e-01    1.007167395e-01    1.772372054e-01   -2.626719492e-02   -1.993610472e-01   -7.672851288e-02    1.557305284e-01    1.432098676e-01   -9.627073556e-02   -1.977445760e-01   -5.271783364e-03
   -3.870281372e-02    1.595754569e-01    9.665296141e-02   -1.342558795e-01   -1.801788135e-01    3.353440458e-02    1.836491925e-01    4.067540371e-02   -1.774550961e-01   -1.359553588e-01    1.037912750e-01    1.758260769e-01   -3.064576721e-02   -1.999372988e-01   -7.194042772e-02    1.588111144e-01    1.393024132e-01   -1.017207738e-01   -1.960810862e-01    1.662862202e-03
   -3.842028931e-02    1.597959656e-01    9.587196234e-02   -1.352358374e-01   -1.794365702e-01    3.546134971e-02    1.836688188e-01    3.808798376e-02   -1.788581385e-01   -1.334315746e-01    1.068256550e-01    1.743359491e-01   -3.501161761e-02   -2.003983644e-01   -6.710701513e-02    1.617646372e-01    1.352686235e-01   -1.070758600e-01   -1.942085385e-01    8.589246945e-03
   -3.813764826e-02    1.600145938e-01    9.508814445e-02   -1.362100197e-01   -1.786818090e-01    3.738354349e-02    1.836603398e-01    3.549176715e-02   -1.802194122e-01   -1.308696545e-01    1.098187723e-01    1.727674686e-01   -3.936251774e-02   -2.007439700e-01   -6.223156409e-02    1.645888081e-01    1.311120284e-01   -1.123307375e-01   -1.921289830e-01    1.549896821e-02
   -3.785489142e-02    1.602313382e-01    9.430152754e-02   -1.371783800e-01   -1.779145849e-01    3.930077980e-02    1.836237558e-01    3.288725159e-02   -1.815385848e-01   -1.282703686e-01    1.127695347e-01    1.711213157e-01   -4.369624682e-02   -2.009739098e-01   -5.731739225e-02    1.672814388e-01    1.268362655e-01   -1.174802480e-01   -1.898446965e-01    2.238364362e-02
   -3.757201965e-02    1.604461958e-01    9.351213147e-02   -1.381408725e-01   -1.771349534e-01    4.121285306e-02    1.835590708e-01    3.027493643e-02   -1.828153343e-01   -1.256344985e-01    1.156768654e-01    1.693982045e-01   -4.801059277e-02   -2.010880468e-01   -5.236784363e-02    1.698404426e-01    1.224450766e-01   -1.225193367e-01   -1.873581794e-01    2.923492119e-02
   -3.728903381e-02    1.606591637e-01    9.271997622e-02   -1.390974515e-01   -1.763429713e-01    4.311955821e-02    1.834662931e-01    2.765532252e-02   -1.840493487e-01   -1.229628368e-01    1.185397035e-01    1.675988827e-01   -5.230335336e-02   -2.010863124e-01   -4.738628640e-02    1.722638365e-01    1.179423047e-01   -1.274430571e-01   -1.846721539e-01    3.604448952e-02
   -3.700593476e-02    1.608702386e-01    9.192508181e-02   -1.400480714e-01   -1.755386961e-01    4.502069073e-02    1.833454352e-01    2.502891218e-02   -1.852403267e-01   -1.202561866e-01    1.213570042e-01    1.657241310e-01   -5.657233733e-02   -2.009687068e-01   -4.237611054e-02    1.745497425e-01    1.133318903e-01   -1.322465761e-01   -1.817895603e-01    4.280408785e-02
   -3.672272336e-02    1.610794178e-01    9.112746836e-02   -1.409926872e-01   -1.747221864e-01    4.691604672e-02    1.831965135e-01    2.239620903e-02   -1.863879773e-01   -1.175153620e-01    1.241277392e-01    1.637747630e-01   -6.081536552e-02   -2.007352987e-01   -3.734072557e-02    1.766963890e-01    1.086178682e-01   -1.369251784e-01   -1.787135538e-01    4.950551607e-02
   -3.643940047e-02    1.612866981e-01    9.032715607e-02   -1.419312539e-01   -1.738935016e-01    4.880542283e-02    1.830195486e-01    1.975771796e-02   -1.874920201e-01   -1.147411872e-01    1.268508973e-01    1.617516248e-01   -6.503027195e-02   -2.003862256e-01   -3.228355819e-02    1.787021125e-01    1.038043638e-01   -1.414742714e-01   -1.754475015e-01    5.614064470e-02
   -3.615596694e-02    1.614920766e-01    8.952416519e-02   -1.428637270e-01   -1.730527020e-01    5.068861636e-02    1.828145654e-01    1.711394497e-02   -1.885521853e-01   -1.119344965e-01    1.295254846e-01    1.596555944e-01   -6.921490495e-02   -1.999216932e-01   -2.720804999e-02    1.805653586e-01    9.889558985e-02   -1.458893896e-01   -1.719949785e-01    6.270142471e-02
   -3.587242365e-02    1.616955503e-01    8.871851608e-02   -1.437900621e-01   -1.721998489e-01    5.256542526e-02    1.825815927e-01    1.446539713e-02   -1.895682136e-01   -1.090961339e-01    1.321505248e-01    1.574875816e-01   -7.336712828e-02   -1.993419760e-01   -2.211765508e-02    1.822846831e-01    9.389584220e-02   -1.501661991e-01   -1.683597638e-01    6.917989732e-02
   -3.558877144e-02    1.618971164e-01    8.791022915e-02   -1.447102152e-01   -1.713350043e-01    5.443564812e-02    1.823206634e-01    1.181258244e-02   -1.905398567e-01   -1.062269533e-01    1.347250598e-01    1.552485275e-01   -7.748482218e-02   -1.986474165e-01   -1.701583775e-02    1.838587534e-01    8.880949652e-02   -1.543005015e-01   -1.645458364e-01    7.556820363e-02
   -3.530501118e-02    1.620967720e-01    8.709932492e-02   -1.456241425e-01   -1.704582314e-01    5.629908425e-02    1.820318146e-01    9.156009769e-03   -1.914668770e-01   -1.033278176e-01    1.372481496e-01    1.529394040e-01   -8.156588447e-02   -1.978384253e-01   -1.190607011e-02    1.852863497e-01    8.364100426e-02   -1.582882387e-01   -1.605573709e-01    8.185859418e-02
   -3.502114374e-02    1.622945142e-01    8.628582394e-02   -1.465318005e-01   -1.695695941e-01    5.815553363e-02    1.817150875e-01    6.496188713e-03   -1.923490476e-01   -1.003995988e-01    1.397188733e-01    1.505612138e-01   -8.560823163e-02   -1.969154808e-01   -6.791829726e-03    1.865663653e-01    7.839488878e-02   -1.621254961e-01   -1.563987327e-01    8.804343832e-02
   -3.473716997e-02    1.624903401e-01    8.546974688e-02   -1.474331461e-01   -1.686691571e-01    6.000479701e-02    1.813705273e-01    3.833629538e-03   -1.931861528e-01   -9.744317786e-02    1.421363289e-01    1.481149892e-01   -8.960979985e-02   -1.958791290e-01   -1.676597255e-03    1.876978080e-01    7.307574141e-02   -1.658085069e-01   -1.520744737e-01    9.411523350e-02
   -3.445309074e-02    1.626842469e-01    8.465111445e-02   -1.483281363e-01   -1.677569863e-01    6.184667587e-02    1.809981833e-01    1.168843064e-03   -1.939779877e-01   -9.445944410e-02    1.444996336e-01    1.456017925e-01   -9.356854611e-02   -1.947299831e-01    3.436145924e-03    1.886798007e-01    6.768821741e-02   -1.693336559e-01   -1.475893268e-01    1.000666143e-01
   -3.416890691e-02    1.628762319e-01    8.382994745e-02   -1.492167286e-01   -1.668331481e-01    6.368097246e-02    1.805981090e-01   -1.497659435e-03   -1.947243582e-01   -9.144929517e-02    1.468079247e-01    1.430227147e-01   -9.748244920e-02   -1.934687230e-01    8.542920085e-03    1.895115821e-01    6.223703193e-02   -1.726974828e-01   -1.429482012e-01    1.058903615e-01
   -3.388461933e-02    1.630662922e-01    8.300626675e-02   -1.500988807e-01   -1.658977102e-01    6.550748984e-02    1.801703618e-01   -4.165366324e-03   -1.954250817e-01   -8.841363669e-02    1.490603594e-01    1.403788759e-01   -1.013495108e-01   -1.920960952e-01    1.364024952e-02    1.901925073e-01    5.672695585e-02   -1.758966854e-01   -1.381561766e-01    1.115794108e-01
   -3.360022889e-02    1.632544252e-01    8.218009329e-02   -1.509745504e-01   -1.649507406e-01    6.732603188e-02    1.797150033e-01   -6.833765705e-03   -1.960799865e-01   -8.535338201e-02    1.512561151e-01    1.376714241e-01   -1.051677563e-01   -1.906129120e-01    1.872466489e-02    1.907220483e-01    5.116281165e-02   -1.789281233e-01   -1.332184978e-01    1.171268611e-01
   -3.331573643e-02    1.634406280e-01    8.135144808e-02   -1.518436962e-01   -1.639923088e-01    6.913640328e-02    1.792320991e-01   -9.502345520e-03   -1.966889119e-01   -8.226945189e-02    1.533943900e-01    1.349015351e-01   -1.089352362e-01   -1.890200515e-01    2.379270562e-02    1.910997943e-01    4.554946911e-02   -1.817888210e-01   -1.281405692e-01    1.225259833e-01
   -3.303114282e-02    1.636248980e-01    8.052035222e-02   -1.527062766e-01   -1.630224848e-01    7.093840961e-02    1.787217187e-01   -1.217059365e-02   -1.972517085e-01   -7.916277430e-02    1.554744032e-01    1.320704118e-01   -1.126500267e-01   -1.873184565e-01    2.884092222e-02    1.913254522e-01    3.989184114e-02   -1.844759703e-01   -1.229279484e-01    1.277702283e-01
   -3.274644893e-02    1.638072324e-01    7.968682686e-02   -1.535622505e-01   -1.620413393e-01    7.273185732e-02    1.781839360e-01   -1.483799799e-02   -1.977682383e-01   -7.603428405e-02    1.574953951e-01    1.291792837e-01   -1.163102309e-01   -1.855091346e-01    3.386587867e-02    1.913988468e-01    3.419487942e-02   -1.869869334e-01   -1.175863407e-01    1.328532349e-01
   -3.246165562e-02    1.639876287e-01    7.885089322e-02   -1.544115771e-01   -1.610489443e-01    7.451655376e-02    1.776188286e-01   -1.750404660e-02   -1.982383744e-01   -7.288492259e-02    1.594566276e-01    1.262294066e-01   -1.199139799e-01   -1.835931569e-01    3.886415472e-02    1.913199207e-01    2.846357009e-02   -1.893192456e-01   -1.121215924e-01    1.377688375e-01
   -3.217676375e-02    1.641660842e-01    7.801257260e-02   -1.552542159e-01   -1.600453723e-01    7.629230719e-02    1.770264781e-01   -2.016822776e-02   -1.986620011e-01   -6.971563766e-02    1.613573843e-01    1.232220617e-01   -1.234594333e-01   -1.815716579e-01    4.383234823e-02    1.910887347e-01    2.270292938e-02   -1.914706174e-01   -1.065396845e-01    1.425110737e-01
   -3.189177419e-02    1.643425962e-01    7.717188636e-02   -1.560901268e-01   -1.590306968e-01    7.805892683e-02    1.764069704e-01   -2.283003005e-02   -1.990390143e-01   -6.652738307e-02    1.631969708e-01    1.201585551e-01   -1.269447807e-01   -1.794458346e-01    4.876707752e-02    1.907054675e-01    1.691799922e-02   -1.934389373e-01   -1.008467263e-01    1.470741913e-01
   -3.160668781e-02    1.645171623e-01    7.632885595e-02   -1.569192697e-01   -1.580049920e-01    7.981622284e-02    1.757603951e-01   -2.548894253e-02   -1.993693209e-01   -6.332111835e-02    1.649747151e-01    1.170402178e-01   -1.303682420e-01   -1.772169458e-01    5.366498363e-02    1.901704157e-01    1.111384282e-02   -1.952222730e-01   -9.504894849e-02    1.514526555e-01
   -3.132150547e-02    1.646897798e-01    7.548350286e-02   -1.577416053e-01   -1.569683331e-01    8.156400640e-02    1.750868459e-01   -2.814445474e-02   -1.996528394e-01   -6.009780849e-02    1.666899679e-01    1.138684041e-01   -1.337280691e-01   -1.748863115e-01    5.852273260e-02    1.894839935e-01    5.295540263e-03   -1.968188741e-01   -8.915269668e-02    1.556411557e-01
   -3.103622804e-02    1.648604461e-01    7.463584866e-02   -1.585570942e-01   -1.559207959e-01    8.330208965e-02    1.743864205e-01   -3.079605687e-02   -1.998894997e-01   -5.685842367e-02    1.683421023e-01    1.106444920e-01   -1.370225459e-01   -1.724553119e-01    6.333701781e-02    1.886467324e-01   -5.318159694e-04   -1.982271735e-01   -8.316442409e-02    1.596346115e-01
   -3.075085638e-02    1.650291588e-01    7.378591499e-02   -1.593656975e-01   -1.548624572e-01    8.503028580e-02    1.736592204e-01   -3.344323982e-02   -2.000792431e-01   -5.360393893e-02    1.699305146e-01    1.073698819e-01   -1.402499900e-01   -1.699253867e-01    6.810456214e-02    1.876592808e-01   -6.363125439e-03   -1.994457890e-01   -7.709068467e-02    1.634281795e-01
   -3.046539136e-02    1.651959154e-01    7.293372355e-02   -1.601673765e-01   -1.537933947e-01    8.674840906e-02    1.729053511e-01   -3.608549532e-02   -2.002220221e-01   -5.033533390e-02    1.714546245e-01    1.040459965e-01   -1.434087531e-01   -1.672980344e-01    7.282212027e-02    1.865224034e-01   -1.219328422e-02   -2.004735244e-01   -7.093812591e-02    1.670172584e-01
   -3.017983384e-02    1.653607134e-01    7.207929610e-02   -1.609620931e-01   -1.527136865e-01    8.845627475e-02    1.721249221e-01   -3.872231602e-02   -2.003178010e-01   -4.705359250e-02    1.729138749e-01    1.006742798e-01   -1.464972217e-01   -1.645748111e-01    7.748648086e-02    1.852369809e-01   -1.801718936e-02   -2.013093712e-01   -6.471348153e-02    1.703974955e-01
   -2.989418470e-02    1.655235504e-01    7.122265449e-02   -1.617498093e-01   -1.516234120e-01    9.015369923e-02    1.713180468e-01   -4.135319556e-02   -2.003665553e-01   -4.375970264e-02    1.743077324e-01    9.725619665e-02   -1.495138185e-01   -1.617573298e-01    8.209446874e-02    1.838040089e-01   -2.382974336e-02   -2.019525090e-01   -5.842356415e-02    1.735647910e-01
   -2.960844479e-02    1.656844239e-01    7.036382061e-02   -1.625304873e-01   -1.505226510e-01    9.184050001e-02    1.704848424e-01   -4.397762874e-02   -2.003682719e-01   -4.045465591e-02    1.756356876e-01    9.379323216e-02   -1.524570026e-01   -1.588472592e-01    8.664294707e-02    1.822245974e-01   -2.962585863e-02   -2.024023069e-01   -5.207525782e-02    1.765153037e-01
   -2.932261500e-02    1.658433315e-01    6.950281642e-02   -1.633040899e-01   -1.494114843e-01    9.351649568e-02    1.696254300e-01   -4.659511152e-02   -2.003229495e-01   -3.713944733e-02    1.768972549e-01    9.028689092e-02   -1.553252708e-01   -1.558463233e-01    9.112881948e-02    1.804999701e-01   -3.540046192e-02   -2.026583234e-01   -4.567551046e-02    1.792454555e-01
   -2.903669617e-02    1.660002708e-01    6.863966394e-02   -1.640705801e-01   -1.482899935e-01    9.518150601e-02    1.687399345e-01   -4.920514121e-02   -2.002305978e-01   -3.381507498e-02    1.780919731e-01    8.673869644e-02   -1.581171578e-01   -1.527562996e-01    9.554903218e-02    1.786314630e-01   -4.114849881e-02   -2.027203076e-01   -3.923132631e-02    1.817519356e-01
   -2.875068920e-02    1.661552396e-01    6.777438527e-02   -1.648299212e-01   -1.471582608e-01    9.683535192e-02    1.678284848e-01   -5.180721649e-02   -2.000912383e-01   -3.048253977e-02    1.792194052e-01    8.315019044e-02   -1.608312375e-01   -1.495790185e-01    9.990057606e-02    1.766205236e-01   -4.686493808e-02   -2.025881990e-01   -3.274975822e-02    1.840317044e-01
   -2.846459493e-02    1.663082355e-01    6.690700254e-02   -1.655820770e-01   -1.460163693e-01    9.847785551e-02    1.668912134e-01   -5.440083757e-02   -1.999049039e-01   -2.714284507e-02    1.802791390e-01    7.952293223e-02   -1.634661235e-01   -1.463163622e-01    1.041804887e-01    1.744687100e-01   -5.254477617e-02   -2.022621277e-01   -2.623789994e-02    1.860819975e-01
   -2.817841424e-02    1.664592561e-01    6.603753799e-02   -1.663270113e-01   -1.448644028e-01    1.001088401e-01    1.659282569e-01   -5.698550623e-02   -1.996716388e-01   -2.379699648e-02    1.812707868e-01    7.585849797e-02   -1.660204698e-01   -1.429702637e-01    1.083858563e-01    1.721776893e-01   -5.818304149e-02   -2.017424140e-01   -1.970287836e-02    1.879003291e-01
   -2.789214801e-02    1.666082992e-01    6.516601386e-02   -1.670646887e-01   -1.437024460e-01    1.017281302e-01    1.649397552e-01   -5.956072597e-02   -1.993914988e-01   -2.044600145e-02    1.821939857e-01    7.215848004e-02   -1.684929714e-01   -1.395427050e-01    1.125138161e-01    1.697492366e-01   -6.377479885e-02   -2.010295686e-01   -1.315184573e-02    1.894844944e-01
   -2.760579709e-02    1.667553625e-01    6.429245251e-02   -1.677950737e-01   -1.425305843e-01    1.033355516e-01    1.639258525e-01   -6.212600206e-02   -1.990645509e-01   -1.709086905e-02    1.830483979e-01    6.842448634e-02   -1.708823651e-01   -1.360357169e-01    1.165615575e-01    1.671852335e-01   -6.931515371e-02   -2.001242917e-01   -6.591971809e-03    1.908325731e-01
   -2.731936236e-02    1.669004438e-01    6.341687631e-02   -1.685181313e-01   -1.413489036e-01    1.049309313e-01    1.628866964e-01   -6.468084165e-02   -1.986908738e-01   -1.373260960e-02    1.838337106e-01    6.465813954e-02   -1.731874302e-01   -1.324513771e-01    1.205263250e-01    1.644876665e-01   -7.479925652e-02   -1.990274724e-01   -3.043601035e-05    1.919429311e-01
   -2.703284468e-02    1.670435409e-01    6.253930772e-02   -1.692338270e-01   -1.401574908e-01    1.065140976e-01    1.618224382e-01   -6.722475390e-02   -1.982705573e-01   -1.037223443e-02    1.845496362e-01    6.086107644e-02   -1.754069889e-01   -1.287918090e-01    1.244054191e-01    1.616586260e-01   -8.022230694e-02   -1.977401879e-01    6.525580428e-03    1.928142229e-01
   -2.674624493e-02    1.671846517e-01    6.165976926e-02   -1.699421264e-01   -1.389564336e-01    1.080848802e-01    1.607332331e-01   -6.975724999e-02   -1.978037029e-01   -7.010755524e-03    1.851959126e-01    5.703494723e-02   -1.775399072e-01   -1.250591810e-01    1.281961989e-01    1.587003038e-01   -8.557955804e-02   -1.962637024e-01    1.306890232e-02    1.934453928e-01
   -2.645956398e-02    1.673237738e-01    6.077828348e-02   -1.706429957e-01   -1.377458201e-01    1.096431099e-01    1.596192398e-01   -7.227784333e-02   -1.972904230e-01   -3.649185231e-03    1.857723029e-01    5.318141477e-02   -1.795850952e-01   -1.212557045e-01    1.318960835e-01    1.556149923e-01   -9.086632045e-02   -1.945994658e-01    1.959236838e-02    1.938356767e-01
   -2.617280270e-02    1.674609053e-01    5.989487302e-02   -1.713364011e-01   -1.365257395e-01    1.111886191e-01    1.584806208e-01   -7.478604955e-02   -1.967308418e-01   -2.885359713e-04    1.862785956e-01    4.930215387e-02   -1.815415079e-01   -1.173836331e-01    1.355025538e-01    1.524050823e-01   -9.607796649e-02   -1.927491125e-01    2.608883906e-02    1.939846025e-01
   -2.588596196e-02    1.675960440e-01    5.900956055e-02   -1.720223094e-01   -1.352962814e-01    1.127212412e-01    1.573175420e-01   -7.728138663e-02   -1.961250944e-01    3.070180081e-03    1.867146052e-01    4.539885057e-02   -1.834081453e-01   -1.134452609e-01    1.390131542e-01    1.490730610e-01   -1.012099342e-01   -1.907144594e-01    3.255120437e-02    1.938919911e-01
   -2.559904262e-02    1.677291877e-01    5.812236881e-02   -1.727006878e-01   -1.340575363e-01    1.142408114e-01    1.561301731e-01   -7.976337503e-02   -1.954733273e-01    6.425951298e-03    1.870801714e-01    4.147320140e-02   -1.851840537e-01   -1.094429216e-01    1.424254945e-01    1.456215103e-01   -1.062577314e-01   -1.884975046e-01    3.897239165e-02    1.935579564e-01
   -2.531204557e-02    1.678603345e-01    5.723332060e-02   -1.733715036e-01   -1.328095953e-01    1.157471659e-01    1.549186873e-01   -8.223153773e-02   -1.947756983e-01    9.777766906e-03    1.873751599e-01    3.752691264e-02   -1.868683253e-01   -1.053789867e-01    1.457372513e-01    1.420531049e-01   -1.112169394e-01   -1.861004249e-01    4.534537332e-02    1.929829052e-01
   -2.502497167e-02    1.679894823e-01    5.634243876e-02   -1.740347247e-01   -1.315525502e-01    1.172401426e-01    1.536832614e-01   -8.468540035e-02   -1.940323763e-01    1.312461729e-02    1.875994619e-01    3.356169959e-02   -1.884600994e-01   -1.012558641e-01    1.489461696e-01    1.383706100e-01   -1.160832172e-01   -1.835255743e-01    5.166317455e-02    1.921675367e-01
   -2.473782179e-02    1.681166291e-01    5.544974619e-02   -1.746903192e-01   -1.302864936e-01    1.187195806e-01    1.524240757e-01   -8.712449121e-02   -1.932435413e-01    1.646549428e-02    1.877529947e-01    2.957928581e-02   -1.899585622e-01   -9.707599711e-02    1.520500645e-01    1.345768792e-01   -1.208523051e-01   -1.807754812e-01    5.791888092e-02    1.911128416e-01
   -2.445059680e-02    1.682417729e-01    5.455526586e-02   -1.753382556e-01   -1.290115187e-01    1.201853206e-01    1.511413138e-01   -8.954834147e-02   -1.924093844e-01    1.979939151e-02    1.878357012e-01    2.558140239e-02   -1.913629478e-01   -9.284186249e-02    1.550468224e-01    1.306748524e-01   -1.255200284e-01   -1.778528458e-01    6.410564599e-02    1.898201010e-01
   -2.416329758e-02    1.683649117e-01    5.365902076e-02   -1.759785028e-01   -1.277277193e-01    1.216372047e-01    1.498351632e-01   -9.195648520e-02   -1.915301079e-01    2.312530464e-02    1.878475502e-01    2.156978716e-02   -1.926725382e-01   -8.855596927e-02    1.579344028e-01    1.266675533e-01   -1.300823011e-01   -1.747605382e-01    7.021669877e-02    1.882908849e-01
   -2.387592500e-02    1.684860435e-01    5.276103396e-02   -1.766110301e-01   -1.264351900e-01    1.230750764e-01    1.485058145e-01   -9.434845944e-02   -1.906059250e-01    2.644223172e-02    1.877885364e-01    1.754618399e-02   -1.938866638e-01   -8.422085720e-02    1.607108393e-01    1.225580875e-01   -1.345351296e-01   -1.715015947e-01    7.624535113e-02    1.865270501e-01
   -2.358847993e-02    1.686051665e-01    5.186132858e-02   -1.772358069e-01   -1.251340260e-01    1.244987809e-01    1.471534617e-01   -9.672380432e-02   -1.896370597e-01    2.974917348e-02    1.876586803e-01    1.351234198e-02   -1.950047038e-01   -7.983909522e-02    1.633742414e-01    1.183496396e-01   -1.388746159e-01   -1.680792154e-01    8.218500515e-02    1.845307381e-01
   -2.330096325e-02    1.687222788e-01    5.095992777e-02   -1.778528032e-01   -1.238243230e-01    1.259081646e-01    1.457783025e-01   -9.908206316e-02   -1.886237472e-01    3.304513362e-02    1.874580283e-01    9.470014736e-03   -1.960260865e-01   -7.541327996e-02    1.659227953e-01    1.140454709e-01   -1.430969614e-01   -1.644967609e-01    8.802916031e-02    1.823043722e-01
   -2.301337582e-02    1.688373785e-01    5.005685475e-02   -1.784619894e-01   -1.225061777e-01    1.273030758e-01    1.443805376e-01   -1.014227825e-01   -1.875662333e-01    3.632911911e-02    1.871866526e-01    5.420959578e-03   -1.969502894e-01   -7.094603421e-02    1.683547655e-01    1.096489170e-01   -1.471984698e-01   -1.607577489e-01    9.377142063e-02    1.798506552e-01
   -2.272571853e-02    1.689504637e-01    4.915213279e-02   -1.790633362e-01   -1.211796872e-01    1.286833640e-01    1.429603713e-01   -1.037455123e-01   -1.864647747e-01    3.960014050e-02    1.868446514e-01    1.366936800e-03   -1.977768397e-01   -6.644000534e-02    1.706684958e-01    1.051633852e-01   -1.511755507e-01   -1.568658508e-01    9.940550164e-02    1.771725654e-01
   -2.243799224e-02    1.690615327e-01    4.824578519e-02   -1.796568145e-01   -1.198449491e-01    1.300488805e-01    1.415180110e-01   -1.060498059e-01   -1.853196387e-01    4.285721221e-02    1.864321484e-01   -2.690291107e-03   -1.985053144e-01   -6.189786376e-02    1.728624105e-01    1.005923517e-01   -1.550247227e-01   -1.528248882e-01    1.049252373e-01    1.742733535e-01
   -2.215019782e-02    1.691705835e-01    4.733783533e-02   -1.802423958e-01   -1.185020619e-01    1.313994780e-01    1.400536676e-01   -1.083352202e-01   -1.841311035e-01    4.609935285e-02    1.859492933e-01   -6.748960218e-03   -1.991353408e-01   -5.732230131e-02    1.749350154e-01    9.593935902e-02   -1.587426161e-01   -1.486388289e-01    1.103245867e-01    1.711565384e-01
   -2.186233616e-02    1.692776145e-01    4.642830661e-02   -1.808200518e-01   -1.171511246e-01    1.327350109e-01    1.385675550e-01   -1.106013156e-01   -1.828994577e-01    4.932558546e-02    1.853962612e-01   -1.080730595e-02   -1.996665962e-01   -5.271602968e-02    1.768848991e-01    9.120801316e-02   -1.623259763e-01   -1.443117835e-01    1.155976407e-01    1.678259030e-01
   -2.157440812e-02    1.693826239e-01    4.551722248e-02   -1.813897547e-01   -1.157922369e-01    1.340553353e-01    1.370598905e-01   -1.128476563e-01   -1.816250003e-01    5.253493787e-02    1.847732531e-01   -1.486356380e-02   -2.000988085e-01   -4.808177881e-02    1.787107333e-01    8.640198095e-02   -1.657716664e-01   -1.398480008e-01    1.207386284e-01    1.642854896e-01
   -2.128641458e-02    1.694856100e-01    4.460460646e-02   -1.819514771e-01   -1.144254988e-01    1.353603086e-01    1.355308944e-01   -1.150738102e-01   -1.803080411e-01    5.572644296e-02    1.840804953e-01   -1.891597017e-02   -2.004317561e-01   -4.342229524e-02    1.804112746e-01    8.152498714e-02   -1.690766700e-01   -1.352518638e-01    1.257419236e-01    1.605395950e-01
   -2.099835641e-02    1.695865711e-01    4.369048209e-02   -1.825051918e-01   -1.130510113e-01    1.366497902e-01    1.339807903e-01   -1.172793493e-01   -1.789488999e-01    5.889913895e-02    1.833182398e-01   -2.296276307e-02   -2.006652681e-01   -3.874034054e-02    1.819853646e-01    7.658081148e-02   -1.722380939e-01   -1.305278857e-01    1.306020504e-01    1.565927652e-01
   -2.071023449e-02    1.696855054e-01    4.277487296e-02   -1.830508721e-01   -1.116688758e-01    1.379236410e-01    1.324098049e-01   -1.194638491e-01   -1.775479070e-01    6.205206970e-02    1.824867638e-01   -2.700218291e-02   -2.007992245e-01   -3.403868961e-02    1.834319312e-01    7.157328582e-02   -1.752531703e-01   -1.256807050e-01    1.353136900e-01    1.524497901e-01
   -2.042204970e-02    1.697824114e-01    4.185780272e-02   -1.835884917e-01   -1.102791941e-01    1.391817234e-01    1.308181678e-01   -1.216268895e-01   -1.761054029e-01    6.518428499e-02    1.815863699e-01   -3.103247330e-02   -2.008335560e-01   -2.932012908e-02    1.847499888e-01    6.650629117e-02   -1.781192599e-01   -1.207150813e-01    1.398716861e-01    1.481156976e-01
   -2.013380290e-02    1.698772874e-01    4.093929506e-02   -1.841180245e-01   -1.088820689e-01    1.404239019e-01    1.292061119e-01   -1.237680544e-01   -1.746217382e-01    6.829484083e-02    1.806173858e-01   -3.505188175e-02   -2.007682442e-01   -2.458745562e-02    1.859386396e-01    6.138375462e-02   -1.808338536e-01   -1.156358906e-01    1.442710503e-01    1.435957472e-01
   -1.984549498e-02    1.699701319e-01    4.001937370e-02   -1.846394449e-01   -1.074776032e-01    1.416500423e-01    1.275738729e-01   -1.258869317e-01   -1.730972735e-01    7.138279970e-02    1.795801642e-01   -3.905866047e-02   -2.006033217e-01   -1.984347434e-02    1.869970738e-01    5.620964638e-02   -1.833945749e-01   -1.104481203e-01    1.485069681e-01    1.388954242e-01
   -1.955712680e-02    1.700609432e-01    3.909806240e-02   -1.851527279e-01   -1.060659008e-01    1.428600122e-01    1.259216897e-01   -1.279831139e-01   -1.715323794e-01    7.444723089e-02    1.784750829e-01   -4.305106713e-02   -2.003388719e-01   -1.509099705e-02    1.879245701e-01    5.098797663e-02   -1.857991820e-01   -1.051568643e-01    1.525748036e-01    1.340204325e-01
   -1.926869925e-02    1.701497197e-01    3.817538499e-02   -1.856578484e-01   -1.046470658e-01    1.440536812e-01    1.242498038e-01   -1.300561976e-01   -1.699274365e-01    7.748721072e-02    1.773025442e-01   -4.702736562e-02   -1.999750290e-01   -1.033284068e-02    1.887204966e-01    4.572279247e-02   -1.880455698e-01   -9.976731836e-02    1.564701053e-01    1.289766880e-01
   -1.898021319e-02    1.702364600e-01    3.725136532e-02   -1.861547822e-01   -1.032212031e-01    1.452309202e-01    1.225584600e-01   -1.321057839e-01   -1.682828350e-01    8.050182286e-02    1.760629753e-01   -5.098582679e-02   -1.995119780e-01   -5.571825524e-03    1.893843108e-01    4.041817474e-02   -1.901317718e-01   -9.428477466e-02    1.601886102e-01    1.237703113e-01
   -1.869166951e-02    1.703211626e-01    3.632602729e-02   -1.866435050e-01   -1.017884178e-01    1.463916023e-01    1.208479057e-01   -1.341314784e-01   -1.665989747e-01    8.349015861e-02    1.747568277e-01   -5.492472921e-02   -1.989499546e-01   -8.107736338e-04    1.899155601e-01    3.507823490e-02   -1.920559614e-01   -8.871461669e-02    1.637262489e-01    1.184076201e-01
   -1.840306909e-02    1.704038260e-01    3.539939483e-02   -1.871239933e-01   -1.003488158e-01    1.475356021e-01    1.191183912e-01   -1.361328911e-01   -1.648762653e-01    8.645131715e-02    1.733845774e-01   -5.884235991e-02   -1.982892451e-01    3.947492885e-03    1.903138824e-01    2.970711179e-02   -1.938164542e-01   -8.306231400e-02    1.670791500e-01    1.128951222e-01
   -1.811441279e-02    1.704844487e-01    3.447149191e-02   -1.875962237e-01   -9.890250356e-02    1.486627960e-01    1.173701698e-01   -1.381096371e-01   -1.631151257e-01    8.938440582e-02    1.719467243e-01   -6.273701516e-02   -1.975301860e-01    8.700153540e-03    1.905790058e-01    2.430896847e-02   -1.954117089e-01   -7.733341681e-02    1.702436443e-01    1.072395066e-01
   -1.782570149e-02    1.705630292e-01    3.354234256e-02   -1.880601733e-01   -9.744958776e-02    1.497730622e-01    1.156034971e-01   -1.400613356e-01   -1.613159843e-01    9.228854040e-02    1.704437925e-01   -6.660700116e-02   -1.966731644e-01    1.344439112e-02    1.907107493e-01    1.888798898e-02   -1.968403288e-01   -7.153355055e-02    1.732162687e-01    1.014476362e-01
   -1.753693608e-02    1.706395663e-01    3.261197081e-02   -1.885158196e-01   -9.599017582e-02    1.508662809e-01    1.138186320e-01   -1.419876112e-01   -1.594792788e-01    9.516284534e-02    1.688763297e-01   -7.045063482e-02   -1.957186170e-01    1.817739338e-02    1.907090226e-01    1.344837506e-02   -1.981010632e-01   -6.566841035e-02    1.759937704e-01    9.552653925e-02
   -1.724811742e-02    1.707140584e-01    3.168040078e-02   -1.889631405e-01   -9.452437557e-02    1.519423339e-01    1.120158356e-01   -1.438880930e-01   -1.576054560e-01    9.800645410e-02    1.672449074e-01   -7.426624446e-02   -1.946670307e-01    2.289635468e-02    1.905738265e-01    7.994342973e-03   -1.991928084e-01   -5.974375546e-02    1.785731098e-01    8.948340059e-02
   -1.695924639e-02    1.707865044e-01    3.074765657e-02   -1.894021142e-01   -9.305229533e-02    1.530011050e-01    1.101953719e-01   -1.457624152e-01   -1.556949718e-01    1.008185093e-01    1.655501201e-01   -7.805217056e-02   -1.935189419e-01    2.759847767e-02    1.903052523e-01    2.530120151e-03   -2.001146084e-01   -5.376540355e-02    1.809514645e-01    8.332555319e-02
   -1.667032388e-02    1.708569027e-01    2.981376237e-02   -1.898327194e-01   -9.157404392e-02    1.540424796e-01    1.083575075e-01   -1.476102168e-01   -1.537482911e-01    1.035981632e-01    1.637925858e-01   -8.180676649e-02   -1.922749361e-01    3.228097496e-02    1.899034825e-01   -2.940058028e-03   -2.008656563e-01   -4.773922504e-02    1.831262320e-01    7.706046914e-02
   -1.638135075e-02    1.709252521e-01    2.887874236e-02   -1.902549352e-01   -9.008973061e-02    1.550663453e-01    1.065025115e-01   -1.494311422e-01   -1.517658876e-01    1.063445775e-01    1.619729452e-01   -8.552839919e-02   -1.909356479e-01    3.694107075e-02    1.893687900e-01   -8.411951539e-03   -2.014452944e-01   -4.167113735e-02    1.850950324e-01    7.069575062e-02
   -1.609232789e-02    1.709915514e-01    2.794262078e-02   -1.906687409e-01   -8.859946513e-02    1.560725913e-01    1.046306555e-01   -1.512248407e-01   -1.497482437e-01    1.090569242e-01    1.600918618e-01   -8.921544991e-02   -1.895017608e-01    4.157600246e-02    1.887015384e-01   -1.388131900e-02   -2.018530152e-01   -3.556709902e-02    1.868557117e-01    6.423912069e-02
   -1.580325618e-02    1.710557993e-01    2.700542191e-02   -1.910741165e-01   -8.710335769e-02    1.570611088e-01    1.027422137e-01   -1.529909669e-01   -1.476958504e-01    1.117343854e-01    1.581500216e-01   -9.286631490e-02   -1.879740063e-01    4.618302242e-02    1.879021815e-01   -1.934392095e-02   -2.020884617e-01   -2.943310393e-02    1.884063434e-01    5.769841385e-02
   -1.551413648e-02    1.711179945e-01    2.606717003e-02   -1.914710421e-01   -8.560151892e-02    1.580317910e-01    1.008374628e-01   -1.547291808e-01   -1.456092073e-01    1.143761538e-01    1.561481327e-01   -9.647940613e-02   -1.863531641e-01    5.075939946e-02    1.869712630e-01   -2.479552314e-02   -2.021514278e-01   -2.327517537e-02    1.897452309e-01    5.108156663e-02
   -1.522496968e-02    1.711781358e-01    2.512788950e-02   -1.918594984e-01   -8.409405989e-02    1.589845328e-01    9.891668161e-02   -1.564391475e-01   -1.434888223e-01    1.169814325e-01    1.540869251e-01   -1.000531520e-01   -1.846400614e-01    5.530242054e-02    1.859094163e-01   -3.023189984e-02   -2.020418582e-01   -1.709936017e-02    1.908709094e-01    4.439660786e-02
   -1.493575666e-02    1.712362221e-01    2.418760468e-02   -1.922394664e-01   -8.258109211e-02    1.599192311e-01    9.698015165e-02   -1.581205378e-01   -1.413352115e-01    1.195494360e-01    1.519671505e-01   -1.035859978e-01   -1.828355724e-01    5.980939235e-02    1.847173640e-01   -3.564883705e-02   -2.017598487e-01   -1.091172271e-02    1.917821475e-01    3.765164904e-02
   -1.464649829e-02    1.712922522e-01    2.324633997e-02   -1.926109275e-01   -8.106272750e-02    1.608357849e-01    9.502815661e-02   -1.597730277e-01   -1.391488992e-01    1.220793899e-01    1.497895822e-01   -1.070764069e-01   -1.809406182e-01    6.427764293e-02    1.833959171e-01   -4.104213584e-02   -2.013056463e-01   -4.718338988e-03    1.924779486e-01    3.085487437e-02
   -1.435719546e-02    1.713462249e-01    2.230411981e-02   -1.929738636e-01   -7.953907840e-02    1.617340948e-01    9.306098247e-02   -1.613962990e-01   -1.369304176e-01    1.245705309e-01    1.475550144e-01   -1.105228609e-01   -1.789561660e-01    6.870452323e-02    1.819459751e-01   -4.640761557e-02   -2.006796485e-01    1.474709328e-03    1.929575517e-01    2.401453095e-02
   -1.406784904e-02    1.713981393e-01    2.136096864e-02   -1.933282569e-01   -7.801025755e-02    1.626140638e-01    9.107891749e-02   -1.629900390e-01   -1.346803068e-01    1.270221079e-01    1.452642621e-01   -1.139238604e-01   -1.768832289e-01    7.308740870e-02    1.803685246e-01   -5.174111711e-02   -1.998824033e-01    7.661340899e-03    1.932204327e-01    1.713891866e-02
   -1.377845990e-02    1.714479940e-01    2.041691098e-02   -1.936740901e-01   -7.647637810e-02    1.634755964e-01    8.908225212e-02   -1.645539405e-01   -1.323991147e-01    1.294333814e-01    1.429181611e-01   -1.172779260e-01   -1.747228649e-01    7.742370084e-02    1.786646393e-01   -5.703850612e-02   -1.989146086e-01    1.383548067e-02    1.932663045e-01    1.023638018e-02
   -1.348902893e-02    1.714957883e-01    1.947197133e-02   -1.940113462e-01   -7.493755356e-02    1.643185994e-01    8.707127896e-02   -1.660877024e-01   -1.300873967e-01    1.318036240e-01    1.405175672e-01   -1.205835984e-01   -1.724761771e-01    8.171082872e-02    1.768354790e-01   -6.229567621e-02   -1.977771117e-01    1.999106585e-02    1.930951177e-01    3.315290799e-03
   -1.319955701e-02    1.715415209e-01    1.852617425e-02   -1.943400085e-01   -7.339389784e-02    1.651429814e-01    8.504629275e-02   -1.675910289e-01   -1.277457157e-01    1.341321209e-01    1.380633561e-01   -1.238394395e-01   -1.701443123e-01    8.594625053e-02    1.748822888e-01   -6.750855213e-02   -1.964709083e-01    2.612205185e-02    1.927070602e-01   -3.615951698e-03
   -1.291004502e-02    1.715851908e-01    1.757954431e-02   -1.946600610e-01   -7.184552522e-02    1.659486532e-01    8.300759029e-02   -1.690636305e-01   -1.253746420e-01    1.364181695e-01    1.355564233e-01   -1.270440328e-01   -1.677284611e-01    9.012745511e-02    1.728063980e-01   -7.267309294e-02   -1.949971420e-01    3.222241822e-02    1.921025577e-01   -1.054893725e-02
   -1.262049383e-02    1.716267972e-01    1.663210613e-02   -1.949714880e-01   -7.029255033e-02    1.667355275e-01    8.095547042e-02   -1.705052234e-01   -1.229747530e-01    1.386610802e-01    1.329976834e-01   -1.301959841e-01   -1.652298570e-01    9.425196338e-02    1.706092200e-01   -7.778529516e-02   -1.933571031e-01    3.828617459e-02    1.912822725e-01   -1.747525371e-02
   -1.233090433e-02    1.716663390e-01    1.568388433e-02   -1.952742740e-01   -6.873508816e-02    1.675035189e-01    7.889023395e-02   -1.719155296e-01   -1.205466331e-01    1.408601764e-01    1.303880700e-01   -1.332939219e-01   -1.626497756e-01    9.831732985e-02    1.682922503e-01   -8.284119582e-02   -1.915522274e-01    4.430736650e-02    1.902471032e-01   -2.438649704e-02
   -1.204127738e-02    1.717038154e-01    1.473490356e-02   -1.955684041e-01   -6.717325404e-02    1.682525442e-01    7.681218365e-02   -1.732942773e-01   -1.180908738e-01    1.430147947e-01    1.277285352e-01   -1.363364985e-01   -1.599895344e-01    1.023211441e-01    1.658570663e-01   -8.783687558e-02   -1.895840950e-01    5.028008130e-02    1.889981836e-01   -3.127428156e-02
   -1.175161388e-02    1.717392253e-01    1.378518852e-02   -1.958538639e-01   -6.560716366e-02    1.689825221e-01    7.472162419e-02   -1.746412008e-01   -1.156080730e-01    1.451242850e-01    1.250200496e-01   -1.393223899e-01   -1.572504917e-01    1.062610320e-01    1.633053258e-01   -9.276846178e-02   -1.874544289e-01    5.619845392e-02    1.875368814e-01   -3.813025005e-02
   -1.146191470e-02    1.717725679e-01    1.283476390e-02   -1.961306391e-01   -6.403693300e-02    1.696933736e-01    7.261886209e-02   -1.759560404e-01   -1.130988357e-01    1.471880107e-01    1.222636015e-01   -1.422502970e-01   -1.544340462e-01    1.101346576e-01    1.606387660e-01   -9.763213138e-02   -1.851650938e-01    6.205667265e-02    1.858647970e-01   -4.494608393e-02
   -1.117218072e-02    1.718038425e-01    1.188365444e-02   -1.963987161e-01   -6.246267839e-02    1.703850213e-01    7.050420568e-02   -1.772385424e-01   -1.105637730e-01    1.492053492e-01    1.194601967e-01   -1.451189457e-01   -1.515416361e-01    1.139397239e-01    1.578592022e-01   -1.024241140e-01   -1.827180938e-01    6.784898483e-02    1.839837611e-01   -5.171351336e-02
   -1.088241283e-02    1.718330480e-01    1.093188489e-02   -1.966580816e-01   -6.088451645e-02    1.710573902e-01    6.837796505e-02   -1.784884598e-01   -1.080035024e-01    1.511756917e-01    1.166108583e-01   -1.479270877e-01   -1.485747383e-01    1.176739748e-01    1.549685269e-01   -1.071406947e-01   -1.801155715e-01    7.356970253e-02    1.818958335e-01   -5.842432726e-02
   -1.059261189e-02    1.718601837e-01    9.979480028e-03   -1.969087228e-01   -5.930256412e-02    1.717104074e-01    6.624045201e-02   -1.797055512e-01   -1.054186476e-01    1.530984437e-01    1.137166262e-01   -1.506735011e-01   -1.455348680e-01    1.213351958e-01    1.519687082e-01   -1.117782172e-01   -1.773598053e-01    7.921320810e-02    1.796033003e-01   -6.507038327e-02
   -1.030277879e-02    1.718852489e-01    9.026464652e-03   -1.971506270e-01   -5.771693862e-02    1.723440020e-01    6.409198005e-02   -1.808895821e-01   -1.028098384e-01    1.549730248e-01    1.107785566e-01   -1.533569908e-01   -1.424235777e-01    1.249212161e-01    1.488617883e-01   -1.163330862e-01   -1.744532079e-01    8.477395970e-02    1.771086716e-01   -7.164361762e-02
   -1.001291442e-02    1.719082428e-01    8.072863581e-03   -1.973837823e-01   -5.612775745e-02    1.729581049e-01    6.193286429e-02   -1.820403241e-01   -1.001777103e-01    1.567988694e-01    1.077977218e-01   -1.559763889e-01   -1.392424562e-01    1.284299090e-01    1.456498828e-01   -1.208017707e-01   -1.713983242e-01    9.024649676e-02    1.744146787e-01   -7.813605497e-02
   -9.723019639e-03    1.719291647e-01    7.118701654e-03   -1.976081770e-01   -5.453513841e-02    1.735526496e-01    5.976342140e-02   -1.831575550e-01   -9.752290468e-02    1.585754264e-01    1.047752097e-01   -1.585305555e-01   -1.359931281e-01    1.318591941e-01    1.423351785e-01   -1.251808062e-01   -1.681978288e-01    9.562544531e-02    1.715242711e-01   -8.453981799e-02
   -9.433095344e-03    1.719480137e-01    6.164003731e-03   -1.978237999e-01   -5.293919954e-02    1.741275714e-01    5.758396963e-02   -1.842410593e-01   -9.484606828e-02    1.603021594e-01    1.017121236e-01   -1.610183790e-01   -1.326772531e-01    1.352070376e-01    1.389199322e-01   -1.294667980e-01   -1.648545238e-01    1.009055233e-01    1.684406133e-01   -9.084713701e-02
   -9.143142409e-03    1.719647894e-01    5.208794690e-03   -1.980306402e-01   -5.134005915e-02    1.746828076e-01    5.539482869e-02   -1.852906280e-01   -9.214785338e-02    1.619785474e-01    9.860958151e-02   -1.634387767e-01   -1.292965245e-01    1.384714544e-01    1.354064694e-01   -1.336564233e-01   -1.613713365e-01    1.060815457e-01    1.651670813e-01   -9.705035940e-02
   -8.853161715e-03    1.719794909e-01    4.253099428e-03   -1.982286874e-01   -4.973783580e-02    1.752182980e-01    5.319631973e-02   -1.863060584e-01   -8.942891746e-02    1.636040841e-01    9.546871585e-02   -1.657906952e-01   -1.258526690e-01    1.416505084e-01    1.317971823e-01   -1.377464340e-01   -1.577513164e-01    1.111484298e-01    1.617072590e-01   -1.031419589e-01
   -8.563154142e-03    1.719921177e-01    3.296942859e-03   -1.984179315e-01   -4.813264829e-02    1.757339841e-01    5.098876530e-02   -1.872871546e-01   -8.668992305e-02    1.651782790e-01    9.229067311e-02   -1.680731107e-01   -1.223474457e-01    1.447423145e-01    1.280945287e-01   -1.417336593e-01   -1.539976331e-01    1.161011998e-01    1.580649342e-01   -1.091145445e-01
   -8.273120572e-03    1.720026692e-01    2.340349916e-03   -1.985983631e-01   -4.652461564e-02    1.762298098e-01    4.877248930e-02   -1.882337271e-01   -8.393153763e-02    1.667006567e-01    8.907661339e-02   -1.702850299e-01   -1.187826449e-01    1.477450389e-01    1.243010295e-01   -1.456150079e-01   -1.501135731e-01    1.209349923e-01    1.542440945e-01   -1.149608701e-01
   -7.983061883e-03    1.720111448e-01    1.383345547e-03   -1.987699728e-01   -4.491385711e-02    1.767057211e-01    4.654781693e-02   -1.891455931e-01   -8.115443339e-02    1.681707575e-01    8.582770997e-02   -1.724254899e-01   -1.151600873e-01    1.506569010e-01    1.204192680e-01   -1.493874708e-01   -1.461025372e-01    1.256450604e-01    1.502489227e-01   -1.206738423e-01
   -7.692978958e-03    1.720175439e-01    4.259547146e-04   -1.989327521e-01   -4.330049217e-02    1.771616660e-01    4.431507462e-02   -1.900225765e-01   -7.835928716e-02    1.695881375e-01    8.254514886e-02   -1.744935590e-01   -1.114816233e-01    1.534761738e-01    1.164518874e-01   -1.530481231e-01   -1.419680371e-01    1.302267789e-01    1.460837927e-01   -1.262465298e-01
   -7.402872677e-03    1.720218660e-01   -5.317976010e-04   -1.990866925e-01   -4.168464048e-02    1.775975947e-01    4.207459003e-02   -1.908645079e-01   -7.554678015e-02    1.709523688e-01    7.923012841e-02   -1.764883369e-01   -1.077491319e-01    1.562011852e-01    1.124015891e-01   -1.565941268e-01   -1.377136930e-01    1.346756486e-01    1.417532643e-01   -1.316721715e-01
   -7.112743920e-03    1.720241106e-01   -1.489886407e-03   -1.992317862e-01   -4.006642192e-02    1.780134598e-01    3.982669196e-02   -1.916712246e-01   -7.271759784e-02    1.722630392e-01    7.588385884e-02   -1.784089553e-01   -1.039645196e-01    1.588303190e-01    1.082711313e-01   -1.600227326e-01   -1.333432298e-01    1.389873006e-01    1.372620783e-01   -1.369441848e-01
   -6.822593569e-03    1.720242773e-01   -2.448286696e-03   -1.993680256e-01   -3.844595653e-02    1.784092157e-01    3.757171032e-02   -1.924425707e-01   -6.987242980e-02    1.735197529e-01    7.250756181e-02   -1.802545780e-01   -1.001297197e-01    1.613620159e-01    1.040633266e-01   -1.633312823e-01   -1.288604741e-01    1.431575010e-01    1.326151514e-01   -1.420561734e-01
   -6.532422504e-03    1.720223654e-01   -3.406973448e-03   -1.994954037e-01   -3.682336456e-02    1.787848190e-01    3.530997607e-02   -1.931783971e-01   -6.701196953e-02    1.747221302e-01    6.910246998e-02   -1.820244015e-01   -9.624669100e-02    1.637947743e-01    9.978104036e-02   -1.665172108e-01   -1.242693509e-01    1.471821547e-01    1.278175709e-01   -1.470019353e-01
   -6.242231606e-03    1.720183748e-01   -4.365921630e-03   -1.996139139e-01   -3.519876640e-02    1.791402288e-01    3.304182120e-02   -1.938785616e-01   -6.413691428e-02    1.758698080e-01    6.566982656e-02   -1.837176552e-01   -9.231741710e-02    1.661271513e-01    9.542718867e-02   -1.695780478e-01   -1.195738801e-01    1.510573093e-01    1.228745888e-01   -1.517754702e-01
   -5.952021756e-03    1.720123048e-01   -5.325106199e-03   -1.997235499e-01   -3.357228260e-02    1.794754060e-01    3.076757864e-02   -1.945429285e-01   -6.124796487e-02    1.769624394e-01    6.221088483e-02   -1.853336019e-01   -8.834390524e-02    1.683577633e-01    9.100473643e-02   -1.725114203e-01   -1.147781729e-01    1.547791597e-01    1.177916164e-01   -1.563709868e-01
   -5.661793836e-03    1.720041552e-01   -6.284502100e-03   -1.998243059e-01   -3.194403390e-02    1.797903139e-01    2.848758223e-02   -1.951713695e-01   -5.834582554e-02    1.779996942e-01    5.872690771e-02   -1.868715378e-01   -8.432818528e-02    1.704852873e-01    8.651669527e-02   -1.753150539e-01   -1.098864285e-01    1.583440508e-01    1.125742181e-01   -1.607829097e-01
   -5.371548727e-03    1.719939256e-01   -7.244084266e-03   -1.999161765e-01   -3.031414113e-02    1.800849179e-01    2.620216671e-02   -1.957637629e-01   -5.543120378e-02    1.789812591e-01    5.521916731e-02   -1.883307932e-01   -8.027230866e-02    1.725084612e-01    8.196612151e-02   -1.779867747e-01   -1.049029299e-01    1.617484820e-01    1.072281056e-01   -1.650058865e-01
   -5.081287309e-03    1.719816156e-01   -8.203827624e-03   -1.999991567e-01   -2.868272529e-02    1.803591854e-01    2.391166758e-02   -1.963199939e-01   -5.250481012e-02    1.799068372e-01    5.168894443e-02   -1.897107327e-01   -7.617834739e-02    1.744260849e-01    7.735611408e-02   -1.805245113e-01   -9.983204069e-02    1.649891102e-01    1.017591314e-01   -1.690347940e-01
   -4.791010464e-03    1.719672250e-01   -9.163707089e-03   -2.000732420e-01   -2.704990748e-02    1.806130864e-01    2.161642114e-02   -1.968399549e-01   -4.956735803e-02    1.807761488e-01    4.813752810e-02   -1.910107553e-01   -7.204839297e-02    1.762370208e-01    7.268981244e-02   -1.829262959e-01   -9.467820090e-02    1.680627530e-01    9.617328247e-02   -1.728647443e-01
   -4.500719073e-03    1.719507535e-01   -1.012369757e-02   -2.001384284e-01   -2.541580894e-02    1.808465928e-01    1.931676439e-02   -1.973235449e-01   -4.661956365e-02    1.815889309e-01    4.456621515e-02   -1.922302946e-01   -6.788455530e-02    1.779401946e-01    6.797039438e-02   -1.851902662e-01   -8.944592322e-02    1.709663922e-01    9.047667379e-02   -1.764910913e-01
   -4.210414018e-03    1.719322008e-01   -1.108377396e-02   -2.001947119e-01   -2.378055100e-02    1.810596787e-01    1.701303500e-02   -1.977706703e-01   -4.366214571e-02    1.823449378e-01    4.097630968e-02   -1.933688194e-01   -6.368896165e-02    1.795345957e-01    6.320107394e-02   -1.873146669e-01   -8.413978907e-02    1.736971765e-01    8.467554149e-02   -1.799094356e-01
   -3.920096180e-03    1.719115667e-01   -1.204391117e-02   -2.002420895e-01   -2.214425508e-02    1.812523205e-01    1.470557126e-02   -1.981812443e-01   -4.069582527e-02    1.830439407e-01    3.736912261e-02   -1.944258338e-01   -5.946375553e-02    1.810192784e-01    5.838509913e-02   -1.892978506e-01   -7.876444451e-02    1.762524242e-01    7.877623618e-02   -1.831156304e-01
   -3.629766441e-03    1.718888510e-01   -1.300408406e-02   -2.002805581e-01   -2.050704271e-02    1.814244968e-01    1.239471202e-02   -1.985551871e-01   -3.772132562e-02    1.836857281e-01    3.374597122e-02   -1.954008771e-01   -5.521109561e-02    1.823933616e-01    5.352574981e-02   -1.911382795e-01   -7.332459625e-02    1.786296262e-01    7.278521588e-02   -1.861057864e-01
   -3.339425681e-03    1.718640536e-01   -1.396426754e-02   -2.003101155e-01   -1.886903548e-02    1.815761882e-01    1.008079664e-02   -1.988924259e-01   -3.473937204e-02    1.842701058e-01    3.010817862e-02   -1.962935245e-01   -5.093315462e-02    1.836560301e-01    4.862633536e-02   -1.928345265e-01   -6.782500750e-02    1.808264480e-01    6.670903902e-02   -1.888762763e-01
   -3.049074783e-03    1.718371742e-01   -1.492443647e-02   -2.003307595e-01   -1.723035505e-02    1.817073778e-01    7.764164963e-03   -1.991928953e-01   -3.175069167e-02    1.847968966e-01    2.645707333e-02   -1.971033868e-01   -4.663211827e-02    1.848065345e-01    4.369019252e-02   -1.943852763e-01   -6.227049379e-02    1.828407325e-01    6.055435726e-02   -1.914237394e-01
   -2.758714627e-03    1.718082127e-01   -1.588456572e-02   -2.003424885e-01   -1.559112316e-02    1.818180507e-01    5.445157230e-03   -1.994565365e-01   -2.875601331e-02    1.852659411e-01    2.279398873e-02   -1.978301111e-01   -4.231018405e-02    1.858441920e-01    3.872068304e-02   -1.957893263e-01   -5.666591877e-02    1.846705017e-01    5.432790817e-02   -1.937450856e-01
   -2.468346096e-03    1.717771691e-01   -1.684463018e-02   -2.003453015e-01   -1.395146157e-02    1.819081943e-01    3.124114059e-03   -1.996832981e-01   -2.575606724e-02    1.856770971e-01    1.912026262e-02   -1.984733805e-01   -3.796956020e-02    1.867683869e-01    3.372119146e-02   -1.970455877e-01   -5.101618993e-02    1.863139589e-01    4.803650787e-02   -1.958374993e-01
   -2.177970071e-03    1.717440432e-01   -1.780460469e-02   -2.003391976e-01   -1.231149211e-02    1.819777982e-01    8.013763805e-04   -1.998731358e-01   -2.275158506e-02    1.860302397e-01    1.543723671e-02   -1.990329144e-01   -3.361246452e-02    1.875785705e-01    2.869512273e-02   -1.981530862e-01   -4.532625433e-02    1.877694902e-01    4.168704358e-02   -1.976984426e-01
   -1.887587433e-03    1.717088351e-01   -1.876446412e-02   -2.003241764e-01   -1.067133664e-02    1.820268542e-01   -1.522714609e-03   -2.000260122e-01   -1.974329948e-02    1.863252617e-01    1.174625614e-02   -1.995084686e-01   -2.924112326e-02    1.882742619e-01    2.364589997e-02   -1.991109629e-01   -3.960109424e-02    1.890356665e-01    3.528646610e-02   -1.993256584e-01
   -1.597199065e-03    1.716715446e-01   -1.972418335e-02   -2.003002382e-01   -9.031117022e-03    1.820553562e-01   -3.847817498e-03   -2.001418971e-01   -1.673194418e-02    1.865620734e-01    8.048668988e-03   -1.998998355e-01   -2.485777000e-02    1.888550479e-01    1.857696207e-02   -1.999184750e-01   -3.384572283e-02    1.901112445e-01    2.884178213e-02   -2.007171734e-01
   -1.306805848e-03    1.716321718e-01   -2.068373723e-02   -2.002673835e-01   -7.390955158e-03    1.820633006e-01   -6.173590708e-03   -2.002207676e-01   -1.371825360e-02    1.867406026e-01    4.345825760e-03   -2.002068442e-01   -2.046464446e-02    1.893205836e-01    1.349176140e-02   -2.005749960e-01   -2.806517969e-02    1.909951680e-01    2.236004669e-02   -2.018713002e-01
   -1.016408663e-03    1.715907168e-01   -2.164310062e-02   -2.002256131e-01   -5.750972944e-03    1.820506857e-01   -8.499692547e-03   -2.002626076e-01   -1.070296278e-02    1.868607948e-01    6.390789175e-04   -2.004293603e-01   -1.606399141e-02    1.896705923e-01    8.393761412e-03   -2.010800166e-01   -2.226452652e-02    1.916865694e-01    1.584835532e-02   -2.027866394e-01
   -7.260083918e-04    1.715471795e-01   -2.260224838e-02   -2.001749284e-01   -4.111292276e-03    1.820175122e-01   -1.082578126e-02   -2.002674084e-01   -7.686807170e-03    1.869226128e-01   -3.070217624e-03   -2.005672863e-01   -1.165805949e-02    1.899048660e-01    3.286434324e-03   -2.014331451e-01   -1.644884261e-02    1.921847697e-01    9.313836371e-03   -2.034620815e-01
   -4.356059168e-04    1.715015600e-01   -2.356115538e-02   -2.001153312e-01   -2.472035036e-03    1.819637829e-01   -1.315151507e-02   -2.002351682e-01   -4.670522448e-03    1.869260373e-01   -6.780708991e-03   -2.006205616e-01   -7.249100048e-03    1.900232651e-01   -1.826741272e-03   -2.016341074e-01   -1.062322045e-02    1.924892799e-01    2.763643160e-03   -2.038968079e-01
   -1.452021192e-04    1.714538585e-01   -2.451979648e-02   -2.000468238e-01   -8.333230861e-04    1.818895030e-01   -1.547655224e-02   -2.001658926e-01   -1.654844353e-03    1.868710666e-01   -1.049103984e-02   -2.005891622e-01   -2.839366038e-03    1.900257189e-01   -6.942282769e-03   -2.016827473e-01   -4.792761266e-03    1.925998011e-01   -3.795053836e-03   -2.040902923e-01
    1.452021192e-04    1.714040750e-01   -2.547814656e-02   -1.999694087e-01    8.047217435e-04    1.817946796e-01   -1.780055113e-02   -2.000595941e-01    1.359491505e-03    1.867577163e-01   -1.419985488e-02   -2.004731011e-01    1.568889172e-03    1.899122254e-01   -1.205670592e-02   -2.015790270e-01    1.037429493e-03    1.925162252e-01   -1.035507484e-02   -2.040423010e-01
    4.356059168e-04    1.713522097e-01   -2.643618048e-02   -1.998830890e-01    2.441977661e-03    1.816793224e-01   -2.012317023e-02   -1.999162924e-01    4.371749818e-03    1.865860200e-01   -1.790579931e-02   -2.002724281e-01    5.973412938e-03    1.896828513e-01   -1.716652721e-02   -2.013230266e-01    6.862246576e-03    1.922386344e-01   -1.690923862e-02   -2.037528932e-01
    7.260083918e-04    1.712982629e-01   -2.739387312e-02   -1.997878682e-01    4.078322925e-03    1.815434431e-01   -2.244406819e-02   -1.997360142e-01    7.381195765e-03    1.863560287e-01   -2.160751938e-02   -1.999872298e-01    1.037195449e-02    1.893377321e-01   -2.226826623e-02   -2.009149442e-01    1.267658942e-02    1.917673015e-01   -2.345037039e-02   -2.032224214e-01
    1.016408663e-03    1.712422346e-01   -2.835119937e-02   -1.996837503e-01    5.713635850e-03    1.813870555e-01   -2.476290394e-02   -1.995187937e-01    1.038709519e-02    1.860678110e-01   -2.530366285e-02   -1.996176295e-01    1.476226609e-02    1.888770719e-01   -2.735844805e-02   -2.003550960e-01    1.847536662e-02    1.911026898e-01   -2.997130959e-02   -2.024515303e-01
    1.306805848e-03    1.711841251e-01   -2.930813409e-02   -1.995707394e-01    7.347794818e-03    1.812101758e-01   -2.707933668e-02   -1.992646718e-01    1.338871478e-02    1.857214530e-01   -2.899287948e-02   -1.991637875e-01    1.914210418e-02    1.883011433e-01   -3.243360558e-02   -1.996439158e-01    2.425350037e-02    1.902454521e-01   -3.646491782e-02   -2.014411564e-01
    1.597199065e-03    1.711239347e-01   -3.026465220e-02   -1.994488404e-01    8.980678289e-03    1.810128223e-01   -2.939302593e-02   -1.989736966e-01    1.638532224e-02    1.853170584e-01   -3.267382154e-02   -1.986259005e-01    2.350923050e-02    1.876102873e-01   -3.749028193e-02   -1.987819548e-01    3.000593094e-02    1.891964306e-01   -4.292408658e-02   -2.001925267e-01
    1.887587433e-03    1.710616637e-01   -3.122072858e-02   -1.993180584e-01    1.061216481e-02    1.807950156e-01   -3.170363163e-02   -1.986459235e-01    1.937618648e-02    1.848547486e-01   -3.634514430e-02   -1.980042018e-01    2.786141328e-02    1.868049131e-01   -4.252503278e-02   -1.977698810e-01    3.572762107e-02    1.879566557e-01   -4.934174507e-02   -1.987071576e-01
    2.177970071e-03    1.709973123e-01   -3.217633815e-02   -1.991783991e-01    1.224213301e-02    1.805567785e-01   -3.401081412e-02   -1.982814147e-01    2.236057779e-02    1.843346621e-01   -4.000550652e-02   -1.972989614e-01    3.219642836e-02    1.858854978e-01   -4.753442871e-02   -1.966084789e-01    4.141356042e-02    1.865273455e-01   -5.571086795e-02   -1.969868524e-01
    2.468346096e-03    1.709308809e-01   -3.313145581e-02   -1.990298684e-01    1.387046163e-02    1.802981360e-01   -3.631423427e-02   -1.978802397e-01    2.533776802e-02    1.837569551e-01   -4.365357091e-02   -1.965104853e-01    3.651206031e-02    1.848525860e-01   -5.251505756e-02   -1.952986486e-01    4.705876992e-02    1.849099037e-01   -6.202448301e-02   -1.950336998e-01
    2.758714627e-03    1.708623698e-01   -3.408605650e-02   -1.988724728e-01    1.549702954e-02    1.800191150e-01   -3.861355344e-02   -1.974424749e-01    2.830703075e-02    1.831218011e-01   -4.728800469e-02   -1.956391160e-01    4.080610357e-02    1.837067897e-01   -5.746352670e-02   -1.938414056e-01    5.265830617e-02    1.831059192e-01   -6.827567881e-02   -1.928500707e-01
    3.049074783e-03    1.707917794e-01   -3.504011513e-02   -1.987062191e-01    1.712171570e-02    1.797197451e-01   -4.090843363e-02   -1.969682039e-01    3.126764148e-02    1.824293910e-01   -5.090747999e-02   -1.946852320e-01    4.507636361e-02    1.824487881e-01   -6.237646541e-02   -1.922378794e-01    5.820726571e-02    1.811171640e-01   -7.445761226e-02   -1.904386159e-01
    3.339425681e-03    1.707191102e-01   -3.599360667e-02   -1.985311146e-01    1.874439921e-02    1.794000578e-01   -4.319853744e-02   -1.964575172e-01    3.421887779e-02    1.816799328e-01   -5.451067442e-02   -1.936492476e-01    4.932065801e-02    1.810793265e-01   -6.725052714e-02   -1.904893131e-01    6.370078940e-02    1.789455915e-01   -8.056351609e-02   -1.878022626e-01
    3.629766441e-03    1.706443625e-01   -3.694650605e-02   -1.983471669e-01    2.036495934e-02    1.790600868e-01   -4.548352815e-02   -1.959105123e-01    3.716001953e-02    1.808736518e-01   -5.809627149e-02   -1.925316131e-01    5.353681758e-02    1.795992166e-01   -7.208239178e-02   -1.885970622e-01    6.913406658e-02    1.765933346e-01   -8.658670624e-02   -1.849442108e-01
    3.920096180e-03    1.705675368e-01   -3.789878824e-02   -1.981543844e-01    2.198327547e-02    1.786998681e-01   -4.776306982e-02   -1.953272939e-01    4.009034900e-02    1.800107907e-01   -6.166296110e-02   -1.913328142e-01    5.772268751e-02    1.780093357e-01   -7.686876796e-02   -1.865625937e-01    7.450233937e-02    1.740627039e-01   -9.252058924e-02   -1.818679296e-01
    4.210414018e-03    1.704886335e-01   -3.885042823e-02   -1.979527753e-01    2.359922714e-02    1.783194396e-01   -5.003682726e-02   -1.947079734e-01    4.300915111e-02    1.790916087e-01   -6.520944007e-02   -1.900533717e-01    6.187612842e-02    1.763106262e-01   -8.160639524e-02   -1.843874848e-01    7.980090677e-02    1.713561850e-01   -9.835866938e-02   -1.785771529e-01
    4.500719073e-03    1.704076533e-01   -3.980140100e-02   -1.977423488e-01    2.521269409e-02    1.779188419e-01   -5.230446613e-02   -1.940526693e-01    4.591571357e-02    1.781163827e-01   -6.873441255e-02   -1.886938418e-01    6.599501748e-02    1.745040950e-01   -8.629204639e-02   -1.820734218e-01    8.502512882e-02    1.684764363e-01   -1.040945558e-01   -1.750758749e-01
    4.791010464e-03    1.703245966e-01   -4.075168156e-02   -1.975231141e-01    2.682355621e-02    1.774981172e-01   -5.456565295e-02   -1.933615071e-01    4.880932704e-02    1.770854058e-01   -7.223659053e-02   -1.872548155e-01    7.007724949e-02    1.725908130e-01   -9.092252954e-02   -1.796221988e-01    9.017043064e-02    1.654262864e-01   -1.097219696e-01   -1.713683449e-01
    5.081287309e-03    1.702394639e-01   -4.170124492e-02   -1.972950812e-01    2.843169357e-02    1.770573103e-01   -5.682005522e-02   -1.926346190e-01    5.168928534e-02    1.759989886e-01   -7.571469431e-02   -1.857369184e-01    7.412073796e-02    1.705719145e-01   -9.549469038e-02   -1.770357160e-01    9.523230645e-02    1.622087310e-01   -1.152347505e-01   -1.674590630e-01
    5.371548727e-03    1.701522559e-01   -4.265006612e-02   -1.970582601e-01    3.003698644e-02    1.765964679e-01   -5.906734139e-02   -1.918721443e-01    5.455488559e-02    1.748574579e-01   -7.916745295e-02   -1.841408104e-01    7.812341619e-02    1.684485962e-01   -1.000054143e-01   -1.743159788e-01    1.002063235e-01    1.588269306e-01   -1.206268639e-01   -1.633527736e-01
    5.661793836e-03    1.700629731e-01   -4.359812020e-02   -1.968126616e-01    3.163931531e-02    1.761156391e-01   -6.130718094e-02   -1.910742290e-01    5.740542840e-02    1.736611574e-01   -8.259360476e-02   -1.824671854e-01    8.208323828e-02    1.662221169e-01   -1.044516285e-01   -1.714650959e-01    1.050881260e-01    1.552842069e-01   -1.258924071e-01   -1.590544604e-01
    5.952021756e-03    1.699716162e-01   -4.454538224e-02   -1.965582966e-01    3.323856087e-02    1.756148748e-01   -6.353924445e-02   -1.902410260e-01    6.024021803e-02    1.724104473e-01   -8.599189773e-02   -1.807167711e-01    8.599818024e-02    1.638937968e-01   -1.088303042e-01   -1.684852775e-01    1.098734388e-01    1.515840394e-01   -1.310256161e-01   -1.545693401e-01
    6.242231606e-03    1.698781859e-01   -4.549182730e-02   -1.962951767e-01    3.483460401e-02    1.750942285e-01   -6.576320361e-02   -1.893726950e-01    6.305856256e-02    1.711057041e-01   -8.936109002e-02   -1.788903286e-01    8.986624096e-02    1.614650162e-01   -1.131384584e-01   -1.653788340e-01    1.145580713e-01    1.477300625e-01   -1.360208718e-01   -1.499028560e-01
    6.532422504e-03    1.697826828e-01   -4.643743050e-02   -1.960233137e-01    3.642732587e-02    1.745537555e-01   -6.797873131e-02   -1.884694025e-01    6.585977408e-02    1.697473208e-01   -9.269995040e-02   -1.769886522e-01    9.368544330e-02    1.589372151e-01   -1.173731563e-01   -1.621481739e-01    1.191379212e-01    1.437260617e-01   -1.408727059e-01   -1.450606715e-01
    6.822593569e-03    1.696851076e-01   -4.738216695e-02   -1.957427200e-01    3.801660784e-02    1.739935133e-01   -7.018550164e-02   -1.875313216e-01    6.864316882e-02    1.683357065e-01   -9.600725870e-02   -1.750125689e-01    9.745383503e-02    1.563118922e-01   -1.215315131e-01   -1.587958020e-01    1.236089777e-01    1.395759696e-01   -1.455758074e-01   -1.400486630e-01
    7.112743920e-03    1.695854611e-01   -4.832601179e-02   -1.954534081e-01    3.960233154e-02    1.734135618e-01   -7.238318998e-02   -1.865586322e-01    7.140806737e-02    1.668712863e-01   -9.928180624e-02   -1.729629379e-01    1.011694899e-01    1.535906043e-01   -1.256106959e-01   -1.553243175e-01    1.279673253e-01    1.352838626e-01   -1.501250280e-01   -1.348729133e-01
    7.402872677e-03    1.694837440e-01   -4.926894017e-02   -1.951553914e-01    4.118437884e-02    1.728139626e-01   -7.457147303e-02   -1.855515209e-01    7.415379478e-02    1.653545013e-01   -1.025223963e-01   -1.708406509e-01    1.048305086e-01    1.507749647e-01   -1.296079256e-01   -1.517364121e-01    1.322091473e-01    1.308539564e-01   -1.545153878e-01   -1.295397036e-01
    7.692978958e-03    1.693799571e-01   -5.021092728e-02   -1.948486833e-01    4.276263190e-02    1.721947797e-01   -7.675002885e-02   -1.845101809e-01    7.687968079e-02    1.637858085e-01   -1.057278446e-01   -1.686466306e-01    1.084350196e-01    1.478666432e-01   -1.335204793e-01   -1.480348676e-01    1.363307290e-01    1.262906020e-01   -1.587420809e-01   -1.240555062e-01
    7.983061883e-03    1.692741012e-01   -5.115194830e-02   -1.945332978e-01    4.433697312e-02    1.715560792e-01   -7.891853693e-02   -1.834348119e-01    7.958505994e-02    1.621656803e-01   -1.088969795e-01   -1.663818315e-01    1.119811804e-01    1.448673641e-01   -1.373456914e-01   -1.442225542e-01    1.403284610e-01    1.215982817e-01   -1.628004806e-01   -1.184269768e-01
    8.273120572e-03    1.691661771e-01   -5.209197846e-02   -1.942092492e-01    4.590728522e-02    1.708979293e-01   -8.107667822e-02   -1.823256205e-01    8.226927177e-02    1.604946050e-01   -1.120286428e-01   -1.640472386e-01    1.154671782e-01    1.417789059e-01   -1.410809559e-01   -1.403024276e-01    1.441988422e-01    1.167816042e-01   -1.666861443e-01   -1.126609458e-01
    8.563154142e-03    1.690561858e-01   -5.303099300e-02   -1.938765524e-01    4.747345118e-02    1.702204001e-01   -8.322413518e-02   -1.811828193e-01    8.493166097e-02    1.587730860e-01   -1.151216900e-01   -1.616438674e-01    1.188912310e-01    1.386031001e-01   -1.447237279e-01   -1.362775276e-01    1.479384833e-01    1.118453005e-01   -1.703948187e-01   -1.067644109e-01
    8.853161715e-03    1.689441280e-01   -5.396896719e-02   -1.935352225e-01    4.903535430e-02    1.695235641e-01   -8.536059183e-02   -1.800066278e-01    8.757157753e-02    1.570016421e-01   -1.181749904e-01   -1.591727632e-01    1.222515884e-01    1.353418298e-01   -1.482715259e-01   -1.321509748e-01    1.515441091e-01    1.067942192e-01   -1.739224441e-01   -1.007445278e-01
    9.143142409e-03    1.688300047e-01   -5.490587632e-02   -1.931852752e-01    5.059287818e-02    1.688074957e-01   -8.748573378e-02   -1.787972717e-01    9.018837692e-02    1.551808070e-01   -1.211874282e-01   -1.566350011e-01    1.255465324e-01    1.319970290e-01   -1.517219327e-01   -1.279259690e-01    1.550125622e-01    1.016333213e-01   -1.772651591e-01   -9.460860208e-02
    9.433095344e-03    1.687138169e-01   -5.584169569e-02   -1.928267264e-01    5.214590675e-02    1.680722714e-01   -8.959924831e-02   -1.775549832e-01    9.278142022e-02    1.533111294e-01   -1.241579021e-01   -1.540316849e-01    1.287743787e-01    1.285706811e-01   -1.550725974e-01   -1.236057861e-01    1.583408048e-01    9.636767616e-02   -1.804193046e-01   -8.836407996e-02
    9.723019639e-03    1.685955654e-01   -5.677640066e-02   -1.924595927e-01    5.369432424e-02    1.673179697e-01   -9.170082440e-02   -1.762800010e-01    9.535007430e-02    1.513931728e-01   -1.270853265e-01   -1.513639472e-01    1.319334770e-01    1.250648181e-01   -1.583212374e-01   -1.191937760e-01    1.615259224e-01    9.100245556e-02   -1.833814282e-01   -8.201853949e-02
    1.001291442e-02    1.684752513e-01   -5.770996657e-02   -1.920838908e-01    5.523801525e-02    1.665446714e-01   -9.379015275e-02   -1.749725697e-01    9.789371196e-02    1.494275152e-01   -1.299686313e-01   -1.486329485e-01    1.350222123e-01    1.214815189e-01   -1.614656392e-01   -1.146933599e-01    1.645651255e-01    8.554292934e-02   -1.861482875e-01   -7.557968126e-02
    1.030277879e-02    1.683528756e-01   -5.864236883e-02   -1.916996379e-01    5.677686470e-02    1.657524590e-01   -9.586692587e-02   -1.736329405e-01    1.004117121e-01    1.474147491e-01   -1.328067624e-01   -1.458398769e-01    1.380390055e-01    1.178229086e-01   -1.645036605e-01   -1.101080272e-01    1.674557525e-01    7.999445991e-02   -1.887168540e-01   -6.905531908e-02
    1.059261189e-02    1.682284393e-01   -5.957358284e-02   -1.913068518e-01    5.831075786e-02    1.649414175e-01   -9.793083810e-02   -1.722613706e-01    1.029034598e-01    1.453554811e-01   -1.355986825e-01   -1.429859476e-01    1.409823142e-01    1.140911568e-01   -1.674332315e-01   -1.054413335e-01    1.701952718e-01    7.436249705e-02   -1.910843160e-01   -6.245337049e-02
    1.088241283e-02    1.681019434e-01   -6.050358407e-02   -1.909055506e-01    5.983958038e-02    1.641116334e-01   -9.998158566e-02   -1.708581236e-01    1.053683467e-01    1.432503319e-01   -1.383433709e-01   -1.400724021e-01    1.438506336e-01    1.102884768e-01   -1.702523560e-01   -1.006968974e-01    1.727812843e-01    6.865257256e-02   -1.932480824e-01   -5.578184717e-02
    1.117218072e-02    1.679733891e-01   -6.143234797e-02   -1.904957526e-01    6.136321827e-02    1.632631957e-01   -1.020188667e-01   -1.694234690e-01    1.078057708e-01    1.410999362e-01   -1.410398243e-01   -1.371005080e-01    1.466424971e-01    1.064171235e-01   -1.729591133e-01   -9.587839782e-02    1.752115251e-01    6.287029482e-02   -1.952057847e-01   -4.904884517e-02
    1.146191470e-02    1.678427775e-01   -6.235985006e-02   -1.900774767e-01    6.288155792e-02    1.623961951e-01   -1.040423813e-01   -1.679576824e-01    1.102151368e-01    1.389049421e-01   -1.436870568e-01   -1.340715585e-01    1.493564774e-01    1.024793931e-01   -1.755516591e-01   -9.098957115e-02    1.774838660e-01    5.702134327e-02   -1.969552804e-01   -4.226253517e-02
    1.175161388e-02    1.677101096e-01   -6.328606587e-02   -1.896507423e-01    6.439448610e-02    1.615107245e-01   -1.060518315e-01   -1.664610455e-01    1.125958564e-01    1.366660113e-01   -1.462841008e-01   -1.309868714e-01    1.519911867e-01    9.847762090e-02   -1.780282269e-01   -8.603420828e-02    1.795963168e-01    5.111146286e-02   -1.984946545e-01   -3.543115246e-02
    1.204127738e-02    1.675753867e-01   -6.421097095e-02   -1.892155689e-01    6.590188998e-02    1.606068786e-01   -1.080469217e-01   -1.649338458e-01    1.149473481e-01    1.343838189e-01   -1.488300068e-01   -1.278477887e-01    1.545452780e-01    9.441418014e-02   -1.803871293e-01   -8.101615176e-02    1.815470275e-01    4.514645838e-02   -1.998222223e-01   -2.856298705e-02
    1.233090433e-02    1.674386099e-01   -6.513454091e-02   -1.887719768e-01    6.740365714e-02    1.596847544e-01   -1.100273580e-01   -1.633763768e-01    1.172690375e-01    1.320590528e-01   -1.513238439e-01   -1.246556765e-01    1.570174453e-01    9.029148084e-02   -1.826267590e-01   -7.593929276e-02    1.833342897e-01    3.913218879e-02   -2.009365310e-01   -2.166637352e-02
    1.262049383e-02    1.672997805e-01   -6.605675137e-02   -1.883199864e-01    6.889967556e-02    1.587444504e-01   -1.119928489e-01   -1.617889378e-01    1.195603577e-01    1.296924140e-01   -1.537647005e-01   -1.214119235e-01    1.594064245e-01    8.611196810e-02   -1.847455898e-01   -7.080756807e-02    1.849565380e-01    3.307456141e-02   -2.018363611e-01   -1.474968098e-02
    1.291004502e-02    1.671588996e-01   -6.697757799e-02   -1.878596185e-01    7.038983366e-02    1.577860675e-01   -1.139431050e-01   -1.601718339e-01    1.218207490e-01    1.272846160e-01   -1.561516840e-01   -1.181179413e-01    1.617109939e-01    8.187812078e-02   -1.867421779e-01   -6.562495705e-02    1.864123518e-01    2.697952620e-02   -2.025207281e-01   -7.821302865e-03
    1.319955701e-02    1.670159686e-01   -6.789699646e-02   -1.873908944e-01    7.187402026e-02    1.568097085e-01   -1.158778391e-01   -1.585253759e-01    1.240496592e-01    1.248363847e-01   -1.584839217e-01   -1.147751632e-01    1.639299752e-01    7.759244997e-02   -1.886151629e-01   -6.039547854e-02    1.877004559e-01    2.085306984e-02   -2.029888832e-01   -8.896467658e-04
    1.348902893e-02    1.668709887e-01   -6.881498251e-02   -1.869138360e-01    7.335212465e-02    1.558154778e-01   -1.177967664e-01   -1.568498804e-01    1.262465439e-01    1.223484585e-01   -1.607605609e-01   -1.113850438e-01    1.660622337e-01    7.325749754e-02   -1.903632684e-01   -5.512318774e-02    1.888197223e-01    1.470120988e-02   -2.032403145e-01    6.036875767e-03
    1.377845990e-02    1.667239613e-01   -6.973151190e-02   -1.864284651e-01    7.482403655e-02    1.548034821e-01   -1.196996042e-01   -1.551456692e-01    1.284108665e-01    1.198215875e-01   -1.629807691e-01   -1.079490583e-01    1.681066788e-01    6.887583460e-02   -1.919853031e-01   -4.981217308e-02    1.897691707e-01    8.529988846e-03   -2.032747471e-01    1.294985944e-02
    1.406784904e-02    1.665748876e-01   -7.064656042e-02   -1.859348043e-01    7.628964612e-02    1.537738299e-01   -1.215860724e-01   -1.534130702e-01    1.305420982e-01    1.172565337e-01   -1.651437344e-01   -1.044687018e-01    1.700622652e-01    6.445005999e-02   -1.934801616e-01   -4.446655304e-02    1.905479694e-01    2.345468270e-03   -2.030921440e-01    1.984091540e-02
    1.435719546e-02    1.664237690e-01   -7.156010391e-02   -1.854328766e-01    7.774884401e-02    1.527266316e-01   -1.234558932e-01   -1.516524164e-01    1.326397184e-01    1.146540705e-01   -1.672486659e-01   -1.009454890e-01    1.719279927e-01    5.998279876e-02   -1.948468253e-01   -3.909047295e-02    1.911554365e-01   -3.846277233e-03   -2.026927055e-01    2.670168144e-02
    1.464649829e-02    1.662706069e-01   -7.247211822e-02   -1.849227051e-01    7.920152131e-02    1.516619995e-01   -1.253087911e-01   -1.498640463e-01    1.347032147e-01    1.120149828e-01   -1.692947939e-01   -9.738095309e-02    1.737029071e-01    5.547670058e-02   -1.960843626e-01   -3.368810177e-02    1.915910399e-01   -1.003916595e-02   -2.020768696e-01    3.352383214e-02
    1.493575666e-02    1.661154028e-01   -7.338257928e-02   -1.844043135e-01    8.064756963e-02    1.505800477e-01   -1.271444932e-01   -1.480483037e-01    1.367320828e-01    1.093400664e-01   -1.712813700e-01   -9.377664521e-02    1.753861007e-01    5.093443818e-02   -1.971919301e-01   -2.826362891e-02    1.918543979e-01   -1.622711503e-02   -2.012453108e-01    4.029908893e-02
    1.522496968e-02    1.659581579e-01   -7.429146301e-02   -1.838777258e-01    8.208688103e-02    1.494808924e-01   -1.289627293e-01   -1.462055379e-01    1.387258272e-01    1.066301281e-01   -1.732076679e-01   -9.013413395e-02    1.769767124e-01    4.635870578e-02   -1.981687730e-01   -2.282126089e-02    1.919452799e-01   -2.240404647e-02   -2.001989401e-01    4.701923021e-02
    1.551413648e-02    1.657988739e-01   -7.519874540e-02   -1.833429666e-01    8.351934808e-02    1.483646514e-01   -1.307632314e-01   -1.443361031e-01    1.406839606e-01    1.038859851e-01   -1.750729829e-01   -8.645500452e-02    1.784739289e-01    4.175221745e-02   -1.990142252e-01   -1.736521818e-02    1.918636064e-01   -2.856389309e-02   -1.989389037e-01    5.367610125e-02
    1.580325618e-02    1.656375522e-01   -7.610440247e-02   -1.828000607e-01    8.494486385e-02    1.472314445e-01   -1.325457343e-01   -1.424403589e-01    1.426060047e-01    1.011084651e-01   -1.768766328e-01   -8.274085809e-02    1.798769841e-01    3.711770556e-02   -1.997277106e-01   -1.189973182e-02    1.916094486e-01   -3.470060447e-02   -1.974665814e-01    6.026162414e-02
    1.609232789e-02    1.654741943e-01   -7.700841027e-02   -1.822490333e-01    8.636332192e-02    1.460813933e-01   -1.343099755e-01   -1.405186699e-01    1.444914897e-01    9.829840581e-02   -1.786179580e-01   -7.899331109e-02    1.811851605e-01    3.245791911e-02   -2.003087426e-01   -6.429040240e-03    1.911830293e-01   -4.080815292e-02   -1.957835857e-01    6.676780756e-02
    1.638135075e-02    1.653088016e-01   -7.791074492e-02   -1.816899100e-01    8.777461640e-02    1.449146213e-01   -1.360556950e-01   -1.385714056e-01    1.463399550e-01    9.545665473e-02   -1.802963215e-01   -7.521399452e-02    1.823977887e-01    2.777562212e-02   -2.007569251e-01   -9.573859086e-04    1.905847219e-01   -4.688053938e-02   -1.938917596e-01    7.318675650e-02
    1.667032388e-02    1.651413759e-01   -7.881138254e-02   -1.811227168e-01    8.917864191e-02    1.437312536e-01   -1.377826357e-01   -1.365989406e-01    1.481509488e-01    9.258406902e-02   -1.819111094e-01   -7.140455323e-02    1.835142484e-01    2.307359200e-02   -2.010719523e-01    4.510987936e-03    1.898150502e-01   -5.291179931e-02   -1.917931748e-01    7.951068184e-02
    1.695924639e-02    1.649719187e-01   -7.971029933e-02   -1.805474802e-01    9.057529362e-02    1.425314173e-01   -1.394905431e-01   -1.346016543e-01    1.499240285e-01    8.968151514e-02   -1.834617310e-01   -6.756664520e-02    1.845339683e-01    1.835461787e-02   -2.012536093e-01    9.971840579e-03    1.888746884e-01   -5.889600858e-02   -1.894901293e-01    8.573190975e-02
    1.724811742e-02    1.648004315e-01   -8.060747150e-02   -1.799642268e-01    9.196446724e-02    1.413152413e-01   -1.411791656e-01   -1.325799309e-01    1.516587609e-01    8.674986861e-02   -1.849476191e-01   -6.370194082e-02    1.854564267e-01    1.362149894e-02   -2.013017719e-01    1.542093712e-02    1.877644599e-01   -6.482728926e-02   -1.869851450e-01    9.184289110e-02
    1.753693608e-02    1.646269160e-01   -8.150287533e-02   -1.793729839e-01    9.334605902e-02    1.400828560e-01   -1.428482544e-01   -1.305341593e-01    1.533547218e-01    8.379001374e-02   -1.863682299e-01   -5.981212219e-02    1.862811514e-01    8.877042841e-03   -2.012164070e-01    2.085405174e-02    1.864853371e-01   -7.069981539e-02   -1.842809649e-01    9.783621053e-02
    1.782570149e-02    1.644513739e-01   -8.239648712e-02   -1.787737789e-01    9.471996578e-02    1.388343938e-01   -1.444975634e-01   -1.284647330e-01    1.550114970e-01    8.080284338e-02   -1.877230439e-01   -5.589888234e-02    1.870077204e-01    4.124063935e-03   -2.009975723e-01    2.626697101e-02    1.850384403e-01   -7.650781873e-02   -1.813805500e-01    1.037045955e-01
    1.811441279e-02    1.642738068e-01   -8.328828323e-02   -1.781666399e-01    9.608608490e-02    1.375699888e-01   -1.461268497e-01   -1.263720502e-01    1.566286812e-01    7.778925864e-02   -1.890115653e-01   -5.196392453e-02    1.876357618e-01   -6.346183203e-04   -2.006454167e-01    3.165549715e-02    1.834250366e-01   -8.224559441e-02   -1.782870761e-01    1.094409251e-01
    1.840306909e-02    1.640942165e-01   -8.417824007e-02   -1.775515951e-01    9.744431434e-02    1.362897769e-01   -1.477358732e-01   -1.242565135e-01    1.582058793e-01    7.475016862e-02   -1.902333225e-01   -4.800896150e-02    1.881649539e-01   -5.396181064e-03   -2.001601796e-01    3.701545125e-02    1.816465391e-01   -8.790750653e-02   -1.750039305e-01    1.150382386e-01
    1.869166951e-02    1.639126046e-01   -8.506633407e-02   -1.769286732e-01    9.879455264e-02    1.349938954e-01   -1.493243966e-01   -1.221185299e-01    1.597427057e-01    7.168649013e-02   -1.913878685e-01   -4.403571473e-02    1.885950257e-01   -1.015779970e-02   -1.995421914e-01    4.234267656e-02    1.797045053e-01   -9.348799369e-02   -1.715347081e-01    1.204897441e-01
    1.898021319e-02    1.637289730e-01   -8.595254174e-02   -1.762979032e-01    1.001366989e-01    1.336824837e-01   -1.508921860e-01   -1.199585107e-01    1.612387848e-01    6.859914742e-02   -1.924747807e-01   -4.004591365e-02    1.889257569e-01   -1.491664958e-02   -1.987918728e-01    4.763304167e-02    1.776006361e-01   -9.898157448e-02   -1.678832074e-01    1.257888267e-01
    1.926869925e-02    1.635433234e-01   -8.683683960e-02   -1.756593146e-01    1.014706529e-01    1.323556826e-01   -1.524390101e-01   -1.177768717e-01    1.626937506e-01    6.548907191e-02   -1.934936614e-01   -3.604129495e-02    1.891569778e-01   -1.966990767e-02   -1.979097345e-01    5.288244377e-02    1.753367741e-01   -1.043828528e-01   -1.640534267e-01    1.309290563e-01
    1.955712680e-02    1.633556576e-01   -8.771920425e-02   -1.750129372e-01    1.027963150e-01    1.310136346e-01   -1.539646410e-01   -1.155740326e-01    1.641072475e-01    6.235720188e-02   -1.944441375e-01   -3.202360179e-02    1.892885698e-01   -2.441475422e-02   -1.968963773e-01    5.808681176e-02    1.729149021e-01   -1.096865234e-01   -1.600495592e-01    1.359041958e-01
    1.984549498e-02    1.631659775e-01   -8.859961232e-02   -1.743588012e-01    1.041135860e-01    1.296564840e-01   -1.554688538e-01   -1.133504172e-01    1.654789299e-01    5.920448224e-02   -1.953258611e-01   -2.799458303e-02    1.893204650e-01   -2.914837446e-02   -1.957524912e-01    6.324210948e-02    1.703371411e-01   -1.148873766e-01   -1.558759890e-01    1.407082082e-01
    2.013380290e-02    1.629742848e-01   -8.947804049e-02   -1.736969370e-01    1.054223676e-01    1.282843767e-01   -1.569514267e-01   -1.111064536e-01    1.668084624e-01    5.603186417e-02   -1.961385094e-01   -2.395599250e-02    1.892526466e-01   -3.386796025e-02   -1.944788553e-01    6.834433878e-02    1.676057489e-01   -1.199803038e-01   -1.515372856e-01    1.453352644e-01
    2.042204970e-02    1.627805815e-01   -9.035446551e-02   -1.730273757e-01    1.067225619e-01    1.268974600e-01   -1.584121411e-01   -1.088425735e-01    1.680955198e-01    5.284030490e-02   -1.968817847e-01   -1.990958821e-02    1.890851489e-01   -3.857071175e-02   -1.930763370e-01    7.338954267e-02    1.647231176e-01   -1.249603027e-01   -1.470381997e-01    1.497797501e-01
    2.071023449e-02    1.625848696e-01   -9.122886414e-02   -1.723501486e-01    1.080140718e-01    1.254958831e-01   -1.598507818e-01   -1.065592127e-01    1.693397874e-01    4.963076739e-02   -1.975554148e-01   -1.585713160e-02    1.888180569e-01   -4.325383908e-02   -1.915458915e-01    7.837380834e-02    1.616917720e-01   -1.298224815e-01   -1.423836573e-01    1.540362723e-01
    2.099835641e-02    1.623871508e-01   -9.210121323e-02   -1.716652872e-01    1.092968007e-01    1.240797966e-01   -1.612671365e-01   -1.042568106e-01    1.705409608e-01    4.640422004e-02   -1.981591530e-01   -1.180038676e-02    1.884515066e-01   -4.791456400e-02   -1.898885612e-01    8.329327024e-02    1.585143670e-01   -1.345620644e-01   -1.375787547e-01    1.580996662e-01
    2.128641458e-02    1.621874271e-01   -9.297148965e-02   -1.709728236e-01    1.105706527e-01    1.226493528e-01   -1.626609964e-01   -1.019358103e-01    1.716987463e-01    4.316163641e-02   -1.986927780e-01   -7.741119685e-03    1.879856850e-01   -5.255012150e-02   -1.881054751e-01    8.814411306e-02    1.551936855e-01   -1.391743959e-01   -1.326287529e-01    1.619650016e-01
    2.157440812e-02    1.619857006e-01   -9.383967036e-02   -1.702727902e-01    1.118355327e-01    1.212047054e-01   -1.640321559e-01   -9.959665860e-02    1.728128605e-01    3.990399492e-02   -1.991560942e-01   -3.681097473e-03    1.874208297e-01   -5.715776151e-02   -1.861978477e-01    9.292257468e-02    1.517326359e-01   -1.436549455e-01   -1.275390715e-01    1.656275885e-01
    2.186233616e-02    1.617819733e-01   -9.470573232e-02   -1.695652198e-01    1.130913460e-01    1.197460097e-01   -1.653804128e-01   -9.723980574e-02    1.738830311e-01    3.663227855e-02   -1.995489316e-01    3.779124130e-04    1.867572290e-01   -6.173475047e-02   -1.841669783e-01    9.762494912e-02    1.481342496e-01   -1.479993122e-01   -1.223152833e-01    1.690829828e-01
    2.215019782e-02    1.615762470e-01   -9.556965260e-02   -1.688501454e-01    1.143379988e-01    1.182734227e-01   -1.667055684e-01   -9.486570538e-02    1.749089960e-01    3.334747453e-02   -1.998711461e-01    4.434142934e-03    1.859952217e-01   -6.627837302e-02   -1.820142505e-01    1.022475893e-01    1.444016781e-01   -1.522032287e-01   -1.169631078e-01    1.723269921e-01
    2.243799224e-02    1.613685240e-01   -9.643140828e-02   -1.681276005e-01    1.155753977e-01    1.167871026e-01   -1.680074270e-01   -9.247481453e-02    1.758905043e-01    3.005057410e-02   -2.001226193e-01    8.485828237e-03    1.851351967e-01   -7.078593353e-02   -1.797411307e-01    1.067869102e-01    1.405381907e-01   -1.562625657e-01   -1.114884050e-01    1.753556804e-01
    2.272571853e-02    1.611588063e-01   -9.729097652e-02   -1.673976190e-01    1.168034504e-01    1.152872094e-01   -1.692857968e-01   -9.006759344e-02    1.768273157e-01    2.674257213e-02   -2.003032589e-01    1.253120442e-02    1.841775935e-01   -7.525475777e-02   -1.773491672e-01    1.112393911e-01    1.365471712e-01   -1.601733358e-01   -1.058971692e-01    1.781653731e-01
    2.301337582e-02    1.609470960e-01   -9.814833452e-02   -1.666602350e-01    1.180220650e-01    1.137739042e-01   -1.705404890e-01   -8.764450553e-02    1.777192010e-01    2.342446688e-02   -2.004129981e-01    1.656851032e-02    1.831229009e-01   -7.968219445e-02   -1.748399897e-01    1.156015788e-01    1.324321152e-01   -1.639316978e-01   -1.001955221e-01    1.807526612e-01
    2.330096325e-02    1.607333951e-01   -9.900345955e-02   -1.659154831e-01    1.192311503e-01    1.122473499e-01   -1.717713187e-01   -8.520601729e-02    1.785659419e-01    2.009725967e-02   -2.004517962e-01    2.059598825e-02    1.819716578e-01   -8.406561683e-02   -1.722153075e-01    1.198700900e-01    1.281966268e-01   -1.675339600e-01   -9.438970640e-02    1.831144058e-01
    2.358847993e-02    1.605177059e-01   -9.985632891e-02   -1.651633981e-01    1.204306158e-01    1.107077108e-01   -1.729781041e-01   -8.275259817e-02    1.793673310e-01    1.676195459e-02   -2.004196387e-01    2.461188478e-02    1.807244522e-01   -8.840242425e-02   -1.694769085e-01    1.240416142e-01    1.238444158e-01   -1.709765839e-01   -8.848607883e-02    1.852477415e-01
    2.387592500e-02    1.603000305e-01   -1.007069200e-01   -1.644040153e-01    1.216203719e-01    1.091551523e-01   -1.741606673e-01   -8.028472054e-02    1.801231721e-01    1.341955820e-02   -2.003165366e-01    2.861445152e-02    1.793819214e-01   -9.269004369e-02   -1.666266585e-01    1.281129159e-01    1.193792941e-01   -1.742561882e-01   -8.249110318e-02    1.871500802e-01
    2.416329758e-02    1.600803711e-01   -1.015552102e-01   -1.636373704e-01    1.228003296e-01    1.075898416e-01   -1.753188337e-01   -7.780285955e-02    1.808332801e-01    1.007107921e-02   -2.001425270e-01    3.260194583e-02    1.779447513e-01   -9.692593127e-02   -1.636664990e-01    1.320808375e-01    1.148051725e-01   -1.773695513e-01   -7.641134324e-02    1.888191143e-01
    2.445059680e-02    1.598587300e-01   -1.024011771e-01   -1.628634991e-01    1.239704005e-01    1.060119471e-01   -1.764524323e-01   -7.530749306e-02    1.814974811e-01    6.717528190e-03   -1.998976731e-01    3.657263163e-02    1.764136761e-01   -1.011075738e-01   -1.605984468e-01    1.359423014e-01    1.101260574e-01   -1.803136152e-01   -7.025345564e-02    1.902528190e-01
    2.473782179e-02    1.596351093e-01   -1.032447982e-01   -1.620824379e-01    1.251304971e-01    1.044216385e-01   -1.775612960e-01   -7.279910155e-02    1.821156123e-01    3.359917251e-03   -1.995820637e-01    4.052478013e-02    1.747894782e-01   -1.052324903e-01   -1.574245922e-01    1.396943128e-01    1.053460471e-01   -1.830854881e-01   -6.402418254e-02    1.914494553e-01
    2.502497167e-02    1.594095113e-01   -1.040860510e-01   -1.612942234e-01    1.262805327e-01    1.028190870e-01   -1.786452610e-01   -7.027816803e-02    1.826875221e-01   -7.402431707e-07   -1.991958137e-01    4.445667060e-02    1.730729876e-01   -1.092982333e-01   -1.541470974e-01    1.433339614e-01    1.004693282e-01   -1.856824473e-01   -5.773034425e-02    1.924075719e-01
    2.531204557e-02    1.591819384e-01   -1.049249134e-01   -1.604988925e-01    1.274204211e-01    1.012044649e-01   -1.797041673e-01   -6.774517792e-02    1.832130705e-01   -3.363429991e-03   -1.987390638e-01    4.836659110e-02    1.712650814e-01   -1.133023905e-01   -1.507681953e-01    1.468584244e-01    9.550017224e-02   -1.881019420e-01   -5.137883177e-02    1.931260068e-01
    2.559904262e-02    1.589523928e-01   -1.057613629e-01   -1.596964825e-01    1.285500771e-01    9.957794617e-02   -1.807378586e-01   -6.520061900e-02    1.836921285e-01   -6.727137061e-03   -1.982119803e-01    5.225283923e-02    1.693666836e-01   -1.172425862e-01   -1.472901880e-01    1.502649681e-01    9.044293151e-02   -1.903415956e-01   -4.497659923e-02    1.936038889e-01
    2.588596196e-02    1.587208770e-01   -1.065953774e-01   -1.588870312e-01    1.296694160e-01    9.793970573e-02   -1.817461822e-01   -6.264498127e-02    1.841245786e-01   -1.009084619e-02   -1.976147554e-01    5.611372288e-02    1.673787642e-01   -1.211164824e-01   -1.437154451e-01    1.535509504e-01    8.530203558e-02   -1.923992083e-01   -3.853065630e-02    1.938406393e-01
    2.617280270e-02    1.584873931e-01   -1.074269348e-01   -1.580705764e-01    1.307783542e-01    9.628991995e-02   -1.827289893e-01   -6.007875689e-02    1.845103146e-01   -1.345354212e-02   -1.969476069e-01    5.994756097e-02    1.653023392e-01   -1.249217807e-01   -1.400464021e-01    1.567138224e-01    8.008198727e-02   -1.942727589e-01   -3.204806050e-02    1.938359714e-01
    2.645956398e-02    1.582519437e-01   -1.082560129e-01   -1.572471567e-01    1.318768085e-01    9.462876640e-02   -1.836861348e-01   -5.750244009e-02    1.848492417e-01   -1.681420983e-02   -1.962107781e-01    6.375268417e-02    1.631384700e-01   -1.286562231e-01   -1.362855588e-01    1.597511310e-01    7.478735876e-02   -1.959604074e-01   -2.553590945e-02    1.935898917e-01
    2.674624493e-02    1.580145312e-01   -1.090825897e-01   -1.564168105e-01    1.329646968e-01    9.295642389e-02   -1.846174772e-01   -5.491652702e-02    1.851412767e-01   -2.017183495e-02   -1.954045379e-01    6.752743562e-02    1.608882623e-01   -1.323175939e-01   -1.324354776e-01    1.626605204e-01    6.942278754e-02   -1.974604960e-01   -1.900133317e-02    1.931026995e-01
    2.703284468e-02    1.577751579e-01   -1.099066433e-01   -1.555795769e-01    1.340419376e-01    9.127307246e-02   -1.855228789e-01   -5.232151573e-02    1.853863477e-01   -2.352540397e-02   -1.945291804e-01    7.127017167e-02    1.585528663e-01   -1.359037204e-01   -1.284987816e-01    1.654397339e-01    6.399297240e-02   -1.987715513e-01   -1.245148618e-02    1.923749871e-01
    2.731936236e-02    1.575338264e-01   -1.107281519e-01   -1.547354953e-01    1.351084503e-01    8.957889334e-02   -1.864022063e-01   -4.971790602e-02    1.855843942e-01   -2.687390461e-02   -1.935850251e-01    7.497926261e-02    1.561334757e-01   -1.394124749e-01   -1.244781531e-01    1.680866157e-01    5.850266929e-02   -1.998922856e-01   -5.893539757e-03    1.914076382e-01
    2.760579709e-02    1.572905391e-01   -1.115470934e-01   -1.538846052e-01    1.361641549e-01    8.787406891e-02   -1.872553294e-01   -4.710619937e-02    1.857353674e-01   -3.021632608e-02   -1.925724167e-01    7.865309333e-02    1.536313271e-01   -1.428417753e-01   -1.203763314e-01    1.705991129e-01    5.295668713e-02   -2.008215982e-01    6.653259868e-04    1.902018277e-01
    2.789214801e-02    1.570452985e-01   -1.123634463e-01   -1.530269468e-01    1.372089724e-01    8.615878275e-02   -1.880821222e-01   -4.448689881e-02    1.858392298e-01   -3.355165943e-02   -1.914917248e-01    8.229006407e-02    1.510476995e-01   -1.461895868e-01   -1.161961114e-01    1.729752766e-01    4.735988365e-02   -2.015585764e-01    7.217929926e-03    1.887590196e-01
    2.817841424e-02    1.567981072e-01   -1.131771887e-01   -1.521625602e-01    1.382428245e-01    8.443321955e-02   -1.888824624e-01   -4.186050887e-02    1.858959556e-01   -3.687889781e-02   -1.903433441e-01    8.588859110e-02    1.483839135e-01   -1.494539228e-01   -1.119403413e-01    1.752132637e-01    4.171716108e-02   -2.021024963e-01    1.375709780e-02    1.870809657e-01
    2.846459493e-02    1.565489677e-01   -1.139882991e-01   -1.512914861e-01    1.392656339e-01    8.269756512e-02   -1.896562317e-01   -3.922753545e-02    1.859055303e-01   -4.019703681e-02   -1.891276937e-01    8.944710741e-02    1.456413306e-01   -1.526328462e-01   -1.076119207e-01    1.773113381e-01    3.603346192e-02   -2.024528239e-01    2.027567005e-02    1.851697031e-01
    2.875068920e-02    1.562978826e-01   -1.147967560e-01   -1.504137656e-01    1.402773238e-01    8.095200638e-02   -1.904033158e-01   -3.658848575e-02    1.858679510e-01   -4.350507475e-02   -1.878452177e-01    9.296406337e-02    1.428213529e-01   -1.557244709e-01   -1.032137988e-01    1.792678725e-01    3.031376454e-02   -2.026092151e-01    2.676650970e-02    1.830275522e-01
    2.903669617e-02    1.560448545e-01   -1.156025377e-01   -1.495294398e-01    1.412778185e-01    7.919673130e-02   -1.911236041e-01   -3.394386813e-02    1.857832264e-01   -4.680201298e-02   -1.864963843e-01    9.643792747e-02    1.399254219e-01   -1.587269620e-01   -9.874897247e-02    1.810813493e-01    2.456307888e-02   -2.025715166e-01    3.322251010e-02    1.806571132e-01
    2.932261500e-02    1.557898861e-01   -1.164056229e-01   -1.486385503e-01    1.422670430e-01    7.743192894e-02   -1.918169903e-01   -3.129419205e-02    1.856513767e-01   -5.008685617e-02   -1.850816863e-01    9.986718690e-02    1.369550178e-01   -1.616385380e-01   -9.422048383e-02    1.827503615e-01    1.878644201e-02   -2.023397655e-01    3.963660280e-02    1.780612635e-01
    2.960844479e-02    1.555329799e-01   -1.172059902e-01   -1.477411391e-01    1.432449232e-01    7.565778937e-02   -1.924833716e-01   -2.863996795e-02    1.854724334e-01   -5.335861263e-02   -1.836016403e-01    1.032503483e-01    1.339116593e-01   -1.644574711e-01   -8.963141851e-02    1.842736147e-01    1.298891377e-02   -2.019141896e-01    4.600176519e-02    1.752431543e-01
    2.989418470e-02    1.552741387e-01   -1.180036183e-01   -1.468372483e-01    1.442113858e-01    7.387450370e-02   -1.931226494e-01   -2.598170717e-02    1.852464397e-01   -5.661629462e-02   -1.820567869e-01    1.065859383e-01    1.307969020e-01   -1.671820884e-01   -8.498490340e-02    1.856499271e-01    7.175572294e-03   -2.012952072e-01    5.231102826e-02    1.722062061e-01
    3.017983384e-02    1.550133651e-01   -1.187984861e-01   -1.459269206e-01    1.451663584e-01    7.208226401e-02   -1.937347293e-01   -2.331992184e-02    1.849734504e-01   -5.985891862e-02   -1.804476905e-01    1.098725043e-01    1.276123383e-01   -1.698107730e-01   -8.028410456e-02    1.868782311e-01    1.351509599e-03   -2.004834265e-01    5.855748421e-02    1.689541052e-01
    3.046539136e-02    1.547506619e-01   -1.195905723e-01   -1.450101987e-01    1.461097693e-01    7.028126337e-02   -1.943195206e-01   -2.065512478e-02    1.846535315e-01   -6.308550563e-02   -1.787749389e-01    1.131086150e-01    1.243595962e-01   -1.723419650e-01   -7.553222508e-02    1.879575739e-01   -4.478172909e-03   -1.994796451e-01    6.473429401e-02    1.654907989e-01
    3.075085638e-02    1.544860318e-01   -1.203798559e-01   -1.440871259e-01    1.470415479e-01    6.847169581e-02   -1.948769366e-01   -1.798782940e-02    1.842867607e-01   -6.629508148e-02   -1.770391431e-01    1.162928610e-01    1.210403386e-01   -1.747741622e-01   -7.073250286e-02    1.888871179e-01   -1.030836888e-02   -1.982848492e-01    7.083469487e-02    1.618204910e-01
    3.103622804e-02    1.542194776e-01   -1.211663159e-01   -1.431577454e-01    1.479616243e-01    6.665375626e-02   -1.954068949e-01   -1.531854962e-02    1.838732269e-01   -6.948667713e-02   -1.752409373e-01    1.194238556e-01    1.176562624e-01   -1.771059212e-01   -6.588820842e-02    1.896661422e-01   -1.613397152e-02   -1.969002128e-01    7.685200768e-02    1.579476362e-01
    3.132150547e-02    1.539510020e-01   -1.219499314e-01   -1.422221012e-01    1.488699295e-01    6.482764061e-02   -1.959093169e-01   -1.264779973e-02    1.834130307e-01   -7.265932894e-02   -1.733809785e-01    1.225002351e-01    1.142090977e-01   -1.793358582e-01   -6.100264267e-02    1.902940423e-01   -2.194987801e-02   -1.953270960e-01    8.277964431e-02    1.538769352e-01
    3.160668781e-02    1.536806080e-01   -1.227306814e-01   -1.412802373e-01    1.497663954e-01    6.299354561e-02   -1.963841282e-01   -9.976094347e-03    1.829062840e-01   -7.581207898e-02   -1.714599463e-01    1.255206598e-01    1.107006068e-01   -1.814626497e-01   -5.607913467e-02    1.907703310e-01   -2.775099403e-02   -1.935670446e-01    8.861111481e-02    1.496133286e-01
    3.189177419e-02    1.534082982e-01   -1.235085453e-01   -1.403321980e-01    1.506509547e-01    6.115166887e-02   -1.968312583e-01   -7.303948260e-03    1.823531100e-01   -7.894397530e-02   -1.694785426e-01    1.284838140e-01    1.071325835e-01   -1.834850336e-01   -5.112103935e-02    1.910946387e-01   -3.353223822e-02   -1.916217875e-01    9.434003452e-02    1.451619914e-01
    3.217676375e-02    1.531340757e-01   -1.242835023e-01   -1.393780280e-01    1.515235411e-01    5.930220888e-02   -1.972506409e-01   -4.631876371e-03    1.817536432e-01   -8.205407224e-02   -1.674374913e-01    1.313884073e-01    1.035068519e-01   -1.854018094e-01   -4.613173523e-02    1.912667136e-01   -3.928854658e-02   -1.894932359e-01    9.996013107e-02    1.405283262e-01
    3.246165562e-02    1.528579432e-01   -1.250555317e-01   -1.384177723e-01    1.523840892e-01    5.744536494e-02   -1.976422138e-01   -1.960393577e-03    1.811080297e-01   -8.514143070e-02   -1.653375383e-01    1.342331745e-01    9.982526583e-02   -1.872118396e-01   -4.111462212e-02    1.912864222e-01   -4.501487697e-02   -1.871834810e-01    1.054652513e-01    1.357179568e-01
    3.274644893e-02    1.525799037e-01   -1.258246130e-01   -1.374514760e-01    1.532325344e-01    5.558133715e-02   -1.980059189e-01    7.099853256e-04    1.804164265e-01   -8.820511844e-02   -1.631794510e-01    1.370168766e-01    9.608970753e-02   -1.889140499e-01   -3.607311879e-02    1.911537488e-01   -5.070621347e-02   -1.846947918e-01    1.108493677e-01    1.307367215e-01
    3.303114282e-02    1.522999602e-01   -1.265907258e-01   -1.364791848e-01    1.540688129e-01    5.371032641e-02   -1.983417021e-01    3.378745739e-03    1.796790021e-01   -9.124421034e-02   -1.609640179e-01    1.397383011e-01    9.230208692e-02   -1.905074299e-01   -3.101066065e-02    1.908687964e-01   -5.635757081e-02   -1.820296134e-01    1.161065857e-01    1.255906661e-01
    3.331573643e-02    1.520181155e-01   -1.273538495e-01   -1.355009444e-01    1.548928621e-01    5.183253436e-02   -1.986495134e-01    6.045373364e-03    1.788959362e-01   -9.425778870e-02   -1.586920487e-01    1.423962627e-01    8.846434055e-02   -1.919910338e-01   -2.593069743e-02    1.904317856e-01   -6.196399873e-02   -1.791905640e-01    1.212311492e-01    1.202860361e-01
    3.360022889e-02    1.517343726e-01   -1.281139639e-01   -1.345168010e-01    1.557046202e-01    4.994816341e-02   -1.989293071e-01    8.709354301e-03    1.780674194e-01   -9.724494349e-02   -1.563643736e-01    1.449896036e-01    8.457843063e-02   -1.933639810e-01   -2.083669078e-02    1.898430553e-01   -6.752058631e-02   -1.761804327e-01    1.262174477e-01    1.148292697e-01
    3.388461933e-02    1.514487346e-01   -1.288710488e-01   -1.335268010e-01    1.565040261e-01    4.805741665e-02   -1.991810414e-01    1.137017515e-02    1.771936537e-01   -1.002047727e-01   -1.539818434e-01    1.475171942e-01    8.064634401e-02   -1.946254565e-01   -1.573211196e-02    1.891030619e-01   -7.302246629e-02   -1.730021768e-01    1.310600219e-01    1.092269896e-01
    3.416890691e-02    1.511612045e-01   -1.296250839e-01   -1.325309910e-01    1.572910198e-01    4.616049790e-02   -1.994046789e-01    1.402732309e-02    1.762748519e-01   -1.031363824e-01   -1.515453288e-01    1.499779334e-01    7.667009117e-02   -1.957747114e-01   -1.062043944e-02    1.882123792e-01   -7.846481928e-02   -1.696589186e-01    1.357535698e-01    1.034859950e-01
    3.445309074e-02    1.508717852e-01   -1.303760492e-01   -1.315294180e-01    1.580655424e-01    4.425761164e-02   -1.996001860e-01    1.668028602e-02    1.753112381e-01   -1.060388874e-01   -1.490557202e-01    1.523707495e-01    7.265170519e-02   -1.968110635e-01   -5.505156558e-03    1.871716980e-01   -8.384287806e-02   -1.661539425e-01    1.402929528e-01    9.761325366e-02
    3.473716997e-02    1.505804800e-01   -1.311239246e-01   -1.305221292e-01    1.588275355e-01    4.234896301e-02   -1.997675335e-01    1.932855263e-02    1.743030472e-01   -1.089114110e-01   -1.465139276e-01    1.546946000e-01    6.859324072e-02   -1.977338974e-01   -3.897491191e-04    1.859818251e-01   -8.915193170e-02   -1.624906918e-01    1.446732010e-01    9.161589293e-02
    3.502114374e-02    1.502872919e-01   -1.318686902e-01   -1.295091721e-01    1.595769420e-01    4.043475777e-02   -1.999066964e-01    2.197161247e-02    1.732505248e-01   -1.117530859e-01   -1.439208800e-01    1.569484727e-01    6.449677294e-02   -1.985426652e-01    4.722296962e-03    1.846436834e-01   -9.438732971e-02   -1.586727653e-01    1.488895186e-01    8.550119155e-02
    3.530501118e-02    1.499922240e-01   -1.326103262e-01   -1.284905946e-01    1.603137056e-01    3.851520230e-02   -2.000176535e-01    2.460895612e-02    1.721539277e-01   -1.145630538e-01   -1.412775252e-01    1.591313856e-01    6.036439644e-02   -1.992368866e-01    9.827498043e-03    1.831583107e-01   -9.954448609e-02   -1.547039139e-01    1.529372896e-01    7.927657060e-02
    3.558877144e-02    1.496952794e-01   -1.333488127e-01   -1.274664447e-01    1.610377709e-01    3.659050355e-02   -2.001003881e-01    2.724007523e-02    1.710135232e-01   -1.173404660e-01   -1.385848294e-01    1.612423879e-01    5.619822424e-02   -1.998161495e-01    1.492237513e-02    1.815268588e-01   -1.046188834e-01   -1.505880364e-01    1.568120822e-01    7.294958455e-02
    3.587242365e-02    1.493964613e-01   -1.340841301e-01   -1.264367707e-01    1.617490835e-01    3.466086905e-02   -2.001548875e-01    2.986446264e-02    1.698295895e-01   -1.200844837e-01   -1.358437767e-01    1.632805599e-01    5.200038664e-02   -2.002801096e-01    2.000345623e-02    1.797505931e-01   -1.096060766e-01   -1.463291764e-01    1.605096542e-01    6.652791206e-02
    3.615596694e-02    1.490957729e-01   -1.348162588e-01   -1.254016212e-01    1.624475901e-01    3.272650688e-02   -2.001811432e-01    3.248161248e-02    1.686024153e-01   -1.227942782e-01   -1.330553691e-01    1.652450136e-01    4.777303013e-02   -2.006284913e-01    2.506727875e-02    1.778308911e-01   -1.145016972e-01   -1.419315177e-01    1.640259574e-01    6.001934672e-02
    3.643940047e-02    1.487932174e-01   -1.355451792e-01   -1.243610451e-01    1.631332379e-01    3.078762560e-02   -2.001791509e-01    3.509102026e-02    1.673322998e-01   -1.254690311e-01   -1.302206258e-01    1.671348932e-01    4.351831636e-02   -2.008610876e-01    3.011039185e-02    1.757692418e-01   -1.193014567e-01   -1.373993808e-01    1.673571421e-01    5.343178752e-02
    3.672272336e-02    1.484887981e-01   -1.362708718e-01   -1.233150914e-01    1.638059756e-01    2.884443430e-02   -2.001489103e-01    3.769218295e-02    1.660195530e-01   -1.281079344e-01   -1.273405832e-01    1.689493752e-01    3.923842095e-02   -2.009777601e-01    3.512935874e-02    1.735672441e-01   -1.240011507e-01   -1.327372178e-01    1.704995613e-01    4.677322932e-02
    3.700593476e-02    1.481825181e-01   -1.369933174e-01   -1.222638096e-01    1.644657526e-01    2.689714253e-02   -2.000904255e-01    4.028459914e-02    1.646644951e-01   -1.307101910e-01   -1.244162939e-01    1.706876692e-01    3.493553244e-02   -2.009784391e-01    4.012075911e-02    1.712266058e-01   -1.285966624e-01   -1.279496091e-01    1.734497746e-01    4.005175311e-02
    3.728903381e-02    1.478743808e-01   -1.377124967e-01   -1.212072492e-01    1.651125191e-01    2.494596030e-02   -2.000037045e-01    4.286776905e-02    1.632674566e-01   -1.332750151e-01   -1.214488269e-01    1.723490177e-01    3.061185114e-02   -2.008631239e-01    4.508119140e-02    1.687491425e-01   -1.330839662e-01   -1.230412579e-01    1.762045520e-01    3.327551622e-02
    3.757201965e-02    1.475643895e-01   -1.384283904e-01   -1.201454603e-01    1.657462266e-01    2.299109805e-02   -1.998887598e-01    4.544119470e-02    1.618287783e-01   -1.358016319e-01   -1.184392671e-01    1.739326969e-01    2.626958802e-02   -2.006318825e-01    5.000727514e-02    1.661367755e-01   -1.374591315e-01   -1.180169862e-01    1.787608778e-01    2.645274244e-02
    3.785489142e-02    1.472525474e-01   -1.391409794e-01   -1.190784928e-01    1.663668275e-01    2.103276661e-02   -1.997456076e-01    4.800437997e-02    1.603488114e-01   -1.382892781e-01   -1.153887146e-01    1.754380166e-01    2.191096355e-02   -2.002848519e-01    5.489565323e-02    1.633915311e-01   -1.417183255e-01   -1.128817300e-01    1.811159533e-01    1.959171199e-02
    3.813764826e-02    1.469388580e-01   -1.398502447e-01   -1.180063973e-01    1.669742749e-01    1.907117720e-02   -1.995742687e-01    5.055683069e-02    1.588279169e-01   -1.407372024e-01   -1.122982847e-01    1.768643209e-01    1.753820662e-02   -1.998222375e-01    5.974299429e-02    1.605155385e-01   -1.458578175e-01   -1.076405341e-01    1.832672002e-01    1.270075153e-02
    3.842028931e-02    1.466233246e-01   -1.405561675e-01   -1.169292243e-01    1.675685232e-01    1.710654141e-02   -1.993747678e-01    5.309805475e-02    1.572664659e-01   -1.431446652e-01   -1.091691071e-01    1.782109883e-01    1.315355333e-02   -1.992443136e-01    6.454599484e-02    1.575110285e-01   -1.498739812e-01   -1.022985475e-01    1.852122634e-01    5.788223998e-03
    3.870281372e-02    1.463059506e-01   -1.412587287e-01   -1.158470248e-01    1.681495276e-01    1.513907115e-02   -1.991471339e-01    5.562756221e-02    1.556648395e-01   -1.455109394e-01   -1.060023258e-01    1.794774318e-01    8.759245924e-03   -1.985514226e-01    6.930138164e-02    1.543803313e-01   -1.537632986e-01   -9.686101821e-02    1.869490136e-01   -1.137481496e-03
    3.898522062e-02    1.459867394e-01   -1.419579097e-01   -1.147598498e-01    1.687172445e-01    1.316897866e-02   -1.988913999e-01    5.814486536e-02    1.540234286e-01   -1.478353102e-01   -1.027990986e-01    1.806630996e-01    4.357531565e-03   -1.977439755e-01    7.400591386e-02    1.511258754e-01   -1.575223626e-01   -9.133328812e-02    1.884755496e-01   -8.067959873e-03
    3.926750916e-02    1.456656944e-01   -1.426536918e-01   -1.136677507e-01    1.692716309e-01    1.119647647e-02   -1.986076031e-01    6.064947883e-02    1.523426337e-01   -1.501170753e-01   -9.956059659e-02    1.817674749e-01   -4.933875465e-05   -1.968224510e-01    7.865638530e-02    1.477501849e-01   -1.611478804e-01   -8.572078771e-02    1.897902002e-01   -1.499480028e-02
    3.954967849e-02    1.453428192e-01   -1.433460564e-01   -1.125707792e-01    1.698126453e-01    9.221777372e-03   -1.982957848e-01    6.314091970e-02    1.506228650e-01   -1.523555454e-01   -9.628800373e-02    1.827900762e-01   -4.459111393e-03   -1.957873955e-01    8.324962662e-02    1.442558783e-01   -1.646366760e-01   -8.002903076e-02    1.908915265e-01   -2.190959629e-02
    3.983172774e-02    1.450181171e-01   -1.440349850e-01   -1.114689870e-01    1.703402468e-01    7.245094398e-03   -1.979559905e-01    6.561870756e-02    1.488645424e-01   -1.545500443e-01   -9.298251653e-02    1.837304578e-01   -8.869531204e-03   -1.946394230e-01    8.778250743e-02    1.406456658e-01   -1.679856934e-01   -7.426360891e-02    1.917783229e-01   -2.880395612e-02
    4.011365606e-02    1.446915917e-01   -1.447204592e-01   -1.103624263e-01    1.708543956e-01    5.266640816e-03   -1.975882697e-01    6.808236465e-02    1.470680950e-01   -1.566999089e-01   -8.964534353e-02    1.845882098e-01   -1.327834269e-02   -1.933792143e-01    9.225193848e-02    1.369223477e-01   -1.711919987e-01   -6.843018616e-02    1.924496188e-01   -3.566951279e-02
    4.039546259e-02    1.443632465e-01   -1.454024607e-01   -1.092511494e-01    1.713550530e-01    3.286630085e-03   -1.971926763e-01    7.053141587e-02    1.452339613e-01   -1.588044898e-01   -8.627770487e-02    1.853629582e-01   -1.768329116e-02   -1.920075168e-01    9.665487374e-02    1.330888120e-01   -1.742527832e-01   -6.253449335e-02    1.929046796e-01   -4.249793433e-02
    4.067714648e-02    1.440330850e-01   -1.460809712e-01   -1.081352088e-01    1.718421812e-01    1.305275844e-03   -1.967692679e-01    7.296538899e-02    1.433625890e-01   -1.608631511e-01   -8.288083184e-02    1.860543651e-01   -2.208212387e-02   -1.905251442e-01    1.009883125e-01    1.291480323e-01   -1.771653657e-01   -5.658232247e-02    1.931430074e-01   -4.928093380e-02
    4.095870687e-02    1.437011109e-01   -1.467559727e-01   -1.070146572e-01    1.723157435e-01   -6.772081155e-04   -1.963181066e-01    7.538381462e-02    1.414544350e-01   -1.628752708e-01   -7.945596645e-02    1.866621290e-01   -2.647259120e-02   -1.889329758e-01    1.052493013e-01    1.251030653e-01   -1.799271948e-01   -5.057952102e-02    1.931643416e-01   -5.601027945e-02
    4.124014291e-02    1.433673277e-01   -1.474274470e-01   -1.058895477e-01    1.727757042e-01   -2.660607873e-03   -1.958392583e-01    7.778622639e-02    1.395099651e-01   -1.648402409e-01   -7.600436095e-02    1.871859847e-01   -3.085244778e-02   -1.872319562e-01    1.094349362e-01    1.209570485e-01   -1.825358511e-01   -4.453198623e-02    1.929686593e-01   -6.267780462e-02
    4.152145374e-02    1.430317390e-01   -1.480953762e-01   -1.047599334e-01    1.732220284e-01   -4.644709400e-03   -1.953327930e-01    8.017216100e-02    1.375296540e-01   -1.667574677e-01   -7.252727739e-02    1.876257038e-01   -3.521945364e-02   -1.854230943e-01    1.135423645e-01    1.167131979e-01   -1.849890494e-01   -3.844565929e-02    1.925561750e-01   -6.927541774e-02
    4.180263851e-02    1.426943485e-01   -1.487597425e-01   -1.036258677e-01    1.736546826e-01   -6.629298584e-03   -1.947987851e-01    8.254115831e-02    1.355139852e-01   -1.686263719e-01   -6.902598715e-02    1.879810942e-01   -3.957137539e-02   -1.835074632e-01    1.175687868e-01    1.123748054e-01   -1.872846406e-01   -3.232651951e-02    1.919273409e-01   -7.579511206e-02
    4.208369637e-02    1.423551599e-01   -1.494205280e-01   -1.024874044e-01    1.740736340e-01   -8.614161252e-03   -1.942373126e-01    8.489276143e-02    1.334634508e-01   -1.704463887e-01   -6.550177049e-02    1.882520008e-01   -4.390598729e-02   -1.814861995e-01    1.215114589e-01    1.079452360e-01   -1.894206139e-01   -2.618057843e-02    1.910828459e-01   -8.222897542e-02
    4.236462645e-02    1.420141767e-01   -1.500777152e-01   -1.013445972e-01    1.744788510e-01   -1.059908319e-02   -1.936484579e-01    8.722651684e-02    1.313785514e-01   -1.722169682e-01   -6.195591607e-02    1.884383051e-01   -4.822107249e-02   -1.793605022e-01    1.253676936e-01    1.034279258e-01   -1.913950979e-01   -2.001387393e-02    1.900236150e-01   -8.856919986e-02
    4.264542792e-02    1.416714027e-01   -1.507312863e-01   -1.001975003e-01    1.748703030e-01   -1.258385018e-02   -1.930323072e-01    8.954197441e-02    1.292597962e-01   -1.739375753e-01   -5.838972045e-02    1.885399256e-01   -5.251442406e-02   -1.771316325e-01    1.291348626e-01    9.882637881e-02   -1.932063631e-01   -1.383246429e-02    1.887508083e-01   -9.480809105e-02
    4.292609991e-02    1.413268417e-01   -1.513812240e-01   -9.904616783e-02    1.752479602e-01   -1.456824800e-02   -1.923889510e-01    9.183868756e-02    1.271077024e-01   -1.756076900e-01   -5.480448768e-02    1.885568176e-01   -5.678384620e-02   -1.748009127e-01    1.328103986e-01    9.414416433e-02   -1.948528228e-01   -7.642422253e-03    1.872658200e-01   -1.009380777e-01
    4.320664158e-02    1.409804973e-01   -1.520275109e-01   -9.789065432e-02    1.756117942e-01   -1.655206247e-02   -1.917184834e-01    9.411621330e-02    1.249227956e-01   -1.772268077e-01   -5.120152879e-02    1.884889733e-01   -6.102715531e-02   -1.723697256e-01    1.363917962e-01    8.938491435e-02   -1.963330346e-01   -1.449829035e-03    1.855702763e-01   -1.069517206e-01
    4.348705207e-02    1.406323734e-01   -1.526701296e-01   -9.673101447e-02    1.759617774e-01   -1.853507945e-02   -1.910210030e-01    9.637411234e-02    1.227056093e-01   -1.787944389e-01   -4.758216127e-02    1.883364217e-01   -6.524218113e-02   -1.698395138e-01    1.398766145e-01    8.455232058e-02   -1.976457017e-01    4.739231629e-03    1.836660343e-01   -1.128417218e-01
    4.376733054e-02    1.402824737e-01   -1.533090629e-01   -9.556730313e-02    1.762978833e-01   -2.051708490e-02   -1.902966119e-01    9.861194916e-02    1.204566849e-01   -1.803101099e-01   -4.394770867e-02    1.880992291e-01   -6.942676787e-02   -1.672117783e-01    1.432624784e-01    7.965013167e-02   -1.987896743e-01    1.091867947e-02    1.815551792e-01   -1.186009336e-01
    4.404747612e-02    1.399308021e-01   -1.539442938e-01   -9.439957539e-02    1.766200864e-01   -2.249786486e-02   -1.895454166e-01    1.008292921e-01    1.181765716e-01   -1.817733625e-01   -4.029950006e-02    1.877774981e-01   -7.357877526e-02   -1.644880783e-01    1.465470801e-01    7.468215024e-02   -1.997639502e-01    1.708244366e-02    1.792400227e-01   -1.242223667e-01
    4.432748797e-02    1.395773624e-01   -1.545758052e-01   -9.322788651e-02    1.769283622e-01   -2.447720552e-02   -1.887675271e-01    1.030257134e-01    1.158658263e-01   -1.831837544e-01   -3.663886954e-02    1.873713685e-01   -7.769607968e-02   -1.616700299e-01    1.497281809e-01    6.965222998e-02   -2.005676759e-01    2.322446877e-02    1.767231003e-01   -1.296991993e-01
    4.460736525e-02    1.392221584e-01   -1.552035802e-01   -9.205229197e-02    1.772226874e-01   -2.645489318e-02   -1.879630578e-01    1.052007894e-01    1.135250132e-01   -1.845408595e-01   -3.296715579e-02    1.868810168e-01   -8.177657527e-02   -1.587593050e-01    1.528036126e-01    6.456427264e-02   -2.012001472e-01    2.933872072e-02    1.740071681e-01   -1.350247850e-01
    4.488710709e-02    1.388651940e-01   -1.558276020e-01   -9.087284741e-02    1.775030397e-01   -2.843071434e-02   -1.871321267e-01    1.073541005e-01    1.111547041e-01   -1.858442672e-01   -2.928570155e-02    1.863066562e-01   -8.581817494e-02   -1.557576308e-01    1.557712788e-01    5.942222499e-02   -2.016608101e-01    3.541919273e-02    1.710952003e-01   -1.401926610e-01
    4.516671265e-02    1.385064731e-01   -1.564478539e-01   -8.968960868e-02    1.777693976e-01   -3.040445570e-02   -1.862748559e-01    1.094852313e-01    1.087554778e-01   -1.870935838e-01   -2.559585315e-02    1.856485363e-01   -8.981881150e-02   -1.526667884e-01    1.586291570e-01    5.423007578e-02   -2.019492611e-01    4.145991117e-02    1.679903858e-01   -1.451965557e-01
    4.544618109e-02    1.381459997e-01   -1.570643193e-01   -8.850263180e-02    1.780217409e-01   -3.237590414e-02   -1.853913711e-01    1.115937706e-01    1.063279203e-01   -1.882884314e-01   -2.189895999e-02    1.849069434e-01   -9.377643869e-02   -1.494886116e-01    1.613752991e-01    4.899185266e-02   -2.020652473e-01    4.745494148e-02    1.646961245e-01   -1.500303969e-01
    4.572551154e-02    1.377837776e-01   -1.576769816e-01   -8.731197298e-02    1.782600504e-01   -3.434484682e-02   -1.844818023e-01    1.136793118e-01    1.038726246e-01   -1.894284488e-01   -1.819637408e-02    1.840822000e-01   -9.768903224e-02   -1.462249864e-01    1.640078333e-01    4.371161899e-02   -2.020086671e-01    5.339839398e-02    1.612160238e-01   -1.546883186e-01
    4.600470318e-02    1.374198108e-01   -1.582858244e-01   -8.611768860e-02    1.784843079e-01   -3.631107113e-02   -1.835462829e-01    1.157414523e-01    1.013901902e-01   -1.905132913e-01   -1.448944951e-02    1.831746651e-01   -1.015545909e-01   -1.428778492e-01    1.665249653e-01    3.839347079e-02   -2.017795701e-01    5.928442964e-02    1.575538947e-01   -1.591646682e-01
    4.628375514e-02    1.370541034e-01   -1.588908315e-01   -8.491983523e-02    1.786944963e-01   -3.827436478e-02   -1.825849505e-01    1.177797944e-01    9.888122365e-02   -1.915426308e-01   -1.077954199e-02    1.821847333e-01   -1.053711374e-01   -1.394491862e-01    1.689249792e-01    3.304153346e-02   -2.013781570e-01    6.510726587e-02    1.537137473e-01   -1.634540136e-01
    4.656266658e-02    1.366866593e-01   -1.594919866e-01   -8.371846961e-02    1.788905995e-01   -4.023451576e-02   -1.815979462e-01    1.197939447e-01    9.634633766e-02   -1.925161561e-01   -7.068008319e-03    1.811128356e-01   -1.091367195e-01   -1.359410319e-01    1.712062392e-01    2.765995865e-02   -2.008047794e-01    7.086118211e-02    1.496997868e-01   -1.675511497e-01
    4.684143666e-02    1.363174826e-01   -1.600892735e-01   -8.251364863e-02    1.790726025e-01   -4.219131241e-02   -1.805854151e-01    1.217835147e-01    9.378615144e-02   -1.934335727e-01   -3.356205928e-03    1.799594383e-01   -1.128494113e-01   -1.323554680e-01    1.733671902e-01    2.225292100e-02   -2.000599394e-01    7.654052556e-02    1.455164087e-01   -1.714511046e-01
    4.712006452e-02    1.359465772e-01   -1.606826763e-01   -8.130542938e-02    1.792404913e-01   -4.414454340e-02   -1.795475060e-01    1.237481205e-01    9.120129037e-02   -1.942946032e-01    3.545076509e-04    1.787250435e-01   -1.165073136e-01   -1.286946221e-01    1.754063592e-01    1.682461494e-02   -1.991442897e-01    8.213971664e-02    1.411681938e-01   -1.751491457e-01
    4.739854932e-02    1.355739473e-01   -1.612721790e-01   -8.009386910e-02    1.793942530e-01   -4.609399781e-02   -1.784843714e-01    1.256873829e-01    8.859238587e-02   -1.950989871e-01    4.062775265e-03    1.774101884e-01   -1.201085552e-01   -1.249606666e-01    1.773223562e-01    1.137925138e-02   -1.980586323e-01    8.765325452e-02    1.366599036e-01   -1.786407855e-01
    4.767689022e-02    1.351995970e-01   -1.618577659e-01   -7.887902520e-02    1.795338758e-01   -4.803946510e-02   -1.773961676e-01    1.276009278e-01    8.596007524e-02   -1.958464809e-01    7.767240639e-03    1.760154453e-01   -1.236512942e-01   -1.211558173e-01    1.791138751e-01    5.921054516e-03   -1.968039183e-01    9.307572253e-02    1.319964749e-01   -1.819217870e-01
    4.795508638e-02    1.348235304e-01   -1.624394212e-01   -7.766095523e-02    1.796593488e-01   -4.998073516e-02   -1.762830546e-01    1.294883860e-01    8.330500152e-02   -1.965368587e-01    1.146654887e-02    1.745414212e-01   -1.271337183e-01   -1.172823319e-01    1.807796947e-01    4.542584809e-04   -1.953812468e-01    9.840179345e-02    1.271830141e-01   -1.849881688e-01
    4.823313693e-02    1.344457515e-01   -1.630171294e-01   -7.643971692e-02    1.797706623e-01   -5.191759832e-02   -1.751451959e-01    1.313493930e-01    8.062781331e-02   -1.971699113e-01    1.515934694e-02    1.729887580e-01   -1.305540461e-01   -1.133425090e-01    1.823186794e-01   -5.016895891e-03   -1.937918641e-01    1.036262348e-01    1.222247923e-01   -1.878362101e-01
    4.851104105e-02    1.340662646e-01   -1.635908748e-01   -7.521536815e-02    1.798678075e-01   -5.384984539e-02   -1.739827590e-01    1.331835900e-01    7.792916465e-02   -1.977454472e-01    1.884428418e-02    1.713581313e-01   -1.339105280e-01   -1.093386867e-01    1.837297800e-01   -1.048816437e-02   -1.920371626e-01    1.087439138e-01    1.171272387e-01   -1.904624549e-01
    4.878879789e-02    1.336850739e-01   -1.641606421e-01   -7.398796694e-02    1.799507770e-01   -5.577726765e-02   -1.727959146e-01    1.349906228e-01    7.520971481e-02   -1.982632922e-01    2.252001277e-02    1.696502513e-01   -1.372014471e-01   -1.052732408e-01    1.850120345e-01   -1.595530263e-02   -1.901186794e-01    1.137498028e-01    1.118959353e-01   -1.928637166e-01
    4.906640660e-02    1.333021834e-01   -1.647264161e-01   -7.275757148e-02    1.800195640e-01   -5.769965692e-02   -1.715848374e-01    1.367701427e-01    7.247012818e-02   -1.987232894e-01    2.618518828e-02    1.678658613e-01   -1.404251199e-01   -1.011485839e-01    1.861645689e-01   -2.141406953e-02   -1.880380952e-01    1.186389837e-01    1.065366104e-01   -1.950370814e-01
    4.934386635e-02    1.329175976e-01   -1.652881815e-01   -7.152424009e-02    1.800741632e-01   -5.961680555e-02   -1.703497054e-01    1.385218063e-01    6.971107406e-02   -1.991252995e-01    2.983847010e-02    1.660057382e-01   -1.435798973e-01   -9.696716369e-02    1.871865972e-01   -2.686023041e-02   -1.857972325e-01    1.234066533e-01    1.010551326e-01   -1.969799123e-01
    4.962117628e-02    1.325313204e-01   -1.658459233e-01   -7.028803123e-02    1.801145699e-01   -6.152850642e-02   -1.690907002e-01    1.402452755e-01    6.693322654e-02   -1.994692006e-01    3.347852195e-02    1.640706919e-01   -1.466641655e-01   -9.273146162e-02    1.880774228e-01   -3.228956037e-02   -1.833980546e-01    1.280481276e-01    9.545750431e-02   -1.986898520e-01
    4.989833556e-02    1.321433564e-01   -1.663996264e-01   -6.904900352e-02    1.801407809e-01   -6.343455304e-02   -1.678080071e-01    1.419402177e-01    6.413726430e-02   -1.997548884e-01    3.710401237e-02    1.620615648e-01   -1.496763466e-01   -8.844399129e-02    1.888364381e-01   -3.769784756e-02   -1.808426632e-01    1.325588467e-01    8.974985488e-02   -2.001648259e-01
    5.017534335e-02    1.317537096e-01   -1.669492760e-01   -6.780721570e-02    1.801527939e-01   -6.533473949e-02   -1.665018146e-01    1.436063056e-01    6.132387046e-02   -1.999822762e-01    4.071361525e-02    1.599792319e-01   -1.526148998e-01   -8.410729709e-02    1.894631257e-01   -4.308089643e-02   -1.781332969e-01    1.369343790e-01    8.393843431e-02   -2.014030444e-01
    5.045219881e-02    1.313623845e-01   -1.674948573e-01   -6.656272666e-02    1.801506074e-01   -6.722886047e-02   -1.651723150e-01    1.452432178e-01    5.849373243e-02   -2.001512949e-01    4.430601023e-02    1.578245997e-01   -1.554783218e-01   -7.972395262e-02    1.899570581e-01   -4.843453101e-02   -1.752723293e-01    1.411704259e-01    7.802960619e-02   -2.024030055e-01
    5.072890109e-02    1.309693853e-01   -1.680363557e-01   -6.531559541e-02    1.801342215e-01   -6.911671136e-02   -1.638197038e-01    1.468506381e-01    5.564754171e-02   -2.002618931e-01    4.787988325e-02    1.555986064e-01   -1.582651477e-01   -7.529655917e-02    1.903178985e-01   -5.375459813e-02   -1.722622666e-01    1.452628257e-01    7.202984074e-02   -2.031634962e-01
    5.100544935e-02    1.305747164e-01   -1.685737566e-01   -6.406588109e-02    1.801036368e-01   -7.099808819e-02   -1.624441800e-01    1.484282564e-01    5.278599372e-02   -2.003140369e-01    5.143392701e-02    1.533022213e-01   -1.609739517e-01   -7.082774422e-02    1.905454007e-01   -5.903697063e-02   -1.691057459e-01    1.492075580e-01    6.594570777e-02   -2.036835940e-01
    5.128184276e-02    1.301783821e-01   -1.691070456e-01   -6.281364298e-02    1.800588554e-01   -7.287278768e-02   -1.610459459e-01    1.499757680e-01    4.990978768e-02   -2.003077101e-01    5.496684144e-02    1.509364443e-01   -1.636033482e-01   -6.632015983e-02    1.906394094e-01   -6.427755060e-02   -1.658055324e-01    1.530007471e-01    5.978386948e-02   -2.039626685e-01
    5.155808047e-02    1.297803869e-01   -1.696362083e-01   -6.155894048e-02    1.799998802e-01   -7.474060727e-02   -1.596252074e-01    1.514928743e-01    4.701962637e-02   -2.002429143e-01    5.847733420e-02    1.485023056e-01   -1.661519918e-01   -6.177648108e-02    1.905998602e-01   -6.947227252e-02   -1.623645173e-01    1.566386667e-01    5.355107312e-02   -2.040003816e-01
    5.183416166e-02    1.293807350e-01   -1.701612305e-01   -6.030183309e-02    1.799267152e-01   -7.660134513e-02   -1.581821734e-01    1.529792822e-01    4.411621603e-02   -2.001196686e-01    6.196412113e-02    1.460008652e-01   -1.686185788e-01   -5.719940450e-02    1.904267799e-01   -7.461710645e-02   -1.587857152e-01    1.601177425e-01    4.725414366e-02   -2.037966880e-01
    5.211008547e-02    1.289794310e-01   -1.706820980e-01   -5.904238046e-02    1.798393655e-01   -7.845480021e-02   -1.567170562e-01    1.544347049e-01    4.120026611e-02   -1.999380097e-01    6.542592671e-02    1.434332123e-01   -1.710018471e-01   -5.259164647e-02    1.901202863e-01   -7.970806112e-02   -1.550722611e-01    1.634345568e-01    4.089997629e-02   -2.033518357e-01
    5.238585107e-02    1.285764793e-01   -1.711987970e-01   -5.778064233e-02    1.797378374e-01   -8.030077222e-02   -1.552300716e-01    1.558588613e-01    3.827248917e-02   -1.996979922e-01    6.886148456e-02    1.408004652e-01   -1.733005774e-01   -4.795594155e-02    1.896805879e-01   -8.474118707e-02   -1.512274085e-01    1.665858508e-01    3.449552885e-02   -2.026663650e-01
    5.266145763e-02    1.281718844e-01   -1.717113134e-01   -5.651667856e-02    1.796221380e-01   -8.213906167e-02   -1.537214382e-01    1.572514765e-01    3.533360065e-02   -1.993996881e-01    7.226953790e-02    1.381037703e-01   -1.755135937e-01   -4.329504096e-02    1.891079842e-01   -8.971257966e-02   -1.472545255e-01    1.695685287e-01    2.804781427e-02   -2.017411087e-01
    5.293690430e-02    1.277656507e-01   -1.722196335e-01   -5.525054914e-02    1.794922757e-01   -8.396946990e-02   -1.521913782e-01    1.586122814e-01    3.238431873e-02   -1.990431871e-01    7.564883997e-02    1.353443019e-01   -1.776397636e-01   -3.861171085e-02    1.884028653e-01   -9.461838215e-02   -1.431570927e-01    1.723796602e-01    2.156389281e-02   -2.005771901e-01
    5.321219026e-02    1.273577827e-01   -1.727237436e-01   -5.398231415e-02    1.793482597e-01   -8.579179910e-02   -1.506401166e-01    1.599410135e-01    2.942536414e-02   -1.986285966e-01    7.899815452e-02    1.325232619e-01   -1.796779994e-01   -3.390873070e-02    1.875657115e-01   -9.945478866e-02   -1.389386997e-01    1.750164835e-01    1.505086441e-02   -1.991760224e-01
    5.348731466e-02    1.269482850e-01   -1.732236301e-01   -5.271203375e-02    1.791901005e-01   -8.760585232e-02   -1.490678820e-01    1.612374159e-01    2.645745998e-02   -1.981560412e-01    8.231625628e-02    1.296418788e-01   -1.816272581e-01   -2.918889170e-02    1.865970932e-01   -1.042180471e-01   -1.346030422e-01    1.774764082e-01    8.515860854e-03   -1.975393069e-01
    5.376227667e-02    1.265371621e-01   -1.737192796e-01   -5.143976825e-02    1.790178095e-01   -8.941143350e-02   -1.474749056e-01    1.625012385e-01    2.348133157e-02   -1.976256633e-01    8.560193135e-02    1.267014074e-01   -1.834865424e-01   -2.445499504e-02    1.854976704e-01   -1.089044623e-01   -1.301539183e-01    1.797570175e-01    1.966038002e-03   -1.956690304e-01
    5.403707546e-02    1.261244185e-01   -1.742106787e-01   -5.016557802e-02    1.788313992e-01   -9.120834747e-02   -1.458614219e-01    1.637322370e-01    2.049770622e-02   -1.970376228e-01    8.885397769e-02    1.237031284e-01   -1.852549009e-01   -1.970985025e-02    1.842681922e-01   -1.135103983e-01   -1.255952260e-01    1.818560708e-01   -4.591432072e-03   -1.935674635e-01
    5.431171019e-02    1.257100589e-01   -1.746978142e-01   -4.888952355e-02    1.786308833e-01   -9.299640003e-02   -1.442276685e-01    1.649301738e-01    1.750731312e-02   -1.963920969e-01    9.207120557e-02    1.206483475e-01   -1.869314289e-01   -1.495627360e-02    1.829094963e-01   -1.180322820e-01   -1.209309589e-01    1.837715062e-01   -1.114936892e-02   -1.912371572e-01
    5.458618002e-02    1.252940879e-01   -1.751806729e-01   -4.761166540e-02    1.784162763e-01   -9.477539791e-02   -1.425738858e-01    1.660948175e-01    1.451088309e-02   -1.956892800e-01    9.525243796e-02    1.175383953e-01   -1.885152683e-01   -1.019708634e-02    1.814225087e-01   -1.224666053e-01   -1.161652033e-01    1.855014417e-01   -1.770059159e-02   -1.886809404e-01
    5.486048413e-02    1.248765100e-01   -1.756592419e-01   -4.633206424e-02    1.781875940e-01   -9.654514879e-02   -1.409003174e-01    1.672259430e-01    1.150914847e-02   -1.949293843e-01    9.839651098e-02    1.143746261e-01   -1.900056087e-01   -5.435113089e-03    1.798082427e-01   -1.268099279e-01   -1.113021344e-01    1.870441779e-01   -2.423792648e-02   -1.859019158e-01
    5.513462168e-02    1.244573300e-01   -1.761335083e-01   -4.505078081e-02    1.779448531e-01   -9.830546137e-02   -1.392072096e-01    1.683233319e-01    8.502842883e-03   -1.941126386e-01    1.015022743e-01    1.111584180e-01   -1.914016875e-01   -6.731801200e-04    1.780677982e-01   -1.310588802e-01   -1.063460126e-01    1.883981993e-01   -3.075421520e-02   -1.829034570e-01
    5.540859184e-02    1.240365524e-01   -1.766034592e-01   -4.376787595e-02    1.776880713e-01   -1.000561454e-01   -1.374948117e-01    1.693867721e-01    5.492701098e-03   -1.932392895e-01    1.045685918e-01    1.078911716e-01   -1.927027902e-01    4.085886290e-03    1.762023614e-01   -1.352101660e-01   -1.013011798e-01    1.895621755e-01   -3.724232241e-02   -1.796892034e-01
    5.568239377e-02    1.236141820e-01   -1.770690820e-01   -4.248341057e-02    1.774172675e-01   -1.017970115e-01   -1.357633758e-01    1.704160583e-01    2.479458827e-03   -1.923096004e-01    1.075943414e-01    1.045743101e-01   -1.939082510e-01    8.839261552e-03    1.742132036e-01   -1.392605645e-01   -9.617205578e-02    1.905349631e-01   -4.369514364e-02   -1.762630566e-01
    5.595602665e-02    1.231902235e-01   -1.775303642e-01   -4.119744567e-02    1.771324617e-01   -1.035278716e-01   -1.340131569e-01    1.714109914e-01   -5.361474478e-04   -1.913238515e-01    1.105784162e-01    1.012092781e-01   -1.950174529e-01    1.358412444e-02    1.721016804e-01   -1.432069334e-01   -9.096313404e-02    1.913156066e-01   -5.010561305e-02   -1.726291753e-01
    5.622948965e-02    1.227646815e-01   -1.779872933e-01   -3.991004230e-02    1.768336746e-01   -1.052485385e-01   -1.322444127e-01    1.723713793e-01   -3.553380654e-03   -1.902823405e-01    1.135197243e-01    9.779754129e-02   -1.960298282e-01    1.831765877e-02    1.698692307e-01   -1.470462110e-01   -8.567897806e-02    1.919033391e-01   -5.646671118e-02   -1.687919703e-01
    5.650278193e-02    1.223375609e-01   -1.784398569e-01   -3.862126161e-02    1.765209284e-01   -1.069588263e-01   -1.304574036e-01    1.732970364e-01   -6.571503309e-03   -1.891853814e-01    1.164171896e-01    9.434058563e-02   -1.969448587e-01    2.303705504e-02    1.675173761e-01   -1.507754186e-01   -8.032421722e-02    1.922975832e-01   -6.277147263e-02   -1.647560991e-01
    5.677590267e-02    1.219088664e-01   -1.788880429e-01   -3.733116481e-02    1.761942461e-01   -1.086585498e-01   -1.286523928e-01    1.741877838e-01   -9.589777702e-03   -1.880333053e-01    1.192697519e-01    9.083991688e-02   -1.977620761e-01    2.773951217e-02    1.650477194e-01   -1.543916631e-01   -7.490354277e-02    1.924979518e-01   -6.901299371e-02   -1.605264604e-01
    5.704885103e-02    1.214786027e-01   -1.793318392e-01   -3.603981317e-02    1.758536517e-01   -1.103475255e-01   -1.268296460e-01    1.750434492e-01   -1.260746607e-02   -1.868264597e-01    1.220763675e-01    8.729705982e-02   -1.984810619e-01    3.242223908e-02    1.624619438e-01   -1.578921389e-01   -6.942170371e-02    1.925042480e-01   -7.518443997e-02   -1.561081880e-01
    5.732162619e-02    1.210467747e-01   -1.797712337e-01   -3.474726802e-02    1.754991703e-01   -1.120255706e-01   -1.249894318e-01    1.758638674e-01   -1.562383080e-02   -1.855652090e-01    1.248360095e-01    8.371355764e-02   -1.991014481e-01    3.708245638e-02    1.597618115e-01   -1.612741302e-01   -6.388350265e-02    1.923164659e-01   -8.127905370e-02   -1.515066446e-01
    5.759422732e-02    1.206133872e-01   -1.802062147e-01   -3.345359077e-02    1.751308282e-01   -1.136925038e-01   -1.231320212e-01    1.766488796e-01   -1.863813455e-02   -1.842499338e-01    1.275476680e-01    8.009097123e-02   -1.996229169e-01    4.171739807e-02    1.569491629e-01   -1.645350131e-01   -5.829379157e-02    1.919347901e-01   -8.729016132e-02   -1.467274154e-01
    5.786665359e-02    1.201784451e-01   -1.806367704e-01   -3.215884288e-02    1.747486524e-01   -1.153481447e-01   -1.212576876e-01    1.773983341e-01   -2.164964052e-02   -1.828810309e-01    1.302103510e-01    7.643087854e-02   -2.000452013e-01    4.632431309e-02    1.540259148e-01   -1.676722576e-01   -5.265746759e-02    1.913595956e-01   -9.321118069e-02   -1.417763012e-01
    5.813890417e-02    1.197419531e-01   -1.810628891e-01   -3.086308585e-02    1.743526713e-01   -1.169923143e-01   -1.193667072e-01    1.781120860e-01   -2.465761255e-02   -1.814589136e-01    1.328230840e-01    7.273487385e-02   -2.003680850e-01    5.090046701e-02    1.509940597e-01   -1.706834298e-01   -4.697946869e-02    1.905914478e-01   -9.903562833e-02   -1.366593114e-01
    5.841097824e-02    1.193039161e-01   -1.814845593e-01   -2.956638125e-02    1.739429140e-01   -1.186248349e-01   -1.174593586e-01    1.787899973e-01   -2.766131533e-02   -1.799840111e-01    1.353849110e-01    6.900456712e-02   -2.005914025e-01    5.544314367e-02    1.478556640e-01   -1.735661935e-01   -4.126476936e-02    1.896311014e-01   -1.047571265e-01   -1.313826566e-01
    5.868287498e-02    1.188643391e-01   -1.819017696e-01   -2.826879068e-02    1.735194110e-01   -1.202455298e-01   -1.155359225e-01    1.794319367e-01   -3.066001461e-02   -1.784567685e-01    1.378948946e-01    6.524158325e-02   -2.007150391e-01    5.994964673e-02    1.446128667e-01   -1.763183120e-01   -3.551837627e-02    1.884795001e-01   -1.103694102e-01   -1.259527413e-01
    5.895459355e-02    1.184232270e-01   -1.823145088e-01   -2.697037581e-02    1.730821934e-01   -1.218542237e-01   -1.135966824e-01    1.800377802e-01   -3.365297733e-02   -1.768776471e-01    1.403521163e-01    6.144756140e-02   -2.007389313e-01    6.441730132e-02    1.412678779e-01   -1.789376501e-01   -2.974532383e-02    1.871377756e-01   -1.158663341e-01   -1.203761561e-01
    5.922613313e-02    1.179805847e-01   -1.827227657e-01   -2.567119834e-02    1.726312938e-01   -1.234507428e-01   -1.116419239e-01    1.806074104e-01   -3.663947182e-02   -1.752471233e-01    1.427556770e-01    5.762415426e-02   -2.006630666e-01    6.884345563e-02    1.378229777e-01   -1.814221755e-01   -2.395066984e-02    1.856072461e-01   -1.212418790e-01   -1.146596693e-01
    5.949749289e-02    1.175364171e-01   -1.831265292e-01   -2.437132001e-02    1.721667453e-01   -1.250349143e-01   -1.096719350e-01    1.811407172e-01   -3.961876799e-02   -1.735656895e-01    1.451046970e-01    5.377302735e-02   -2.004874835e-01    7.322548243e-02    1.342805139e-01   -1.837699607e-01   -1.813949105e-02    1.838894156e-01   -1.264901588e-01   -1.088102192e-01
    5.976867202e-02    1.170907292e-01   -1.835257884e-01   -2.307080259e-02    1.716885825e-01   -1.266065668e-01   -1.076870058e-01    1.816375973e-01   -4.259013750e-02   -1.718338533e-01    1.473983167e-01    4.989585826e-02   -2.002122714e-01    7.756078071e-02    1.306429010e-01   -1.859791839e-01   -1.231687867e-02    1.819859719e-01   -1.316054267e-01   -1.028349053e-01
    6.003966969e-02    1.166435261e-01   -1.839205326e-01   -2.176970789e-02    1.711968408e-01   -1.281655304e-01   -1.056874289e-01    1.820979545e-01   -4.555285392e-02   -1.700521374e-01    1.496356968e-01    4.599433596e-02   -1.998375707e-01    8.184677715e-02    1.269126185e-01   -1.880481312e-01   -6.487933943e-03    1.798987853e-01   -1.365820815e-01   -9.674098017e-02
    6.031048508e-02    1.161948126e-01   -1.843107509e-01   -2.046809777e-02    1.706915565e-01   -1.297116364e-01   -1.036734987e-01    1.825216995e-01   -4.850619294e-02   -1.682210800e-01    1.518160185e-01    4.207016002e-02   -1.993635730e-01    8.608092769e-02    1.230922088e-01   -1.899751973e-01   -6.577636789e-04    1.776299066e-01   -1.414146738e-01   -9.053583992e-02
    6.058111736e-02    1.157445939e-01   -1.846964330e-01   -1.916603408e-02    1.701727672e-01   -1.312447176e-01   -1.016455120e-01    1.829087504e-01   -5.144943253e-02   -1.663412337e-01    1.539384839e-01    3.812503991e-02   -1.987905202e-01    9.026071904e-02    1.191842760e-01   -1.917588869e-01    5.168524238e-03    1.751815651e-01   -1.460979121e-01   -8.422701585e-02
    6.085156572e-02    1.152928750e-01   -1.850775682e-01   -1.786357873e-02    1.696405114e-01   -1.327646081e-01   -9.960376754e-02    1.832590320e-01   -5.438185312e-02   -1.644131662e-01    1.560023161e-01    3.416069424e-02   -1.981187053e-01    9.438367015e-02    1.151914837e-01   -1.933978161e-01    1.098582531e-02    1.725561664e-01   -1.506266683e-01   -7.782216503e-02
    6.112182932e-02    1.148396609e-01   -1.854541464e-01   -1.656079363e-02    1.690948284e-01   -1.342711435e-01   -9.754856619e-02    1.835724765e-01   -5.730273776e-02   -1.624374597e-01    1.580067599e-01    3.017885001e-02   -1.973484716e-01    9.844733368e-02    1.111165533e-01   -1.948907134e-01    1.678904291e-02    1.697562903e-01   -1.549959835e-01   -7.132906108e-02
    6.139190736e-02    1.143849568e-01   -1.858261572e-01   -1.525774073e-02    1.685357587e-01   -1.357641608e-01   -9.548021075e-02    1.838490230e-01   -6.021137232e-02   -1.604147106e-01    1.599510817e-01    2.618124184e-02   -1.964802128e-01    1.024492975e-01    1.069622626e-01   -1.962364202e-01    2.257309274e-02    1.667846875e-01   -1.592010734e-01   -6.475558469e-02
    6.166179901e-02    1.139287677e-01   -1.861935907e-01   -1.395448197e-02    1.679633439e-01   -1.372434985e-01   -9.339900597e-02    1.840886177e-01   -6.310704566e-02   -1.583455299e-01    1.618345698e-01    2.216961125e-02   -1.955143727e-01    1.063871861e-01    1.027314429e-01   -1.974338925e-01    2.833290727e-02    1.636442781e-01   -1.632373335e-01   -5.810971410e-02
    6.193150345e-02    1.134710988e-01   -1.865564367e-01   -1.265107932e-02    1.673776265e-01   -1.387089965e-01   -9.130525852e-02    1.842912141e-01   -6.598904979e-02   -1.562305423e-01    1.636565349e-01    1.814570588e-02   -1.944514451e-01    1.102586619e-01    9.842697826e-02   -1.984822010e-01    3.406344021e-02    1.603381474e-01   -1.671003441e-01   -5.139951541e-02
    6.220101987e-02    1.130119551e-01   -1.869146856e-01   -1.134759477e-02    1.667786498e-01   -1.401604962e-01   -8.919927692e-02    1.844567728e-01   -6.885668005e-02   -1.540703864e-01    1.654163101e-01    1.411127874e-02   -1.932919735e-01    1.140614268e-01    9.405180254e-02   -1.993805324e-01    3.975967091e-02    1.568695440e-01   -1.707858756e-01   -4.463313275e-02
    6.247034743e-02    1.125513419e-01   -1.872683275e-01   -1.004409029e-02    1.661664584e-01   -1.415978407e-01   -8.708137149e-02    1.845852614e-01   -7.170923529e-02   -1.518657147e-01    1.671132512e-01    1.006808742e-02   -1.920365508e-01    1.177932236e-01    8.960889800e-02   -2.001281895e-01    4.541660878e-02    1.532418760e-01   -1.742898922e-01   -3.781877846e-02
    6.273948534e-02    1.120892643e-01   -1.876173529e-01   -8.740627879e-03    1.655410978e-01   -1.430208743e-01   -8.495185435e-02    1.846766548e-01   -7.454601803e-02   -1.496171929e-01    1.687467372e-01    6.017893349e-03   -1.906858187e-01    1.214518369e-01    8.510129305e-02   -2.007245921e-01    5.102929761e-02    1.494587077e-01   -1.776085572e-01   -3.096472305e-02
    6.300843277e-02    1.116257275e-01   -1.879617523e-01   -7.437269524e-03    1.649026143e-01   -1.444294430e-01   -8.281103930e-02    1.847309350e-01   -7.736633464e-02   -1.473255000e-01    1.703161701e-01    1.962461033e-03   -1.892404681e-01    1.250350950e-01    8.053206020e-02   -2.011692775e-01    5.659281999e-02    1.455237563e-01   -1.807382369e-01   -2.407928523e-02
    6.327718890e-02    1.111607368e-01   -1.883015164e-01   -6.134077216e-03    1.642510555e-01   -1.458233945e-01   -8.065924184e-02    1.847480911e-01   -8.016949549e-02   -1.449913281e-01    1.718209755e-01   -2.096442736e-03   -1.877012381e-01    1.285408708e-01    7.590431400e-02   -2.014619004e-01    6.210230154e-02    1.414408879e-01   -1.836755043e-01   -1.717082177e-02
    6.354575292e-02    1.106942972e-01   -1.886366358e-01   -4.831112941e-03    1.635864697e-01   -1.472025779e-01   -7.849677907e-02    1.847281195e-01   -8.295481517e-02   -1.426153822e-01    1.732606024e-01   -6.157049638e-03   -1.860689157e-01    1.319670831e-01    7.122120888e-02   -2.016022338e-01    6.755291524e-02    1.372141144e-01   -1.864171434e-01   -1.024771739e-02
    6.381412401e-02    1.102264142e-01   -1.889671016e-01   -3.528438677e-03    1.629089063e-01   -1.485668438e-01   -7.632396970e-02    1.846710236e-01   -8.572161259e-02   -1.401983797e-01    1.746345238e-01   -1.021759060e-02   -1.843443357e-01    1.353116983e-01    6.648593703e-02   -2.015901686e-01    7.293988564e-02    1.328475885e-01   -1.889601521e-01   -3.318374541e-03
    6.408230135e-02    1.097570929e-01   -1.892929046e-01   -2.226116390e-03    1.622184158e-01   -1.499160448e-01   -7.414113397e-02    1.845768142e-01   -8.846921118e-02   -1.377410508e-01    1.759422368e-01   -1.427629655e-02   -1.825283802e-01    1.385727306e-01    6.170172622e-02   -2.014257139e-01    7.825849303e-02    1.283456007e-01   -1.913017461e-01    3.608796752e-03
    6.435028414e-02    1.092863387e-01   -1.896140361e-01   -9.242080370e-04    1.615150494e-01   -1.512500346e-01   -7.194859357e-02    1.844455090e-01   -9.119693908e-02   -1.352441375e-01    1.771832625e-01   -1.833139921e-02   -1.806219778e-01    1.417482444e-01    5.687183757e-02   -2.011089974e-01    8.350407759e-02    1.237125744e-01   -1.934393615e-01    1.052538912e-02
    6.461807156e-02    1.088141568e-01   -1.899304874e-01    3.772244453e-04    1.607988594e-01   -1.525686690e-01   -6.974667168e-02    1.842771330e-01   -9.390412925e-02   -1.327083940e-01    1.783571467e-01   -2.238113187e-02   -1.786261035e-01    1.448363545e-01    5.199956337e-02   -2.006402646e-01    8.867204347e-02    1.189530618e-01   -1.953706578e-01    1.742300803e-02
    6.488566280e-02    1.083405525e-01   -1.902422497e-01    1.678119138e-03    1.600698991e-01   -1.538718051e-01   -6.753569284e-02    1.840717183e-01   -9.659011968e-02   -1.301345861e-01    1.794634595e-01   -2.642373013e-02   -1.765417781e-01    1.478352277e-01    4.708822481e-02   -2.000198790e-01    9.375786282e-02    1.140717392e-01   -1.970935204e-01    2.429328203e-02
    6.515305704e-02    1.078655312e-01   -1.905493146e-01    2.978414143e-03    1.593282227e-01   -1.551593020e-01   -6.531598292e-02    1.838293042e-01   -9.925425352e-02   -1.275234914e-01    1.805017958e-01   -3.045743269e-02   -1.743700676e-01    1.507430836e-01    4.214116973e-02   -1.992483219e-01    9.875707975e-02    1.090734029e-01   -1.986060630e-01    3.112787282e-02
    6.542025348e-02    1.073890983e-01   -1.908516738e-01    4.278047591e-03    1.585738853e-01   -1.564310202e-01   -6.308786913e-02    1.835499371e-01   -1.018958793e-01   -1.248758983e-01    1.814717753e-01   -3.448048210e-02   -1.721120829e-01    1.535581962e-01    3.716177031e-02   -1.983261916e-01    1.036653142e-01    1.039629639e-01   -1.999066296e-01    3.791848546e-02
    6.568725129e-02    1.069112590e-01   -1.911493189e-01    5.576957636e-03    1.578069432e-01   -1.576868221e-01   -6.085167989e-02    1.832336706e-01   -1.045143509e-01   -1.221926067e-01    1.823730430e-01   -3.849112556e-02   -1.697689787e-01    1.562788941e-01    3.215342081e-02   -1.972542036e-01    1.084782660e-01    9.874544343e-02   -2.009937962e-01    4.465687837e-02
    6.595404968e-02    1.064320188e-01   -1.914422420e-01    6.875082467e-03    1.570274534e-01   -1.589265717e-01   -5.860774483e-02    1.828805652e-01   -1.071090281e-01   -1.194744270e-01    1.832052686e-01   -4.248761564e-02   -1.673419535e-01    1.589035621e-01    2.711953523e-02   -1.960331894e-01    1.131917181e-01    9.342596805e-02   -2.018663727e-01    5.133487337e-02
    6.622064782e-02    1.059513832e-01   -1.917304349e-01    8.172360306e-03    1.562354738e-01   -1.601501348e-01   -5.635639472e-02    1.824906889e-01   -1.096792762e-01   -1.167221803e-01    1.839681474e-01   -4.646821107e-02   -1.648322487e-01    1.614306422e-01    2.206354499e-02   -1.946640963e-01    1.178015409e-01    8.800976437e-02   -2.025234039e-01    5.794436562e-02
    6.648704492e-02    1.054693574e-01   -1.920138899e-01    9.468729411e-03    1.554310635e-01   -1.613573788e-01   -5.409796145e-02    1.820641164e-01   -1.122244668e-01   -1.139366979e-01    1.846613999e-01   -5.043117751e-02   -1.622411480e-01    1.638586339e-01    1.698889660e-02   -1.931479862e-01    1.223036956e-01    8.250215408e-02   -2.029641705e-01    6.447733340e-02
    6.675324016e-02    1.049859470e-01   -1.922925991e-01    1.076412808e-02    1.546142823e-01   -1.625481732e-01   -5.183277796e-02    1.816009298e-01   -1.147439772e-01   -1.111188212e-01    1.852847722e-01   -5.437478826e-02   -1.595699768e-01    1.661860960e-01    1.189904930e-02   -1.914860354e-01    1.266942376e-01    7.690854867e-02   -2.031881901e-01    7.092584790e-02
    6.701923273e-02    1.045011574e-01   -1.925665551e-01    1.205849466e-02    1.537851910e-01   -1.637223888e-01   -4.956117817e-02    1.811012179e-01   -1.172371914e-01   -1.082694014e-01    1.858380357e-01   -5.829732505e-02   -1.568201013e-01    1.684116465e-01    6.797472688e-03   -1.896795333e-01    1.309693201e-01    7.123444416e-02   -2.031952178e-01    7.728208280e-02
    6.728502183e-02    1.040149941e-01   -1.928357502e-01    1.335176752e-02    1.529438513e-01   -1.648798987e-01   -4.728349697e-02    1.805650770e-01   -1.197034996e-01   -1.053892993e-01    1.863209879e-01   -6.219707878e-02   -1.539929283e-01    1.705339643e-01    1.687644392e-03   -1.877298812e-01    1.351251974e-01    6.548541563e-02   -2.029852462e-01    8.353832381e-02
    6.755060665e-02    1.035274625e-01   -1.931001771e-01    1.464388512e-02    1.520903259e-01   -1.660205773e-01   -4.500007017e-02    1.799926100e-01   -1.221422984e-01   -1.024793849e-01    1.867334515e-01   -6.607235027e-02   -1.510899037e-01    1.725517892e-01   -3.426952332e-03   -1.856385918e-01    1.391582284e-01    5.966711181e-02   -2.025585054e-01    8.968697802e-02
    6.781598639e-02    1.030385682e-01   -1.933598286e-01    1.593478594e-02    1.512246783e-01   -1.671443013e-01   -4.271123440e-02    1.793839272e-01   -1.245529915e-01   -9.954053730e-02    1.870752754e-01   -6.992145098e-02   -1.481125125e-01    1.744639233e-01   -8.542830960e-03   -1.834072875e-01    1.430648796e-01    5.378524948e-02   -2.019154630e-01    9.572058308e-02
    6.808116023e-02    1.025483167e-01   -1.936146975e-01    1.722440852e-02    1.503469731e-01   -1.682509487e-01   -4.041732711e-02    1.787391456e-01   -1.269349892e-01   -9.657364418e-02    1.873463341e-01   -7.374270377e-02   -1.450622779e-01    1.762692314e-01   -1.365650408e-02   -1.810376993e-01    1.468417281e-01    4.784560789e-02   -2.010568236e-01    1.016318163e-01
    6.834612737e-02    1.020567136e-01   -1.938647770e-01    1.851269145e-02    1.494572756e-01   -1.693403999e-01   -3.811868653e-02    1.780583892e-01   -1.292877090e-01   -9.357960187e-02    1.875465282e-01   -7.753444362e-02   -1.419407600e-01    1.779666414e-01   -1.876448579e-02   -1.785316657e-01    1.504854647e-01    4.185402304e-02   -1.999835275e-01    1.074135035e-01
    6.861088701e-02    1.015637643e-01   -1.941100601e-01    1.979957341e-02    1.485556521e-01   -1.704125368e-01   -3.581565156e-02    1.773417891e-01   -1.316105752e-01   -9.055931486e-02    1.876757841e-01   -8.129501835e-02   -1.387495558e-01    1.795551457e-01   -2.386329401e-02   -1.758911308e-01    1.539928970e-01    3.581638200e-02   -1.986967506e-01    1.130586279e-01
    6.887543835e-02    1.010694745e-01   -1.943505401e-01    2.108499311e-02    1.476421697e-01   -1.714672432e-01   -3.350856177e-02    1.765894833e-01   -1.339030199e-01   -8.751369558e-02    1.877340541e-01   -8.502278936e-02   -1.354902975e-01    1.810338010e-01   -2.894945295e-02   -1.731181434e-01    1.573609518e-01    2.973861707e-02   -1.971979020e-01    1.185603381e-01
    6.913978057e-02    1.005738498e-01   -1.945862104e-01    2.236888935e-02    1.467168965e-01   -1.725044048e-01   -3.119775734e-02    1.758016165e-01   -1.361644821e-01   -8.444366414e-02    1.877213165e-01   -8.871613231e-02   -1.321646524e-01    1.824017295e-01   -3.401949539e-02   -1.702148547e-01    1.605866783e-01    2.362669999e-02   -1.954886235e-01    1.239119572e-01
    6.940391289e-02    1.000768957e-01   -1.948170645e-01    2.365120099e-02    1.457799015e-01   -1.735239094e-01   -2.888357900e-02    1.749783404e-01   -1.383944088e-01   -8.135014803e-02    1.876375758e-01   -9.237343787e-02   -1.287743219e-01    1.836581187e-01   -3.906996512e-02   -1.671835173e-01    1.636672501e-01    1.748663607e-02   -1.935707870e-01    1.291069902e-01
    6.966783449e-02    9.957861787e-02   -1.950430961e-01    2.493186695e-02    1.448312545e-01   -1.745256465e-01   -2.656636798e-02    1.741198136e-01   -1.405922544e-01   -7.823408182e-02    1.874828621e-01   -9.599311238e-02   -1.253210402e-01    1.848022227e-01   -4.409741922e-02   -1.640264831e-01    1.665999682e-01    1.132445826e-02   -1.914464930e-01    1.341391322e-01
    6.993154458e-02    9.907902198e-02   -1.952642990e-01    2.621082625e-02    1.438710262e-01   -1.755095074e-01   -2.424646598e-02    1.732262014e-01   -1.427574814e-01   -7.509640694e-02    1.872572319e-01   -9.957357858e-02   -1.218065739e-01    1.858333621e-01   -4.909843049e-02   -1.607462013e-01    1.693822630e-01    5.146221248e-03   -1.891180679e-01    1.390022761e-01
    7.019504235e-02    9.857811368e-02   -1.954806671e-01    2.748801798e-02    1.428992882e-01   -1.764753857e-01   -2.192421508e-02    1.722976758e-01   -1.448895601e-01   -7.193807135e-02    1.869607672e-01   -1.031132763e-01   -1.182327209e-01    1.867509245e-01   -5.406958970e-02   -1.573452170e-01    1.720116967e-01   -1.042004484e-03   -1.865880619e-01    1.436905199e-01
    7.045832701e-02    9.807589862e-02   -1.956921943e-01    2.876338129e-02    1.419161128e-01   -1.774231766e-01   -1.959995774e-02    1.713344159e-01   -1.469879689e-01   -6.876002926e-02    1.865935763e-01   -1.066106630e-01   -1.146013095e-01    1.875543651e-01   -5.900750799e-02   -1.538261688e-01    1.744859655e-01   -7.234138647e-03   -1.838592457e-01    1.481981738e-01
    7.072139775e-02    9.757238250e-02   -1.958988750e-01    3.003685545e-02    1.409215735e-01   -1.783527773e-01   -1.727403671e-02    1.703366070e-01   -1.490521944e-01   -6.556324084e-02    1.861557932e-01   -1.100642148e-01   -1.109141973e-01    1.882432067e-01   -6.390881913e-02   -1.501917871e-01    1.768029015e-01   -1.342409710e-02   -1.809346078e-01    1.525197673e-01
    7.098425378e-02    9.706757101e-02   -1.961007034e-01    3.130837979e-02    1.399157443e-01   -1.792640873e-01   -1.494679499e-02    1.693044414e-01   -1.510817318e-01   -6.234867194e-02    1.856475777e-01   -1.134724268e-01   -1.071732707e-01    1.888170400e-01   -6.877018185e-02   -1.464448915e-01    1.789604747e-01   -1.960579785e-02   -1.778173510e-01    1.566500556e-01
    7.124689429e-02    9.656146989e-02   -1.962976738e-01    3.257789373e-02    1.388987003e-01   -1.801570076e-01   -1.261857578e-02    1.682381180e-01   -1.530760844e-01   -5.911729381e-02    1.850691154e-01   -1.168338136e-01   -1.033804434e-01    1.892755242e-01   -7.358828207e-02   -1.425883892e-01    1.809567945e-01   -2.577316700e-02   -1.745108893e-01    1.605840262e-01
    7.150931850e-02    9.605408487e-02   -1.964897809e-01    3.384533680e-02    1.378705172e-01   -1.810314415e-01   -1.028972245e-02    1.671378422e-01   -1.550347644e-01   -5.587008276e-02    1.844206178e-01   -1.201469106e-01   -9.953765579e-02    1.896183870e-01   -7.835983523e-02   -1.386252723e-01    1.827901120e-01   -3.192014474e-02   -1.710188437e-01    1.643169048e-01
    7.177152561e-02    9.554542170e-02   -1.966770194e-01    3.511064861e-02    1.368312718e-01   -1.818872941e-01   -7.960578461e-03    1.660038260e-01   -1.569572925e-01   -5.260801992e-02    1.837023217e-01   -1.234102739e-01   -9.564687375e-02    1.898454245e-01   -8.308158846e-02   -1.345586157e-01    1.844588208e-01   -3.804069127e-02   -1.673450385e-01    1.678441612e-01
    7.203351481e-02    9.503548614e-02   -1.968593840e-01    3.637376888e-02    1.357810416e-01   -1.827244728e-01   -5.631487309e-03    1.648362880e-01   -1.588431984e-01   -4.933209091e-02    1.829144897e-01   -1.266224816e-01   -9.171008779e-02    1.899565018e-01   -8.775032283e-02   -1.303915744e-01    1.859614587e-01   -4.412879279e-02   -1.634934969e-01    1.711615148e-01
    7.229528531e-02    9.452428398e-02   -1.970368697e-01    3.763463743e-02    1.347199049e-01   -1.835428867e-01   -3.302792507e-03    1.636354531e-01   -1.606920208e-01   -4.604328554e-02    1.820574097e-01   -1.297821337e-01   -8.772931195e-02    1.899515525e-01   -9.236285556e-02   -1.261273817e-01    1.872967092e-01   -5.017846735e-02   -1.594684369e-01    1.742649398e-01
    7.255683632e-02    9.401182102e-02   -1.972094716e-01    3.889319417e-02    1.336479408e-01   -1.843424470e-01   -9.748375116e-04    1.624015528e-01   -1.625033072e-01   -4.274259754e-02    1.811313950e-01   -1.328878533e-01   -8.370658280e-02    1.898305795e-01   -9.691604216e-02   -1.217693460e-01    1.884634024e-01   -5.618377077e-02   -1.552742665e-01    1.771506700e-01
    7.281816705e-02    9.349810308e-02   -1.973771849e-01    4.014937913e-02    1.325652293e-01   -1.851230672e-01    1.352034323e-03    1.611348248e-01   -1.642766144e-01   -3.943102424e-02    1.801367842e-01   -1.359382870e-01   -7.964395836e-02    1.895936543e-01   -1.014067786e-01   -1.173208486e-01    1.894605159e-01   -6.213880245e-02   -1.509155788e-01    1.798152033e-01
    7.307927670e-02    9.298313598e-02   -1.975400048e-01    4.140313245e-02    1.314718512e-01   -1.858846624e-01    3.677479796e-03    1.598355134e-01   -1.660115086e-01   -3.610956626e-02    1.790739408e-01   -1.389321055e-01   -7.554351711e-02    1.892409173e-01   -1.058320033e-01   -1.127853411e-01    1.902871762e-01   -6.803771119e-02   -1.463971470e-01    1.822553063e-01
    7.334016447e-02    9.246692558e-02   -1.976979269e-01    4.265439439e-02    1.303678881e-01   -1.866271501e-01    6.001155908e-03    1.585038689e-01   -1.677075653e-01   -3.277922721e-02    1.779432535e-01   -1.418680039e-01   -7.140735685e-02    1.887725777e-01   -1.101886996e-01   -1.081663423e-01    1.909426589e-01   -7.387470093e-02   -1.417239194e-01    1.844680178e-01
    7.360082959e-02    9.194947773e-02   -1.978509468e-01    4.390310530e-02    1.292534223e-01   -1.873504498e-01    8.322719915e-03    1.571401481e-01   -1.693643695e-01   -2.944101343e-02    1.767451358e-01   -1.447447030e-01   -6.723759370e-02    1.881889132e-01   -1.144738973e-01   -1.034674362e-01    1.914263897e-01   -7.964403644e-02   -1.369010138e-01    1.864506527e-01
    7.386127124e-02    9.143079831e-02   -1.979990602e-01    4.514920567e-02    1.281285370e-01   -1.880544829e-01    1.064182938e-02    1.557446138e-01   -1.709815156e-01   -2.609593360e-02    1.754800256e-01   -1.475609489e-01   -6.303636097e-02    1.874902700e-01   -1.186846749e-01   -9.869226846e-02    1.917379446e-01   -8.534004897e-02   -1.319337117e-01    1.882008051e-01
    7.412148865e-02    9.091089321e-02   -1.981422629e-01    4.639263611e-02    1.269933161e-01   -1.887391732e-01    1.295814221e-02    1.543175351e-01   -1.725586081e-01   -2.274499854e-02    1.741483857e-01   -1.503155143e-01   -5.880580809e-02    1.866770628e-01   -1.228181619e-01   -9.384454422e-02    1.918770508e-01   -9.095714181e-02   -1.268274530e-01    1.897163514e-01
    7.438148103e-02    9.038976834e-02   -1.982805509e-01    4.763333736e-02    1.258478443e-01   -1.894044462e-01    1.527131673e-02    1.528591870e-01   -1.740952610e-01   -1.938922080e-02    1.727507030e-01   -1.530071988e-01   -5.454809951e-02    1.857497739e-01   -1.268715402e-01   -8.892802473e-02    1.918435862e-01   -9.648979578e-02   -1.215878295e-01    1.909954525e-01
    7.464124758e-02    8.986742962e-02   -1.984139203e-01    4.887125026e-02    1.246922072e-01   -1.900502298e-01    1.758101173e-02    1.513698508e-01   -1.755910982e-01   -1.602961444e-02    1.712874886e-01   -1.556348292e-01   -5.026541357e-02    1.847089537e-01   -1.308420464e-01   -8.394652469e-02    1.916375803e-01   -1.019325747e-01   -1.162205793e-01    1.920365564e-01
    7.490078751e-02    8.934388300e-02   -1.985423674e-01    5.010631580e-02    1.235264910e-01   -1.906764539e-01    1.988688647e-02    1.498498135e-01   -1.770457536e-01   -1.266719467e-02    1.697592777e-01   -1.581972604e-01   -4.595994141e-02    1.835552198e-01   -1.347269737e-01   -7.890390921e-02    1.912592134e-01   -1.072801306e-01   -1.107315799e-01    1.928384001e-01
    7.516010004e-02    8.881913442e-02   -1.986658886e-01    5.133847512e-02    1.223507826e-01   -1.912830506e-01    2.218860081e-02    1.482993682e-01   -1.784588713e-01   -9.302977575e-03    1.681666292e-01   -1.606933756e-01   -4.163388585e-02    1.822892568e-01   -1.385236735e-01   -7.380409086e-02    1.907088171e-01   -1.125272092e-01   -1.051268426e-01    1.934000108e-01
    7.541918438e-02    8.829318984e-02   -1.987844803e-01    5.256766946e-02    1.211651699e-01   -1.918699538e-01    2.448581519e-02    1.467188140e-01   -1.798301054e-01   -5.937979772e-03    1.665101257e-01   -1.631220868e-01   -3.728946024e-02    1.809118160e-01   -1.422295572e-01   -6.865102656e-02    1.899868736e-01   -1.176686549e-01   -9.941250512e-02    1.937207073e-01
    7.567803975e-02    8.776605527e-02   -1.988981392e-01    5.379384022e-02    1.199697414e-01   -1.924371000e-01    2.677819071e-02    1.451084554e-01   -1.811591202e-01   -2.573218144e-03    1.647903729e-01   -1.654823356e-01   -3.292888734e-02    1.794237150e-01   -1.458420985e-01   -6.344871460e-02    1.890940155e-01   -1.226994159e-01   -9.359482520e-02    1.938001009e-01
    7.593666536e-02    8.723773668e-02   -1.990068620e-01    5.501692893e-02    1.187645862e-01   -1.929844275e-01    2.906538919e-02    1.434686032e-01   -1.824455905e-01    7.902904952e-04    1.630080000e-01   -1.677730933e-01   -2.855439821e-02    1.778258369e-01   -1.493588345e-01   -5.820119147e-02    1.880310250e-01   -1.276145490e-01   -8.768017387e-02    1.936380956e-01
    7.619506041e-02    8.670824010e-02   -1.991106457e-01    5.623687728e-02    1.175497944e-01   -1.935118769e-01    3.134707319e-02    1.417995734e-01   -1.836892014e-01    4.151529698e-03    1.611636588e-01   -1.699933614e-01   -2.416823102e-02    1.761191300e-01   -1.527773674e-01   -5.291252875e-02    1.867988335e-01   -1.324092248e-01   -8.167502828e-02    1.932348886e-01
    7.645322414e-02    8.617757155e-02   -1.992094873e-01    5.745362710e-02    1.163254567e-01   -1.940193908e-01    3.362290609e-02    1.401016879e-01   -1.848896485e-01    7.509483692e-03    1.592580240e-01   -1.721421721e-01   -1.977262994e-02    1.743046073e-01   -1.560953667e-01   -4.758682995e-02    1.853985206e-01   -1.370787322e-01   -7.558596469e-02    1.925909697e-01
    7.671115575e-02    8.564573707e-02   -1.993033840e-01    5.866712036e-02    1.150916645e-01   -1.945069141e-01    3.589255213e-02    1.383752742e-01   -1.860466380e-01    1.086313769e-02    1.572917927e-01   -1.742185890e-01   -1.536984396e-02    1.723833459e-01   -1.593105702e-01   -4.222822733e-02    1.838313133e-01   -1.416184831e-01   -6.941965125e-02    1.917071210e-01
    7.696885446e-02    8.511274271e-02   -1.993923330e-01    5.987729919e-02    1.138485099e-01   -1.949743939e-01    3.815567643e-02    1.366206652e-01   -1.871598865e-01    1.421147819e-02    1.552656841e-01   -1.762217069e-01   -1.096212577e-02    1.703564859e-01   -1.624207858e-01   -3.684087869e-02    1.820985848e-01   -1.460240168e-01   -6.318284073e-02    1.905844155e-01
    7.722631949e-02    8.457859456e-02   -1.994763318e-01    6.108410588e-02    1.125960858e-01   -1.954217792e-01    4.041194510e-02    1.348381993e-01   -1.882291215e-01    1.755349328e-02    1.531804394e-01   -1.781506527e-01   -6.551730619e-03    1.682252305e-01   -1.654238932e-01   -3.142896415e-02    1.802018531e-01   -1.502910046e-01   -5.688236306e-02    1.892242164e-01
    7.748355006e-02    8.404329869e-02   -1.995553779e-01    6.228748287e-02    1.113344856e-01   -1.958490215e-01    4.266102523e-02    1.330282202e-01   -1.892540813e-01    2.088817297e-02    1.510368214e-01   -1.800045857e-01   -2.140915103e-03    1.659908448e-01   -1.683178448e-01   -2.599668290e-02    1.781427803e-01   -1.544152539e-01   -5.052511791e-02    1.876281751e-01
    7.774054539e-02    8.350686120e-02   -1.996294691e-01    6.348737277e-02    1.100638037e-01   -1.962560742e-01    4.490258498e-02    1.311910771e-01   -1.902345149e-01    2.421450945e-02    1.488356142e-01   -1.817826977e-01    2.268063936e-03    1.636546548e-01   -1.711006675e-01   -2.054824993e-02    1.759231704e-01   -1.583927124e-01   -4.411806711e-02    1.857982291e-01
    7.799730469e-02    8.296928820e-02   -1.996986031e-01    6.468371834e-02    1.087841348e-01   -1.966428931e-01    4.713629359e-02    1.293271242e-01   -1.911701822e-01    2.753149744e-02    1.465776232e-01   -1.834842136e-01    6.672950586e-03    1.612180474e-01   -1.737704641e-01   -1.508789279e-02    1.735449683e-01   -1.622194718e-01   -3.766822701e-02    1.837365999e-01
    7.825382719e-02    8.243058583e-02   -1.997627779e-01    6.587646251e-02    1.074955746e-01   -1.970094360e-01    4.936182149e-02    1.274367211e-01   -1.920608542e-01    3.083813447e-02    1.442636744e-01   -1.851083918e-01    1.107149102e-02    1.586824688e-01   -1.763254142e-01   -9.619848287e-03    1.710102577e-01   -1.658917721e-01   -3.118266086e-02    1.814457903e-01
    7.851011210e-02    8.189076022e-02   -1.998219915e-01    6.706554840e-02    1.061982194e-01   -1.973556631e-01    5.157884028e-02    1.255202324e-01   -1.929063127e-01    3.413342118e-02    1.418946143e-01   -1.866545241e-01    1.546143463e-02    1.560494241e-01   -1.787637759e-01   -4.148359201e-03    1.683212596e-01   -1.694060050e-01   -2.466847098e-02    1.789285809e-01
    7.876615866e-02    8.134981753e-02   -1.998762423e-01    6.825091927e-02    1.048921660e-01   -1.976815366e-01    5.378702282e-02    1.235780278e-01   -1.937063506e-01    3.741636165e-02    1.394713096e-01   -1.881219367e-01    1.984053523e-02    1.533204762e-01   -1.810838867e-01    1.322329005e-03    1.654803300e-01   -1.727587175e-01   -1.813279106e-02    1.761880275e-01
    7.902196608e-02    8.080776393e-02   -1.999255285e-01    6.943251858e-02    1.035775120e-01   -1.979870211e-01    5.598604325e-02    1.216104818e-01   -1.944607719e-01    4.068596366e-02    1.369946470e-01   -1.895099897e-01    2.420655212e-02    1.504972451e-01   -1.832841648e-01    6.787971476e-03    1.624899582e-01   -1.759466154e-01   -1.158277833e-02    1.732274567e-01
    7.927753358e-02    8.026460561e-02   -1.999698487e-01    7.061028995e-02    1.022543556e-01   -1.982720831e-01    5.817557709e-02    1.196179741e-01   -1.951693920e-01    4.394123902e-02    1.344655324e-01   -1.908180781e-01    2.855725133e-02    1.475814066e-01   -1.853631098e-01    1.224432727e-02    1.593527643e-01   -1.789665664e-01   -5.025605680e-03    1.700504622e-01
    7.953286039e-02    7.972034875e-02   -2.000092014e-01    7.178417719e-02    1.009227957e-01   -1.985366917e-01    6.035530123e-02    1.176008890e-01   -1.958320371e-01    4.718120387e-02    1.318848913e-01   -1.920456316e-01    3.289040668e-02    1.445746916e-01   -1.873193045e-01    1.768716262e-02    1.560714972e-01   -1.818156030e-01    1.531546126e-03    1.666609005e-01
    7.978794574e-02    7.917499958e-02   -2.000435854e-01    7.295412429e-02    9.958293179e-02   -1.987808179e-01    6.252489401e-02    1.155596156e-01   -1.964485449e-01    5.040487895e-02    1.292536677e-01   -1.931921149e-01    3.720380099e-02    1.414788848e-01   -1.891514148e-01    2.311225427e-02    1.526490320e-01   -1.844909260e-01    8.081496372e-03    1.630628858e-01
    8.004278885e-02    7.862856431e-02   -2.000729996e-01    7.412007542e-02    9.823486391e-02   -1.990044349e-01    6.468403524e-02    1.134945476e-01   -1.970187643e-01    5.361128992e-02    1.265728244e-01   -1.942570282e-01    4.149522713e-02    1.382958240e-01   -1.908581918e-01    2.851539270e-02    1.490883673e-01   -1.869899067e-01    1.461707222e-02    1.592607856e-01
    8.029738895e-02    7.808104918e-02   -2.000974430e-01    7.528197495e-02    9.687869282e-02   -1.992075185e-01    6.683240630e-02    1.114060835e-01   -1.975425557e-01    5.679946766e-02    1.238433422e-01   -1.952399073e-01    4.576248925e-02    1.350273986e-01   -1.924384715e-01    3.389238542e-02    1.453926232e-01   -1.893100896e-01    2.113111659e-02    1.552592150e-01
    8.055174526e-02    7.753246045e-02   -2.001169147e-01    7.643976743e-02    9.551451987e-02   -1.993900463e-01    6.896969012e-02    1.092946262e-01   -1.980197905e-01    5.996844853e-02    1.210662198e-01   -1.961403234e-01    5.000340382e-02    1.316755489e-01   -1.938911764e-01    3.923906022e-02    1.415650378e-01   -1.914491951e-01    2.761649596e-02    1.510630310e-01
    8.080585701e-02    7.698280438e-02   -2.001314140e-01    7.759339761e-02    9.414244698e-02   -1.995519984e-01    7.109557128e-02    1.071605829e-01   -1.984503518e-01    6.311727469e-02    1.182424733e-01   -1.969578839e-01    5.421580079e-02    1.282422647e-01   -1.952153161e-01    4.455126840e-02    1.376089650e-01   -1.934051212e-01    3.406610822e-02    1.466773272e-01
    8.105972342e-02    7.643208724e-02   -2.001409404e-01    7.874281042e-02    9.276257670e-02   -1.996933569e-01    7.320973603e-02    1.050043654e-01   -1.988341339e-01    6.624499440e-02    1.153731359e-01   -1.976922324e-01    5.839752469e-02    1.247295839e-01   -1.964099876e-01    4.982488800e-02    1.335278710e-01   -1.951759464e-01    4.047289043e-02    1.421074268e-01
    8.131334374e-02    7.588031534e-02   -2.001454933e-01    7.988795102e-02    9.137501215e-02   -1.998141062e-01    7.531187234e-02    1.028263898e-01   -1.991710427e-01    6.935066227e-02    1.124592574e-01   -1.983430485e-01    6.254643574e-02    1.211395919e-01   -1.974743762e-01    5.505582699e-02    1.293253319e-01   -1.967599304e-01    4.682982655e-02    1.373588767e-01
    8.156671719e-02    7.532749497e-02   -2.001450724e-01    8.102876474e-02    8.997985703e-02   -1.999142331e-01    7.740166996e-02    1.006270762e-01   -1.994609955e-01    7.243333958e-02    1.095019040e-01   -1.989100483e-01    6.666041093e-02    1.174744198e-01   -1.984077561e-01    6.024002644e-02    1.250050299e-01   -1.981555172e-01    5.312995513e-02    1.324374409e-01
    8.181984300e-02    7.477363245e-02   -2.001396776e-01    8.216519713e-02    8.857721562e-02   -1.999937264e-01    7.947882045e-02    9.840684889e-02   -1.997039211e-01    7.549209452e-02    1.065021579e-01   -1.993929844e-01    7.073734511e-02    1.137362434e-01   -1.992094909e-01    6.537346370e-02    1.205707506e-01   -1.993613354e-01    5.936637693e-02    1.273490928e-01
    8.207272040e-02    7.421873412e-02   -2.001293088e-01    8.329719395e-02    8.716719275e-02   -2.000525774e-01    8.154301722e-02    9.616613631e-02   -1.998997597e-01    7.852600254e-02    1.034611166e-01   -1.997916463e-01    7.477515209e-02    1.099272817e-01   -1.998790337e-01    7.045215547e-02    1.160263793e-01   -2.003762002e-01    6.553226249e-02    1.221000086e-01
    8.232534862e-02    7.366280632e-02   -2.001139660e-01    8.442470115e-02    8.574989382e-02   -2.000907792e-01    8.359395560e-02    9.390537079e-02   -2.000484633e-01    8.153414656e-02    1.003798929e-01   -2.001058597e-01    7.877176568e-02    1.060497961e-01   -2.004159279e-01    7.547216095e-02    1.113758980e-01   -2.011991147e-01    7.162085957e-02    1.166965595e-01
    8.257772690e-02    7.310585539e-02   -2.000936494e-01    8.554766492e-02    8.432542476e-02   -2.001083276e-01    8.563133286e-02    9.162498852e-02   -2.001499950e-01    8.451561730e-02    9.725961426e-02   -2.003354876e-01    8.272514075e-02    1.021060883e-01   -2.008198074e-01    8.042958484e-02    1.066233815e-01   -2.018292701e-01    7.762550061e-02    1.111453043e-01
    8.282985447e-02    7.254788773e-02   -2.000683595e-01    8.666603164e-02    8.289389207e-02   -2.001052203e-01    8.765484828e-02    8.932542952e-02   -2.002043299e-01    8.746951353e-02    9.410142242e-02   -2.004804297e-01    8.663325429e-02    9.809849948e-02   -2.010903966e-01    8.532058041e-02    1.017729940e-01   -2.022660475e-01    8.353960997e-02    1.054529807e-01
    8.308173056e-02    7.198890970e-02   -2.000380967e-01    8.777974791e-02    8.145540276e-02   -2.000814575e-01    8.966420316e-02    8.700713749e-02   -2.002114542e-01    9.039494234e-02    9.090647304e-02   -2.005406223e-01    9.049410646e-02    9.402940885e-02   -2.012275108e-01    9.014135246e-02    9.682898561e-02   -2.025090178e-01    8.935671114e-02    9.962649812e-02
    8.333335442e-02    7.142892770e-02   -2.000028615e-01    8.888876057e-02    8.001006437e-02   -2.000370413e-01    9.165910090e-02    8.467055978e-02   -2.001713660e-01    9.329101940e-02    8.767593522e-02   -2.005160392e-01    9.430572155e-02    8.990123201e-02   -2.012310564e-01    9.488816027e-02    9.179568836e-02   -2.025579423e-01    9.507043387e-02    9.367292846e-02
    8.358472527e-02    7.086794814e-02   -1.999626547e-01    8.999301666e-02    7.855798495e-02   -1.999719765e-01    9.363924703e-02    8.231614725e-02   -2.000840748e-01    9.615686928e-02    8.441099111e-02   -2.004066907e-01    9.806614908e-02    8.571641969e-02   -2.011010308e-01    9.955732051e-02    8.667751256e-02   -2.024127730e-01    1.006745211e-01    8.759949801e-02
    8.383584235e-02    7.030597744e-02   -1.999174772e-01    9.109246345e-02    7.709927308e-02   -1.998862697e-01    9.560434924e-02    7.994435423e-02   -1.999496016e-01    9.899162565e-02    8.111283545e-02   -2.002126241e-01    1.017734647e-01    8.147745628e-02   -2.008375225e-01    1.041452101e-01    8.147894290e-02   -2.020736526e-01    1.061628359e-01    8.141357848e-02
    8.408670491e-02    6.974302203e-02   -1.998673299e-01    9.218704843e-02    7.563403780e-02   -1.997799299e-01    9.755411744e-02    7.755563840e-02   -1.997679790e-01    1.017944316e-01    7.778267514e-02   -1.999339239e-01    1.054257713e-01    7.718685828e-02   -2.004407111e-01    1.086482690e-01    7.620453452e-02   -2.015409146e-01    1.115293680e-01    7.512267813e-02
    8.433731217e-02    6.917908836e-02   -1.998122141e-01    9.327671935e-02    7.416238869e-02   -1.996529684e-01    9.948826380e-02    7.515046071e-02   -1.995392513e-01    1.045644398e-01    7.442172882e-02   -1.995707111e-01    1.090211999e-01    7.284717289e-02   -1.999108667e-01    1.130630029e-01    7.085890901e-02   -2.008150823e-01    1.167682407e-01    6.873443261e-02
    8.458766338e-02    6.861418288e-02   -1.997521309e-01    9.436142416e-02    7.268443578e-02   -1.995053986e-01    1.014065028e-01    7.272928532e-02   -1.992634739e-01    1.073008129e-01    7.103122639e-02   -1.991231438e-01    1.125579105e-01    6.846097647e-02   -1.992483506e-01    1.173859863e-01    6.544675039e-02   -1.998968693e-01    1.218737168e-01    6.225659571e-02
    8.483775778e-02    6.804831207e-02   -1.996870818e-01    9.544111105e-02    7.120028959e-02   -1.993372363e-01    1.033085512e-01    7.029257944e-02   -1.989407142e-01    1.100027236e-01    6.761240859e-02   -1.985914169e-01    1.160340932e-01    6.403087298e-02   -1.984536143e-01    1.216138645e-01    5.997280097e-02   -1.987871777e-01    1.268402055e-01    5.569702995e-02
    8.508759461e-02    6.748148240e-02   -1.996170683e-01    9.651572846e-02    6.971006110e-02   -1.991484993e-01    1.051941283e-01    6.784081334e-02   -1.985710507e-01    1.126693553e-01    6.416652652e-02   -1.979757617e-01    1.194479692e-01    5.955949247e-02   -1.975271994e-01    1.257433569e-01    5.444185719e-02   -1.974870981e-01    1.316622680e-01    4.906369706e-02
    8.533717311e-02    6.691370037e-02   -1.995420921e-01    9.758522506e-02    6.821386176e-02   -1.989392078e-01    1.070629556e-01    6.537446016e-02   -1.981545736e-01    1.152999016e-01    6.069484120e-02   -1.972764463e-01    1.227977914e-01    5.504948950e-02   -1.964697374e-01    1.297712590e-01    4.885876549e-02   -1.959979081e-01    1.363346238e-01    4.236464825e-02
    8.558649252e-02    6.634497248e-02   -1.994621549e-01    9.864954977e-02    6.671180346e-02   -1.987093842e-01    1.089147572e-01    6.289399587e-02   -1.976913844e-01    1.178935674e-01    5.719862311e-02   -1.964937751e-01    1.260818455e-01    5.050354158e-02   -1.952819490e-01    1.336944454e-01    4.322841796e-02   -1.943210710e-01    1.408521562e-01    3.560801453e-02
    8.583555208e-02    6.577530526e-02   -1.993772588e-01    9.970865174e-02    6.520399853e-02   -1.984590531e-01    1.107492598e-01    6.039989920e-02   -1.971815963e-01    1.204495686e-01    5.367915170e-02   -1.956280891e-01    1.292984508e-01    4.592434756e-02   -1.939646439e-01    1.375098718e-01    3.755574812e-02   -1.924582347e-01    1.452099182e-01    2.880199676e-02
    8.608435105e-02    6.520470522e-02   -1.992874056e-01    1.007624804e-01    6.369055974e-02   -1.981882412e-01    1.125661924e-01    5.789265148e-02   -1.966253336e-01    1.229671324e-01    5.013771497e-02   -1.946797653e-01    1.324459614e-01    4.131462607e-02   -1.925187202e-01    1.412145773e-01    3.184572660e-02   -1.904112296e-01    1.494031377e-01    2.195485573e-02
    8.633288866e-02    6.463317892e-02   -1.991925977e-01    1.018109854e-01    6.217160030e-02   -1.978969778e-01    1.143652869e-01    5.537273662e-02   -1.960227321e-01    1.254454976e-01    4.657560894e-02   -1.936492166e-01    1.355227664e-01    3.667711383e-02   -1.909451634e-01    1.448056873e-01    2.610335674e-02   -1.881820674e-01    1.534272228e-01    1.507490215e-02
    8.658116416e-02    6.406073290e-02   -1.990928374e-01    1.028541166e-01    6.064723381e-02   -1.975852938e-01    1.161462775e-01    5.284064095e-02   -1.953739389e-01    1.278839150e-01    4.299413722e-02   -1.925368920e-01    1.385272911e-01    3.201456410e-02   -1.892450462e-01    1.482804151e-01    2.033367025e-02   -1.857729385e-01    1.572777668e-01    8.170486528e-03
    8.682917679e-02    6.348737373e-02   -1.989881271e-01    1.038918242e-01    5.911757429e-02   -1.972532230e-01    1.179089013e-01    5.029685318e-02   -1.946791124e-01    1.302816475e-01    3.939461051e-02   -1.913432759e-01    1.414579981e-01    2.732974501e-02   -1.874195276e-01    1.516360643e-01    1.454172277e-02   -1.831862103e-01    1.609505530e-01    1.249989061e-03
    8.707692581e-02    6.291310799e-02   -1.988784694e-01    1.049240586e-01    5.758273616e-02   -1.969008008e-01    1.196528981e-01    4.774186429e-02   -1.939384224e-01    1.326379700e-01    3.577834615e-02   -1.900688882e-01    1.443133873e-01    2.262543792e-02   -1.854698520e-01    1.548700310e-01    8.732589460e-03   -1.804244247e-01    1.644415596e-01   -5.678190546e-03
    8.732441046e-02    6.233794225e-02   -1.987638671e-01    1.059507705e-01    5.604283424e-02   -1.965280652e-01    1.213780102e-01    4.517616739e-02   -1.931520497e-01    1.349521701e-01    3.214666757e-02   -1.887142842e-01    1.470919976e-01    1.790443577e-02   -1.833973486e-01    1.579798057e-01    2.911360544e-03   -1.774902955e-01    1.677469636e-01   -1.260564328e-02
    8.757162999e-02    6.176188313e-02   -1.986443229e-01    1.069719108e-01    5.449798373e-02   -1.961350562e-01    1.230839830e-01    4.260025772e-02   -1.923201864e-01    1.372235482e-01    2.850090391e-02   -1.872800540e-01    1.497924068e-01    1.316954143e-02   -1.812034303e-01    1.609629752e-01   -2.916863148e-03   -1.743867060e-01    1.708631453e-01   -1.952396101e-02
    8.781858364e-02    6.118493723e-02   -1.985198400e-01    1.079874308e-01    5.294830018e-02   -1.957218162e-01    1.247705646e-01    4.001463246e-02   -1.914430357e-01    1.394514175e-01    2.484238942e-02   -1.857668223e-01    1.524132330e-01    8.423566025e-03   -1.788895926e-01    1.638172245e-01   -8.746974650e-03   -1.711167059e-01    1.737866925e-01   -2.642474671e-02
    8.806527068e-02    6.060711116e-02   -1.983904213e-01    1.089972819e-01    5.139389954e-02   -1.952883894e-01    1.264375058e-01    3.741979068e-02   -1.905208120e-01    1.416351044e-01    2.117246306e-02   -1.841752484e-01    1.549531347e-01    3.669327268e-03   -1.764574131e-01    1.665403388e-01   -1.457386533e-02   -1.676835085e-01    1.765144036e-01   -3.329962464e-02
    8.831169034e-02    6.002841157e-02   -1.982560701e-01    1.100014158e-01    4.983489809e-02   -1.948348227e-01    1.280845606e-01    3.481623323e-02   -1.895537406e-01    1.437739486e-01    1.749246798e-02   -1.825060257e-01    1.574108122e-01   -1.090352210e-03   -1.739085497e-01    1.691302049e-01   -2.039242939e-02   -1.640904875e-01    1.790432916e-01   -4.014025053e-02
    8.855784189e-02    5.944884510e-02   -1.981167899e-01    1.109997846e-01    4.827141248e-02   -1.943611648e-01    1.297114857e-01    3.220446268e-02   -1.885420577e-01    1.458673035e-01    1.380375099e-02   -1.807598814e-01    1.597850076e-01   -5.852646534e-03   -1.712447403e-01    1.715848131e-01   -2.619756830e-02   -1.603411736e-01    1.813705873e-01   -4.693832167e-02
    8.880372457e-02    5.886841839e-02   -1.979725841e-01    1.119923405e-01    4.670355969e-02   -1.938674666e-01    1.313180407e-01    2.958498316e-02   -1.874860105e-01    1.479145361e-01    1.010766214e-02   -1.789375764e-01    1.620745058e-01   -1.061472827e-02   -1.684678007e-01    1.739022586e-01   -3.198419529e-02   -1.564392510e-01    1.834937423e-01   -5.368558702e-02
    8.904933764e-02    5.828713812e-02   -1.978234564e-01    1.129790360e-01    4.513145702e-02   -1.933537814e-01    1.329039886e-01    2.695830031e-02   -1.863858573e-01    1.499150273e-01    6.405554181e-03   -1.770399045e-01    1.642781349e-01   -1.537377009e-02   -1.655796243e-01    1.760807429e-01   -3.774723981e-02   -1.523885539e-01    1.854104315e-01   -6.037385722e-02
    8.929468035e-02    5.770501096e-02   -1.976694106e-01    1.139598242e-01    4.355522211e-02   -1.928201645e-01    1.344690949e-01    2.432492116e-02   -1.852418667e-01    1.518681723e-01    2.698782055e-03   -1.750676926e-01    1.663947671e-01   -2.012694648e-02   -1.625821800e-01    1.781185756e-01   -4.348165197e-02   -1.481930628e-01    1.871185563e-01   -6.699501453e-02
    8.953975196e-02    5.712204360e-02   -1.975104505e-01    1.149346579e-01    4.197497290e-02   -1.922666733e-01    1.360131286e-01    2.168535404e-02   -1.840543184e-01    1.537733804e-01   -1.011297559e-03   -1.730218000e-01    1.684233191e-01   -2.487143537e-02   -1.594775114e-01    1.800141752e-01   -4.918240696e-02   -1.438569004e-01    1.886162461e-01   -7.354102265e-02
    8.978455172e-02    5.653824273e-02   -1.973465803e-01    1.159034907e-01    4.039082765e-02   -1.916933675e-01    1.375358616e-01    1.904010850e-02   -1.828235026e-01    1.556300756e-01   -4.723326766e-03   -1.709031182e-01    1.703627527e-01   -2.960441985e-02   -1.562677351e-01    1.817660708e-01   -5.484450946e-02   -1.393843276e-01    1.899018611e-01   -8.000393652e-02
    9.002907889e-02    5.595361506e-02   -1.971778040e-01    1.168662762e-01    3.880290489e-02   -1.911003089e-01    1.390370690e-01    1.638969516e-02   -1.815497202e-01    1.574376963e-01   -8.435946951e-03   -1.687125702e-01    1.722120751e-01   -3.432308984e-02   -1.529550394e-01    1.833729027e-01   -6.046299800e-02   -1.347797394e-01    1.909739935e-01   -8.637591196e-02
    9.027333273e-02    5.536816732e-02   -1.970041259e-01    1.178229684e-01    3.721132346e-02   -1.904875614e-01    1.405165290e-01    1.373462567e-02   -1.802332826e-01    1.591956961e-01   -1.214779927e-02   -1.664511107e-01    1.739703398e-01   -3.902464374e-02   -1.495416829e-01    1.848334240e-01   -6.603294933e-02   -1.300476605e-01    1.918314695e-01   -9.264921515e-02
    9.051731250e-02    5.478190621e-02   -1.968255506e-01    1.187735215e-01    3.561620246e-02   -1.898551911e-01    1.419740232e-01    1.107541259e-02   -1.788745115e-01    1.609035432e-01   -1.585752515e-02   -1.641197249e-01    1.756366469e-01   -4.370629010e-02   -1.460299926e-01    1.861465014e-01   -7.154948272e-02   -1.251927410e-01    1.924733501e-01   -9.881623204e-02
    9.076101745e-02    5.419483850e-02   -1.966420826e-01    1.197178902e-01    3.401766127e-02   -1.892032660e-01    1.434093363e-01    8.412569262e-03   -1.774737390e-01    1.625607212e-01   -1.956376679e-02   -1.617194288e-01    1.772101433e-01   -4.836524927e-02   -1.424223627e-01    1.873111157e-01   -7.700776426e-02   -1.202197514e-01    1.928989327e-01   -1.048694776e-01
    9.100444684e-02    5.360697092e-02   -1.964537265e-01    1.206560291e-01    3.241581954e-02   -1.885318566e-01    1.448222561e-01    5.746609754e-03   -1.760313077e-01    1.641667289e-01   -2.326516764e-02   -1.592512683e-01    1.786900238e-01   -5.299875508e-02   -1.387212529e-01    1.883263632e-01   -8.240301104e-02   -1.151335785e-01    1.931077514e-01   -1.108016049e-01
    9.124759995e-02    5.301831024e-02   -1.962604872e-01    1.215878935e-01    3.081079714e-02   -1.878410352e-01    1.462125741e-01    3.078048738e-03   -1.745475701e-01    1.657210806e-01   -2.696037294e-02   -1.567163188e-01    1.800755307e-01   -5.760405644e-02   -1.349291865e-01    1.891914559e-01   -8.773049542e-02   -1.099392203e-01    1.930995778e-01   -1.166054141e-01
    9.149047602e-02    5.242886322e-02   -1.960623697e-01    1.225134389e-01    2.920271420e-02   -1.871308764e-01    1.475800848e-01    4.074013946e-04   -1.730228889e-01    1.672233063e-01   -3.064803017e-02   -1.541156851e-01    1.813659549e-01   -6.217841902e-02   -1.310487488e-01    1.899057224e-01   -9.298554911e-02   -1.046417810e-01    1.928744209e-01   -1.222738610e-01
    9.173307432e-02    5.183863664e-02   -1.958593790e-01    1.234326209e-01    2.759169110e-02   -1.864014566e-01    1.489245861e-01   -2.264816686e-03   -1.714576369e-01    1.686729516e-01   -3.432678956e-02   -1.514505003e-01    1.825606358e-01   -6.671912683e-02   -1.270825855e-01    1.904686085e-01   -9.816356729e-02   -9.924646618e-02    1.924325277e-01   -1.278000656e-01
    9.197539412e-02    5.124763729e-02   -1.956515203e-01    1.243453955e-01    2.597784841e-02   -1.856528547e-01    1.502458795e-01   -4.938089602e-03   -1.698521969e-01    1.700695781e-01   -3.799530460e-02   -1.487219258e-01    1.836589618e-01   -7.122348385e-02   -1.230334007e-01    1.908796771e-01   -1.032600126e-01   -9.375857751e-02    1.917743822e-01   -1.331773209e-01
    9.221743467e-02    5.065587198e-02   -1.954387990e-01    1.252517192e-01    2.436130694e-02   -1.848851514e-01    1.515437698e-01   -7.611901244e-03   -1.682069613e-01    1.714127633e-01   -4.165223250e-02   -1.459311507e-01    1.846603707e-01   -7.568881566e-02   -1.189039550e-01    1.911386093e-01   -1.082704193e-01   -8.818350772e-02    1.909007055e-01   -1.383991004e-01
    9.245919525e-02    5.006334750e-02   -1.952212206e-01    1.261515486e-01    2.274218768e-02   -1.840984295e-01    1.528180651e-01   -1.028573539e-02   -1.665223323e-01    1.727021011e-01   -4.529623473e-02   -1.430793912e-01    1.855643497e-01   -8.011247096e-02   -1.146970639e-01    1.912452040e-01   -1.131903967e-01   -8.252673517e-02    1.898124545e-01   -1.434590665e-01
    9.270067512e-02    4.947007068e-02   -1.949987907e-01    1.270448405e-01    2.112061185e-02   -1.832927739e-01    1.540685773e-01   -1.295907581e-02   -1.647987219e-01    1.739372014e-01   -4.892597746e-02   -1.401678899e-01    1.863704360e-01   -8.449182322e-02   -1.104155957e-01    1.911993784e-01   -1.180156338e-01   -7.679381850e-02    1.885108212e-01   -1.483510777e-01
    9.294187354e-02    4.887604835e-02   -1.947715150e-01    1.279315524e-01    1.949670084e-02   -1.824682715e-01    1.552951215e-01   -1.563140635e-02   -1.630365516e-01    1.751176906e-01   -5.254013208e-02   -1.371979156e-01    1.870782169e-01   -8.882427218e-02   -1.060624693e-01    1.910011680e-01   -1.227419023e-01   -7.099039121e-02    1.869972313e-01   -1.530691968e-01
    9.318278979e-02    4.828128733e-02   -1.945393993e-01    1.288116417e-01    1.787057621e-02   -1.816250114e-01    1.564975165e-01   -1.830221106e-02   -1.612362521e-01    1.762432116e-01   -5.613737567e-02   -1.341707626e-01    1.876873301e-01   -9.310724545e-02   -1.016406529e-01    1.906507265e-01   -1.273650606e-01   -6.512215605e-02    1.852733427e-01   -1.576076973e-01
    9.342342313e-02    4.768579449e-02   -1.943024498e-01    1.296850664e-01    1.624235970e-02   -1.807630846e-01    1.576755847e-01   -2.097097428e-02   -1.593982638e-01    1.773134240e-01   -5.971639150e-02   -1.310877501e-01    1.881974635e-01   -9.733819996e-02   -9.715316123e-02    1.901483257e-01   -1.318810577e-01   -5.919487949e-02    1.833410434e-01   -1.619610710e-01
    9.366377284e-02    4.708957667e-02   -1.940606724e-01    1.305517847e-01    1.461217321e-02   -1.798825840e-01    1.588291519e-01   -2.363718073e-02   -1.575230360e-01    1.783280040e-01   -6.327586948e-02   -1.279502217e-01    1.886083559e-01   -1.015146236e-01   -9.260305382e-02    1.894943554e-01   -1.362859363e-01   -5.321438600e-02    1.812024497e-01   -1.661240341e-01
    9.390383818e-02    4.649264075e-02   -1.938140734e-01    1.314117551e-01    1.298013879e-02   -1.789836048e-01    1.599580477e-01   -2.630031560e-02   -1.556110273e-01    1.792866447e-01   -6.681450671e-02   -1.247595446e-01    1.889197968e-01   -1.056340365e-01   -8.799343301e-02    1.886893230e-01   -1.405758365e-01   -4.718655235e-02    1.788599040e-01   -1.700915342e-01
    9.414361842e-02    4.589499359e-02   -1.935626593e-01    1.322649364e-01    1.134637863e-02   -1.780662440e-01    1.610621052e-01   -2.895986470e-02   -1.536627053e-01    1.801890560e-01   -7.033100785e-02   -1.215171094e-01    1.891316266e-01   -1.096939927e-01   -8.332744168e-02    1.877338531e-01   -1.447469991e-01   -4.111730183e-02    1.763159718e-01   -1.738587560e-01
    9.438311283e-02    4.529664207e-02   -1.933064366e-01    1.331112878e-01    9.711015053e-03   -1.771306007e-01    1.621411614e-01   -3.161531451e-02   -1.516785464e-01    1.810349649e-01   -7.382408571e-02   -1.182243292e-01    1.892437367e-01   -1.136920816e-01   -7.860826116e-02    1.866286871e-01   -1.487957691e-01   -3.501259844e-02    1.735734393e-01   -1.774211274e-01
    9.462232070e-02    4.469759310e-02   -1.930454118e-01    1.339507689e-01    8.074170509e-03   -1.761767758e-01    1.631950566e-01   -3.426615228e-02   -1.496590359e-01    1.818241154e-01   -7.729246161e-02   -1.148826389e-01    1.892560695e-01   -1.176259292e-01   -7.383910904e-02    1.853746825e-01   -1.527185986e-01   -2.887844101e-02    1.706353103e-01   -1.807743247e-01
    9.486124129e-02    4.409785357e-02   -1.927795918e-01    1.347833394e-01    6.435967558e-03   -1.752048724e-01    1.642236352e-01   -3.691186617e-02   -1.476046676e-01    1.825562687e-01   -8.073486596e-02   -1.114934948e-01    1.891686184e-01   -1.214931997e-01   -6.902323702e-02    1.839728123e-01   -1.565120500e-01   -2.272085732e-02    1.675048025e-01   -1.839142784e-01
    9.509987387e-02    4.349743039e-02   -1.925089834e-01    1.356089594e-01    4.796528868e-03   -1.742149955e-01    1.652267451e-01   -3.955194532e-02   -1.455159439e-01    1.832312033e-01   -8.415003862e-02   -1.080583741e-01    1.889814281e-01   -1.252915969e-01   -6.416392863e-02    1.824241642e-01   -1.601727994e-01   -1.654589818e-02    1.641853444e-01   -1.868371777e-01
    9.533821773e-02    4.289633049e-02   -1.922335937e-01    1.364275896e-01    3.155977201e-03   -1.732072518e-01    1.662042380e-01   -4.218587992e-02   -1.433933756e-01    1.838487148e-01   -8.753672944e-02   -1.045787737e-01    1.886945941e-01   -1.290188653e-01   -5.926449705e-02    1.807299401e-01   -1.636976387e-01   -1.035963147e-02    1.606805717e-01   -1.895394751e-01
    9.557627213e-02    4.229456078e-02   -1.919534298e-01    1.372391906e-01    1.514435407e-03   -1.721817504e-01    1.671559695e-01   -4.481316139e-02   -1.412374819e-01    1.844086164e-01   -9.089369867e-02   -1.010562102e-01    1.883082629e-01   -1.326727918e-01   -5.432828282e-02    1.788914544e-01   -1.670834793e-01   -4.168136187e-03    1.569943227e-01   -1.920178911e-01
    9.581403636e-02    4.169212821e-02   -1.916684991e-01    1.380437237e-01   -1.279735873e-04   -1.711386019e-01    1.680817988e-01   -4.743328238e-02   -1.390487900e-01    1.849107386e-01   -9.421971744e-02   -9.749221873e-02    1.878226321e-01   -1.362512067e-01   -4.935865156e-02    1.769101339e-01   -1.703273542e-01    2.022503541e-03    1.531306345e-01   -1.942694179e-01
    9.605150970e-02    4.108903973e-02   -1.913788088e-01    1.388411502e-01   -1.771126785e-03   -1.700779190e-01    1.689815890e-01   -5.004573696e-02   -1.368278352e-01    1.853549292e-01   -9.751356820e-02   -9.388835261e-02    1.872379500e-01   -1.397519852e-01   -4.435899170e-02    1.747875158e-01   -1.734264208e-01    8.206204410e-03    1.490937387e-01   -1.962913229e-01
    9.628869142e-02    4.048530227e-02   -1.910843666e-01    1.396314321e-01   -3.414901133e-03   -1.689998162e-01    1.698552072e-01   -5.265002063e-02   -1.345751606e-01    1.857410538e-01   -1.007740452e-01   -9.024618248e-02    1.865545155e-01   -1.431730487e-01   -3.933271214e-02    1.725252474e-01   -1.763779634e-01    1.437688994e-02    1.448880563e-01   -1.980811525e-01
    9.652558080e-02    3.988092281e-02   -1.907851801e-01    1.404145315e-01   -5.059173525e-03   -1.679044102e-01    1.707025242e-01   -5.524563050e-02   -1.322913174e-01    1.860689955e-01   -1.039999548e-01   -8.656729570e-02    1.857726783e-01   -1.465123657e-01   -3.428323995e-02    1.701250841e-01   -1.791793957e-01    2.052849643e-02    1.405181936e-01   -1.996367345e-01
    9.676217713e-02    3.927590832e-02   -1.904812571e-01    1.411904109e-01   -6.703820817e-03   -1.667918191e-01    1.715234147e-01   -5.783206533e-02   -1.299768640e-01    1.863386547e-01   -1.071901160e-01   -8.285329565e-02    1.848928383e-01   -1.497679533e-01   -2.921401801e-02    1.675888884e-01   -1.818282627e-01    2.665497894e-02    1.359889361e-01   -2.009561811e-01
    9.699847968e-02    3.867026577e-02   -1.901726056e-01    1.419590331e-01   -8.348719832e-03   -1.656621632e-01    1.723177572e-01   -6.040882565e-02   -1.276323665e-01    1.865499499e-01   -1.103433612e-01   -7.910580102e-02    1.839154454e-01   -1.529378784e-01   -2.412850269e-02    1.649186282e-01   -1.843222434e-01    3.275031720e-02    1.313052444e-01   -2.020378914e-01
    9.723448774e-02    3.806400215e-02   -1.898592335e-01    1.427203614e-01   -9.993747372e-03   -1.645155646e-01    1.730854344e-01   -6.297541385e-02   -1.252583983e-01    1.867028167e-01   -1.134585358e-01   -7.532644510e-02    1.828409998e-01   -1.560202588e-01   -1.903016147e-02    1.621163758e-01   -1.866591522e-01    3.880852155e-02    1.264722480e-01   -2.028805526e-01
    9.747020060e-02    3.745712445e-02   -1.895411490e-01    1.434743593e-01   -1.163878022e-02   -1.633521471e-01    1.738263326e-01   -6.553133427e-02   -1.228555402e-01    1.867972089e-01   -1.165344995e-01   -7.151687509e-02    1.816700510e-01   -1.590132640e-01   -1.392247059e-02    1.591843056e-01   -1.888369413e-01    4.482363880e-02    1.214952397e-01   -2.034831423e-01
    9.770561752e-02    3.684963967e-02   -1.892183605e-01    1.442209906e-01   -1.328369517e-02   -1.621720364e-01    1.745403423e-01   -6.807609333e-02   -1.204243799e-01    1.868330975e-01   -1.195701263e-01   -6.767875137e-02    1.804031981e-01   -1.619151169e-01   -8.808912663e-03    1.561246928e-01   -1.908537023e-01    5.078975813e-02    1.163796705e-01   -2.038449295e-01
    9.794073781e-02    3.624155484e-02   -1.888908763e-01    1.449602195e-01   -1.492836901e-02   -1.609753601e-01    1.752273579e-01   -7.060919957e-02   -1.179655120e-01    1.868104716e-01   -1.225643047e-01   -6.381374675e-02    1.790410893e-01   -1.647240942e-01   -3.692974325e-03    1.529399117e-01   -1.927076680e-01    5.670101684e-02    1.111311426e-01   -2.039654755e-01
    9.817556075e-02    3.563287695e-02   -1.885587050e-01    1.456920108e-01   -1.657267854e-02   -1.597622474e-01    1.758872778e-01   -7.313016379e-02   -1.154795379e-01    1.867293376e-01   -1.255159387e-01   -5.992354579e-02    1.775844214e-01   -1.674385280e-01    1.421856162e-03    1.496324337e-01   -1.943972137e-01    6.255160615e-02    1.057554043e-01   -2.038446342e-01
    9.841008562e-02    3.502361305e-02   -1.882218553e-01    1.464163293e-01   -1.821650059e-02   -1.585328295e-01    1.765200042e-01   -7.563849913e-02   -1.129670658e-01    1.865897200e-01   -1.284239476e-01   -5.600984404e-02    1.760339397e-01   -1.700568064e-01    6.532091281e-03    1.462048254e-01   -1.959208588e-01    6.833577688e-02    1.002583429e-01   -2.034825527e-01
    9.864431172e-02    3.441377015e-02   -1.878803360e-01    1.471331404e-01   -1.985971202e-02   -1.572872393e-01    1.771254437e-01   -7.813372116e-02   -1.104287103e-01    1.863916606e-01   -1.312872669e-01   -5.207434729e-02    1.743904376e-01   -1.725773747e-01    1.163424664e-02    1.426597466e-01   -1.972772683e-01    7.404784513e-02    9.464597868e-02   -2.028796708e-01
    9.887823832e-02    3.380335530e-02   -1.875341559e-01    1.478424096e-01   -2.150218974e-02   -1.560256113e-01    1.777035065e-01   -8.061534797e-02   -1.078650921e-01    1.861352191e-01   -1.341048482e-01   -4.811877084e-02    1.726547559e-01   -1.749987359e-01    1.672484334e-02    1.389999483e-01   -1.984652534e-01    7.968219785e-02    8.892445814e-02   -2.020367207e-01
    9.911186473e-02    3.319237556e-02   -1.871833242e-01    1.485441030e-01   -2.314381071e-02   -1.547480819e-01    1.782541072e-01   -8.308290028e-02   -1.052768386e-01    1.858204728e-01   -1.368756601e-01   -4.414483876e-02    1.708277827e-01   -1.773194524e-01    2.180041037e-02    1.352282705e-01   -1.994837731e-01    8.523329834e-02    8.310004738e-02   -2.009547258e-01
    9.934519023e-02    3.258083797e-02   -1.868278501e-01    1.492381869e-01   -2.478445194e-02   -1.534547892e-01    1.787771642e-01   -8.553590152e-02   -1.026645827e-01    1.854475165e-01   -1.395986881e-01   -4.015428313e-02    1.689104529e-01   -1.795381459e-01    2.685748695e-02    1.313476401e-01   -2.003319349e-01    9.069569174e-02    7.717912513e-02   -1.996349998e-01
    9.957821411e-02    3.196874959e-02   -1.864677427e-01    1.499246282e-01   -2.642399052e-02   -1.521458730e-01    1.792726002e-01   -8.797387791e-02   -1.000289635e-01    1.850164629e-01   -1.422729353e-01   -3.614884328e-02    1.669037475e-01   -1.816534989e-01    3.189262489e-02    1.273610684e-01   -2.010089955e-01    9.606401031e-02    7.116817585e-02   -1.980791449e-01
    9.981093567e-02    3.135611750e-02   -1.861030116e-01    1.506033939e-01   -2.806230362e-02   -1.508214748e-01    1.797403416e-01   -9.039635859e-02   -9.737062573e-02    1.845274420e-01   -1.448974226e-01   -3.213026503e-02    1.648086933e-01   -1.836642552e-01    3.690239095e-02    1.232716491e-01   -2.015143616e-01    1.013329788e-01    6.507378257e-02   -1.962890498e-01
    1.000433542e-01    3.074294877e-02   -1.857336663e-01    1.512744515e-01   -2.969926849e-02   -1.494817377e-01    1.801803194e-01   -9.280287568e-02   -9.469021971e-02    1.839806014e-01   -1.474711892e-01   -2.810029996e-02    1.626263623e-01   -1.855692208e-01    4.188336920e-02    1.190825556e-01   -2.018475904e-01    1.064974196e-01    5.890261971e-02   -1.942668876e-01
    1.002754690e-01    3.012925049e-02   -1.853597164e-01    1.519377688e-01   -3.133476250e-02   -1.481268065e-01    1.805924682e-01   -9.519296436e-02   -9.198840114e-02    1.833761062e-01   -1.499932927e-01   -2.406070459e-02    1.603578713e-01   -1.873672644e-01    4.683216332e-02    1.147970388e-01   -2.020083898e-01    1.115522576e-01    5.266144576e-02   -1.920151132e-01
    1.005072793e-01    2.951502975e-02   -1.849811718e-01    1.525933140e-01   -3.296866309e-02   -1.467568277e-01    1.809767271e-01   -9.756616299e-02   -8.926583097e-02    1.827141389e-01   -1.524628097e-01   -2.001323967e-02    1.580043810e-01   -1.890573181e-01    5.174539892e-02    1.104184242e-01   -2.019966188e-01    1.164925258e-01    4.635709590e-02   -1.895364599e-01
    1.007387846e-01    2.890029363e-02   -1.845980423e-01    1.532410556e-01   -3.460084784e-02   -1.453719495e-01    1.813330391e-01   -9.992201320e-02   -8.652317524e-02    1.819948994e-01   -1.548788360e-01   -1.595966939e-02    1.555670957e-01   -1.906383784e-01    5.661972584e-02    1.059501097e-01   -2.018122879e-01    1.213133695e-01    3.999647446e-02   -1.868339366e-01
    1.009699839e-01    2.828504926e-02   -1.842103381e-01    1.538809627e-01   -3.623119447e-02   -1.439723215e-01    1.816613513e-01   -1.022600599e-01   -8.376110491e-02    1.812186050e-01   -1.572404872e-01   -1.190176059e-02    1.530472627e-01   -1.921095062e-01    6.145182047e-02    1.013955629e-01   -2.014555584e-01    1.260100513e-01    3.358654742e-02   -1.839108239e-01
    1.012008767e-01    2.766930373e-02   -1.838180692e-01    1.545130046e-01   -3.785958080e-02   -1.425580951e-01    1.819616151e-01   -1.045798516e-01   -8.098029569e-02    1.803854900e-01   -1.595468984e-01   -7.841282024e-03    1.504461713e-01   -1.934698279e-01    6.623838797e-02    9.675831813e-02   -2.009267431e-01    1.305779560e-01    2.713433475e-02   -1.807706701e-01
    1.014314623e-01    2.705306417e-02   -1.834212460e-01    1.551371509e-01   -3.948588482e-02   -1.411294231e-01    1.822337860e-01   -1.068809401e-01   -7.818142790e-02    1.794958062e-01   -1.617972252e-01   -3.780003582e-03    1.477651527e-01   -1.947185355e-01    7.097616453e-02    9.204197402e-02   -2.002263052e-01    1.350125949e-01    2.064690273e-02   -1.774172869e-01
    1.016617399e-01    2.643633770e-02   -1.830198788e-01    1.557533717e-01   -4.110998467e-02   -1.396864601e-01    1.824778234e-01   -1.091628810e-01   -7.536518626e-02    1.785498223e-01   -1.639906438e-01    2.803044987e-04    1.450055787e-01   -1.958548876e-01    7.566191961e-02    8.725019057e-02   -1.993548586e-01    1.393096101e-01    1.413135621e-02   -1.738547448e-01
    1.018917089e-01    2.581913144e-02   -1.826139782e-01    1.563616374e-01   -4.273175863e-02   -1.382293621e-01    1.826936913e-01   -1.114252335e-01   -7.253225976e-02    1.775478240e-01   -1.661263509e-01    4.337872394e-03    1.421688616e-01   -1.968782091e-01    8.029245813e-02    8.238668632e-02   -1.983131669e-01    1.434647791e-01    7.594830820e-03   -1.700873682e-01
    1.021213685e-01    2.520145254e-02   -1.822035549e-01    1.569619189e-01   -4.435108518e-02   -1.367582865e-01    1.828813574e-01   -1.136675605e-01   -6.968334149e-02    1.764901142e-01   -1.682035646e-01    8.390931462e-03    1.392564530e-01   -1.977878923e-01    8.486462264e-02    7.745523550e-02   -1.971021429e-01    1.474740188e-01    1.044485165e-03   -1.661197302e-01
    1.023507180e-01    2.458330814e-02   -1.817886195e-01    1.575541874e-01   -4.596784296e-02   -1.352733926e-01    1.830407939e-01   -1.158894290e-01   -6.681912843e-02    1.753770123e-01   -1.702215242e-01    1.243771502e-02    1.362698432e-01   -1.985833968e-01    8.937529552e-02    7.245966504e-02   -1.957228479e-01    1.513333894e-01   -5.512507010e-03   -1.619566469e-01
    1.025797569e-01    2.396470539e-02   -1.813691831e-01    1.581384144e-01   -4.758191082e-02   -1.337748408e-01    1.831719771e-01   -1.180904097e-01   -6.394032135e-02    1.742088546e-01   -1.721794910e-01    1.647645911e-02    1.332105607e-01   -1.992642501e-01    9.382140103e-02    6.740385166e-02   -1.941764905e-01    1.550390985e-01   -1.206896469e-02   -1.576031715e-01
    1.028084842e-01    2.334565144e-02   -1.809452565e-01    1.587145720e-01   -4.919316778e-02   -1.322627932e-01    1.832748872e-01   -1.202700774e-01   -6.104762457e-02    1.729859942e-01   -1.740767479e-01    2.050540327e-02    1.300801710e-01   -1.998300479e-01    9.819990748e-02    6.229171884e-02   -1.924644258e-01    1.585875044e-01   -1.861770743e-02   -1.530645885e-01
    1.030368995e-01    2.272615345e-02   -1.805168510e-01    1.592826324e-01   -5.080149310e-02   -1.307374133e-01    1.833495090e-01   -1.224280112e-01   -5.814174580e-02    1.717088006e-01   -1.759126002e-01    2.452279130e-02    1.268802761e-01   -2.002804539e-01    1.025078292e-01    5.712723375e-02   -1.905881540e-01    1.619751204e-01   -2.515156327e-02   -1.483464069e-01
    1.032650019e-01    2.210621859e-02   -1.800839778e-01    1.598425685e-01   -5.240676623e-02   -1.291988661e-01    1.833958311e-01   -1.245637941e-01   -5.522339603e-02    1.703776595e-01   -1.776863757e-01    2.852687203e-02    1.236125136e-01   -2.006152005e-01    1.067422288e-01    5.191440423e-02   -1.885493195e-01    1.651986175e-01   -3.166337653e-02   -1.434543537e-01
    1.034927908e-01    2.148585403e-02   -1.796466483e-01    1.603943533e-01   -5.400886686e-02   -1.276473179e-01    1.834138465e-01   -1.266770135e-01   -5.229328927e-02    1.689929734e-01   -1.793974249e-01    3.251590009e-02    1.202785558e-01   -2.008340889e-01    1.109002189e-01    4.665727560e-02   -1.863497087e-01    1.682548281e-01   -3.814601566e-02   -1.383943672e-01
    1.037202656e-01    2.086506695e-02   -1.792048740e-01    1.609379604e-01   -5.560767492e-02   -1.260829366e-01    1.834035524e-01   -1.287672613e-01   -4.935214241e-02    1.675551607e-01   -1.810451211e-01    3.648813664e-02    1.168801087e-01   -2.009369888e-01    1.149789641e-01    4.135992761e-02   -1.839912493e-01    1.711407489e-01   -4.459238110e-02   -1.331725891e-01
    1.039474254e-01    2.024386454e-02   -1.787586664e-01    1.614733637e-01   -5.720307056e-02   -1.245058914e-01    1.833649500e-01   -1.308341335e-01   -4.640067509e-02    1.660646558e-01   -1.826288611e-01    4.044185017e-02    1.134189118e-01   -2.009238391e-01    1.189756832e-01    3.602647121e-02   -1.814760080e-01    1.738535441e-01   -5.099541300e-02   -1.277953578e-01
    1.041742696e-01    1.962225397e-02   -1.783080373e-01    1.620005374e-01   -5.879493421e-02   -1.229163528e-01    1.832980449e-01   -1.328772310e-01   -4.343960943e-02    1.645219092e-01   -1.841480648e-01    4.437531723e-02    1.098967361e-01   -2.007946473e-01    1.228876510e-01    3.066104536e-02   -1.788061889e-01    1.763905479e-01   -5.734809895e-02   -1.222692002e-01
    1.044007975e-01    1.900024246e-02   -1.778529986e-01    1.625194563e-01   -6.038314654e-02   -1.213144927e-01    1.832028466e-01   -1.348961590e-01   -4.046966994e-02    1.629273871e-01   -1.856021759e-01    4.828682320e-02    1.063153843e-01   -2.005494900e-01    1.267121998e-01    2.526781387e-02   -1.759841316e-01    1.787492673e-01   -6.364348171e-02   -1.166008241e-01
    1.046270085e-01    1.837783719e-02   -1.773935622e-01    1.630300954e-01   -6.196758851e-02   -1.197004844e-01    1.830793691e-01   -1.368905274e-01   -3.749158329e-02    1.612815714e-01   -1.869906619e-01    5.217466300e-02    1.026766893e-01   -2.001885126e-01    1.304467218e-01    1.985096212e-02   -1.730123091e-01    1.809273844e-01   -6.987466678e-02   -1.107971097e-01
    1.048529018e-01    1.775504537e-02   -1.769297402e-01    1.635324302e-01   -6.354814135e-02   -1.180745026e-01    1.829276303e-01   -1.388599510e-01   -3.450607817e-02    1.595849596e-01   -1.883130144e-01    5.603714187e-02    9.898251310e-02   -1.997119293e-01    1.340886703e-01    1.441469381e-02   -1.698933256e-01    1.829227588e-01   -7.603482997e-02   -1.048651018e-01
    1.050784768e-01    1.713187422e-02   -1.764615448e-01    1.640264367e-01   -6.512468658e-02   -1.164367229e-01    1.827476525e-01   -1.408040493e-01   -3.151388507e-02    1.578380644e-01   -1.895687489e-01    5.987257610e-02    9.523474640e-02   -1.991200229e-01    1.376355620e-01    8.963227763e-03   -1.666299145e-01    1.847334299e-01   -8.211722489e-02   -9.881200051e-02
    1.053037328e-01    1.650833095e-02   -1.759889884e-01    1.645120909e-01   -6.669710601e-02   -1.147873227e-01    1.825394619e-01   -1.427224466e-01   -2.851573613e-02    1.560414137e-01   -1.907574056e-01    6.367929376e-02    9.143530720e-02   -1.984131448e-01    1.410849781e-01    3.500794555e-03   -1.632249354e-01    1.863576184e-01   -8.811519031e-02   -9.264515323e-02
    1.055286690e-01    1.588442278e-02   -1.755120833e-01    1.649893697e-01   -6.826528177e-02   -1.131264803e-01    1.823030892e-01   -1.446147723e-01   -2.551236496e-02    1.541955507e-01   -1.918785491e-01    6.745563543e-02    8.758613997e-02   -1.975917144e-01    1.444345667e-01   -1.968366695e-03   -1.596813722e-01    1.877937281e-01   -9.402215746e-02   -8.637204527e-02
    1.057532849e-01    1.526015693e-02   -1.750308422e-01    1.654582500e-01   -6.982909630e-02   -1.114543754e-01    1.820385690e-01   -1.464806608e-01   -2.250450646e-02    1.523010332e-01   -1.929317689e-01    7.119995491e-02    8.368921464e-02   -1.966562195e-01    1.476820434e-01   -7.440011644e-03   -1.560023301e-01    1.890403480e-01   -9.983165723e-02   -8.000029093e-02
    1.059775797e-01    1.463554064e-02   -1.745452777e-01    1.659187094e-01   -7.138843236e-02   -1.097711889e-01    1.817459401e-01   -1.483197516e-01   -1.949289661e-02    1.503584338e-01   -1.939166791e-01    7.491061997e-02    7.974652560e-02   -1.956072154e-01    1.508251939e-01   -1.290989402e-02   -1.521910333e-01    1.900962531e-01   -1.055373273e-01   -7.353762425e-02
    1.062015527e-01    1.401058114e-02   -1.740554025e-01    1.663707258e-01   -7.294317304e-02   -1.080771028e-01    1.814252456e-01   -1.501316894e-01   -1.647827233e-02    1.483683398e-01   -1.948329190e-01    7.858601303e-02    7.576009067e-02   -1.944453247e-01    1.538618749e-01   -1.837376889e-02   -1.482508216e-01    1.909604057e-01   -1.111329189e-01   -6.699188960e-02
    1.064252033e-01    1.338528567e-02   -1.735612297e-01    1.668142773e-01   -7.449320179e-02   -1.063723005e-01    1.810765326e-01   -1.519161240e-01   -1.346137129e-02    1.463313526e-01   -1.956801530e-01    8.222453189e-02    7.173195006e-02   -1.931712374e-01    1.567900155e-01   -2.382739601e-02   -1.441851479e-01    1.916319569e-01   -1.166123041e-01   -6.037103218e-02
    1.066485308e-01    1.275966147e-02   -1.730627721e-01    1.672493427e-01   -7.603840239e-02   -1.046569663e-01    1.806998523e-01   -1.536727107e-01   -1.044293172e-02    1.442480880e-01   -1.964580706e-01    8.582459040e-02    6.766416534e-02   -1.917857097e-01    1.596076190e-01   -2.926654306e-02   -1.399975750e-01    1.921102466e-01   -1.219694821e-01   -5.368308836e-02
    1.068715345e-01    1.213371581e-02   -1.725600430e-01    1.676759010e-01   -7.757865899e-02   -1.029312859e-01    1.802952602e-01   -1.554011100e-01   -7.423692220e-03    1.421191756e-01   -1.971663870e-01    8.938461918e-02    6.355881837e-02   -1.902895642e-01    1.623127640e-01   -3.468698895e-02   -1.356917727e-01    1.923948050e-01   -1.271985857e-01   -4.693617592e-02
    1.070942138e-01    1.150745591e-02   -1.720530556e-01    1.680939317e-01   -7.911385611e-02   -1.011954460e-01    1.798628158e-01   -1.571009880e-01   -4.404391610e-03    1.399452590e-01   -1.978048425e-01    9.290306629e-02    5.941801025e-02   -1.886836893e-01    1.649036059e-01   -4.008452709e-02   -1.312715141e-01    1.924853524e-01   -1.322938884e-01   -4.013848421e-02
    1.073165679e-01    1.088088906e-02   -1.715418232e-01    1.685034148e-01   -8.064387863e-02   -9.944963423e-02    1.794025828e-01   -1.587720162e-01   -1.385768721e-03    1.377269954e-01   -1.983732032e-01    9.637839790e-02    5.524386023e-02   -1.869690383e-01    1.673783779e-01   -4.545496869e-02   -1.267406730e-01    1.923818001e-01   -1.372498100e-01   -3.329826422e-02
    1.075385961e-01    1.025402250e-02   -1.710263594e-01    1.689043305e-01   -8.216861184e-02   -9.769403963e-02    1.789146289e-01   -1.604138717e-01    1.631437774e-03    1.354650552e-01   -1.988712609e-01    9.980909898e-02    5.103850466e-02   -1.851466292e-01    1.697353924e-01   -5.079414596e-02   -1.221032197e-01    1.920842497e-01   -1.420609229e-01   -2.642381854e-02
    1.077602979e-01    9.626863509e-03   -1.705066777e-01    1.692966595e-01   -8.368794141e-02   -9.592885212e-02    1.783990259e-01   -1.620262373e-01    4.646489540e-03    1.331601222e-01   -1.992988330e-01    1.031936739e-01    4.680409582e-02   -1.832175442e-01    1.719730420e-01   -5.609791535e-02   -1.173632182e-01    1.915929939e-01   -1.467219582e-01   -1.952349130e-02
    1.079816726e-01    8.999419349e-03   -1.699827918e-01    1.696803830e-01   -8.520175341e-02   -9.415426268e-02    1.778558498e-01   -1.636088013e-01    7.658648764e-03    1.308128932e-01   -1.996557628e-01    1.065306473e-01    4.254280093e-02   -1.811829284e-01    1.740898008e-01   -6.136216082e-02   -1.125248223e-01    1.909085153e-01   -1.512278113e-01   -1.260565803e-02
    1.082027193e-01    8.371697297e-03   -1.694547155e-01    1.700554824e-01   -8.670993432e-02   -9.237046333e-02    1.772851806e-01   -1.651612580e-01    1.066717834e-02    1.284240778e-01   -1.999419194e-01    1.098185643e-01    3.825680092e-02   -1.790439901e-01    1.760842253e-01   -6.658279696e-02   -1.075922720e-01    1.900314867e-01   -1.555735476e-01   -5.678715508e-03
    1.084234376e-01    7.743704632e-03   -1.689224628e-01    1.704219398e-01   -8.821237105e-02   -9.057764708e-02    1.766871024e-01   -1.666833073e-01    1.367134203e-02    1.259943980e-01   -2.001571978e-01    1.130559916e-01    3.394828941e-02   -1.768019990e-01    1.779549555e-01   -7.175577223e-02   -1.025698899e-01    1.889627701e-01   -1.597544079e-01    1.248928438e-03
    1.086438267e-01    7.115448634e-03   -1.683860478e-01    1.707797374e-01   -8.970895094e-02   -8.877600793e-02    1.760617032e-01   -1.681746551e-01    1.667040467e-02    1.235245884e-01   -2.003015191e-01    1.162415179e-01    2.961947153e-02   -1.744582865e-01    1.797007155e-01   -7.687707204e-02   -9.746207720e-02    1.877034157e-01   -1.637658134e-01    8.168865144e-03
    1.088638860e-01    6.486936590e-03   -1.678454844e-01    1.711288581e-01   -9.119956175e-02   -8.696574082e-02    1.754090752e-01   -1.696350132e-01    1.966363235e-02    1.210153956e-01   -2.003748301e-01    1.193737543e-01    2.527256284e-02   -1.720142442e-01    1.813203149e-01   -8.194272191e-02   -9.227331009e-02    1.862546612e-01   -1.676033711e-01    1.507269531e-02
    1.090836147e-01    5.858175789e-03   -1.673007872e-01    1.714692850e-01   -9.268409170e-02   -8.514704164e-02    1.747293146e-01   -1.710640993e-01    2.265029254e-02    1.184675782e-01   -2.003771039e-01    1.224513353e-01    2.090978814e-02   -1.694713231e-01    1.828126491e-01   -8.694879056e-02   -8.700813565e-02    1.846179303e-01   -1.712628782e-01    2.195203917e-02
    1.093030123e-01    5.229173523e-03   -1.667519703e-01    1.718010017e-01   -9.416242945e-02   -8.332010720e-02    1.740225215e-01   -1.724616373e-01    2.562965436e-02    1.158819064e-01   -2.003083394e-01    1.254729194e-01    1.653338036e-02   -1.668310331e-01    1.841767004e-01   -9.189139290e-02   -8.167116791e-02    1.827948316e-01   -1.747403272e-01    2.879854673e-02
    1.095220780e-01    4.599937088e-03   -1.661990483e-01    1.721239922e-01   -9.563446413e-02   -8.148513520e-02    1.732888002e-01   -1.738273571e-01    2.860098868e-02    1.132591618e-01   -2.001685616e-01    1.284371891e-01    1.214557943e-02   -1.640949421e-01    1.854115386e-01   -9.676669314e-02   -7.626708386e-02    1.807871566e-01   -1.780319095e-01    3.560390783e-02
    1.097408111e-01    3.970473785e-03   -1.656420358e-01    1.724382409e-01   -9.710008535e-02   -7.964232421e-02    1.725282587e-01   -1.751609947e-01    3.156356834e-02    1.106001373e-01   -1.999578214e-01    1.313428521e-01    7.748631121e-03   -1.612646745e-01    1.865163215e-01   -1.015709077e-01   -7.080061927e-02    1.785968785e-01   -1.811340205e-01    4.235986225e-02
    1.099592112e-01    3.340790915e-03   -1.650809475e-01    1.727437327e-01   -9.855918318e-02   -7.779187367e-02    1.717410093e-01   -1.764622923e-01    3.451666832e-02    1.079056370e-01   -1.996761958e-01    1.341886418e-01    3.344785876e-03   -1.583419109e-01    1.874902957e-01   -1.063003081e-01   -6.527656462e-02    1.762261495e-01   -1.840432630e-01    4.905820978e-02
    1.101772773e-01    2.710895785e-03   -1.645157981e-01    1.730404529e-01   -1.000116482e-01   -7.593398382e-02    1.709271678e-01   -1.777309984e-01    3.745956589e-02    1.051764752e-01   -1.993237876e-01    1.369733173e-01   -1.063702308e-03   -1.553283869e-01    1.883327969e-01   -1.109512239e-01   -5.969976083e-02    1.736772997e-01   -1.867564509e-01    5.569082012e-02
    1.103950090e-01    2.080795703e-03   -1.639466028e-01    1.733283871e-01   -1.014573714e-01   -7.406885574e-02    1.700868544e-01   -1.789668679e-01    4.039154084e-02    1.024134773e-01   -1.989007259e-01    1.396956647e-01   -5.474577054e-03   -1.522258916e-01    1.890432505e-01   -1.155200458e-01   -5.407509508e-02    1.709528337e-01   -1.892706128e-01    6.224964276e-02
    1.106124055e-01    1.450497983e-03   -1.633733764e-01    1.736075215e-01   -1.028962445e-01   -7.219669127e-02    1.692201929e-01   -1.801696617e-01    4.331187561e-02    9.961747836e-02   -1.984071651e-01    1.423544970e-01   -9.885580757e-03   -1.490362675e-01    1.896211718e-01   -1.200032280e-01   -4.840749647e-02    1.680554290e-01   -1.915829956e-01    6.872671678e-02
    1.108294662e-01    8.200099379e-04   -1.627961341e-01    1.738778425e-01   -1.043281594e-01   -7.031769304e-02    1.683273112e-01   -1.813391475e-01    4.621985549e-02    9.678932385e-02   -1.978432858e-01    1.449486551e-01   -1.429445573e-02   -1.457614083e-01    1.900661668e-01   -1.243972910e-01   -4.270193175e-02    1.649879331e-01   -1.936910668e-01    7.511418048e-02
    1.110461904e-01    1.893388869e-04   -1.622148911e-01    1.741393370e-01   -1.057530088e-01   -6.843206441e-02    1.674083408e-01   -1.824750991e-01    4.911476879e-02    9.392986877e-02   -1.972092943e-01    1.474770080e-01   -1.869894539e-02   -1.424032588e-01    1.903779318e-01   -1.286988249e-01   -3.696340095e-02    1.617533603e-01   -1.955925178e-01    8.140428093e-02
    1.112625774e-01   -4.415078497e-04   -1.616296629e-01    1.743919926e-01   -1.071706857e-01   -6.654000946e-02    1.664634173e-01   -1.835772970e-01    5.199590700e-02    9.103997764e-02   -1.965054224e-01    1.499384534e-01   -2.309679535e-02   -1.389638128e-01    1.905562542e-01   -1.329044912e-01   -3.119693296e-02    1.583548895e-01   -1.972852663e-01    8.758938341e-02
    1.114786267e-01   -1.072522949e-03   -1.610404649e-01    1.746357968e-01   -1.085810839e-01   -6.464173297e-02    1.654926801e-01   -1.846455280e-01    5.486256500e-02    8.812052418e-02   -1.957319277e-01    1.523319180e-01   -2.748575466e-02   -1.354451128e-01    1.906010122e-01   -1.370110259e-01   -2.540758120e-02    1.547958604e-01   -1.987674587e-01    9.366198062e-02
    1.116943375e-01   -1.703699085e-03   -1.604473126e-01    1.748707380e-01   -1.099840976e-01   -6.273744040e-02    1.644962723e-01   -1.856795857e-01    5.771404117e-02    8.517239107e-02   -1.948890931e-01    1.546563584e-01   -3.186357687e-02   -1.318492480e-01    1.905121751e-01   -1.410152422e-01   -1.960041912e-02    1.510797705e-01   -2.000374717e-01    9.961470185e-02
    1.119097092e-01   -2.335028929e-03   -1.598502217e-01    1.750968048e-01   -1.113796214e-01   -6.082733787e-02    1.634743408e-01   -1.866792702e-01    6.054963764e-02    8.219646965e-02   -1.939772271e-01    1.569107611e-01   -3.622802125e-02   -1.281783538e-01    1.902898036e-01   -1.449140322e-01   -1.378053580e-02    1.472102719e-01   -2.010939147e-01    1.054403219e-01
    1.121247411e-01   -2.966505151e-03   -1.592492081e-01    1.753139862e-01   -1.127675508e-01   -5.891163212e-02    1.624270365e-01   -1.876443881e-01    6.336866039e-02    7.919365968e-02   -1.929966633e-01    1.590941431e-01   -4.057685391e-02   -1.244346099e-01    1.899340490e-01   -1.487043703e-01   -7.953031461e-03    1.431911670e-01   -2.019356308e-01    1.111317698e-01
    1.123394326e-01   -3.598120417e-03   -1.586442875e-01    1.755222717e-01   -1.141477815e-01   -5.699053052e-02    1.613545138e-01   -1.885747530e-01    6.617041947e-02    7.616486904e-02   -1.919477604e-01    1.612055526e-01   -4.490784892e-02   -1.206202393e-01    1.894451538e-01   -1.523833148e-01   -2.123013015e-03    1.390264057e-01   -2.025616983e-01    1.166821375e-01
    1.125537831e-01   -4.229867393e-03   -1.580354761e-01    1.757216513e-01   -1.155202101e-01   -5.506424100e-02    1.602569309e-01   -1.894701847e-01    6.895422913e-02    7.311101350e-02   -1.908309024e-01    1.632440690e-01   -4.921878949e-02   -1.167375071e-01    1.888234514e-01   -1.559480104e-01    3.704410419e-03    1.347200808e-01   -2.029714316e-01    1.220846882e-01
    1.127677918e-01   -4.861738741e-03   -1.574227899e-01    1.759121151e-01   -1.168847335e-01   -5.313297208e-02    1.591344497e-01   -1.903305104e-01    7.171940804e-02    7.003301639e-02   -1.896464980e-01    1.652088033e-01   -5.350746909e-02   -1.127887188e-01    1.880693655e-01   -1.593956907e-01    9.524131995e-03    1.302764242e-01   -2.031643824e-01    1.273328644e-01
    1.129814582e-01   -5.493727121e-03   -1.568062450e-01    1.760936540e-01   -1.182412495e-01   -5.119693281e-02    1.579872358e-01   -1.911555635e-01    7.446527940e-02    6.693180836e-02   -1.883949805e-01    1.670988990e-01   -5.777169256e-02   -1.087762192e-01    1.871834102e-01   -1.627236798e-01    1.533105161e-02    1.256998028e-01   -2.031403392e-01    1.324202963e-01
    1.131947815e-01   -6.125825193e-03   -1.561858579e-01    1.762662593e-01   -1.195896561e-01   -4.925633276e-02    1.568154584e-01   -1.919451845e-01    7.719117113e-02    6.380832708e-02   -1.870768080e-01    1.689135319e-01   -6.200927726e-02   -1.047023911e-01    1.861661897e-01   -1.659293951e-01    2.112008036e-02    1.209947142e-01   -2.028993288e-01    1.373408088e-01
    1.134077612e-01   -6.758025613e-03   -1.555616449e-01    1.764299223e-01   -1.209298523e-01   -4.731138200e-02    1.556192904e-01   -1.926992207e-01    7.989641603e-02    6.066351697e-02   -1.856924630e-01    1.706519109e-01   -6.621805418e-02   -1.005696534e-01    1.850183973e-01   -1.690103484e-01    2.688614505e-02    1.161657822e-01   -2.024416151e-01    1.420884297e-01
    1.136203966e-01   -7.390321036e-03   -1.549336225e-01    1.765846353e-01   -1.222617376e-01   -4.536229108e-02    1.543989084e-01   -1.934175264e-01    8.258035197e-02    5.749832888e-02   -1.842424521e-01    1.723132779e-01   -7.039586905e-02   -9.638046029e-02    1.837408158e-01   -1.719641488e-01    3.262419257e-02    1.112177524e-01   -2.017676997e-01    1.466573966e-01
    1.138326870e-01   -8.022704115e-03   -1.543018074e-01    1.767303907e-01   -1.235852118e-01   -4.340927099e-02    1.531544923e-01   -1.940999624e-01    8.524232201e-02    5.431371987e-02   -1.827273060e-01    1.738969084e-01   -7.454058342e-02   -9.213729937e-02    1.823343162e-01   -1.747885036e-01    3.832919438e-02    1.061554873e-01   -2.008783207e-01    1.510421639e-01
    1.140446318e-01   -8.655167503e-03   -1.536662163e-01    1.768671813e-01   -1.249001759e-01   -4.145253316e-02    1.518862258e-01   -1.947463969e-01    8.788167460e-02    5.111065284e-02   -1.811475792e-01    1.754021120e-01   -7.865007580e-02   -8.784269030e-02    1.807998574e-01   -1.774812210e-01    4.399615088e-02    1.009839618e-01   -1.997744524e-01    1.552374096e-01
    1.142562303e-01   -9.287703848e-03   -1.530268659e-01    1.769950005e-01   -1.262065310e-01   -3.949228942e-02    1.505942960e-01   -1.953567048e-01    9.049776369e-02    4.789009629e-02   -1.795038500e-01    1.768282324e-01   -8.272224271e-02   -8.349918330e-02    1.791384858e-01   -1.800402111e-01    4.962009581e-02    9.570825803e-02   -1.984573038e-01    1.592380418e-01
    1.144674820e-01   -9.920305801e-03   -1.523837733e-01    1.771138420e-01   -1.275041792e-01   -3.752875197e-02    1.492788935e-01   -1.959307680e-01    9.308994895e-02    4.465302403e-02   -1.777967199e-01    1.781746476e-01   -8.675499977e-02   -7.910935764e-02    1.773513342e-01   -1.824634878e-01    5.519610061e-02    9.033356064e-02   -1.969283177e-01    1.630392047e-01
    1.146783862e-01   -1.055296601e-02   -1.517369553e-01    1.772237000e-01   -1.287930230e-01   -3.556213341e-02    1.479402124e-01   -1.964684754e-01    9.565759588e-02    4.140041485e-02   -1.760268139e-01    1.794407705e-01   -9.074628275e-02   -7.467582011e-02    1.754396212e-01   -1.847491704e-01    6.071927871e-02    8.486515149e-02   -1.951891689e-01    1.666362847e-01
    1.148889421e-01   -1.118567712e-02   -1.510864293e-01    1.773245691e-01   -1.300729659e-01   -3.359264663e-02    1.465784504e-01   -1.969697230e-01    9.820007598e-02    3.813325226e-02   -1.741947798e-01    1.806260490e-01   -9.469404867e-02   -7.020120344e-02    1.734046502e-01   -1.868954850e-01    6.618478986e-02    7.930840455e-02   -1.932417620e-01    1.700249160e-01
    1.150991493e-01   -1.181843177e-02   -1.504322123e-01    1.774164443e-01   -1.313439116e-01   -3.162050487e-02    1.451938082e-01   -1.974344137e-01    1.007167669e-01    3.485252417e-02   -1.723012882e-01    1.817299662e-01   -9.859627679e-02   -6.568816479e-02    1.712478088e-01   -1.889007657e-01    7.158784429e-02    7.366878061e-02   -1.910882302e-01    1.732009857e-01
    1.153090070e-01   -1.245122261e-02   -1.497743216e-01    1.774993211e-01   -1.326057649e-01   -2.964592163e-02    1.437864903e-01   -1.978624577e-01    1.032070527e-01    3.155922259e-02   -1.703470322e-01    1.827520406e-01   -1.024509697e-01   -6.113938413e-02    1.689705679e-01   -1.907634562e-01    7.692370702e-02    6.795182189e-02   -1.887309321e-01    1.761606389e-01
    1.155185147e-01   -1.308404229e-02   -1.491127749e-01    1.775731955e-01   -1.338584310e-01   -2.766911071e-02    1.423567044e-01   -1.982537720e-01    1.056703236e-01    2.825434335e-02   -1.683327270e-01    1.836918267e-01   -1.062561543e-01   -5.655756267e-02    1.665744800e-01   -1.924821109e-01    8.218770191e-02    6.216314662e-02   -1.861724496e-01    1.789002835e-01
    1.157276716e-01   -1.371688344e-02   -1.484475894e-01    1.776380636e-01   -1.351018160e-01   -2.569028613e-02    1.409046614e-01   -1.986082808e-01    1.081059768e-01    2.493888579e-02   -1.662591101e-01    1.845489144e-01   -1.100098828e-01   -5.194542123e-02    1.640611791e-01   -1.940553958e-01    8.737521581e-02    5.630844352e-02   -1.834155849e-01    1.814165943e-01
    1.159364772e-01   -1.434973870e-02   -1.477787829e-01    1.776939223e-01   -1.363358265e-01   -2.370966213e-02    1.394305757e-01   -1.989259156e-01    1.105134160e-01    2.161385244e-02   -1.641269406e-01    1.853229299e-01   -1.137102337e-01   -4.730569867e-02    1.614323790e-01   -1.954820899e-01    9.248170260e-02    5.039346619e-02   -1.804633574e-01    1.837065174e-01
    1.161449308e-01   -1.498260072e-02   -1.471063730e-01    1.777407687e-01   -1.375603698e-01   -2.172745318e-02    1.379346648e-01   -1.992066147e-01    1.128920520e-01    1.828024875e-02   -1.619369988e-01    1.860135357e-01   -1.173553130e-01   -4.264115022e-02    1.586898722e-01   -1.967610859e-01    9.750268713e-02    4.442402746e-02   -1.773190006e-01    1.857672734e-01
    1.163530317e-01   -1.561546214e-02   -1.464303777e-01    1.777786005e-01   -1.387753542e-01   -1.974387389e-02    1.364171495e-01   -1.994503238e-01    1.152413024e-01    1.493908276e-02   -1.596900865e-01    1.866204306e-01   -1.209432549e-01   -3.795454585e-02    1.558355288e-01   -1.978913910e-01    1.024337692e-01    3.840599369e-02   -1.739859584e-01    1.875963613e-01
    1.165607794e-01   -1.624831560e-02   -1.457508147e-01    1.778074158e-01   -1.399806883e-01   -1.775913903e-02    1.348782537e-01   -1.996569956e-01    1.175605922e-01    1.159136479e-02   -1.573870263e-01    1.871433497e-01   -1.244722226e-01   -3.324866866e-02    1.528712951e-01   -1.988721280e-01    1.072706275e-01    3.234527901e-02   -1.704678812e-01    1.891915612e-01
    1.167681733e-01   -1.688115372e-02   -1.450677020e-01    1.778272129e-01   -1.411762818e-01   -1.577346351e-02    1.333182047e-01   -1.998265899e-01    1.198493536e-01    8.238107177e-03   -1.550286610e-01    1.875820649e-01   -1.279404099e-01   -2.852631319e-02    1.497991924e-01   -1.997025357e-01    1.120090230e-01    2.624783946e-02   -1.667686223e-01    1.905509372e-01
    1.169752126e-01   -1.751396917e-02   -1.443810579e-01    1.778379908e-01   -1.423620448e-01   -1.378706233e-02    1.317372326e-01   -1.999590739e-01    1.221070264e-01    4.880323911e-03   -1.526158542e-01    1.879363848e-01   -1.313460413e-01   -2.379028376e-02    1.466213156e-01   -2.003819695e-01    1.166448033e-01    2.011966721e-02   -1.628922331e-01    1.916728394e-01
    1.171818967e-01   -1.814675456e-02   -1.436909005e-01    1.778397488e-01   -1.435378885e-01   -1.180015059e-02    1.301355709e-01   -2.000544217e-01    1.243330578e-01    1.519030372e-03   -1.501494891e-01    1.882061548e-01   -1.346873737e-01   -1.904339285e-02    1.433398318e-01   -2.009099021e-01    1.211739057e-01    1.396678462e-02   -1.588429593e-01    1.925559064e-01
    1.173882251e-01   -1.877950254e-02   -1.429972480e-01    1.778324868e-01   -1.447037244e-01   -9.812943440e-03    1.285134559e-01   -2.001126148e-01    1.265269029e-01   -1.844756998e-03   -1.476304686e-01    1.883912571e-01   -1.379626965e-01   -1.428845937e-02    1.399569784e-01   -2.012859236e-01    1.255923610e-01    7.795238331e-03   -1.546252358e-01    1.931990665e-01
    1.175941971e-01   -1.941220575e-02   -1.423001188e-01    1.778162048e-01   -1.458594651e-01   -7.825656053e-03    1.268711270e-01   -2.001336417e-01    1.286880247e-01   -5.210020993e-03   -1.450597148e-01    1.884916107e-01   -1.411703333e-01   -9.528307017e-03    1.364750623e-01   -2.015097423e-01    1.298962971e-01    1.611093329e-03   -1.502436820e-01    1.936015395e-01
    1.177998121e-01   -2.004485682e-02   -1.415995315e-01    1.777909036e-01   -1.470050238e-01   -5.838503629e-03    1.252088268e-01   -2.001174982e-01    1.308158941e-01   -8.575743958e-03   -1.424381689e-01    1.885071719e-01   -1.443086420e-01   -4.765762606e-03    1.328964579e-01   -2.015811842e-01    1.340819421e-01   -4.579573012e-03   -1.457030967e-01    1.937628370e-01
    1.180050695e-01   -2.067744840e-02   -1.408955046e-01    1.777565842e-01   -1.481403146e-01   -3.851701353e-03    1.235268006e-01   -2.000641872e-01    1.329099902e-01   -1.194090809e-02   -1.397667905e-01    1.884379336e-01   -1.473760161e-01   -3.654373415e-06    1.292236054e-01   -2.015001939e-01    1.381456279e-01   -1.077067691e-02   -1.410084530e-01    1.936827635e-01
    1.182099685e-01   -2.130997312e-02   -1.401880567e-01    1.777132480e-01   -1.492652522e-01   -1.865464373e-03    1.218252966e-01   -1.999737189e-01    1.349698003e-01   -1.530449575e-02   -1.370465577e-01    1.882839258e-01   -1.503708856e-01    4.755189697e-03    1.254590094e-01   -2.012668342e-01    1.420837932e-01   -1.695613415e-02   -1.361648925e-01    1.933614165e-01
    1.184145087e-01   -2.194242362e-02   -1.394772067e-01    1.776608971e-01   -1.503797522e-01    1.199922184e-04    1.201045661e-01   -1.998461105e-01    1.369948202e-01   -1.866548977e-02   -1.342784664e-01    1.880452156e-01   -1.532917172e-01    9.507943552e-03    1.216052370e-01   -2.008812861e-01    1.458929866e-01   -2.312986606e-02   -1.311777202e-01    1.927991864e-01
    1.186186894e-01   -2.257479254e-02   -1.387629733e-01    1.775995338e-01   -1.514837308e-01    2.104453412e-03    1.183648631e-01   -1.996813865e-01    1.389845540e-01   -2.202287377e-02   -1.314635298e-01    1.877219068e-01   -1.561370158e-01    1.425178475e-02    1.176649162e-01   -2.003438488e-01    1.495698700e-01   -2.928580550e-02   -1.260523980e-01    1.919967557e-01
    1.188225099e-01   -2.320707251e-02   -1.380453755e-01    1.775291608e-01   -1.525771052e-01    4.087704302e-03    1.166064444e-01   -1.994795785e-01    1.409385146e-01   -2.537563243e-02   -1.286027786e-01    1.873141402e-01   -1.589053249e-01    1.898389612e-02    1.136407338e-01   -1.996549394e-01    1.531112210e-01   -3.541790281e-02   -1.207945394e-01    1.909550988e-01
    1.190259697e-01   -2.383925618e-02   -1.373244323e-01    1.774497814e-01   -1.536597933e-01    6.069530112e-03    1.148295696e-01   -1.992407254e-01    1.428562238e-01   -2.872275184e-02   -1.256972601e-01    1.868220934e-01   -1.615952274e-01    2.370146748e-02    1.095354341e-01   -1.988150924e-01    1.565139361e-01   -4.152013175e-02   -1.154099030e-01    1.896754803e-01
    1.192290681e-01   -2.447133619e-02   -1.366001629e-01    1.773613993e-01   -1.547317138e-01    8.049716215e-03    1.130345011e-01   -1.989648731e-01    1.447372119e-01   -3.206321980e-02   -1.227480380e-01    1.862459808e-01   -1.642053463e-01    2.840169724e-02    1.053518166e-01   -1.978249596e-01    1.597750332e-01   -4.758649543e-02   -1.099043862e-01    1.881594536e-01
    1.194318045e-01   -2.510330518e-02   -1.358725864e-01    1.772640184e-01   -1.557927862e-01    1.002804816e-02    1.112215037e-01   -1.986520747e-01    1.465810185e-01   -3.539602610e-02   -1.197561921e-01    1.855860533e-01   -1.667343454e-01    3.308179412e-02    1.010927341e-01   -1.966853093e-01    1.628916543e-01   -5.361103222e-02   -1.042840188e-01    1.864088593e-01
    1.196341784e-01   -2.573515579e-02   -1.351417222e-01    1.771576434e-01   -1.568429309e-01    1.200431169e-02    1.093908453e-01   -1.983023906e-01    1.483871921e-01   -3.872016284e-02   -1.167228177e-01    1.848425986e-01   -1.691809301e-01    3.773897881e-02    9.676109097e-02   -1.953970260e-01    1.658610682e-01   -5.958782157e-02   -9.855495632e-02    1.844258223e-01
    1.198361890e-01   -2.636688067e-02   -1.344075896e-01    1.770422792e-01   -1.578820689e-01    1.397829278e-02    1.075427960e-01   -1.979158879e-01    1.501552905e-01   -4.203462474e-02   -1.136490253e-01    1.840159405e-01   -1.715438479e-01    4.237048555e-02    9.235984111e-02   -1.939611095e-01    1.686806725e-01   -6.551098988e-02   -9.272347346e-02    1.822127501e-01
    1.200378358e-01   -2.699847245e-02   -1.336702081e-01    1.769179310e-01   -1.589101223e-01    1.594977763e-02    1.056776288e-01   -1.974926414e-01    1.518848808e-01   -4.533840945e-02   -1.105359403e-01    1.831064392e-01   -1.738218892e-01    4.697356386e-02    8.789198583e-02   -1.923786742e-01    1.713479963e-01   -7.137471622e-02   -8.679595699e-02    1.797723290e-01
    1.202391181e-01   -2.762992378e-02   -1.329295973e-01    1.767846048e-01   -1.599270139e-01    1.791855273e-02    1.037956189e-01   -1.970327325e-01    1.535755395e-01   -4.863051783e-02   -1.073847025e-01    1.821144913e-01   -1.760138878e-01    5.154548012e-02    8.336057187e-02   -1.906509480e-01    1.738607018e-01   -7.717323808e-02   -8.077889889e-02    1.771075216e-01
    1.204400354e-01   -2.826122731e-02   -1.321857768e-01    1.766423067e-01   -1.609326673e-01    1.988440484e-02    1.018970443e-01   -1.965362499e-01    1.552268528e-01   -5.190995426e-02   -1.041964656e-01    1.810405288e-01   -1.781187216e-01    5.608351923e-02    7.876868933e-02   -1.887792720e-01    1.762165870e-01   -8.290085703e-02   -7.467888920e-02    1.742215626e-01
    1.206405870e-01   -2.889237569e-02   -1.314387663e-01    1.764910435e-01   -1.619270069e-01    2.184712104e-02    9.998218535e-02   -1.960032893e-01    1.568384162e-01   -5.517572697e-02   -1.009723969e-01    1.798850200e-01   -1.801353131e-01    6.058498617e-02    7.411946956e-02   -1.867650985e-01    1.784135873e-01   -8.855194432e-02   -6.850260880e-02    1.711179553e-01
    1.208407724e-01   -2.952336155e-02   -1.306885857e-01    1.763308222e-01   -1.629099581e-01    2.380648876e-02    9.805132468e-02   -1.954339536e-01    1.584098352e-01   -5.842684830e-02   -9.771367678e-02    1.786484684e-01   -1.820626298e-01    6.504720765e-02    6.941608299e-02   -1.846099909e-01    1.804497773e-01   -9.412094640e-02   -6.225682212e-02    1.678004670e-01
    1.210405909e-01   -3.015417756e-02   -1.299352549e-01    1.761616502e-01   -1.638814470e-01    2.576229578e-02    9.610474743e-02   -1.948283526e-01    1.599407249e-01   -6.166233500e-02   -9.442149834e-02    1.773314129e-01   -1.838996850e-01    6.946753368e-02    6.466173703e-02   -1.823156216e-01    1.823233725e-01   -9.960239039e-02   -5.594836969e-02    1.642731249e-01
    1.212400419e-01   -3.078481637e-02   -1.291787939e-01    1.759835357e-01   -1.648414008e-01    2.771433025e-02    9.414274101e-02   -1.941866031e-01    1.614307106e-01   -6.488120859e-02   -9.109706695e-02    1.759344276e-01   -1.856455384e-01    7.384333914e-02    5.985967383e-02   -1.798837712e-01    1.840327308e-01   -1.049908895e-01   -4.958416069e-02    1.605402105e-01
    1.214391248e-01   -3.141527062e-02   -1.284192227e-01    1.757964868e-01   -1.657897473e-01    2.966238074e-02    9.216559513e-02   -1.935088290e-01    1.628794275e-01   -6.808249556e-02   -8.774159978e-02    1.744581214e-01   -1.872992961e-01    7.817202535e-02    5.501316807e-02   -1.773163272e-01    1.855763543e-01   -1.102811481e-01   -4.317116536e-02    1.566062553e-01
    1.216378390e-01   -3.204553297e-02   -1.276565616e-01    1.756005125e-01   -1.667264152e-01    3.160623625e-02    9.017360174e-02   -1.927951609e-01    1.642865206e-01   -7.126522773e-02   -8.435632537e-02    1.729031377e-01   -1.888601114e-01    8.245102160e-02    5.012552478e-02   -1.746152821e-01    1.869528902e-01   -1.154679675e-01   -3.671640737e-02    1.524760345e-01
    1.218361839e-01   -3.267559608e-02   -1.268908306e-01    1.753956219e-01   -1.676513342e-01    3.354568622e-02    8.816705496e-02   -1.920457366e-01    1.656516456e-01   -7.442844255e-02   -8.094248318e-02    1.712701545e-01   -1.903271854e-01    8.667778668e-02    4.520007701e-02   -1.717827321e-01    1.881611320e-01   -1.205462501e-01   -3.022695612e-02    1.481545615e-01
    1.220341590e-01   -3.330545261e-02   -1.261220503e-01    1.751818248e-01   -1.685644349e-01    3.548052059e-02    8.614625109e-02   -1.912607007e-01    1.669744680e-01   -7.757118332e-02   -7.750132316e-02    1.695598833e-01   -1.916997668e-01    9.084981039e-02    4.024018364e-02   -1.688208755e-01    1.892000208e-01   -1.255110055e-01   -2.370991901e-02    1.436470821e-01
    1.222317635e-01   -3.393509521e-02   -1.253502409e-01    1.749591311e-01   -1.694656486e-01    3.741052976e-02    8.411148853e-02   -1.904402048e-01    1.682546641e-01   -8.069249956e-02   -7.403410522e-02    1.677730698e-01   -1.929771529e-01    9.496461506e-02    3.524922700e-02   -1.657320112e-01    1.900686462e-01   -1.303573545e-01   -1.717243365e-02    1.389590676e-01
    1.224289969e-01   -3.456451655e-02   -1.245754231e-01    1.747275514e-01   -1.703549076e-01    3.933550467e-02    8.206306776e-02   -1.895844071e-01    1.694919202e-01   -8.379144727e-02   -7.054209886e-02    1.659104928e-01   -1.941586898e-01    9.901975695e-02    3.023061065e-02   -1.625185362e-01    1.907662470e-01   -1.350805344e-01   -1.062166006e-02    1.340962087e-01
    1.226258586e-01   -3.519370929e-02   -1.237976172e-01    1.744870966e-01   -1.712321451e-01    4.125523680e-02    8.000129125e-02   -1.886934729e-01    1.706859333e-01   -8.686708918e-02   -6.702658265e-02    1.639729642e-01   -1.952437724e-01    1.030128278e-01    2.518775700e-02   -1.591829447e-01    1.912922117e-01   -1.396759036e-01   -4.064772781e-03    1.290644079e-01
    1.228223480e-01   -3.582266610e-02   -1.230168441e-01    1.742377781e-01   -1.720972953e-01    4.316951821e-02    7.792646347e-02   -1.877675741e-01    1.718364111e-01   -8.991849509e-02   -6.348884376e-02    1.619613286e-01   -1.962318453e-01    1.069414561e-01    2.012410500e-02   -1.557278254e-01    1.916460795e-01   -1.441389461e-01    2.491046928e-03    1.238697733e-01
    1.230184645e-01   -3.645137965e-02   -1.222331244e-01    1.739796076e-01   -1.729502931e-01    4.507814153e-02    7.583889082e-02   -1.868068894e-01    1.729430718e-01   -9.294474210e-02   -5.993017752e-02    1.598764629e-01   -1.971224025e-01    1.108033088e-01    1.504310777e-02   -1.521558598e-01    1.918275401e-01   -1.484652757e-01    9.038618987e-03    1.185186103e-01
    1.232142076e-01   -3.707984261e-02   -1.214464789e-01    1.737125974e-01   -1.737910744e-01    4.698089999e-02    7.373888157e-02   -1.858116043e-01    1.740056444e-01   -9.594491495e-02   -5.635188693e-02    1.577192758e-01   -1.979149880e-01    1.145960923e-01    9.948230305e-03   -1.484698201e-01    1.918364345e-01   -1.526506408e-01    1.557077235e-02    1.130174142e-01
    1.234095765e-01   -3.770804764e-02   -1.206569286e-01    1.734367600e-01   -1.746195761e-01    4.887758747e-02    7.162674585e-02   -1.847819110e-01    1.750238686e-01   -9.891810621e-02   -5.275528217e-02    1.554907078e-01   -1.986091960e-01    1.183175541e-01    4.842947036e-03   -1.446725671e-01    1.916727549e-01   -1.566909284e-01    2.208035285e-02    1.073728628e-01
    1.236045708e-01   -3.833598744e-02   -1.198644944e-01    1.731521086e-01   -1.754357358e-01    5.076799851e-02    6.950279557e-02   -1.837180082e-01    1.759974950e-01   -1.018634167e-01   -4.914168014e-02    1.531917304e-01   -1.992046709e-01    1.219654841e-01   -2.692604868e-04   -1.407670480e-01    1.913366448e-01   -1.605821678e-01    2.856023106e-02    1.015918075e-01
    1.237991898e-01   -3.896365467e-02   -1.190691973e-01    1.728586565e-01   -1.762394924e-01    5.265192832e-02    6.736734440e-02   -1.826201012e-01    1.769262852e-01   -1.047799555e-01   -4.551240396e-02    1.508233457e-01   -1.997011078e-01    1.255377158e-01   -5.384905988e-03   -1.367562937e-01    1.908283987e-01   -1.643205350e-01    3.500331008e-02    9.568126571e-02
    1.239934330e-01   -3.959104201e-02   -1.182710585e-01    1.725564177e-01   -1.770307853e-01    5.452917279e-02    6.522070770e-02   -1.814884021e-01    1.778100116e-01   -1.076668405e-01   -4.186878251e-02    1.483865861e-01   -2.000982524e-01    1.290321276e-01   -1.050050084e-02   -1.326434171e-01    1.901484620e-01   -1.679023561e-01    4.140253331e-02    8.964841172e-02
    1.241872997e-01   -4.021814216e-02   -1.174700992e-01    1.722454065e-01   -1.778095551e-01    5.639952857e-02    6.306320251e-02   -1.803231294e-01    1.786484578e-01   -1.105231986e-01   -3.821214992e-02    1.458825140e-01   -2.003959014e-01    1.324466442e-01   -1.561255645e-02   -1.284316103e-01    1.892974306e-01   -1.713241111e-01    4.775089218e-02    8.350056847e-02
    1.243807893e-01   -4.084494780e-02   -1.166663407e-01    1.719256376e-01   -1.785757433e-01    5.826279302e-02    6.089514744e-02   -1.791245080e-01    1.794414184e-01   -1.133481659e-01   -3.454384509e-02    1.433122209e-01   -2.005939022e-01    1.357792377e-01   -2.071758662e-02   -1.241241421e-01    1.882760503e-01   -1.745824373e-01    5.404143384e-02    7.724519839e-02
    1.245739013e-01   -4.147145162e-02   -1.158598042e-01    1.715971261e-01   -1.793292924e-01    6.011876428e-02    5.871686270e-02   -1.778927694e-01    1.801886991e-01   -1.161408879e-01   -3.086521119e-02    1.406768273e-01   -2.006921533e-01    1.390279289e-01   -2.581210995e-02   -1.197243556e-01    1.870852163e-01   -1.776741327e-01    6.026726876e-02    7.088989445e-02
    1.247666352e-01   -4.209764631e-02   -1.150505113e-01    1.712598877e-01   -1.800701455e-01    6.196724127e-02    5.652866998e-02   -1.766281514e-01    1.808901168e-01   -1.189005199e-01   -2.717759521e-02    1.379774822e-01   -2.006906042e-01    1.421907884e-01   -3.089265219e-02   -1.152356655e-01    1.857259721e-01   -1.805961588e-01    6.642157827e-02    6.444237091e-02
    1.249589902e-01   -4.272352456e-02   -1.142384834e-01    1.709139383e-01   -1.807982471e-01    6.380802374e-02    5.433089248e-02   -1.753308983e-01    1.815454998e-01   -1.216262272e-01   -2.348234740e-02    1.352153622e-01   -2.005892557e-01    1.452659377e-01   -3.595574862e-02   -1.106615556e-01    1.841995090e-01   -1.833456442e-01    7.249762205e-02    5.791045396e-02
    1.251509658e-01   -4.334907909e-02   -1.134237421e-01    1.705592942e-01   -1.815135425e-01    6.564091224e-02    5.212385477e-02   -1.740012604e-01    1.821546874e-01   -1.243171853e-01   -1.978082084e-02    1.323916715e-01   -2.003881595e-01    1.482515505e-01   -4.099794641e-02   -1.060055760e-01    1.825071648e-01   -1.859198867e-01    7.848874550e-02    5.130207222e-02
    1.253425615e-01   -4.397430258e-02   -1.126063091e-01    1.701959724e-01   -1.822159779e-01    6.746570820e-02    4.990788284e-02   -1.726394945e-01    1.827175304e-01   -1.269725805e-01   -1.607437088e-02    1.295076412e-01   -2.000874183e-01    1.511458536e-01   -4.601580699e-02   -1.012713402e-01    1.806504225e-01   -1.883163566e-01    8.438838702e-02    4.462524712e-02
    1.255337766e-01   -4.459918776e-02   -1.117862061e-01    1.698239901e-01   -1.829055004e-01    6.928221391e-02    4.768330395e-02   -1.712458636e-01    1.832338907e-01   -1.295916094e-01   -1.236435471e-02    1.265645284e-01   -1.996871860e-01    1.539471279e-01   -5.100590836e-02   -9.646252262e-02    1.786309095e-01   -1.905326987e-01    9.019008521e-02    3.788808315e-02
    1.257246106e-01   -4.522372732e-02   -1.109634549e-01    1.694433649e-01   -1.835820582e-01    7.109023255e-02    4.545044669e-02   -1.698206369e-01    1.837036419e-01   -1.321734799e-01   -8.652130819e-03    1.235636163e-01   -1.991876674e-01    1.566537099e-01   -5.596484745e-02   -9.158285546e-02    1.764503955e-01   -1.925667351e-01    9.588748595e-02    3.109875806e-02
    1.259150629e-01   -4.584791398e-02   -1.101380773e-01    1.690541149e-01   -1.842456005e-01    7.288956823e-02    4.320964084e-02   -1.683640896e-01    1.841266689e-01   -1.347174111e-01   -4.939058512e-03    1.205062131e-01   -1.985891179e-01    1.592639919e-01   -6.088924245e-02   -8.663612595e-02    1.741107916e-01   -1.944164667e-01    1.014743493e-01    2.426551288e-02
    1.261051330e-01   -4.647174046e-02   -1.093100953e-01    1.686562585e-01   -1.848960774e-01    7.468002599e-02    4.096121737e-02   -1.668765028e-01    1.845028678e-01   -1.372226334e-01   -1.226497411e-03    1.173936518e-01   -1.978918439e-01    1.617764238e-01   -6.577573508e-02   -8.162617337e-02    1.716141482e-01   -1.960800758e-01    1.069445565e-01    1.739664197e-02
    1.262948201e-01   -4.709519947e-02   -1.084795309e-01    1.682498146e-01   -1.855334399e-01    7.646141184e-02    3.870550837e-02   -1.653581641e-01    1.848321465e-01   -1.396883891e-01    2.484193046e-03    1.142272892e-01   -1.970962021e-01    1.641895133e-01   -7.062099293e-02   -7.655688607e-02    1.689626533e-01   -1.975559275e-01    1.122921164e-01    1.050048291e-02
    1.264841238e-01   -4.771828375e-02   -1.076464061e-01    1.678348025e-01   -1.861576402e-01    7.823353276e-02    3.644284702e-02   -1.638093664e-01    1.851144242e-01   -1.421139323e-01    6.191654096e-03    1.110085058e-01   -1.962025998e-01    1.665018271e-01   -7.542171167e-02   -7.143219847e-02    1.661586307e-01   -1.988425714e-01    1.175111724e-01    3.585406392e-03
    1.266730435e-01   -4.834098602e-02   -1.068107432e-01    1.674112420e-01   -1.867686312e-01    7.999619673e-02    3.417356753e-02   -1.622304091e-01    1.853496316e-01   -1.444985294e-01    9.894528157e-03    1.077387049e-01   -1.952114941e-01    1.687119921e-01   -8.017461736e-02   -6.625608797e-02    1.632045378e-01   -1.999387432e-01    1.225960083e-01   -3.340193915e-03
    1.268615787e-01   -4.896329902e-02   -1.059725643e-01    1.669791531e-01   -1.873663671e-01    8.174921275e-02    3.189800509e-02   -1.606215969e-01    1.855377111e-01   -1.468414591e-01    1.359145932e-02    1.044193121e-01   -1.941233923e-01    1.708186953e-01   -8.487646867e-02   -6.103257191e-02    1.601029635e-01   -2.008433656e-01    1.275410553e-01   -1.026791159e-02
    1.270497286e-01   -4.958521548e-02   -1.051318918e-01    1.665385565e-01   -1.879508029e-01    8.349239088e-02    2.961649581e-02   -1.589832407e-01    1.856786163e-01   -1.491420126e-01    1.728109384e-02    1.010517743e-01   -1.929388513e-01    1.728206858e-01   -8.952405906e-02   -5.576570440e-02    1.568566260e-01   -2.015555496e-01    1.323408974e-01   -1.718933764e-02
    1.272374929e-01   -5.020672814e-02   -1.042887479e-01    1.660894729e-01   -1.885218946e-01    8.522554223e-02    2.732937670e-02   -1.573156569e-01    1.857723127e-01   -1.513994941e-01    2.096208065e-02    9.763755990e-02   -1.916584773e-01    1.747167742e-01   -9.411421899e-02   -5.045957324e-02    1.534683705e-01   -2.020745954e-01    1.369902777e-01   -2.409607071e-02
    1.274248708e-01   -5.082782975e-02   -1.034431550e-01    1.656319238e-01   -1.890795992e-01    8.694847899e-02    2.503698560e-02   -1.556191675e-01    1.858187772e-01   -1.536132206e-01    2.463307183e-02    9.417815729e-02   -1.902829257e-01    1.765058346e-01   -9.864381811e-02   -4.511829667e-02    1.499411663e-01   -2.023999929e-01    1.414841042e-01   -3.097972731e-02
    1.276118619e-01   -5.144851306e-02   -1.025951358e-01    1.651659308e-01   -1.896238748e-01    8.866101447e-02    2.273966110e-02   -1.538941002e-01    1.858179982e-01   -1.557825226e-01    2.829272313e-02    9.067507470e-02   -1.888129003e-01    1.781868042e-01   -1.031097673e-01   -3.974602024e-02    1.462781047e-01   -2.025314224e-01    1.458174553e-01   -3.783195194e-02
    1.277984655e-01   -5.206877082e-02   -1.017447126e-01    1.646915162e-01   -1.901546805e-01    9.036296309e-02    2.043774257e-02   -1.521407882e-01    1.857699758e-01   -1.579067438e-01    3.193969443e-02    8.712983940e-02   -1.872491537e-01    1.797586847e-01   -1.075090210e-01   -3.434691356e-02    1.424823960e-01   -2.024687548e-01    1.499855848e-01   -4.464442727e-02
    1.279846811e-01   -5.268859579e-02   -1.008919082e-01    1.642087025e-01   -1.906719763e-01    9.205414041e-02    1.813157004e-02   -1.503595702e-01    1.856747216e-01   -1.599852417e-01    3.557265027e-02    8.354399703e-02   -1.855924861e-01    1.812205424e-01   -1.118385789e-01   -2.892516704e-02    1.385573668e-01   -2.022120517e-01    1.539839280e-01   -5.140888422e-02
    1.281705082e-01   -5.330798073e-02   -1.000367453e-01    1.637175127e-01   -1.911757233e-01    9.373436318e-02    1.582148416e-02   -1.485507902e-01    1.855322587e-01   -1.620173874e-01    3.919026029e-02    7.991911095e-02   -1.838437455e-01    1.825715091e-01   -1.160954883e-01   -2.348498872e-02    1.345064569e-01   -2.017615654e-01    1.578081057e-01   -5.811711201e-02
    1.283559461e-01   -5.392691842e-02   -9.917924642e-02    1.632179700e-01   -1.916658836e-01    9.540344932e-02    1.350782618e-02   -1.467147975e-01    1.853426218e-01   -1.640025664e-01    4.279119976e-02    7.625676155e-02   -1.820038270e-01    1.838107822e-01   -1.202768462e-01   -1.803060090e-02    1.303332165e-01   -2.011177387e-01    1.614539297e-01   -6.476096810e-02
    1.285409944e-01   -5.454540162e-02   -9.831943455e-02    1.627100983e-01   -1.921424203e-01    9.706121793e-02    1.119093787e-02   -1.448519468e-01    1.851058573e-01   -1.659401780e-01    4.637415005e-02    7.255854555e-02   -1.800736723e-01    1.849376258e-01   -1.243798009e-01   -1.256623695e-02    1.260413032e-01   -2.002812044e-01    1.649174071e-01   -7.133238811e-02
    1.287256524e-01   -5.516342312e-02   -9.745733251e-02    1.621939217e-01   -1.926052974e-01    9.870748938e-02    8.871161497e-03   -1.429625980e-01    1.848220229e-01   -1.678296361e-01    4.993779911e-02    6.882607532e-02   -1.780542693e-01    1.859513704e-01   -1.284015542e-01   -7.096137968e-03    1.216344782e-01   -1.992527847e-01    1.681947445e-01   -7.782339558e-02
    1.289099195e-01   -5.578097570e-02   -9.659296323e-02    1.616694648e-01   -1.930544803e-01    1.003420853e-01    6.548839733e-03   -1.410471160e-01    1.844911880e-01   -1.696703691e-01    5.348084195e-02    6.506097817e-02   -1.759466518e-01    1.868514138e-01   -1.323393635e-01   -1.624549512e-03    1.171166039e-01   -1.980334903e-01    1.712823527e-01   -8.422611166e-02
    1.290937953e-01   -5.639805214e-02   -9.572634971e-02    1.611367525e-01   -1.934899350e-01    1.019648284e-01    4.224315647e-03   -1.391058707e-01    1.841134333e-01   -1.714618202e-01    5.700198112e-02    6.126489563e-02   -1.737518983e-01    1.876372216e-01   -1.361905432e-01    3.844281697e-03    1.124916395e-01   -1.966245195e-01    1.741768502e-01   -9.053276469e-02
    1.292772792e-01   -5.701464524e-02   -9.485751500e-02    1.605958101e-01   -1.939116288e-01    1.035755430e-01    1.897932631e-03   -1.371392372e-01    1.836888512e-01   -1.732034474e-01    6.049992718e-02    5.743948278e-02   -1.714711325e-01    1.883083268e-01   -1.399524667e-01    9.306111071e-03    1.077636386e-01   -1.950272570e-01    1.768750668e-01   -9.673569959e-02
    1.294603705e-01   -5.763074779e-02   -9.398648221e-02    1.600466634e-01   -1.943195298e-01    1.051740544e-01   -4.299656429e-04   -1.351475954e-01    1.832175455e-01   -1.748947238e-01    6.397339920e-02    5.358640744e-02   -1.691055216e-01    1.888643307e-01   -1.436225686e-01    1.475669945e-02    1.029367447e-01   -1.932432728e-01    1.793740475e-01   -1.028273872e-01
    1.296430688e-01   -5.824635260e-02   -9.311327452e-02    1.594893386e-01   -1.947136075e-01    1.067601894e-01   -2.759035278e-03   -1.331313300e-01    1.826996315e-01   -1.765351378e-01    6.742112518e-02    4.970734955e-02   -1.666562766e-01    1.893049031e-01   -1.471983458e-01    2.019181641e-02    9.801518811e-02   -1.912743199e-01    1.816710554e-01   -1.088004334e-01
    1.298253736e-01   -5.886145249e-02   -9.223791515e-02    1.589238621e-01   -1.950938321e-01    1.083337761e-01   -5.088932200e-03   -1.310908305e-01    1.821352357e-01   -1.781241930e-01    7.084184255e-02    4.580400034e-02   -1.641246511e-01    1.896297822e-01   -1.506773597e-01    2.560724351e-02    9.300328214e-02   -1.891223336e-01    1.837635749e-01   -1.146475881e-01
    1.300072841e-01   -5.947604026e-02   -9.136042740e-02    1.583502609e-01   -1.954601749e-01    1.098946440e-01   -7.419312208e-03   -1.290264910e-01    1.815244961e-01   -1.796614089e-01    7.423429865e-02    4.187806167e-02   -1.615119410e-01    1.898387750e-01   -1.540572377e-01    3.099877759e-02    8.790541925e-02   -1.867894288e-01    1.856493143e-01   -1.203617540e-01
    1.301888000e-01   -6.009010873e-02   -9.048083461e-02    1.577685622e-01   -1.958126083e-01    1.114426239e-01   -9.749831029e-03   -1.269387104e-01    1.808675622e-01   -1.811463202e-01    7.759725113e-02    3.793124525e-02   -1.588194837e-01    1.899317571e-01   -1.573356746e-01    3.636223403e-02    8.272606723e-02   -1.842778982e-01    1.873262083e-01   -1.259359952e-01
    1.303699206e-01   -6.070365074e-02   -8.959916020e-02    1.571787938e-01   -1.961511059e-01    1.129775479e-01   -1.208014437e-02   -1.248278920e-01    1.801645946e-01   -1.825784778e-01    8.092946846e-02    3.396527187e-02   -1.560486574e-01    1.899086734e-01   -1.605104346e-01    4.169345001e-02    7.746976530e-02   -1.815902101e-01    1.887924204e-01   -1.313635456e-01
    1.305506453e-01   -6.131665911e-02   -8.871542762e-02    1.565809837e-01   -1.964756420e-01    1.144992498e-01   -1.440990794e-02   -1.226944435e-01    1.794157652e-01   -1.839574483e-01    8.422973035e-02    2.998187071e-02   -1.532008804e-01    1.897695373e-01   -1.635793525e-01    4.698828771e-02    7.214112014e-02   -1.787290060e-01    1.900463450e-01   -1.366378175e-01
    1.307309738e-01   -6.192912667e-02   -8.782966039e-02    1.559751604e-01   -1.967861922e-01    1.160075646e-01   -1.673877757e-02   -1.205387771e-01    1.786212572e-01   -1.852828146e-01    8.749682821e-02    2.598277854e-02   -1.502776103e-01    1.895144314e-01   -1.665403353e-01    5.224263756e-02    6.674480180e-02   -1.756970977e-01    1.910866088e-01   -1.417524088e-01
    1.309109053e-01   -6.254104629e-02   -8.694188208e-02    1.553613527e-01   -1.970827331e-01    1.175023289e-01   -1.906640919e-02   -1.183613092e-01    1.777812649e-01   -1.865541756e-01    9.072956560e-02    2.196973899e-02   -1.472803437e-01    1.891435071e-01   -1.693913636e-01    5.745242139e-02    6.128553968e-02   -1.724974651e-01    1.919120726e-01   -1.467011114e-01
    1.310904394e-01   -6.315241079e-02   -8.605211632e-02    1.547395899e-01   -1.973652424e-01    1.189833805e-01   -2.139245891e-02   -1.161624605e-01    1.768959939e-01   -1.877711467e-01    9.392675863e-02    1.794450176e-02   -1.442106147e-01    1.886569845e-01   -1.721304930e-01    6.261359563e-02    5.576811832e-02   -1.691332527e-01    1.925218324e-01   -1.514779187e-01
    1.312695754e-01   -6.376321305e-02   -8.516038679e-02    1.541099016e-01   -1.976336986e-01    1.204505590e-01   -2.371658308e-02   -1.139426558e-01    1.759656607e-01   -1.889333597e-01    9.708723646e-02    1.390882188e-02   -1.410699946e-01    1.880551527e-01   -1.747558554e-01    6.772215443e-02    5.019737324e-02   -1.656077668e-01    1.929152205e-01   -1.560770326e-01
    1.314483130e-01   -6.437344592e-02   -8.426671722e-02    1.534723177e-01   -1.978880815e-01    1.219037054e-01   -2.603843833e-02   -1.117023240e-01    1.749904929e-01   -1.900404628e-01    1.002098417e-01    9.864458936e-03   -1.378600912e-01    1.873383687e-01   -1.772656603e-01    7.277413275e-02    4.457818672e-02   -1.619244722e-01    1.930918062e-01   -1.604928708e-01
    1.316266514e-01   -6.498310226e-02   -8.337113141e-02    1.528268687e-01   -1.981283720e-01    1.233426621e-01   -2.835768161e-02   -1.094418978e-01    1.739707292e-01   -1.910921212e-01    1.032934307e-01    5.813176322e-03   -1.345825475e-01    1.865070583e-01   -1.796581960e-01    7.776560951e-02    3.891548346e-02   -1.580869887e-01    1.930513961e-01   -1.647200733e-01
    1.318045902e-01   -6.559217496e-02   -8.247365319e-02    1.521735852e-01   -1.983545518e-01    1.247672731e-01   -3.067397028e-02   -1.071618139e-01    1.729066189e-01   -1.920880166e-01    1.063368742e-01    1.756740435e-03   -1.312390413e-01    1.855617151e-01   -1.819318306e-01    8.269271054e-02    3.321422633e-02   -1.540990877e-01    1.927940347e-01   -1.687535093e-01
    1.319821289e-01   -6.620065690e-02   -8.157430645e-02    1.515124985e-01   -1.985666040e-01    1.261773841e-01   -3.298696210e-02   -1.048625130e-01    1.717984226e-01   -1.930278476e-01    1.093390578e-01   -2.303080065e-03   -1.278312841e-01    1.845029004e-01   -1.840850136e-01    8.755161164e-02    2.747941200e-02   -1.499646887e-01    1.923200039e-01   -1.725882829e-01
    1.321592669e-01   -6.680854096e-02   -8.067311514e-02    1.508436399e-01   -1.987645124e-01    1.275728421e-01   -3.529631533e-02   -1.025444391e-01    1.706464112e-01   -1.939113299e-01    1.122988818e-01   -6.364515041e-03   -1.243610204e-01    1.833312429e-01   -1.861162765e-01    9.233854156e-02    2.171606651e-02   -1.456878546e-01    1.916298231e-01   -1.762197397e-01
    1.323360036e-01   -6.741582004e-02   -7.977010324e-02    1.501670414e-01   -1.989482621e-01    1.289534959e-01   -3.760168878e-02   -1.002080402e-01    1.694508668e-01   -1.947381961e-01    1.152152624e-01   -1.042579364e-02   -1.208300264e-01    1.820474384e-01   -1.880242339e-01    9.704978488e-02    1.592924096e-02   -1.412727888e-01    1.907242483e-01   -1.796434719e-01
    1.325123385e-01   -6.802248704e-02   -7.886529480e-02    1.494827352e-01   -1.991178391e-01    1.303191958e-01   -3.990274182e-02   -9.785376765e-02    1.682120819e-01   -1.955081959e-01    1.180871315e-01   -1.448514509e-02   -1.172401098e-01    1.806522492e-01   -1.898075845e-01    1.016816849e-01    1.012400700e-02   -1.367238304e-01    1.896042713e-01   -1.828553237e-01
    1.326882711e-01   -6.862853486e-02   -7.795871390e-02    1.487907539e-01   -1.992732308e-01    1.316697938e-01   -4.219913446e-02   -9.548207629e-02    1.669303595e-01   -1.962210964e-01    1.209134373e-01   -1.854079943e-02   -1.135931083e-01    1.791465040e-01   -1.914651120e-01    1.062306466e-01    4.305452427e-03   -1.320454499e-01    1.882711191e-01   -1.858513968e-01
    1.328638009e-01   -6.923395643e-02   -7.705038468e-02    1.480911305e-01   -1.994144251e-01    1.330051435e-01   -4.449052741e-02   -9.309342436e-02    1.656060134e-01   -1.968766817e-01    1.236931448e-01   -2.259098831e-02   -1.098908886e-01    1.775310967e-01   -1.929956860e-01    1.106931393e-01   -1.521323287e-03   -1.272422452e-01    1.867262518e-01   -1.886280547e-01
    1.330389273e-01   -6.983874466e-02   -7.614033133e-02    1.473838983e-01   -1.995414115e-01    1.343251000e-01   -4.677658211e-02   -9.068827336e-02    1.642393676e-01   -1.974747534e-01    1.264252358e-01   -2.663394578e-02   -1.061353461e-01    1.758069869e-01   -1.943982624e-01    1.150656992e-01   -7.351213460e-03   -1.223189368e-01    1.849713616e-01   -1.911819271e-01
    1.332136498e-01   -7.044289248e-02   -7.522857808e-02    1.466690911e-01   -1.996541803e-01    1.356295204e-01   -4.905696077e-02   -8.826708799e-02    1.628307565e-01   -1.980151306e-01    1.291087100e-01   -3.066790901e-02   -1.023284032e-01    1.739751982e-01   -1.956718848e-01    1.193449326e-01   -1.317910867e-02   -1.172803633e-01    1.830083705e-01   -1.935099142e-01
    1.333879678e-01   -7.104639283e-02   -7.431514922e-02    1.459467428e-01   -1.997527229e-01    1.369182631e-01   -5.133132645e-02   -8.583033606e-02    1.613805250e-01   -1.984976496e-01    1.317425844e-01   -3.469111910e-02   -9.847200872e-02    1.720368186e-01   -1.968156845e-01    1.235275182e-01   -1.899990126e-02   -1.121314764e-01    1.808394287e-01   -1.956091906e-01
    1.335618809e-01   -7.164923865e-02   -7.340006905e-02    1.452168879e-01   -1.998370319e-01    1.381911885e-01   -5.359934310e-02   -8.337848837e-02    1.598890278e-01   -1.989221643e-01    1.343258944e-01   -3.870182183e-02   -9.456813674e-02    1.699929992e-01   -1.978288812e-01    1.276102095e-01   -2.480848977e-02   -1.068773366e-01    1.784669119e-01   -1.974772082e-01
    1.337353885e-01   -7.225142289e-02   -7.248336196e-02    1.444795613e-01   -1.999071007e-01    1.394481585e-01   -5.586067560e-02   -8.091201865e-02    1.583566300e-01   -1.992885462e-01    1.368576940e-01   -4.269826842e-02   -9.061878572e-02    1.678449537e-01   -1.987107840e-01    1.315898378e-01   -3.059978345e-02   -1.015231073e-01    1.758934186e-01   -1.991116997e-01
    1.339084900e-01   -7.285293851e-02   -7.156505235e-02    1.437347980e-01   -1.999629239e-01    1.406890369e-01   -5.811498980e-02   -7.843140347e-02    1.567837066e-01   -1.995966843e-01    1.393370558e-01   -4.667871633e-02   -8.662597736e-02    1.655939579e-01   -1.994607913e-01    1.354633140e-01   -3.636870669e-02   -9.607405078e-02    1.731217674e-01   -2.005106814e-01
    1.340811850e-01   -7.345377848e-02   -7.064516469e-02    1.429826336e-01   -2.000044973e-01    1.419136892e-01   -6.036195262e-02   -7.593712212e-02    1.551706426e-01   -1.998464854e-01    1.417630719e-01   -5.064142995e-02   -8.259175565e-02    1.632413484e-01   -2.000783915e-01    1.392276319e-01   -4.211020350e-02   -9.053552219e-02    1.701549943e-01   -2.016724553e-01
    1.342534729e-01   -7.405393576e-02   -6.972372347e-02    1.422231039e-01   -2.000318177e-01    1.431219825e-01   -6.260123202e-02   -7.342965655e-02    1.535178328e-01   -2.000378737e-01    1.441348537e-01   -5.458468143e-02   -7.851818575e-02    1.607885225e-01   -2.005631633e-01    1.428798696e-01   -4.781924191e-02   -8.491296473e-02    1.669963486e-01   -2.025956115e-01
    1.344253532e-01   -7.465340334e-02   -6.880075324e-02    1.414562452e-01   -2.000448828e-01    1.443137858e-01   -6.483249713e-02   -7.090949125e-02    1.518256816e-01   -2.001707911e-01    1.464515326e-01   -5.850675138e-02   -7.440735300e-02    1.582369369e-01   -2.009147762e-01    1.464171925e-01   -5.349081839e-02   -7.921190418e-02    1.636492900e-01   -2.032790296e-01
    1.345968254e-01   -7.525217421e-02   -6.787627857e-02    1.406820939e-01   -2.000436916e-01    1.454889700e-01   -6.705541823e-02   -6.837711316e-02    1.500946032e-01   -2.002451974e-01    1.487122600e-01   -6.240592966e-02   -7.026136180e-02    1.555881069e-01   -2.011329901e-01    1.498368548e-01   -5.911996225e-02   -7.343794345e-02    1.601174844e-01   -2.037218802e-01
    1.347678890e-01   -7.585024136e-02   -6.695032410e-02    1.399006871e-01   -2.000282441e-01    1.466474076e-01   -6.926966685e-02   -6.583301160e-02    1.483250213e-01   -2.002610699e-01    1.509162080e-01   -6.628051608e-02   -6.608233456e-02    1.528436055e-01   -2.012176562e-01    1.531362025e-01   -6.470174000e-02   -6.759675712e-02    1.564048001e-01   -2.039236259e-01
    1.349385433e-01   -7.644759780e-02   -6.602291448e-02    1.391120619e-01   -1.999985412e-01    1.477889729e-01   -7.147491580e-02   -6.327767816e-02    1.465173690e-01   -2.002184037e-01    1.530625693e-01   -7.012882120e-02   -6.187241061e-02    1.500050629e-01   -2.011687167e-01    1.563126746e-01   -7.023125961e-02   -6.169408582e-02    1.525153035e-01   -2.038840222e-01
    1.351087881e-01   -7.704423654e-02   -6.509407444e-02    1.383162561e-01   -1.999545851e-01    1.489135423e-01   -7.367083921e-02   -6.071160659e-02    1.446720888e-01   -2.001172114e-01    1.551505579e-01   -7.394916700e-02   -5.763374509e-02    1.470741646e-01   -2.009862049e-01    1.593638056e-01   -7.570367491e-02   -5.573573063e-02    1.484532547e-01   -2.036031173e-01
    1.352786226e-01   -7.764015060e-02   -6.416382870e-02    1.375133074e-01   -1.998963790e-01    1.500209937e-01   -7.585711258e-02   -5.813529273e-02    1.427896322e-01   -1.999575237e-01    1.571794090e-01   -7.773988768e-02   -5.336850788e-02    1.440526513e-01   -2.006702451e-01    1.622872274e-01   -8.111418972e-02   -4.972754732e-02    1.442231027e-01   -2.030812523e-01
    1.354480464e-01   -7.823533300e-02   -6.323220205e-02    1.367032543e-01   -1.998239271e-01    1.511112071e-01   -7.803341285e-02   -5.554923440e-02    1.408704600e-01   -1.997393887e-01    1.591483795e-01   -8.149933032e-02   -4.907888244e-02    1.409423176e-01   -2.002210528e-01    1.650806708e-01   -8.645806215e-02   -4.367544067e-02    1.398294808e-01   -2.023190609e-01
    1.356170589e-01   -7.882977679e-02   -6.229921931e-02    1.358861354e-01   -1.997372347e-01    1.521840643e-01   -8.019941840e-02   -5.295393129e-02    1.389150420e-01   -1.994628722e-01    1.610567483e-01   -8.522585566e-02   -4.476706476e-02    1.377450106e-01   -1.996389343e-01    1.677419676e-01   -9.173060868e-02   -3.758535861e-02    1.352772011e-01   -2.013174685e-01
    1.357856598e-01   -7.942347500e-02   -6.136490534e-02    1.350619896e-01   -1.996363083e-01    1.532394489e-01   -8.235480917e-02   -5.034988491e-02    1.369238568e-01   -1.991280577e-01    1.629038163e-01   -8.891783878e-02   -4.043526216e-02    1.344626291e-01   -1.989242864e-01    1.702690522e-01   -9.692720833e-02   -3.146328639e-02    1.305712496e-01   -2.000776910e-01
    1.359538484e-01   -8.001642070e-02   -6.042928503e-02    1.342308563e-01   -1.995211553e-01    1.542772464e-01   -8.449926664e-02   -4.773759844e-02    1.348973918e-01   -1.987350464e-01    1.646889071e-01   -9.257366981e-02   -3.608569221e-02    1.310971227e-01   -1.980775965e-01    1.726599631e-01   -1.020433066e-01   -2.531524072e-02    1.257167806e-01   -1.986012336e-01
    1.361216242e-01   -8.060860695e-02   -5.949238332e-02    1.333927750e-01   -1.993917841e-01    1.552973443e-01   -8.663247390e-02   -4.511757666e-02    1.328361429e-01   -1.982839570e-01    1.664113667e-01   -9.619175464e-02   -3.172058158e-02    1.276504901e-01   -1.970994419e-01    1.749128446e-01   -1.070744197e-01   -1.914726381e-02    1.207191110e-01   -1.968898885e-01
    1.362889867e-01   -8.120002680e-02   -5.855422515e-02    1.325477858e-01   -1.992482045e-01    1.562996320e-01   -8.875411571e-02   -4.249032586e-02    1.307406148e-01   -1.977749258e-01    1.680705644e-01   -9.977051563e-02   -2.734216490e-02    1.241247781e-01   -1.959904898e-01    1.770259479e-01   -1.120161382e-01   -1.296541749e-02    1.155837146e-01   -1.949457332e-01
    1.364559355e-01   -8.179067335e-02   -5.761483555e-02    1.316959290e-01   -1.990904271e-01    1.572840008e-01   -9.086387853e-02   -3.985635372e-02    1.286113203e-01   -1.972081067e-01    1.696658924e-01   -1.033083923e-01   -2.295268363e-02    1.205220809e-01   -1.947514962e-01    1.789976329e-01   -1.168641310e-01   -6.775777193e-03    1.103162161e-01   -1.927711279e-01
    1.366224700e-01   -8.238053968e-02   -5.667423952e-02    1.308372453e-01   -1.989184635e-01    1.582503439e-01   -9.296145060e-02   -3.721616922e-02    1.264487807e-01   -1.965836709e-01    1.711967663e-01   -1.068038418e-01   -1.855438488e-02    1.168445380e-01   -1.933833061e-01    1.808263693e-01   -1.216141492e-01   -5.844260366e-04    1.049223847e-01   -1.903687122e-01
    1.367885897e-01   -8.296961889e-02   -5.573246215e-02    1.299717755e-01   -1.987323266e-01    1.591985565e-01   -9.504652191e-02   -3.457028255e-02    1.242535252e-01   -1.959018073e-01    1.726626253e-01   -1.102553402e-01   -1.414952029e-02    1.130943335e-01   -1.918868527e-01    1.825107375e-01   -1.262620298e-01    5.602551191e-03    9.940812818e-02   -1.877414026e-01
    1.369542941e-01   -8.355790408e-02   -5.478952853e-02    1.290995610e-01   -1.985320303e-01    1.601285358e-01   -9.711878432e-02   -3.191920500e-02    1.220260913e-01   -1.951627219e-01    1.740629327e-01   -1.136613823e-01   -9.740344858e-03    1.092736948e-01   -1.902631562e-01    1.840494302e-01   -1.308036991e-01    1.177907400e-02    9.377948608e-02   -1.848923883e-01
    1.371195827e-01   -8.414538837e-02   -5.384546379e-02    1.282206434e-01   -1.983175893e-01    1.610401808e-01   -9.917793160e-02   -2.926344888e-02    1.197670242e-01   -1.943666382e-01    1.753971753e-01   -1.170204828e-01   -5.329115810e-03    1.053848910e-01   -1.885133242e-01    1.854412530e-01   -1.352351768e-01    1.793907216e-02    8.804262327e-02   -1.818251278e-01
    1.372844550e-01   -8.473206488e-02   -5.290029308e-02    1.273350647e-01   -1.980890199e-01    1.619333928e-01   -1.012236594e-01   -2.660352738e-02    1.174768769e-01   -1.935137969e-01    1.766648646e-01   -1.203311772e-01   -9.180914155e-04    1.014302316e-01   -1.866385498e-01    1.866851257e-01   -1.395525790e-01    2.407649170e-02    8.220382313e-02   -1.785433443e-01
    1.374489105e-01   -8.531792675e-02   -5.195404161e-02    1.264428670e-01   -1.978463388e-01    1.628080748e-01   -1.032556655e-01   -2.393995453e-02    1.151562099e-01   -1.926044558e-01    1.778655360e-01   -1.235920217e-01    3.490470153e-03    9.741206539e-02   -1.846401117e-01    1.877800827e-01   -1.437521217e-01    3.018530082e-02    7.626948068e-02   -1.750510216e-01
    1.376129487e-01   -8.590296711e-02   -5.100673458e-02    1.255440931e-01   -1.975895644e-01    1.636641320e-01   -1.052736494e-01   -2.127324506e-02    1.128055914e-01   -1.916388897e-01    1.789987499e-01   -1.268015943e-01    7.894311976e-03    9.333277882e-02   -1.825193726e-01    1.887252740e-01   -1.478301244e-01    3.625949584e-02    7.024609562e-02   -1.713523988e-01
    1.377765691e-01   -8.648717912e-02   -5.005839725e-02    1.246387856e-01   -1.973187157e-01    1.645014714e-01   -1.072773130e-01   -1.860391429e-02    1.104255967e-01   -1.906173908e-01    1.800640910e-01   -1.299584956e-01    1.229117955e-02    8.919479464e-02   -1.802777789e-01    1.895199661e-01   -1.517830129e-01    4.229310711e-02    6.414026512e-02   -1.674519659e-01
    1.379397712e-01   -8.707055593e-02   -4.910905490e-02    1.237269880e-01   -1.970338129e-01    1.653200023e-01   -1.092663602e-01   -1.593247806e-02    1.080168085e-01   -1.895402678e-01    1.810611691e-01   -1.330613489e-01    1.667882193e-02    8.500057047e-02   -1.779168593e-01    1.901635420e-01   -1.556073228e-01    4.828020484e-02    5.795867669e-02   -1.633544572e-01
    1.381025545e-01   -8.765309072e-02   -4.815873284e-02    1.228087436e-01   -1.967348773e-01    1.661196359e-01   -1.112404969e-01   -1.325945264e-02    1.055798163e-01   -1.884078464e-01    1.819896190e-01   -1.361088013e-01    2.105499289e-02    8.075259734e-02   -1.754382239e-01    1.906555023e-01   -1.592997024e-01    5.421490498e-02    5.170810079e-02   -1.590648468e-01
    1.382649185e-01   -8.823477668e-02   -4.720745638e-02    1.218840963e-01   -1.964219312e-01    1.669002853e-01   -1.131994315e-01   -1.058535459e-02    1.031152169e-01   -1.872204690e-01    1.828491005e-01   -1.390995237e-01    2.541745208e-02    7.645339819e-02   -1.728435630e-01    1.909954649e-01   -1.628569154e-01    6.009137496e-02    4.539538346e-02   -1.545883416e-01
    1.384268627e-01   -8.881560697e-02   -4.625525090e-02    1.209530903e-01   -1.960949980e-01    1.676618660e-01   -1.151428743e-01   -7.910700678e-03    1.006236134e-01   -1.859784947e-01    1.836392987e-01   -1.420322121e-01    2.976396615e-02    7.210552642e-02   -1.701346462e-01    1.911831660e-01   -1.662758444e-01    6.590383942e-02    3.902743878e-02   -1.499303756e-01
    1.385883867e-01   -8.939557482e-02   -4.530214178e-02    1.200157699e-01   -1.957541022e-01    1.684042953e-01   -1.170705382e-01   -5.236007794e-03    9.810561594e-02   -1.846822991e-01    1.843599242e-01   -1.449055877e-01    3.409230993e-02    6.771156432e-02   -1.673133209e-01    1.912184599e-01   -1.695534927e-01    7.164658594e-02    3.261124132e-02   -1.450966028e-01
    1.387494899e-01   -8.997467342e-02   -4.434815442e-02    1.190721800e-01   -1.953992692e-01    1.691274925e-01   -1.189821382e-01   -2.561792834e-03    9.556184079e-02   -1.833322741e-01    1.850107128e-01   -1.477183973e-01    3.840026752e-02    6.327412156e-02   -1.643815112e-01    1.911013190e-01   -1.726869877e-01    7.731397059e-02    2.615381850e-02   -1.400928909e-01
    1.389101719e-01   -9.055289599e-02   -4.339331426e-02    1.181223654e-01   -1.950305254e-01    1.698313794e-01   -1.208773919e-01    1.114273949e-04    9.299291072e-02   -1.819288279e-01    1.855914262e-01   -1.504694145e-01    4.268563348e-02    5.879583366e-02   -1.613412166e-01    1.908318344e-01   -1.756735832e-01    8.290042350e-02    1.966224290e-02   -1.349253136e-01
    1.390704321e-01   -9.113023577e-02   -4.243764676e-02    1.171663717e-01   -1.946478986e-01    1.705158794e-01   -1.227560191e-01    2.783136275e-03    9.039945459e-02   -1.804723850e-01    1.861018515e-01   -1.531574396e-01    4.694621390e-02    5.427936038e-02   -1.581945105e-01    1.904102151e-01   -1.785106615e-01    8.840045437e-02    1.314362450e-02   -1.296001437e-01
    1.392302701e-01   -9.170668599e-02   -4.148117739e-02    1.162042444e-01   -1.942514172e-01    1.711809183e-01   -1.246177421e-01    5.452817476e-03    8.778210732e-02   -1.789633857e-01    1.865418017e-01   -1.557813004e-01    5.117982758e-02    4.972738418e-02   -1.549435389e-01    1.898367883e-01   -1.811957362e-01    9.380865780e-02    6.605102885e-03   -1.241238452e-01
    1.393896854e-01   -9.228223990e-02   -4.052393166e-02    1.152360295e-01   -1.938411110e-01    1.718264240e-01   -1.264622857e-01    8.119955058e-03    8.514150963e-02   -1.774022866e-01    1.869111156e-01   -1.583398527e-01    5.538430711e-02    4.514260860e-02   -1.515905191e-01    1.891119990e-01   -1.837264539e-01    9.911971864e-02    5.383945526e-05   -1.185030656e-01
    1.395486775e-01   -9.285689076e-02   -3.956593509e-02    1.142617731e-01   -1.934170106e-01    1.724523263e-01   -1.282893774e-01    1.078403357e-02    8.247830798e-02   -1.757895595e-01    1.872096578e-01   -1.608319809e-01    5.955749999e-02    4.052775667e-02   -1.481377376e-01    1.882364099e-01   -1.861005966e-01    1.043284172e-01   -6.502990441e-03   -1.127446276e-01
    1.397072459e-01   -9.343063184e-02   -3.860721323e-02    1.132815218e-01   -1.929791477e-01    1.730585574e-01   -1.300987471e-01    1.344453815e-02    7.979315433e-02   -1.741256923e-01    1.874373188e-01   -1.632565980e-01    6.369726974e-02    3.588556929e-02   -1.445875494e-01    1.872107003e-01   -1.883160835e-01    1.094296345e-01   -1.305820536e-02   -1.068555212e-01
    1.398653902e-01   -9.400345642e-02   -3.764779163e-02    1.122953224e-01   -1.925275551e-01    1.736450515e-01   -1.318901273e-01    1.610095461e-02    7.708670605e-02   -1.724111882e-01    1.875940152e-01   -1.656126469e-01    6.780149697e-02    3.121880360e-02   -1.409423755e-01    1.860356666e-01   -1.903709729e-01    1.144183570e-01   -1.960462563e-02   -1.008428949e-01
    1.400231098e-01   -9.457535779e-02   -3.668769589e-02    1.113032220e-01   -1.920622666e-01    1.742117448e-01   -1.336632533e-01    1.875276958e-02    7.435962570e-02   -1.706465656e-01    1.876796894e-01   -1.678991000e-01    7.186808050e-02    2.653023134e-02   -1.372047021e-01    1.847122205e-01   -1.922634638e-01    1.192896819e-01   -2.613508121e-02   -9.471404713e-02
    1.401804043e-01   -9.514632926e-02   -3.572695160e-02    1.103052679e-01   -1.915833170e-01    1.747585760e-01   -1.354178630e-01    2.139947054e-02    7.161258092e-02   -1.688323583e-01    1.876943100e-01   -1.701149603e-01    7.589493841e-02    2.182263722e-02   -1.333770782e-01    1.832413894e-01   -1.939918974e-01    1.240388216e-01   -3.264241954e-02   -8.847641749e-02
    1.403372732e-01   -9.571636412e-02   -3.476558439e-02    1.093015079e-01   -1.910907421e-01    1.752854855e-01   -1.371536969e-01    2.404054598e-02    6.884624422e-02   -1.669691149e-01    1.876378714e-01   -1.722592614e-01    7.988000910e-02    1.709881722e-02   -1.294621143e-01    1.816243148e-01   -1.955547591e-01    1.286611088e-01   -3.911951339e-02   -8.213757748e-02
    1.404937161e-01   -9.628545571e-02   -3.380361989e-02    1.082919897e-01   -1.905845788e-01    1.757924163e-01   -1.388704987e-01    2.667548546e-02    6.606129285e-02   -1.650573990e-01    1.875103943e-01   -1.743310683e-01    8.382125239e-02    1.236157700e-02   -1.254624803e-01    1.798622517e-01   -1.969506789e-01    1.331520006e-01   -4.555926865e-02   -7.570522154e-02
    1.406497324e-01   -9.685359736e-02   -3.284108376e-02    1.072767616e-01   -1.900648650e-01    1.762793133e-01   -1.405680144e-01    2.930377974e-02    6.325840861e-02   -1.630977886e-01    1.873119252e-01   -1.763294775e-01    8.771665051e-02    7.613730178e-03   -1.213809041e-01    1.779565680e-01   -1.981784335e-01    1.375070835e-01   -5.195463212e-02   -6.918715757e-02
    1.408053217e-01   -9.742078241e-02   -3.187800167e-02    1.062558722e-01   -1.895316396e-01    1.767461236e-01   -1.422459931e-01    3.192492084e-02    6.043827771e-02   -1.610908766e-01    1.870425366e-01   -1.782536174e-01    9.156420914e-02    2.858096671e-03   -1.172201693e-01    1.759087425e-01   -1.992369467e-01    1.417220773e-01   -5.829859920e-02   -6.259129753e-02
    1.409604835e-01   -9.798700422e-02   -3.091439930e-02    1.052293701e-01   -1.889849425e-01    1.771927965e-01   -1.439041869e-01    3.453840218e-02    5.760159057e-02   -1.590372698e-01    1.867023272e-01   -1.801026489e-01    9.536195850e-02   -1.902498966e-03   -1.129831134e-01    1.737203649e-01   -2.001252909e-01    1.457928395e-01   -6.458422161e-02   -5.592564780e-02
    1.411152173e-01   -9.855225615e-02   -2.995030236e-02    1.041973044e-01   -1.884248146e-01    1.776192835e-01   -1.455423506e-01    3.714371865e-02    5.474904167e-02   -1.569375893e-01    1.862914213e-01   -1.818757657e-01    9.910795425e-02   -6.665229228e-03   -1.086726263e-01    1.713931336e-01   -2.008426875e-01    1.497153695e-01   -7.080461494e-02   -4.919829946e-02
    1.412695227e-01   -9.911653159e-02   -2.898573656e-02    1.031597243e-01   -1.878512978e-01    1.780255383e-01   -1.471602420e-01    3.974036669e-02    5.188132939e-02   -1.547924703e-01    1.858099694e-01   -1.835721946e-01    1.028002786e-01   -1.142726534e-02   -1.042916478e-01    1.689288550e-01   -2.013885076e-01    1.534858121e-01   -7.695296624e-02   -4.241741849e-02
    1.414233992e-01   -9.967982391e-02   -2.802072763e-02    1.021166795e-01   -1.872644352e-01    1.784115168e-01   -1.487576220e-01    4.232784446e-02    4.899915581e-02   -1.526025614e-01    1.852581477e-01   -1.851911956e-01    1.064370411e-01   -1.618577892e-02   -9.984316554e-02    1.663294417e-01   -2.017622730e-01    1.571004619e-01   -8.302254149e-02   -3.559123584e-02
    1.415768463e-01   -1.002421265e-01   -2.705530130e-02    1.010682196e-01   -1.866642706e-01    1.787771770e-01   -1.503342545e-01    4.490565186e-02    4.610322656e-02   -1.503685251e-01    1.846361581e-01   -1.867320627e-01    1.100163800e-01   -2.093794370e-02   -9.533021362e-02    1.635969114e-01   -2.019636560e-01    1.605557663e-01   -8.900669292e-02   -2.872803745e-02
    1.417298636e-01   -1.008034328e-01   -2.608948334e-02    1.000143949e-01   -1.860508490e-01    1.791224792e-01   -1.518899064e-01    4.747329065e-02    4.319425065e-02   -1.480910371e-01    1.839442284e-01   -1.881941239e-01    1.135364627e-01   -2.568093716e-02   -9.075586985e-02    1.607333849e-01   -2.019924801e-01    1.638483296e-01   -9.489886632e-02   -2.183615418e-02
    1.418824506e-01   -1.013637363e-01   -2.512329949e-02    9.895525561e-02   -1.854242163e-01    1.794473859e-01   -1.534243478e-01    5.003026457e-02    4.027294028e-02   -1.457707861e-01    1.831826117e-01   -1.895767416e-01    1.169954869e-01   -3.041194223e-02   -8.612325400e-02    1.577410848e-01   -2.018487200e-01    1.669749158e-01   -1.006926083e-01   -1.492395171e-02
    1.420346068e-01   -1.019230302e-01   -2.415677555e-02    9.789085232e-02   -1.847844195e-01    1.797518617e-01   -1.549373517e-01    5.257607941e-02    3.734001066e-02   -1.434084741e-01    1.823515871e-01   -1.908793128e-01    1.203916819e-01   -3.512814894e-02   -8.143552558e-02    1.546223338e-01   -2.015325018e-01    1.699324521e-01   -1.063815731e-01   -7.999820369e-03
    1.421863318e-01   -1.024813082e-01   -2.318993728e-02    9.682123589e-02   -1.841315064e-01    1.800358736e-01   -1.564286946e-01    5.511024312e-02    3.439617987e-02   -1.410048153e-01    1.814514586e-01   -1.921012694e-01    1.237233088e-01   -3.982675612e-02   -7.669588167e-02    1.513795523e-01   -2.010441025e-01    1.727180318e-01   -1.119595299e-01   -1.072164978e-03
    1.423376252e-01   -1.030385637e-01   -2.222281049e-02    9.574645740e-02   -1.834655261e-01    1.802993907e-01   -1.578981559e-01    5.763226590e-02    3.144216865e-02   -1.385605370e-01    1.804825558e-01   -1.932420784e-01    1.269886619e-01   -4.450497306e-02   -7.190755478e-02    1.480152575e-01   -2.003839502e-01    1.753289175e-01   -1.174203693e-01    5.850605378e-03
    1.424884864e-01   -1.035947900e-01   -2.125542098e-02    9.466656820e-02   -1.827865283e-01    1.805423843e-01   -1.593455185e-01    6.014166027e-02    2.847870025e-02   -1.360763784e-01    1.794452335e-01   -1.943012424e-01    1.301860695e-01   -4.916002112e-02   -6.707381062e-02    1.445320607e-01   -1.995526236e-01    1.777625429e-01   -1.227581105e-01    1.276008755e-02
    1.426389149e-01   -1.041499808e-01   -2.028779455e-02    9.358161986e-02   -1.820945640e-01    1.807648280e-01   -1.607705683e-01    6.263794122e-02    2.550650021e-02   -1.335530909e-01    1.783398715e-01   -1.952782993e-01    1.333138944e-01   -5.378913545e-02   -6.219794588e-02    1.409326653e-01   -1.985508511e-01    1.800165166e-01   -1.279669071e-01    1.964789452e-02
    1.427889105e-01   -1.047041295e-01   -1.931995701e-02    9.249166422e-02   -1.813896849e-01    1.809666976e-01   -1.621730947e-01    6.512062626e-02    2.252629625e-02   -1.309914376e-01    1.771668744e-01   -1.961728230e-01    1.363705354e-01   -5.838956659e-02   -5.728328599e-02    1.372198652e-01   -1.973795108e-01    1.820886231e-01   -1.330410542e-01    2.650566558e-02
    1.429384725e-01   -1.052572296e-01   -1.835193420e-02    9.139675334e-02   -1.806719440e-01    1.811479710e-01   -1.635528904e-01    6.758923551e-02    1.953881802e-02   -1.283921935e-01    1.759266719e-01   -1.969844233e-01    1.393544276e-01   -6.295858211e-02   -5.233318283e-02    1.333965421e-01   -1.960396294e-01    1.839768262e-01   -1.379749943e-01    3.332507649e-02
    1.430876005e-01   -1.058092746e-01   -1.738375194e-02    9.029693952e-02   -1.799413949e-01    1.813086286e-01   -1.649097513e-01    7.004329184e-02    1.654479698e-02   -1.257561447e-01    1.746197179e-01   -1.977127462e-01    1.422640431e-01   -6.749346822e-02   -4.735101248e-02    1.294656637e-01   -1.945323811e-01    1.856792701e-01   -1.427633234e-01    4.009784958e-02
    1.432362941e-01   -1.063602580e-01   -1.641543606e-02    8.919227531e-02   -1.791980924e-01    1.814486529e-01   -1.662434768e-01    7.248232090e-02    1.354496616e-02   -1.230840885e-01    1.732464910e-01   -1.983574741e-01    1.450978923e-01   -7.199153143e-02   -4.234017285e-02    1.254302811e-01   -1.928590869e-01    1.871942817e-01   -1.474007972e-01    4.681576379e-02
    1.433845529e-01   -1.069101735e-01   -1.544701240e-02    8.808281348e-02   -1.784420922e-01    1.815680285e-01   -1.675538698e-01    7.490585126e-02    1.054006007e-02   -1.203768332e-01    1.718074942e-01   -1.989183256e-01    1.478545244e-01   -7.645010008e-02   -3.730408146e-02    1.212935263e-01   -1.910212135e-01    1.885203720e-01   -1.518823363e-01    5.347066466e-02
    1.435323763e-01   -1.074590145e-01   -1.447850680e-02    8.696860703e-02   -1.776734510e-01    1.816667424e-01   -1.688407366e-01    7.731341447e-02    7.530814406e-03   -1.176351976e-01    1.703032541e-01   -1.993950562e-01    1.505325279e-01   -8.086652599e-02   -3.224617303e-02    1.170586104e-01   -1.890203715e-01    1.896562378e-01   -1.562030324e-01    6.005447421e-02
    1.436797640e-01   -1.080067746e-01   -1.350994510e-02    8.584970919e-02   -1.768922263e-01    1.817447838e-01   -1.701038868e-01    7.970454517e-02    4.517965975e-03   -1.148600111e-01    1.687343218e-01   -1.997874578e-01    1.531305319e-01   -8.523818600e-02   -2.716989715e-02    1.127288203e-01   -1.868583147e-01    1.906007628e-01   -1.603581533e-01    6.655920077e-02
    1.438267154e-01   -1.085534473e-01   -1.254135316e-02    8.472617343e-02   -1.760984767e-01    1.818021442e-01   -1.713431337e-01    8.207878118e-02    1.502252448e-03   -1.120521131e-01    1.671012716e-01   -2.000953593e-01    1.556472060e-01   -8.956248353e-02   -2.207871597e-02    1.083075169e-01   -1.845369379e-01    1.913530187e-01   -1.643431479e-01    7.297694867e-02
    1.439732302e-01   -1.090990264e-01   -1.157275681e-02    8.359805342e-02   -1.752922617e-01    1.818388172e-01   -1.725582941e-01    8.443566357e-02   -1.515587794e-03   -1.092123529e-01    1.654047017e-01   -2.003186262e-01    1.580812618e-01   -9.383685013e-02   -1.697610180e-02    1.037981317e-01   -1.820582758e-01    1.919122662e-01   -1.681536518e-01    7.929992781e-02
    1.441193079e-01   -1.096435054e-01   -1.060418190e-02    8.246540306e-02   -1.744736417e-01    1.818547988e-01   -1.737491884e-01    8.677473678e-02   -4.534815847e-03   -1.063415895e-01    1.636452332e-01   -2.004571611e-01    1.604314531e-01   -9.805874699e-02   -1.186553474e-02    9.920416508e-02   -1.794245006e-01    1.922779558e-01   -1.717854914e-01    8.552046313e-02
    1.442649480e-01   -1.101868778e-01   -9.635654285e-03    8.132827647e-02   -1.736426780e-01    1.818500871e-01   -1.749156404e-01    8.909554866e-02   -7.554692462e-03   -1.034406912e-01    1.618235104e-01   -2.005109035e-01    1.626965765e-01   -1.022256665e-01   -6.750500338e-03    9.452918265e-02   -1.766379209e-01    1.924497281e-01   -1.752346890e-01    9.163100394e-02
    1.444101501e-01   -1.107291374e-01   -8.667199811e-03    8.018672798e-02   -1.727994330e-01    1.818246825e-01   -1.760574776e-01    9.139765062e-02   -1.057447823e-02   -1.005105356e-01    1.599402004e-01   -2.004798299e-01    1.648754724e-01   -1.063351336e-01   -1.634487176e-03    8.977681313e-02   -1.737009789e-01    1.924274143e-01   -1.784974669e-01    9.762413305e-02
    1.445549138e-01   -1.112702777e-01   -7.698844322e-03    7.904081215e-02   -1.719439699e-01    1.817785878e-01   -1.771745313e-01    9.368059767e-02   -1.359343376e-02   -9.755200888e-02    1.579959930e-01   -2.003639536e-01    1.669670252e-01   -1.103847076e-01    3.479015485e-03    8.495074525e-02   -1.706162487e-01    1.922110363e-01   -1.815702514e-01    1.034925758e-01
    1.446992386e-01   -1.118102924e-01   -6.730613663e-03    7.789058372e-02   -1.710763527e-01    1.817118077e-01   -1.782666362e-01    9.594394851e-02   -1.661081986e-02   -9.456600607e-02    1.559915999e-01   -2.001633253e-01    1.689701639e-01   -1.143719830e-01    8.586520091e-03    8.005472495e-02   -1.673864339e-01    1.918008069e-01   -1.844496773e-01    1.092292089e-01
    1.448431241e-01   -1.123491753e-01   -5.762533676e-03    7.673609766e-02   -1.701966465e-01    1.816243495e-01   -1.793336309e-01    9.818726564e-02   -1.962589773e-02   -9.155343036e-02    1.539277554e-01   -1.998780321e-01    1.708838629e-01   -1.182945916e-01    1.368454318e-02    7.509255247e-02   -1.640143652e-01    1.911971292e-01   -1.871325906e-01    1.148270690e-01
    1.449865698e-01   -1.128869199e-01   -4.794630198e-03    7.557740914e-02   -1.693049173e-01    1.815162224e-01   -1.803753577e-01    1.004101154e-01   -2.263792910e-02   -8.851519303e-02    1.518052151e-01   -1.995081984e-01    1.727071425e-01   -1.221502035e-01    1.876960774e-02    7.006807941e-02   -1.605029982e-01    1.904005967e-01   -1.896160532e-01    1.202793614e-01
    1.451295754e-01   -1.134235200e-01   -3.826929063e-03    7.441457352e-02   -1.684012319e-01    1.813874382e-01   -1.813916623e-01    1.026120682e-01   -2.564617649e-02   -8.545221313e-02    1.496247563e-01   -1.990539855e-01    1.744390690e-01   -1.259365285e-01    2.383824561e-02    6.498520571e-02   -1.568554103e-01    1.894119921e-01   -1.918973448e-01    1.255794677e-01
    1.452721403e-01   -1.139589692e-01   -2.859456101e-03    7.324764638e-02   -1.674856580e-01    1.812380107e-01   -1.823823947e-01    1.047926982e-01   -2.864990331e-02   -8.236541717e-02    1.473871775e-01   -1.985155912e-01    1.760787557e-01   -1.296513179e-01    2.888699983e-02    5.984787667e-02   -1.530747986e-01    1.882322871e-01   -1.939739671e-01    1.307209546e-01
    1.454142642e-01   -1.144932613e-01   -1.892237135e-03    7.207668348e-02   -1.665582643e-01    1.810679560e-01   -1.833474082e-01    1.069515841e-01   -3.164837408e-02   -7.925573890e-02    1.450932982e-01   -1.978932503e-01    1.776253631e-01   -1.332923649e-01    3.391242697e-02    5.466007983e-02   -1.491644764e-01    1.868626413e-01   -1.958436455e-01    1.356975813e-01
    1.455559466e-01   -1.150263901e-01   -9.252979838e-04    7.090174078e-02   -1.656191203e-01    1.808772924e-01   -1.842865602e-01    1.090883085e-01   -3.464085460e-02   -7.612411898e-02    1.427439583e-01   -1.971872340e-01    1.790780992e-01   -1.368575071e-01    3.891109953e-02    4.942584194e-02   -1.451278711e-01    1.853044006e-01   -1.975043324e-01    1.405033070e-01
    1.456971871e-01   -1.155583492e-01    4.133554301e-05    6.972287443e-02   -1.646682965e-01    1.806660404e-01   -1.851997118e-01    1.112024583e-01   -3.762661216e-02   -7.297150472e-02    1.403400183e-01   -1.963978502e-01    1.804362203e-01   -1.403446268e-01    4.387960824e-02    4.414922578e-02   -1.409685206e-01    1.835590966e-01   -1.989542090e-01    1.451322983e-01
    1.458379852e-01   -1.160891325e-01    1.007637642e-03    6.854014078e-02   -1.637058640e-01    1.804342230e-01   -1.860867279e-01    1.132936248e-01   -4.060491565e-02   -6.979884976e-02    1.378823585e-01   -1.955254428e-01    1.816990308e-01   -1.437516528e-01    4.881456443e-02    3.883432702e-02   -1.366900703e-01    1.816284447e-01   -2.001916873e-01    1.495789365e-01
    1.459783406e-01   -1.166187336e-01    1.973582518e-03    6.735359634e-02   -1.627318952e-01    1.801818650e-01   -1.869474774e-01    1.153614038e-01   -4.357503583e-02   -6.660711383e-02    1.353718789e-01   -1.945703923e-01    1.828658843e-01   -1.470765614e-01    5.371260226e-02    3.348527108e-02   -1.322962701e-01    1.795143424e-01   -2.012154120e-01    1.538378241e-01
    1.461182528e-01   -1.171471465e-01    2.939144385e-03    6.616329783e-02   -1.617464629e-01    1.799089939e-01   -1.877818329e-01    1.174053957e-01   -4.653624541e-02   -6.339726243e-02    1.328094989e-01   -1.935331151e-01    1.839361832e-01   -1.503173776e-01    5.857038111e-02    2.810620985e-02   -1.277909709e-01    1.772188674e-01   -2.020242619e-01    1.579037917e-01
    1.462577214e-01   -1.176743648e-01    3.904297466e-03    6.496930214e-02   -1.607496411e-01    1.796156389e-01   -1.885896710e-01    1.194252052e-01   -4.948781932e-02   -6.017026654e-02    1.301961569e-01   -1.924140633e-01    1.849093794e-01   -1.534721765e-01    6.338458779e-02    2.270131857e-02   -1.231781216e-01    1.747442758e-01   -2.026173513e-01    1.617719039e-01
    1.463967459e-01   -1.182003825e-01    4.869015996e-03    6.377166633e-02   -1.597415046e-01    1.793018319e-01   -1.893708724e-01    1.214204419e-01   -5.242903483e-02   -5.692710234e-02    1.275328100e-01   -1.912137249e-01    1.857849747e-01   -1.565390843e-01    6.815193883e-02    1.727479248e-02   -1.184617649e-01    1.720929997e-01   -2.029940306e-01    1.654374654e-01
    1.465353259e-01   -1.187251933e-01    5.833274219e-03    6.257044765e-02   -1.587221289e-01    1.789676068e-01   -1.901253213e-01    1.233907200e-01   -5.535917175e-02   -5.366875089e-02    1.248204335e-01   -1.899326232e-01    1.865625207e-01   -1.595162792e-01    7.286918271e-02    1.183084364e-02   -1.136460346e-01    1.692676448e-01   -2.031538872e-01    1.688960271e-01
    1.466734611e-01   -1.192487910e-01    6.797046391e-03    6.136570352e-02   -1.576915905e-01    1.786129997e-01   -1.908529063e-01    1.253356588e-01   -5.827751259e-02   -5.039619785e-02    1.220600209e-01   -1.885713168e-01    1.872416193e-01   -1.624019929e-01    7.753310209e-02    6.373697639e-03   -1.087351515e-01    1.662709880e-01   -2.030967463e-01    1.721433908e-01
    1.468111509e-01   -1.197711696e-01    7.760306783e-03    6.015749151e-02   -1.566499666e-01    1.782380489e-01   -1.915535197e-01    1.272548822e-01   -6.118334274e-02   -4.711043320e-02    1.192525829e-01   -1.871303991e-01    1.878219225e-01   -1.651945113e-01    8.214051599e-02    9.075903118e-04   -1.037334198e-01    1.631059745e-01   -2.028226705e-01    1.751756149e-01
    1.469483950e-01   -1.202923229e-01    8.723029675e-03    5.894586938e-02   -1.555973354e-01    1.778427949e-01   -1.922270579e-01    1.291480192e-01   -6.407595067e-02   -4.381245088e-02    1.163991478e-01   -1.856104985e-01    1.883031334e-01   -1.678921757e-01    8.668828197e-02   -4.563235553e-03   -9.864522329e-02    1.597757149e-01   -2.023319601e-01    1.779890188e-01
    1.470851930e-01   -1.208122449e-01    9.685189364e-03    5.773089505e-02   -1.545337758e-01    1.774272806e-01   -1.928734213e-01    1.310147039e-01   -6.695462808e-02   -4.050324857e-02    1.135007606e-01   -1.840122777e-01    1.886850054e-01   -1.704933837e-01    9.117329826e-02   -1.003453350e-02   -9.347502151e-02    1.562834822e-01   -2.016251525e-01    1.805801876e-01
    1.472215444e-01   -1.213309292e-01    1.064676016e-02    5.651262658e-02   -1.534593676e-01    1.769915509e-01   -1.934925141e-01    1.328545752e-01   -6.981867007e-02   -3.718382733e-02    1.105584828e-01   -1.823364334e-01    1.889673428e-01   -1.729965903e-01    9.559250589e-02   -1.550205670e-02   -8.822734597e-02    1.526327088e-01   -2.007030221e-01    1.829459762e-01
    1.473574489e-01   -1.218483701e-01    1.160771639e-02    5.529112223e-02   -1.523741914e-01    1.765356528e-01   -1.940842449e-01    1.346672777e-01   -7.266737533e-02   -3.385519131e-02    1.075733918e-01   -1.805836965e-01    1.891500012e-01   -1.754003086e-01    9.994289077e-02   -2.096156125e-02   -8.290679603e-02    1.488269827e-01   -1.995665789e-01    1.850835130e-01
    1.474929060e-01   -1.223645612e-01    1.256803239e-02    5.406644037e-02   -1.512783284e-01    1.760596358e-01   -1.946485261e-01    1.364524607e-01   -7.550004628e-02   -3.051834746e-02    1.045465811e-01   -1.787548311e-01    1.892328869e-01   -1.777031107e-01    1.042214857e-01   -2.640880947e-02   -7.751803495e-02    1.448700442e-01   -1.982170677e-01    1.869902035e-01
    1.476279152e-01   -1.228794966e-01    1.352768252e-02    5.283863956e-02   -1.501718610e-01    1.755635513e-01   -1.951852742e-01    1.382097793e-01   -7.831598930e-02   -2.717430520e-02    1.014791590e-01   -1.768506346e-01    1.892159573e-01   -1.799036290e-01    1.084253726e-01   -3.183957320e-02   -7.206578577e-02    1.407657823e-01   -1.966559667e-01    1.886637334e-01
    1.477624763e-01   -1.233931703e-01    1.448664116e-02    5.160777849e-02   -1.490548721e-01    1.750474529e-01   -1.956944098e-01    1.399388936e-01   -8.111451484e-02   -2.382407617e-02    9.837224899e-02   -1.748719374e-01    1.890992211e-01   -1.820005562e-01    1.125516842e-01   -3.724963706e-02   -6.655482715e-02    1.365182309e-01   -1.948849858e-01    1.901020713e-01
    1.478965888e-01   -1.239055761e-01    1.544488270e-02    5.037391600e-02   -1.479274455e-01    1.745113967e-01   -1.961758575e-01    1.416394695e-01   -8.389493761e-02   -2.046867383e-02    9.522698893e-02   -1.728196023e-01    1.888827379e-01   -1.839926468e-01    1.165976060e-01   -4.263480172e-02   -6.098998925e-02    1.321315644e-01   -1.929060648e-01    1.913034716e-01
    1.480302522e-01   -1.244167082e-01    1.640238155e-02    4.913711107e-02   -1.467896657e-01    1.739554405e-01   -1.966295461e-01    1.433111780e-01   -8.665657676e-02   -1.710911325e-02    9.204453073e-02   -1.706945241e-01    1.885666185e-01   -1.858787175e-01    1.205603787e-01   -4.799088722e-02   -5.537614943e-02    1.276100941e-01   -1.907213712e-01    1.922664761e-01
    1.481634662e-01   -1.249265604e-01    1.735911213e-02    4.789742284e-02   -1.456416181e-01    1.733796445e-01   -1.970554085e-01    1.449536960e-01   -8.939875603e-02   -1.374641076e-02    8.882603993e-02   -1.684976294e-01    1.881510247e-01   -1.876576480e-01    1.244372994e-01   -5.331373611e-02   -4.971822800e-02    1.229582640e-01   -1.883332980e-01    1.929899159e-01
    1.482962304e-01   -1.254351269e-01    1.831504892e-02    4.665491057e-02   -1.444833889e-01    1.727840711e-01   -1.974533816e-01    1.465667060e-01   -9.212080394e-02   -1.038158361e-02    8.557269527e-02   -1.662298762e-01    1.876361691e-01   -1.893283816e-01    1.282257239e-01   -5.859921678e-02   -4.402118392e-02    1.181806460e-01   -1.857444608e-01    1.934729130e-01
    1.484285443e-01   -1.259424016e-01    1.927016636e-02    4.540963367e-02   -1.433150648e-01    1.721687847e-01   -1.978234065e-01    1.481498962e-01   -9.482205391e-02   -7.015649724e-03    8.228568826e-02   -1.638922534e-01    1.870223152e-01   -1.908899259e-01    1.319230682e-01   -6.384322661e-02   -3.829001044e-02    1.132819355e-01   -1.829576953e-01    1.937148813e-01
    1.485604076e-01   -1.264483786e-01    2.022443896e-02    4.416165167e-02   -1.421367335e-01    1.715338519e-01   -1.981654284e-01    1.497029603e-01   -9.750184447e-02   -3.649627364e-03    7.896622274e-02   -1.614857801e-01    1.863097773e-01   -1.923413533e-01    1.355268106e-01   -6.904169514e-02   -3.252973072e-02    1.082669471e-01   -1.799760537e-01    1.937155272e-01
    1.486918199e-01   -1.269530519e-01    2.117784123e-02    4.291102423e-02   -1.409484834e-01    1.708793415e-01   -1.984793967e-01    1.512255982e-01   -1.001595194e-01   -2.845348127e-04    7.561551445e-02   -1.590115059e-01    1.854989201e-01   -1.936818016e-01    1.390344932e-01   -7.419058731e-02   -2.674539343e-02    1.031406098e-01   -1.768028020e-01    1.934748501e-01
    1.488227807e-01   -1.274564157e-01    2.213034771e-02    4.165781116e-02   -1.397504037e-01    1.702053243e-01   -1.987652650e-01    1.527175155e-01   -1.027944279e-01    3.078609923e-03    7.223479056e-02   -1.564705094e-01    1.845901587e-01   -1.949104746e-01    1.424437235e-01   -7.928590648e-02   -2.094206834e-02    9.790796177e-02   -1.734414157e-01    1.929931422e-01
    1.489532897e-01   -1.279584640e-01    2.308193296e-02    4.040207237e-02   -1.385425842e-01    1.695118733e-01   -1.990229907e-01    1.541784238e-01   -1.054059246e-01    6.438789422e-03    6.882528926e-02   -1.538638989e-01    1.835839581e-01   -1.960266424e-01    1.457521762e-01   -8.432369764e-02   -1.512484185e-02    9.257414579e-02   -1.698955765e-01    1.922709885e-01
    1.490833465e-01   -1.284591909e-01    2.403257156e-02    3.914386791e-02   -1.373251155e-01    1.687990635e-01   -1.992525359e-01    1.556080405e-01   -1.079933702e-01    9.794987156e-03    6.538825926e-02   -1.511928108e-01    1.824808336e-01   -1.970296420e-01    1.489575949e-01   -8.930005040e-02   -9.298812560e-03    8.714440407e-02   -1.661691684e-01    1.913092656e-01
    1.492129507e-01   -1.289585905e-01    2.498223813e-02    3.788325792e-02   -1.360980889e-01    1.680669722e-01   -1.994538664e-01    1.570060892e-01   -1.105561310e-01    1.314618780e-02    6.192495938e-02   -1.484584099e-01    1.812813498e-01   -1.979188776e-01    1.520577931e-01   -9.421110206e-02   -3.469086780e-03    8.162407309e-02   -1.622662726e-01    1.901091412e-01
    1.493421018e-01   -1.294566571e-01    2.593090730e-02    3.662030270e-02   -1.348615966e-01    1.673156786e-01   -1.996269525e-01    1.583722998e-01   -1.130935794e-01    1.649137753e-02    5.843665803e-02   -1.456618886e-01    1.799861207e-01   -1.986938210e-01    1.550506565e-01   -9.905304062e-02    2.359225936e-03    7.601857837e-02   -1.581911643e-01    1.886720720e-01
    1.494707995e-01   -1.299533846e-01    2.687855372e-02    3.535506261e-02   -1.336157312e-01    1.665452640e-01   -1.997717684e-01    1.597064079e-01   -1.156050940e-01    1.982954436e-02    5.492463282e-02   -1.428044663e-01    1.785958094e-01   -1.993540117e-01    1.579341437e-01   -1.038221077e-01    8.181017273e-03    7.033342912e-02   -1.539483066e-01    1.869998026e-01
    1.495990435e-01   -1.304487674e-01    2.782515209e-02    3.408759818e-02   -1.323605863e-01    1.657558119e-01   -1.998882926e-01    1.610081557e-01   -1.180900598e-01    2.315967839e-02    5.139017002e-02   -1.398873891e-01    1.771111277e-01   -1.998990575e-01    1.607062880e-01   -1.085146015e-01    1.399118462e-02    6.457421285e-02   -1.495423469e-01    1.850943630e-01
    1.497268332e-01   -1.309427996e-01    2.877067713e-02    3.281796999e-02   -1.310962559e-01    1.649474078e-01   -1.999765079e-01    1.622772915e-01   -1.205478682e-01    2.648077218e-02    4.783456414e-02   -1.369119288e-01    1.755328356e-01   -2.003286347e-01    1.633651987e-01   -1.131268797e-01    1.978463557e-02    5.874658985e-02   -1.449781110e-01    1.829580664e-01
    1.498541683e-01   -1.314354754e-01    2.971510358e-02    3.154623877e-02   -1.298228350e-01    1.641201392e-01   -2.000364011e-01    1.635135698e-01   -1.229779174e-01    2.979182101e-02    4.425911743e-02   -1.338793831e-01    1.738617410e-01   -2.006424881e-01    1.659090621e-01   -1.176553621e-01    2.555629235e-02    5.285628766e-02   -1.402605980e-01    1.805935059e-01
    1.499810485e-01   -1.319267889e-01    3.065840620e-02    3.027246532e-02   -1.285404191e-01    1.632740957e-01   -2.000679632e-01    1.647167516e-01   -1.253796122e-01    3.309182318e-02    4.066513942e-02   -1.307910742e-01    1.720986996e-01   -2.008404311e-01    1.683361432e-01   -1.220965337e-01    3.130109629e-02    4.690909541e-02   -1.353949751e-01    1.780035520e-01
    1.501074734e-01   -1.324167346e-01    3.160055981e-02    2.899671056e-02   -1.272491044e-01    1.624093689e-01   -2.000711896e-01    1.658866043e-01   -1.277523646e-01    3.637978036e-02    3.705394642e-02   -1.276483489e-01    1.702446138e-01   -2.009223461e-01    1.706447866e-01   -1.264469471e-01    3.701401224e-02    4.091085815e-02   -1.303865715e-01    1.751913486e-01
    1.502334425e-01   -1.329053064e-01    3.254153923e-02    2.771903548e-02   -1.259489877e-01    1.615260525e-01   -2.000460796e-01    1.670229017e-01   -1.300955934e-01    3.965469783e-02    3.342686105e-02   -1.244525777e-01    1.683004329e-01   -2.008881844e-01    1.728334177e-01   -1.307032256e-01    4.269003303e-02    3.486747111e-02   -1.252408728e-01    1.721603093e-01
    1.503589555e-01   -1.333924989e-01    3.348131933e-02    2.643950120e-02   -1.246401667e-01    1.606242421e-01   -1.999926369e-01    1.681254241e-01   -1.324087249e-01    4.291558483e-02    2.978521175e-02   -1.212051540e-01    1.662671521e-01   -2.007379663e-01    1.749005436e-01   -1.348620653e-01    4.832418380e-02    2.878487386e-02   -1.199635152e-01    1.689141137e-01
    1.504840120e-01   -1.338783062e-01    3.441987500e-02    2.515816890e-02   -1.233227396e-01    1.597040355e-01   -1.999108693e-01    1.691939582e-01   -1.346911924e-01    4.616145485e-02    2.613033231e-02   -1.179074940e-01    1.641458124e-01   -2.004717808e-01    1.768447544e-01   -1.389202380e-01    5.391152639e-02    2.266904455e-02   -1.145602788e-01    1.654567022e-01
    1.506086116e-01   -1.343627225e-01    3.535718116e-02    2.387509985e-02   -1.219968051e-01    1.587655323e-01   -1.998007888e-01    1.702282975e-01   -1.369424372e-01    4.939132590e-02    2.246356136e-02   -1.145610357e-01    1.619375000e-01   -2.000897860e-01    1.786647241e-01   -1.428745938e-01    5.944716367e-02    1.652599396e-02   -1.090370819e-01    1.617922717e-01
    1.507327540e-01   -1.348457424e-01    3.629321279e-02    2.259035542e-02   -1.206624628e-01    1.578088340e-01   -1.996624116e-01    1.712282418e-01   -1.391619078e-01    5.260422083e-02    1.878624189e-02   -1.111672383e-01    1.596433452e-01   -1.995922087e-01    1.803592112e-01   -1.467220633e-01    6.492624381e-02    1.036175965e-02   -1.033999738e-01    1.579252704e-01
    1.508564387e-01   -1.353273600e-01    3.722794487e-02    2.130399705e-02   -1.193198127e-01    1.568340445e-01   -1.994957580e-01    1.721935980e-01   -1.413490607e-01    5.579916763e-02    1.509972076e-02   -1.077275818e-01    1.572645226e-01   -1.989793445e-01    1.819270601e-01   -1.504596598e-01    7.034396457e-02    4.182399983e-03   -9.765512896e-02    1.538603924e-01
    1.509796655e-01   -1.358075697e-01    3.816135243e-02    2.001608625e-02   -1.179689557e-01    1.558412692e-01   -1.993008526e-01    1.731241792e-01   -1.435033603e-01    5.897519973e-02    1.140534820e-02   -1.042435662e-01    1.548022501e-01   -1.982515573e-01    1.833672012e-01   -1.540844823e-01    7.569557747e-02   -2.006011805e-03   -9.180883957e-02    1.496025721e-01
    1.511024338e-01   -1.362863658e-01    3.909341053e-02    1.872668462e-02   -1.166099931e-01    1.548306157e-01   -1.990777241e-01    1.740198055e-01   -1.456242790e-01    6.213135625e-02    7.704477325e-03   -1.007167107e-01    1.522577883e-01   -1.974092792e-01    1.846786524e-01   -1.575937171e-01    8.097639198e-02   -8.197393581e-03   -8.586750903e-02    1.451569778e-01
    1.512247434e-01   -1.367637428e-01    4.002409428e-02    1.743585383e-02   -1.152430269e-01    1.538021934e-01   -1.988264054e-01    1.748803038e-01   -1.477112974e-01    6.526668234e-02    3.998463619e-03   -9.714855333e-02    1.496324398e-01   -1.964530107e-01    1.858605190e-01   -1.609846402e-01    8.618177961e-02   -1.438566029e-02   -7.983764483e-02    1.405290060e-01
    1.513465939e-01   -1.372396951e-01    4.095337880e-02    1.614365562e-02   -1.138681596e-01    1.527561139e-01   -1.985469336e-01    1.757055076e-01   -1.497639044e-01    6.838022944e-02    2.886644671e-04   -9.354064999e-02    1.469275488e-01   -1.953833195e-01    1.869119950e-01   -1.642546195e-01    9.130717801e-02   -2.056472994e-02   -7.372585141e-02    1.357242745e-01
    1.514679848e-01   -1.377142170e-01    4.188123926e-02    1.485015178e-02   -1.124854944e-01    1.516924903e-01   -1.982393498e-01    1.764952573e-01   -1.517815972e-01    7.147105560e-02   -3.423561361e-03   -8.989457405e-02    1.441445000e-01   -1.942008409e-01    1.878323632e-01   -1.674011169e-01    9.634809488e-02   -2.672852958e-02   -6.753882298e-02    1.307486156e-01
    1.515889160e-01   -1.381873030e-01    4.280765088e-02    1.355540418e-02   -1.110951351e-01    1.506114379e-01   -1.979036995e-01    1.772494001e-01   -1.537638818e-01    7.453822570e-02   -7.136854204e-03   -8.621191546e-02    1.412847183e-01   -1.929062774e-01    1.886209957e-01   -1.704216899e-01    1.013001120e-01   -3.287100126e-02   -6.128333612e-02    1.256080692e-01
    1.517093868e-01   -1.386589474e-01    4.373258890e-02    1.225947474e-02   -1.096971859e-01    1.495130739e-01   -1.975400322e-01    1.779677903e-01   -1.557102726e-01    7.758081180e-02   -1.084985401e-02   -8.249428015e-02    1.383496677e-01   -1.915003977e-01    1.892773546e-01   -1.733139939e-01    1.061588891e-01   -3.898610799e-02   -5.496624241e-02    1.203088752e-01
    1.518293971e-01   -1.391291449e-01    4.465602861e-02    1.096242545e-02   -1.082917519e-01    1.483975171e-01   -1.971484016e-01    1.786502889e-01   -1.576202930e-01    8.059789341e-02   -1.456120081e-02   -7.874328931e-02    1.353408511e-01   -1.899840369e-01    1.898009922e-01   -1.760757838e-01    1.109201676e-01   -4.506783968e-02   -4.859446089e-02    1.148574662e-01
    1.519489465e-01   -1.395978899e-01    4.557794534e-02    9.664318355e-03   -1.068789384e-01    1.472648886e-01   -1.967288655e-01    1.792967638e-01   -1.594934753e-01    8.358855771e-02   -1.826953528e-02   -7.496057866e-02    1.322598087e-01   -1.883580956e-01    1.901915514e-01   -1.787049158e-01    1.155797742e-01   -5.111021904e-02   -4.217497050e-02    1.092604594e-01
    1.520680345e-01   -1.400651767e-01    4.649831444e-02    8.365215532e-03   -1.054588515e-01    1.461153109e-01   -1.962814857e-01    1.799070901e-01   -1.613293606e-01    8.655189991e-02   -2.197349915e-02   -7.114779777e-02    1.291081181e-01   -1.866235395e-01    1.904487656e-01   -1.811993492e-01    1.201336251e-01   -5.710730745e-02   -3.571480246e-02    1.035246490e-01
    1.521866608e-01   -1.405310001e-01    4.741711133e-02    7.065179122e-03   -1.040315978e-01    1.449489086e-01   -1.958063284e-01    1.804811496e-01   -1.631274992e-01    8.948702347e-02   -2.567173579e-02   -6.730660932e-02    1.258873927e-01   -1.847813989e-01    1.905724593e-01   -1.835571476e-01    1.245777289e-01   -6.305321081e-02   -2.922103251e-02    9.765699745e-02
    1.523048250e-01   -1.409953544e-01    4.833431146e-02    5.764271308e-03   -1.025972843e-01    1.437658081e-01   -1.953034637e-01    1.810188314e-01   -1.648874510e-01    9.239304037e-02   -2.936289062e-02   -6.343868839e-02    1.225992816e-01   -1.828327678e-01    1.905625483e-01   -1.857764810e-01    1.289081904e-01   -6.894208532e-02   -2.270077321e-02    9.166462730e-02
    1.524225269e-01   -1.414582343e-01    4.924989031e-02    4.462554316e-03   -1.011560188e-01    1.425661375e-01   -1.947729658e-01    1.815200313e-01   -1.666087847e-01    9.526907142e-02   -3.304561169e-02   -5.954572170e-02    1.192454681e-01   -1.807788036e-01    1.904190392e-01   -1.878556266e-01    1.331212140e-01   -7.476814322e-02   -1.616116614e-02    8.555481251e-02
    1.525397660e-01   -1.419196342e-01    5.016382343e-02    3.160090412e-03   -9.970790927e-02    1.413500270e-01   -1.942149131e-01    1.819846525e-01   -1.682910788e-01    9.811424647e-02   -3.671855011e-02   -5.562940692e-02    1.158276694e-01   -1.786207264e-01    1.901420297e-01   -1.897929704e-01    1.372131073e-01   -8.052565851e-02   -9.609374039e-03    7.933496959e-02
    1.526565420e-01   -1.423795489e-01    5.107608638e-02    1.856941895e-03   -9.825306451e-02    1.401176081e-01   -1.936293880e-01    1.824126051e-01   -1.699339213e-01    1.009277047e-01   -4.038036059e-02   -5.169145189e-02    1.123476352e-01   -1.763598179e-01    1.897317089e-01   -1.915870088e-01    1.411802837e-01   -8.620897254e-02   -3.052573028e-03    7.301264859e-02
    1.527728545e-01   -1.428379728e-01    5.198665479e-02    5.531711027e-04   -9.679159369e-02    1.388690144e-01   -1.930164769e-01    1.828038062e-01   -1.715369099e-01    1.037085950e-01   -4.402970189e-02   -4.773357390e-02    1.088071474e-01   -1.739974211e-01    1.891883566e-01   -1.932363490e-01    1.450192660e-01   -9.181249959e-02    3.502055307e-03    6.659552398e-02
    1.528887032e-01   -1.432949006e-01    5.289550432e-02   -7.511596003e-04   -9.532360647e-02    1.376043813e-01   -1.923762704e-01    1.831581801e-01   -1.730996519e-01    1.064560759e-01   -4.766523736e-02   -4.375749893e-02    1.052080185e-01   -1.715349389e-01    1.885123431e-01   -1.947397108e-01    1.487266896e-01   -9.733073234e-02    1.004733175e-02    6.009138528e-02
    1.530040877e-01   -1.437503269e-01    5.380261069e-02   -2.055987820e-03   -9.384921305e-02    1.363238457e-01   -1.917088630e-01    1.834756584e-01   -1.746217645e-01    1.091693162e-01   -5.128563539e-02   -3.976496088e-02    1.015520913e-01   -1.689738342e-01    1.877041297e-01   -1.960959272e-01    1.522993049e-01   -1.027582473e-01    1.657608735e-02    5.350812764e-02
    1.531190077e-01   -1.442042464e-01    5.470794966e-02   -3.361251140e-03   -9.236852406e-02    1.350275464e-01   -1.910143532e-01    1.837561794e-01   -1.761028750e-01    1.118474950e-01   -5.488956991e-02   -3.575770087e-02    9.784123754e-02   -1.663156280e-01    1.867642675e-01   -1.973039455e-01    1.557339807e-01   -1.080897102e-01    2.308117122e-02    4.685374223e-02
    1.532334628e-01   -1.446566538e-01    5.561149702e-02   -4.666887119e-03   -9.088165064e-02    1.337156239e-01   -1.902928438e-01    1.839996889e-01   -1.775426207e-01    1.144898020e-01   -5.847572089e-02   -3.173746640e-02    9.407735709e-02   -1.635618994e-01    1.856933975e-01   -1.983628280e-01    1.590277065e-01   -1.133198811e-01    2.955545842e-02    4.013630659e-02
    1.533474527e-01   -1.451075436e-01    5.651322863e-02   -5.972833299e-03   -8.938870439e-02    1.323882202e-01   -1.895444412e-01    1.842061399e-01   -1.789406488e-01    1.170954377e-01   -6.204277478e-02   -2.770601066e-02    9.026237701e-02   -1.607142837e-01    1.844922501e-01   -1.992717528e-01    1.621775954e-01   -1.184436197e-01    3.599185774e-02    3.336397476e-02
    1.534609770e-01   -1.455569107e-01    5.741312040e-02   -7.279027207e-03   -8.788979735e-02    1.310454793e-01   -1.887692559e-01    1.843754921e-01   -1.802966170e-01    1.196636139e-01   -6.558942505e-02   -2.366509173e-02    8.639825054e-02   -1.577744726e-01    1.831616444e-01   -2.000300141e-01    1.651808866e-01   -1.234558901e-01    4.238331947e-02    2.654496742e-02
    1.535740354e-01   -1.460047497e-01    5.831114826e-02   -8.585406356e-03   -8.638504202e-02    1.296875467e-01   -1.879674026e-01    1.845077130e-01   -1.816101931e-01    1.221935535e-01   -6.911437265e-02   -1.961647182e-02    8.248695604e-02   -1.547442120e-01    1.817024879e-01   -2.006370236e-01    1.680349478e-01   -1.283517662e-01    4.872284312e-02    1.968756192e-02
    1.536866275e-01   -1.464510555e-01    5.920728823e-02   -9.891908250e-03   -8.487455135e-02    1.283145694e-01   -1.871389996e-01    1.846027767e-01   -1.828810554e-01    1.246844910e-01   -7.261632644e-02   -1.556191650e-02    7.853049607e-02   -1.516253020e-01    1.801157759e-01   -2.010923099e-01    1.707372775e-01   -1.331264361e-01    5.500348508e-02    1.280008219e-02
    1.537987531e-01   -1.468958226e-01    6.010151634e-02   -1.119847039e-02   -8.335843871e-02    1.269266962e-01   -1.862841693e-01    1.846606650e-01   -1.841088927e-01    1.271356728e-01   -7.609400374e-02   -1.150319394e-02    7.453089627e-02   -1.484195950e-01    1.784025906e-01   -2.013955196e-01    1.732855072e-01   -1.377752073e-01    6.121836624e-02    5.890888688e-03
    1.539104117e-01   -1.473390460e-01    6.099380870e-02   -1.250503026e-02   -8.183681790e-02    1.255240776e-01   -1.854030380e-01    1.846813664e-01   -1.852934041e-01    1.295463573e-01   -7.954613072e-02   -7.442074102e-03    7.049020441e-02   -1.451289951e-01    1.765641003e-01   -2.015464173e-01    1.756774033e-01   -1.422935106e-01    6.736067952e-02   -1.031631785e-03
    1.540216030e-01   -1.477807203e-01    6.188414146e-02   -1.381152536e-02   -8.030980311e-02    1.241068656e-01   -1.844957359e-01    1.846648770e-01   -1.864342996e-01    1.319158151e-01   -8.297144293e-02   -3.380328033e-03    6.641048929e-02   -1.417554568e-01    1.746015590e-01   -2.015448860e-01    1.779108694e-01   -1.466769055e-01    7.342369733e-02   -7.959076252e-03
    1.541323267e-01   -1.482208405e-01    6.277249082e-02   -1.511789319e-02   -7.877750898e-02    1.226752137e-01   -1.835623970e-01    1.846111997e-01   -1.875312996e-01    1.342433293e-01   -8.636868574e-02    6.802729642e-04    6.229383967e-02   -1.383009840e-01    1.725163052e-01   -2.013909266e-01    1.799839480e-01   -1.509210838e-01    7.940077890e-02   -1.488303576e-02
    1.542425825e-01   -1.486594013e-01    6.365883303e-02   -1.642407124e-02   -7.724005050e-02    1.212292770e-01   -1.826031591e-01    1.845203450e-01   -1.885841356e-01    1.365281957e-01   -8.973661478e-02    4.737958079e-03    5.814236326e-02   -1.347676285e-01    1.703097612e-01   -2.010846588e-01    1.818948220e-01   -1.550218741e-01    8.528537763e-02   -2.179510560e-02
    1.543523699e-01   -1.490963976e-01    6.454314441e-02   -1.772999702e-02   -7.569754309e-02    1.197692123e-01   -1.816181641e-01    1.843923304e-01   -1.895925495e-01    1.387697230e-01   -9.307399644e-02    8.790957769e-03    5.395818558e-02   -1.311574890e-01    1.679834318e-01   -2.006263203e-01    1.836418165e-01   -1.589752461e-01    9.107104818e-02   -2.868689549e-02
    1.544616888e-01   -1.495318243e-01    6.542540131e-02   -1.903560806e-02   -7.415010253e-02    1.182951777e-01   -1.806075574e-01    1.842271804e-01   -1.905562944e-01    1.409672329e-01   -9.637960828e-02    1.283750453e-02    4.974344890e-02   -1.274727099e-01    1.655389038e-01   -2.000162667e-01    1.852234004e-01   -1.627773143e-01    9.675145359e-02   -3.555003975e-02
    1.545705387e-01   -1.499656762e-01    6.630558016e-02   -2.034084189e-02   -7.259784497e-02    1.168073331e-01   -1.795714884e-01    1.840249269e-01   -1.914751342e-01    1.431200606e-01   -9.965223950e-02    1.687583368e-02    4.550031114e-02   -1.237154799e-01    1.629778445e-01   -1.992549715e-01    1.866381874e-01   -1.664243420e-01    1.023203722e-01   -4.237620751e-02
    1.546789193e-01   -1.503979482e-01    6.718365742e-02   -2.164563605e-02   -7.104088692e-02    1.153058396e-01   -1.785101101e-01    1.837856090e-01   -1.923488438e-01    1.452275546e-01   -1.028906914e-01    2.090418410e-02    4.123094478e-02   -1.198880305e-01    1.603020005e-01   -1.983430258e-01    1.878849375e-01   -1.699127446e-01    1.077717044e-01   -4.915711276e-02
    1.547868303e-01   -1.508286353e-01    6.805960963e-02   -2.294992814e-02   -6.947934526e-02    1.137908599e-01   -1.774235794e-01    1.835092728e-01   -1.931772093e-01    1.472890775e-01   -1.060937777e-01    2.492079903e-02    3.693753570e-02   -1.159926354e-01    1.575131970e-01   -1.972811373e-01    1.889625579e-01   -1.732390938e-01    1.130994795e-01   -5.588452445e-02
    1.548942714e-01   -1.512577324e-01    6.893341337e-02   -2.425365573e-02   -6.791333720e-02    1.122625584e-01   -1.763120568e-01    1.831959717e-01   -1.939600275e-01    1.493040053e-01   -1.092603252e-01    2.892392683e-02    3.262228213e-02   -1.120316082e-01    1.546133360e-01   -1.960701303e-01    1.898701042e-01   -1.764001202e-01    1.182978619e-01   -6.255027647e-02
    1.550012421e-01   -1.516852344e-01    6.980504528e-02   -2.555675645e-02   -6.634298030e-02    1.107211005e-01   -1.751757064e-01    1.828457662e-01   -1.946971069e-01    1.512717284e-01   -1.123891740e-01    3.291182173e-02    2.828739345e-02   -1.080073017e-01    1.516043955e-01   -1.947109448e-01    1.906067808e-01   -1.793927172e-01    1.233611581e-01   -6.914627752e-02
    1.551077423e-01   -1.521111364e-01    7.067448205e-02   -2.685916795e-02   -6.476839243e-02    1.091666533e-01   -1.740146963e-01    1.824587239e-01   -1.953882668e-01    1.531916515e-01   -1.154791780e-01    3.688274460e-02    2.393508913e-02   -1.039221063e-01    1.484884275e-01   -1.932046357e-01    1.911719420e-01   -1.822139435e-01    1.282838222e-01   -7.566452103e-02
    1.552137716e-01   -1.525354332e-01    7.154170046e-02   -2.816082792e-02   -6.318969179e-02    1.075993854e-01   -1.728291980e-01    1.820349195e-01   -1.960333379e-01    1.550631936e-01   -1.185292055e-01    4.083496371e-02    1.956759754e-02   -9.977844848e-02    1.452675575e-01   -1.915523723e-01    1.915650926e-01   -1.848610264e-01    1.330604625e-01   -8.209709478e-02
    1.553193297e-01   -1.529581200e-01    7.240667730e-02   -2.946167407e-02   -6.160699690e-02    1.060194665e-01   -1.716193867e-01    1.815744350e-01   -1.966321621e-01    1.568857885e-01   -1.215381391e-01    4.476675550e-02    1.518715483e-02   -9.557878956e-02    1.419439821e-01   -1.897554371e-01    1.917858879e-01   -1.873313641e-01    1.376858473e-01   -8.843619055e-02
    1.554244162e-01   -1.533791918e-01    7.326938947e-02   -3.076164417e-02   -6.002042655e-02    1.044270679e-01   -1.703854410e-01    1.810773591e-01   -1.971845928e-01    1.586588846e-01   -1.245048768e-01    4.867640528e-02    1.079600378e-02   -9.132562404e-02    1.385199683e-01   -1.878152249e-01    1.918341344e-01   -1.896225288e-01    1.421549104e-01   -9.467411359e-02
    1.555290308e-01   -1.537986436e-01    7.412981389e-02   -3.206067600e-02   -5.843009985e-02    1.028223621e-01   -1.691275435e-01    1.805437881e-01   -1.976904945e-01    1.603819456e-01   -1.274283319e-01    5.256220805e-02    6.396392687e-03   -8.702147823e-02    1.349978514e-01   -1.857332417e-01    1.917097898e-01   -1.917322688e-01    1.464627569e-01   -1.008032920e-01
    1.556331732e-01   -1.542164705e-01    7.498792756e-02   -3.335870742e-02   -5.683613619e-02    1.012055231e-01   -1.678458798e-01    1.799738248e-01   -1.981497434e-01    1.620544500e-01   -1.303074334e-01    5.642246919e-02    1.990574140e-03   -8.266890872e-02    1.313800337e-01   -1.835111036e-01    1.914129630e-01   -1.936585103e-01    1.506046685e-01   -1.068162858e-01
    1.557368432e-01   -1.546326675e-01    7.584370755e-02   -3.465567631e-02   -5.523865522e-02    9.957672617e-02   -1.665406395e-01    1.793675795e-01   -1.985622269e-01    1.636758917e-01   -1.331411269e-01    6.025550521e-02   -2.419196068e-03   -7.827050087e-02    1.276689827e-01   -1.811505355e-01    1.909439143e-01   -1.953993604e-01    1.545761087e-01   -1.127057961e-01
    1.558400402e-01   -1.550472298e-01    7.669713097e-02   -3.595152061e-02   -5.363777686e-02    9.793614776e-02   -1.652120154e-01    1.787251693e-01   -1.989278439e-01    1.652457802e-01   -1.359283742e-01    6.405964450e-02   -6.830660120e-03   -7.382886728e-02    1.238672296e-01   -1.786533695e-01    1.903030548e-01   -1.969531080e-01    1.583727276e-01   -1.184646739e-01
    1.559427642e-01   -1.554601526e-01    7.754817500e-02   -3.724617831e-02   -5.203362130e-02    9.628396570e-02   -1.638602038e-01    1.780467182e-01   -1.992465048e-01    1.667636404e-01   -1.386681545e-01    6.783322806e-02   -1.124155933e-02   -6.934664622e-02    1.199773674e-01   -1.760215442e-01    1.894909461e-01   -1.983182262e-01    1.619903668e-01   -1.240859289e-01
    1.560450147e-01   -1.558714309e-01    7.839681690e-02   -3.853958747e-02   -5.042630896e-02    9.462035907e-02   -1.624854045e-01    1.773323574e-01   -1.995181315e-01    1.682290130e-01   -1.413594642e-01    7.157461019e-02   -1.564963530e-02   -6.482650007e-02    1.160020492e-01   -1.732571024e-01    1.885083000e-01   -1.994933731e-01    1.654250639e-01   -1.295627375e-01
    1.561467915e-01   -1.562810599e-01    7.924303397e-02   -3.983168619e-02   -4.881596051e-02    9.294550817e-02   -1.610878207e-01    1.765822249e-01   -1.997426573e-01    1.696414547e-01   -1.440013175e-01    7.528215924e-02   -2.005263108e-02   -6.027111373e-02    1.119439864e-01   -1.703621898e-01    1.873559779e-01   -2.004773940e-01    1.686730571e-01   -1.348884518e-01
    1.562480941e-01   -1.566890348e-01    8.008680359e-02   -4.112241264e-02   -4.720269684e-02    9.125959453e-02   -1.596676589e-01    1.757964657e-01   -1.999200274e-01    1.710005380e-01   -1.465927466e-01    7.895425832e-02   -2.444829231e-02   -5.568319306e-02    1.078059469e-01   -1.673390537e-01    1.860349896e-01   -2.012693215e-01    1.717307889e-01   -1.400566072e-01
    1.563489224e-01   -1.570953508e-01    8.092810319e-02   -4.241170506e-02   -4.558663906e-02    8.956280088e-02   -1.582251290e-01    1.749752315e-01   -2.000501981e-01    1.723058517e-01   -1.491328023e-01    8.258930599e-02   -2.883436837e-02   -5.106546324e-02    1.035907530e-01   -1.641900405e-01    1.845464931e-01   -2.018683776e-01    1.745949102e-01   -1.450609303e-01
    1.564492761e-01   -1.575000031e-01    8.176691029e-02   -4.369950175e-02   -4.396790849e-02    8.785531113e-02   -1.567604441e-01    1.741186810e-01   -2.001331374e-01    1.735570008e-01   -1.516205542e-01    8.618571697e-02   -3.320861358e-02   -4.642066713e-02    9.930127973e-02   -1.609175947e-01    1.828917929e-01   -2.022739733e-01    1.772622840e-01   -1.498953466e-01
    1.565491547e-01   -1.579029870e-01    8.260320246e-02   -4.498574109e-02   -4.234662667e-02    8.613731036e-02   -1.552738207e-01    1.732269798e-01   -2.001688251e-01    1.747536068e-01   -1.540550909e-01    8.974192281e-02   -3.756878828e-02   -4.175156372e-02    9.494045284e-02   -1.575242564e-01    1.810723394e-01   -2.024857101e-01    1.797299887e-01   -1.545539878e-01
    1.566485580e-01   -1.583042978e-01    8.343695733e-02   -4.627036152e-02   -4.072291531e-02    8.440898477e-02   -1.537654785e-01    1.723003002e-01   -2.001572524e-01    1.758953075e-01   -1.564355208e-01    9.325637262e-02   -4.191266002e-02   -3.706092639e-02    9.051124664e-02   -1.540126596e-01    1.790897274e-01   -2.025033799e-01    1.819953216e-01   -1.590311991e-01
    1.567474858e-01   -1.587039306e-01    8.426815261e-02   -4.755330157e-02   -3.909689631e-02    8.267052169e-02   -1.522356404e-01    1.713388213e-01   -2.000984218e-01    1.769817574e-01   -1.587609718e-01    9.672753369e-02   -4.623800472e-02   -3.235154136e-02    8.601668213e-02   -1.503855300e-01    1.769456944e-01   -2.023269653e-01    1.840558015e-01   -1.633215458e-01
    1.568459377e-01   -1.591018809e-01    8.509676608e-02   -4.883449984e-02   -3.746869175e-02    8.092210956e-02   -1.506845326e-01    1.703427288e-01   -1.999923479e-01    1.780126278e-01   -1.610305922e-01    1.001538922e-01   -5.054260776e-02   -2.762620596e-02    8.145982490e-02   -1.466456832e-01    1.746421198e-01   -2.019566398e-01    1.859091716e-01   -1.674198201e-01
    1.569439133e-01   -1.594981439e-01    8.592277558e-02   -5.011389503e-02   -3.583842386e-02    7.916393789e-02   -1.491123841e-01    1.693122152e-01   -1.998390565e-01    1.789876068e-01   -1.632435505e-01    1.035339539e-01   -5.482426513e-02   -2.288772700e-02    7.684378300e-02   -1.427960221e-01    1.721810226e-01   -2.013927674e-01    1.875534020e-01   -1.713210474e-01
    1.570414125e-01   -1.598927150e-01    8.674615902e-02   -5.139142590e-02   -3.420621506e-02    7.739619725e-02   -1.475194274e-01    1.682474798e-01   -1.996385852e-01    1.799063992e-01   -1.653990361e-01    1.068662447e-01   -5.908078457e-02   -1.813891911e-02    7.217170487e-02   -1.388395350e-01    1.695645599e-01   -2.006359022e-01    1.889866918e-01   -1.750204921e-01
    1.571384349e-01   -1.602855896e-01    8.756689439e-02   -5.266703131e-02   -3.257218787e-02    7.561907925e-02   -1.459058980e-01    1.671487282e-01   -1.993909828e-01    1.807687271e-01   -1.674962595e-01    1.101493112e-01   -6.330998672e-02   -1.338260304e-02    6.744677717e-02   -1.347792928e-01    1.667950250e-01   -1.996867882e-01    1.902074712e-01   -1.785136637e-01
    1.572349802e-01   -1.606767629e-01    8.838495974e-02   -5.394065023e-02   -3.093646498e-02    7.383277652e-02   -1.442720342e-01    1.660161729e-01   -1.990963100e-01    1.815743295e-01   -1.695344524e-01    1.133817218e-01   -6.750970615e-02   -8.621604037e-03    6.267222262e-02   -1.306184474e-01    1.638748453e-01   -1.985463582e-01    1.912144032e-01   -1.817963221e-01
    1.573310482e-01   -1.610662305e-01    8.920033319e-02   -5.521222169e-02   -2.929916919e-02    7.203748268e-02   -1.426180775e-01    1.648500326e-01   -1.987546389e-01    1.823229626e-01   -1.715128681e-01    1.165620667e-01   -7.167779258e-02   -3.858750094e-03    5.785129778e-02   -1.263602285e-01    1.608065804e-01   -1.972157331e-01    1.920063848e-01   -1.848644826e-01
    1.574266384e-01   -1.614539877e-01    9.001299294e-02   -5.648168485e-02   -2.766042345e-02    7.023339233e-02   -1.409442725e-01    1.636505328e-01   -1.983660531e-01    1.830143998e-01   -1.734307821e-01    1.196889588e-01   -7.581211187e-02    9.031296699e-04    5.298729082e-02   -1.220079415e-01    1.575929196e-01   -1.956962207e-01    1.925825487e-01   -1.877144210e-01
    1.575217508e-01   -1.618400300e-01    9.082291726e-02   -5.774897895e-02   -2.602035078e-02    6.842070102e-02   -1.392508664e-01    1.624179053e-01   -1.979306477e-01    1.836484318e-01   -1.752874916e-01    1.227610346e-01   -7.991054721e-02    5.661206718e-03    4.808351935e-02   -1.175649646e-01    1.542366795e-01   -1.939893146e-01    1.929422639e-01   -1.903426780e-01
    1.576163848e-01   -1.622243528e-01    9.163008449e-02   -5.901404333e-02   -2.437907432e-02    6.659960525e-02   -1.375381095e-01    1.611523883e-01   -1.974485292e-01    1.842248669e-01   -1.770823166e-01    1.257769541e-01   -8.397100014e-02    1.041265477e-02    4.314332805e-02   -1.130347467e-01    1.507408020e-01   -1.920966922e-01    1.930851364e-01   -1.927460632e-01
    1.577105404e-01   -1.626069516e-01    9.243447304e-02   -6.027681746e-02   -2.273671731e-02    6.477030242e-02   -1.358062550e-01    1.598542264e-01   -1.969198157e-01    1.847435305e-01   -1.788145996e-01    1.287354022e-01   -8.799139164e-02    1.515465148e-02    3.817008647e-02   -1.084208043e-01    1.471083510e-01   -1.900202138e-01    1.930110098e-01   -1.949216595e-01
    1.578042171e-01   -1.629878220e-01    9.323606141e-02   -6.153724090e-02   -2.109340305e-02    6.293299081e-02   -1.340555589e-01    1.585236706e-01   -1.963446365e-01    1.852042656e-01   -1.804837060e-01    1.316350885e-01   -9.196966321e-02    1.988438010e-02    3.316718671e-02   -1.037267189e-01    1.433425104e-01   -1.877619203e-01    1.927199653e-01   -1.968668259e-01
    1.578974148e-01   -1.633669594e-01    9.403482815e-02   -6.279525332e-02   -1.944925493e-02    6.108786959e-02   -1.322862798e-01    1.571609779e-01   -1.957231325e-01    1.856069328e-01   -1.820890244e-01    1.344747484e-01   -9.590377792e-02    2.459903120e-02    2.813804109e-02   -9.895613412e-02    1.394465809e-01   -1.853240311e-01    1.922123218e-01   -1.985792015e-01
    1.579901330e-01   -1.637443594e-01    9.483075191e-02   -6.405079451e-02   -1.780439640e-02    5.923513877e-02   -1.304986794e-01    1.557664117e-01   -1.950554558e-01    1.859514101e-01   -1.836299668e-01    1.372531435e-01   -9.979172143e-02    2.929580427e-02    2.308607983e-02   -9.411275306e-02    1.354239772e-01   -1.827089425e-01    1.914886354e-01   -2.000567076e-01
    1.580823716e-01   -1.641200176e-01    9.562381140e-02   -6.530380439e-02   -1.615895095e-02    5.737499919e-02   -1.286930217e-01    1.543402417e-01   -1.943417698e-01    1.862375934e-01   -1.851059686e-01    1.399690622e-01   -1.036315030e-01    3.397190943e-02    1.801474873e-02   -8.920033532e-02    1.312782251e-01   -1.799192247e-01    1.905496987e-01   -2.012975510e-01
    1.581741302e-01   -1.644939294e-01    9.641398541e-02   -6.655422298e-02   -1.451304215e-02    5.550765247e-02   -1.268695738e-01    1.528827433e-01   -1.935822493e-01    1.864653959e-01   -1.865164891e-01    1.426213198e-01   -1.074211567e-01    3.862456908e-02    1.292750680e-02   -8.422269408e-02    1.270129583e-01   -1.769576194e-01    1.893965402e-01   -2.023002255e-01
    1.582654086e-01   -1.648660906e-01    9.720125281e-02   -6.780199044e-02   -1.286679356e-02    5.363330105e-02   -1.250286050e-01    1.513941984e-01   -1.927770802e-01    1.866347487e-01   -1.878610116e-01    1.452087597e-01   -1.111587421e-01    4.325101954e-02    7.827823885e-03   -7.918369314e-02    1.226319154e-01   -1.738270376e-01    1.880304231e-01   -2.030635140e-01
    1.583562066e-01   -1.652364968e-01    9.798559253e-02   -6.904704704e-02   -1.122032880e-02    5.175214811e-02   -1.231703875e-01    1.498748947e-01   -1.919264597e-01    1.867456005e-01   -1.891390437e-01    1.477302534e-01   -1.148423455e-01    4.784851268e-02    2.719178342e-03   -7.408724394e-02    1.181389361e-01   -1.705305561e-01    1.864528436e-01   -2.035864902e-01
    1.584465237e-01   -1.656051435e-01    9.876698362e-02   -7.028933319e-02   -9.573771495e-03    4.986439757e-02   -1.212951959e-01    1.483251258e-01   -1.910305959e-01    1.867979176e-01   -1.903501170e-01    1.501847013e-01   -1.184700807e-01    5.241431760e-02   -2.394945366e-03   -6.893730251e-02    1.135379586e-01   -1.670714148e-01    1.846655298e-01   -2.038685192e-01
    1.585363598e-01   -1.659720265e-01    9.954540516e-02   -7.152878944e-02   -7.927245279e-03    4.797025406e-02   -1.194033075e-01    1.467451912e-01   -1.900897082e-01    1.867916842e-01   -1.914937880e-01    1.525710328e-01   -1.220400904e-01    5.694572219e-02   -7.511059037e-03   -6.373786642e-02    1.088330155e-01   -1.634530137e-01    1.826704393e-01   -2.039092589e-01
    1.586257146e-01   -1.663371415e-01    1.003208363e-01   -7.276535646e-02   -6.280873785e-03    4.606992291e-02   -1.174950018e-01    1.451353964e-01   -1.891040269e-01    1.867269021e-01   -1.925696376e-01    1.548882073e-01   -1.255505467e-01    6.144003480e-02   -1.262567311e-02   -5.849297165e-02    1.040282308e-01   -1.596789089e-01    1.804697575e-01   -2.037086599e-01
    1.587145877e-01   -1.667004841e-01    1.010932564e-01   -7.399897506e-02   -4.634780634e-03    4.416361014e-02   -1.155705609e-01    1.434960525e-01   -1.880737935e-01    1.866035909e-01   -1.935772718e-01    1.571352141e-01   -1.289996519e-01    6.589458578e-02   -1.773529904e-02   -5.320668947e-02    9.912781579e-02   -1.557528099e-01    1.780658947e-01   -2.032669657e-01
    1.588029790e-01   -1.670620500e-01    1.018626447e-01   -7.522958619e-02   -2.989089428e-03    4.225152239e-02   -1.136302692e-01    1.418274763e-01   -1.869992601e-01    1.864217877e-01   -1.945163213e-01    1.593110733e-01   -1.323856403e-01    7.030672911e-02   -2.283645169e-02   -4.788312326e-02    9.413606559e-02   -1.516785755e-01    1.754614840e-01   -2.025847127e-01
    1.588908882e-01   -1.674218351e-01    1.026289807e-01   -7.645713096e-02   -1.343923738e-03    4.033386694e-02   -1.116744136e-01    1.401299905e-01   -1.858806898e-01    1.861815476e-01   -1.953864423e-01    1.614148359e-01   -1.357067780e-01    7.467384397e-02   -2.792565169e-02   -4.252640539e-02    8.905735545e-02   -1.474602100e-01    1.726593781e-01   -2.016627290e-01
    1.589783150e-01   -1.677798351e-01    1.033922439e-01   -7.768155061e-02    3.005929005e-04    3.841085169e-02   -1.097032831e-01    1.384039230e-01   -1.847183566e-01    1.858829432e-01   -1.961873158e-01    1.634455843e-01   -1.389613646e-01    7.899333627e-02   -3.299942783e-02   -3.714069391e-02    8.389613684e-02   -1.431018594e-01    1.696626460e-01   -2.005021339e-01
    1.590652591e-01   -1.681360458e-01    1.041524138e-01   -7.890278653e-02    1.944337003e-03    3.648268509e-02   -1.077171691e-01    1.366496076e-01   -1.835125449e-01    1.855260646e-01   -1.969186485e-01    1.654024329e-01   -1.421477335e-01    8.326264020e-02   -3.805431941e-02   -3.173016942e-02    7.865693350e-02   -1.386078073e-01    1.664745703e-01   -1.991043364e-01
    1.591517203e-01   -1.684904629e-01    1.049094701e-01   -8.012078026e-02    3.587185141e-03    3.454957617e-02   -1.057163651e-01    1.348673833e-01   -1.822635501e-01    1.851110200e-01   -1.975801725e-01    1.672845283e-01   -1.452642534e-01    8.747921978e-02   -4.308687861e-02   -2.629903176e-02    7.334433758e-02   -1.339824707e-01    1.630986427e-01   -1.974710332e-01
    1.592376982e-01   -1.688430824e-01    1.056633926e-01   -8.133547351e-02    5.229013953e-03    3.261173450e-02   -1.037011669e-01    1.330575947e-01   -1.809716780e-01    1.846379347e-01   -1.981716453e-01    1.690910495e-01   -1.483093285e-01    9.164057034e-02   -4.809367286e-02   -2.085149678e-02    6.796300551e-02   -1.292303956e-01    1.595385612e-01   -1.956042070e-01
    1.593231928e-01   -1.691939001e-01    1.064141611e-01   -8.254680813e-02    6.869700151e-03    3.066937015e-02   -1.016718724e-01    1.312205915e-01   -1.796372449e-01    1.841069519e-01   -1.986928503e-01    1.708212088e-01   -1.512813997e-01    9.574422000e-02   -5.307128712e-02   -1.539179307e-02    6.251765399e-02   -1.243562526e-01    1.557982249e-01   -1.935061241e-01
    1.594082036e-01   -1.695429118e-01    1.071617555e-01   -8.375472614e-02    8.509120536e-03    2.872269370e-02   -9.962878149e-02    1.293567288e-01   -1.782605775e-01    1.835182321e-01   -1.991435965e-01    1.724742514e-01   -1.541789450e-01    9.978773117e-02   -5.801632629e-02   -9.924158646e-03    5.701305584e-02   -1.193648321e-01    1.518817309e-01   -1.911793312e-01
    1.594927304e-01   -1.698901134e-01    1.079061558e-01   -8.495916971e-02    1.014715200e-02    2.677191617e-02   -9.757219619e-02    1.274663670e-01   -1.768420129e-01    1.828719534e-01   -1.995237188e-01    1.740494565e-01   -1.570004810e-01    1.037687020e-01   -6.292541746e-02   -4.452837697e-03    5.145403581e-02   -1.142610401e-01    1.477933688e-01   -1.886266529e-01
    1.595767731e-01   -1.702355009e-01    1.086473422e-01   -8.616008120e-02    1.178367154e-02    2.481724907e-02   -9.550242049e-02    1.255498715e-01   -1.753818985e-01    1.821683113e-01   -1.998330778e-01    1.755461370e-01   -1.597445629e-01    1.076847677e-01   -6.779521226e-02    1.017922727e-03    4.584546633e-02   -1.090498927e-01    1.435376167e-01   -1.858511878e-01
    1.596603312e-01   -1.705790702e-01    1.093852947e-01   -8.735740312e-02    1.341855627e-02    2.285890428e-02   -9.341976035e-02    1.236076126e-01   -1.738805918e-01    1.814075186e-01   -2.000715602e-01    1.769636401e-01   -1.624097857e-01    1.115336021e-01   -7.262238911e-02    6.483876010e-03    4.019226329e-02   -1.037365118e-01    1.391191359e-01   -1.828563052e-01
    1.597434046e-01   -1.709208172e-01    1.101199937e-01   -8.855107815e-02    1.505168341e-02    2.089709412e-02   -9.132452359e-02    1.216399659e-01   -1.723384605e-01    1.805898055e-01   -2.002390785e-01    1.783013477e-01   -1.649947847e-01    1.153129190e-01   -7.740365548e-02    1.194077927e-02    3.449938169e-02   -9.832611960e-02    1.345427662e-01   -1.796456405e-01
    1.598259930e-01   -1.712607380e-01    1.108514195e-01   -8.974104916e-02    1.668293033e-02    1.893203127e-02   -8.921701995e-02    1.196473117e-01   -1.707558821e-01    1.797154193e-01   -2.003355715e-01    1.795586762e-01   -1.674982362e-01    1.190204734e-01   -8.213575019e-02    1.738439663e-02    2.877181130e-02   -9.282403367e-02    1.298135199e-01   -1.762230909e-01
    1.599080962e-01   -1.715988285e-01    1.115795525e-01   -9.092725919e-02    1.831217454e-02    1.696392876e-02   -8.709756093e-02    1.176300352e-01   -1.691332441e-01    1.787846245e-01   -2.003610035e-01    1.807350772e-01   -1.699188585e-01    1.226540630e-01   -8.681544555e-02    2.281050255e-02    2.301457230e-02   -8.723566173e-02    1.249365771e-01   -1.725928113e-01
    1.599897139e-01   -1.719350847e-01    1.123043732e-01   -9.210965144e-02    1.993929368e-02    1.499299997e-02   -8.496645983e-02    1.155885263e-01   -1.674709440e-01    1.777977026e-01   -2.003153654e-01    1.818300378e-01   -1.722554121e-01    1.262115294e-01   -9.143954966e-02    2.821488507e-02    1.723271090e-02   -8.156649633e-02    1.199172796e-01   -1.687592083e-01
    1.600708459e-01   -1.722695028e-01    1.130258623e-01   -9.328816932e-02    2.156416557e-02    1.301945857e-02   -8.282403168e-02    1.135231796e-01   -1.657693887e-01    1.767549522e-01   -2.001986737e-01    1.828430803e-01   -1.745067006e-01    1.296907595e-01   -9.600490850e-02    3.359334909e-02    1.143129485e-02   -7.582210939e-02    1.147611250e-01   -1.647269354e-01
    1.601514918e-01   -1.726020787e-01    1.137440005e-01   -9.446275641e-02    2.318666819e-02    1.104351851e-02   -8.067059315e-02    1.114343945e-01   -1.640289950e-01    1.756566888e-01   -2.000109711e-01    1.837737628e-01   -1.766715712e-01    1.330896865e-01   -1.005084081e-01    3.894171961e-02    5.615409079e-03   -7.000814677e-02    1.094737610e-01   -1.605008874e-01
    1.602316516e-01   -1.729328085e-01    1.144587686e-01   -9.563335649e-02    2.480667970e-02    9.065394011e-03   -7.850646257e-02    1.093225747e-01   -1.622501889e-01    1.745032446e-01   -1.997523263e-01    1.846216794e-01   -1.787489155e-01    1.364062914e-01   -1.049469768e-01    4.425584503e-02   -2.098488188e-04   -6.413032274e-02    1.040609787e-01   -1.560861943e-01
    1.603113248e-01   -1.732616885e-01    1.151701473e-01   -9.679991352e-02    2.642407843e-02    7.085299538e-03   -7.633195984e-02    1.071881284e-01   -1.604334062e-01    1.732949685e-01   -1.994228341e-01    1.853864603e-01   -1.807376698e-01    1.396386041e-01   -1.093175870e-01    4.953160029e-02   -6.039373030e-03   -5.819441429e-02    9.852870696e-02   -1.514882149e-01
    1.603905114e-01   -1.735887146e-01    1.158781178e-01   -9.796237165e-02    2.803874294e-02    5.103449760e-03   -7.414740640e-02    1.050314682e-01   -1.585790916e-01    1.720322260e-01   -1.990226151e-01    1.860677719e-01   -1.826368158e-01    1.427847046e-01   -1.136172577e-01    5.476489013e-02   -1.186805400e-02   -5.220625553e-02    9.288300522e-02   -1.467125306e-01
    1.604692110e-01   -1.739138830e-01    1.165826610e-01   -9.912067523e-02    2.965055195e-02    3.120059540e-03   -7.195312517e-02    1.028530111e-01   -1.566876992e-01    1.707153992e-01   -1.985518158e-01    1.866653171e-01   -1.844453810e-01    1.458427240e-01   -1.178430561e-01    5.995165226e-02   -1.769078291e-02   -4.617173193e-02    8.713005727e-02   -1.417649385e-01
    1.605474234e-01   -1.742371900e-01    1.172837581e-01   -1.002747688e-01    3.125938443e-02    1.135343908e-03   -6.974944051e-02    1.006531781e-01   -1.547596923e-01    1.693448863e-01   -1.980106086e-01    1.871788350e-01   -1.861624394e-01    1.488108459e-01   -1.219920999e-01    6.508786048e-02   -2.350245616e-02   -4.009677450e-02    8.127616438e-02   -1.366514446e-01
    1.606251484e-01   -1.745586317e-01    1.179813904e-01   -1.014245972e-01    3.286511956e-02   -8.504819591e-04   -6.753667817e-02    9.843239449e-02   -1.527955429e-01    1.679211021e-01   -1.973991916e-01    1.876081019e-01   -1.877871118e-01    1.516873071e-01   -1.260615590e-01    7.016952786e-02   -2.929797984e-02   -3.398735403e-02    7.532773835e-02   -1.313782558e-01
    1.607023857e-01   -1.748782043e-01    1.186755392e-01   -1.025701052e-01    3.446763676e-02   -2.837202765e-03   -6.531516525e-02    9.619108961e-02   -1.507957320e-01    1.664444773e-01   -1.967177889e-01    1.879529304e-01   -1.893185662e-01    1.544703989e-01   -1.300486579e-01    7.519270978e-02   -3.507227419e-02   -2.784947514e-02    6.929129453e-02   -1.259517732e-01
    1.607791352e-01   -1.751959040e-01    1.193661859e-01   -1.037112381e-01    3.606681567e-02   -4.824603113e-03   -6.308523015e-02    9.392969671e-02   -1.487607494e-01    1.649154585e-01   -1.959666500e-01    1.882131700e-01   -1.907560185e-01    1.571584682e-01   -1.339506769e-01    8.015350704e-02   -4.082027806e-02   -2.168917045e-02    6.317344469e-02   -1.203785840e-01
    1.608553965e-01   -1.755117273e-01    1.200533121e-01   -1.048479413e-01    3.766253620e-02   -6.812467536e-03   -6.084720250e-02    9.164865294e-02   -1.466910933e-01    1.633345083e-01   -1.951460499e-01    1.883887073e-01   -1.920987327e-01    1.597499182e-01   -1.377649545e-01    8.504806884e-02   -4.653695333e-02   -1.551249462e-02    5.698088975e-02   -1.146654532e-01
    1.609311694e-01   -1.758256702e-01    1.207368993e-01   -1.059801603e-01    3.925467851e-02   -8.800580511e-03   -5.860141314e-02    8.934839928e-02   -1.445872707e-01    1.617021051e-01   -1.942562892e-01    1.884794656e-01   -1.933460211e-01    1.622432095e-01   -1.414888890e-01    8.987259581e-02   -5.221728937e-02   -9.325518396e-03    5.072041245e-02   -1.088193159e-01
    1.610064537e-01   -1.761377291e-01    1.214169292e-01   -1.071078409e-01    4.084312303e-02   -1.078872649e-02   -5.634819404e-02    8.702938037e-02   -1.424497966e-01    1.600187427e-01   -1.932976938e-01    1.884854053e-01   -1.944972452e-01    1.646368610e-01   -1.451199406e-01    9.462334295e-02   -5.785630735e-02   -3.134322638e-03    4.439886995e-02   -1.028472687e-01
    1.610812492e-01   -1.764479004e-01    1.220933838e-01   -1.082309291e-01    4.242775048e-02   -1.277668992e-02   -5.408787830e-02    8.469204454e-02   -1.402791946e-01    1.582849303e-01   -1.922706147e-01    1.884065237e-01   -1.955518154e-01    1.669294509e-01   -1.486556323e-01    9.929662250e-02   -6.344906470e-02    3.055007633e-03    3.802318628e-02   -9.675656077e-02
    1.611555557e-01   -1.767561804e-01    1.227662449e-01   -1.093493712e-01    4.400844184e-02   -1.476425527e-02   -5.182080004e-02    8.233684361e-02   -1.380759961e-01    1.565011925e-01   -1.911754281e-01    1.882428553e-01   -1.965091918e-01    1.691196174e-01   -1.520935526e-01    1.038888069e-01   -6.899065937e-02    9.236389232e-03    3.160034475e-02   -9.055458556e-02
    1.612293729e-01   -1.770625654e-01    1.234354944e-01   -1.104631136e-01    4.558507840e-02   -1.675120704e-02   -4.954729441e-02    7.996423290e-02   -1.358407408e-01    1.546680690e-01   -1.900125351e-01    1.879944713e-01   -1.973688840e-01    1.712060594e-01   -1.554313566e-01    1.083963314e-01   -7.447623417e-02    1.540374679e-02    2.513738035e-02   -8.424887147e-02
    1.613027005e-01   -1.773670519e-01    1.241011145e-01   -1.115721030e-01    4.715754175e-02   -1.873732981e-02   -4.726769748e-02    7.757467107e-02   -1.335739760e-01    1.527861143e-01   -1.887823617e-01    1.876614801e-01   -1.981304519e-01    1.731875374e-01   -1.586667675e-01    1.128156971e-01   -7.990098099e-02    2.155101871e-02    1.864137201e-02   -7.784707286e-02
    1.613755385e-01   -1.776696363e-01    1.247630874e-01   -1.126762863e-01    4.872571381e-02   -2.072240824e-02   -4.498234624e-02    7.516862005e-02   -1.312762568e-01    1.508558978e-01   -1.874853584e-01    1.872440267e-01   -1.987935055e-01    1.750628746e-01   -1.617975785e-01    1.171434735e-01   -8.526014506e-02    2.767216315e-02    1.211943485e-02   -7.135696070e-02
    1.614478865e-01   -1.779703150e-01    1.254213953e-01   -1.137756107e-01    5.028947680e-02   -2.270622710e-02   -4.269157854e-02    7.274654499e-02   -1.289481459e-01    1.488780034e-01   -1.861220003e-01    1.867422933e-01   -1.993577052e-01    1.768309568e-01   -1.648216541e-01    1.213763011e-01   -9.054902907e-02    3.376116394e-02    5.578712381e-03   -6.478641317e-02
    1.615197444e-01   -1.782690845e-01    1.260760207e-01   -1.148700235e-01    5.184871327e-02   -2.468857131e-02   -4.039573301e-02    7.030891412e-02   -1.265902134e-01    1.468530296e-01   -1.846927867e-01    1.861564986e-01   -1.998227622e-01    1.784907339e-01   -1.677369317e-01    1.255108943e-01   -9.576299731e-02    3.981203649e-02   -9.736312956e-04   -5.814340611e-02
    1.615911119e-01   -1.785659413e-01    1.267269460e-01   -1.159594723e-01    5.340330612e-02   -2.666922594e-02   -3.809514905e-02    6.785619868e-02   -1.242030368e-01    1.447815890e-01   -1.831982410e-01    1.854868980e-01   -2.001884382e-01    1.800412197e-01   -1.705414228e-01    1.295440436e-01   -1.008974798e-01    4.581883372e-02   -7.530419359e-03   -5.143600326e-02
    1.616619887e-01   -1.788608818e-01    1.273741538e-01   -1.170439049e-01    5.495313861e-02   -2.864797624e-02   -3.579016674e-02    6.538887283e-02   -1.217872007e-01    1.426643084e-01   -1.816389108e-01    1.847337835e-01   -2.004545460e-01    1.814814934e-01   -1.732332144e-01    1.334726183e-01   -1.059479760e-01    5.177565182e-02   -1.408447012e-02   -4.467234658e-02
    1.617323748e-01   -1.791539027e-01    1.280176268e-01   -1.181232695e-01    5.649809433e-02   -3.062460767e-02   -3.348112684e-02    6.290741355e-02   -1.193432966e-01    1.405018281e-01   -1.800153671e-01    1.838974836e-01   -2.006209493e-01    1.828106992e-01   -1.758104704e-01    1.372935687e-01   -1.109100593e-01    5.767663614e-02   -2.062860489e-02   -3.786064628e-02
    1.618022698e-01   -1.794450003e-01    1.286573477e-01   -1.191975143e-01    5.803805724e-02   -3.259890591e-02   -3.116837070e-02    6.041230056e-02   -1.168719231e-01    1.382948026e-01   -1.783282047e-01    1.829783628e-01   -2.006875629e-01    1.840280477e-01   -1.782714331e-01    1.410039290e-01   -1.157793805e-01    6.351598689e-02   -2.715565583e-02   -3.100917091e-02
    1.618716736e-01   -1.797341715e-01    1.292932996e-01   -1.202665880e-01    5.957291170e-02   -3.457065690e-02   -2.885224020e-02    5.790401623e-02   -1.143736855e-01    1.360438996e-01   -1.765780414e-01    1.819768220e-01   -2.006543526e-01    1.851328157e-01   -1.806144237e-01    1.446008189e-01   -1.205516714e-01    6.928796485e-02   -3.365847382e-02   -2.412623727e-02
    1.619405860e-01   -1.800214126e-01    1.299254653e-01   -1.213304393e-01    6.110254243e-02   -3.653964686e-02   -2.653307775e-02    5.538304545e-02   -1.118491954e-01    1.337498000e-01   -1.747655183e-01    1.808932980e-01   -2.005213353e-01    1.861243469e-01   -1.828378441e-01    1.480814464e-01   -1.252227493e-01    7.498689704e-02   -4.012993630e-02   -1.722020037e-02
    1.620090067e-01   -1.803067204e-01    1.305538279e-01   -1.223890173e-01    6.262683455e-02   -3.850566230e-02   -2.421122619e-02    5.284987559e-02   -1.092990713e-01    1.314131980e-01   -1.728912994e-01    1.797282632e-01   -2.002885792e-01    1.870020523e-01   -1.849401778e-01    1.514431096e-01   -1.297885199e-01    8.060718225e-02   -4.656295504e-02   -1.029944327e-02
    1.620769355e-01   -1.805900914e-01    1.311783706e-01   -1.234422713e-01    6.414567356e-02   -4.046849005e-02   -2.188702876e-02    5.030499637e-02   -1.067239374e-01    1.290348004e-01   -1.709560710e-01    1.784822258e-01   -1.999562034e-01    1.877654105e-01   -1.869199907e-01    1.546831990e-01   -1.342449814e-01    8.614329657e-02   -5.295048390e-02   -3.372366855e-03
    1.621443722e-01   -1.808715224e-01    1.317990767e-01   -1.244901509e-01    6.565894541e-02   -4.242791730e-02   -1.956082906e-02    4.774889977e-02   -1.041244246e-01    1.266153268e-01   -1.689605421e-01    1.771557291e-01   -1.995243780e-01    1.884139680e-01   -1.887759325e-01    1.577991996e-01   -1.385882275e-01    9.158979883e-02   -5.928552659e-02    3.552620276e-03
    1.622113167e-01   -1.811510101e-01    1.324159297e-01   -1.255326059e-01    6.716653644e-02   -4.438373160e-02   -1.723297098e-02    4.518207995e-02   -1.015011694e-01    1.241555093e-01   -1.669054435e-01    1.757493515e-01   -1.989933241e-01    1.889473395e-01   -1.905067372e-01    1.607886925e-01   -1.428144515e-01    9.694133592e-02   -6.556114431e-02    1.046711209e-02
    1.622777687e-01   -1.814285511e-01    1.330289129e-01   -1.265695865e-01    6.866833341e-02   -4.633572087e-02   -1.490379865e-02    4.260503315e-02   -9.885481424e-02    1.216560921e-01   -1.647915281e-01    1.742637064e-01   -1.983633136e-01    1.893652082e-01   -1.921112242e-01    1.636493572e-01   -1.469199491e-01    1.021926481e-01   -7.177046333e-02    1.736271527e-02
    1.623437280e-01   -1.817041421e-01    1.336380100e-01   -1.276010429e-01    7.016422353e-02   -4.828367348e-02   -1.257365641e-02    4.001825756e-02   -9.618600723e-02    1.191178314e-01   -1.626195701e-01    1.726994417e-01   -1.976346689e-01    1.896673258e-01   -1.935882991e-01    1.663789729e-01   -1.509011218e-01    1.073385741e-01   -7.790668256e-02    2.423105946e-02
    1.624091944e-01   -1.819777800e-01    1.342432047e-01   -1.286269258e-01    7.165409445e-02   -5.022737821e-02   -1.024288872e-02    3.742225328e-02   -9.349540193e-02    1.165414952e-01   -1.603903651e-01    1.710572396e-01   -1.968077633e-01    1.898535129e-01   -1.949369543e-01    1.689754210e-01   -1.547544801e-01    1.123740562e-01   -8.396308096e-02    3.106380738e-02
    1.624741678e-01   -1.822494615e-01    1.348444808e-01   -1.296471860e-01    7.313783428e-02   -5.216662431e-02   -7.911840158e-03    3.481752218e-02   -9.078365729e-02    1.139278628e-01   -1.581047296e-01    1.693378161e-01   -1.958830199e-01    1.899236588e-01   -1.961562701e-01    1.714366858e-01   -1.584766465e-01    1.172941453e-01   -8.993302492e-02    3.785266495e-02
    1.625386478e-01   -1.825191835e-01    1.354418222e-01   -1.306617748e-01    7.461533156e-02   -5.410120152e-02   -5.580855334e-03    3.220456783e-02   -8.805143740e-02    1.112777251e-01   -1.557635008e-01    1.675419213e-01   -1.948609124e-01    1.898777217e-01   -1.972454146e-01    1.737608568e-01   -1.620643585e-01    1.220940056e-01   -9.580997553e-02    4.458939139e-02
    1.626026344e-01   -1.827869427e-01    1.360352129e-01   -1.316706434e-01    7.608647534e-02   -5.603090008e-02   -3.250278851e-03    2.958389539e-02   -8.529941139e-02    1.085918840e-01   -1.533675362e-01    1.656703381e-01   -1.937419639e-01    1.897157290e-01   -1.982036450e-01    1.759461299e-01   -1.655144715e-01    1.267689197e-01   -1.015874957e-01    5.126580918e-02
    1.626661274e-01   -1.830527359e-01    1.366246371e-01   -1.326737437e-01    7.755115511e-02   -5.795551074e-02   -9.204552498e-04    2.695601149e-02   -8.252825324e-02    1.058711519e-01   -1.509177136e-01    1.637238829e-01   -1.925267474e-01    1.894377769e-01   -1.990303075e-01    1.779908087e-01   -1.688239615e-01    1.313142928e-01   -1.072592574e-01    5.787381402e-02
    1.627291264e-01   -1.833165602e-01    1.372100790e-01   -1.336710276e-01    7.900926087e-02   -5.987482483e-02    1.408271036e-03    2.432142418e-02   -7.973864159e-02    1.031163522e-01   -1.484149302e-01    1.617034046e-01   -1.912158850e-01    1.890440304e-01   -1.997248385e-01    1.798933061e-01   -1.719899276e-01    1.357256574e-01   -1.128190482e-01    6.440538466e-02
    1.627916314e-01   -1.835784122e-01    1.377915228e-01   -1.346624473e-01    8.046068310e-02   -6.178863423e-02    3.735555735e-03    2.168064281e-02   -7.693125965e-02    1.003283182e-01   -1.458601028e-01    1.596097842e-01   -1.898100480e-01    1.885347233e-01   -2.002867641e-01    1.816521452e-01   -1.750095949e-01    1.399986779e-01   -1.182607785e-01    7.085259263e-02
    1.628536422e-01   -1.838382891e-01    1.383689531e-01   -1.356479554e-01    8.190531278e-02   -6.369673145e-02    6.061054788e-03    1.903417791e-02   -7.410679493e-02    9.750789353e-02   -1.432541672e-01    1.574439348e-01   -1.883099561e-01    1.879101583e-01   -2.007157009e-01    1.832659607e-01   -1.778803167e-01    1.441291544e-01   -1.235784879e-01    7.720761187e-02
    1.629151585e-01   -1.840961877e-01    1.389423544e-01   -1.366275046e-01    8.334304142e-02   -6.559890957e-02    8.384424400e-03    1.638254113e-02   -7.126593916e-02    9.465593150e-02   -1.405980779e-01    1.552068009e-01   -1.867163774e-01    1.871707062e-01   -2.010113565e-01    1.847334999e-01   -1.805995768e-01    1.481130274e-01   -1.287663519e-01    8.346272820e-02
    1.629761802e-01   -1.843521049e-01    1.395117113e-01   -1.376010482e-01    8.477376101e-02   -6.749496235e-02    1.070532109e-02    1.372624509e-02   -6.840938808e-02    9.177329502e-02   -1.378928079e-01    1.528993583e-01   -1.850301278e-01    1.863168063e-01   -2.011735290e-01    1.860536236e-01   -1.831649916e-01    1.519463813e-01   -1.338186882e-01    8.961034875e-02
    1.630367072e-01   -1.846060378e-01    1.400770087e-01   -1.385685394e-01    8.619736411e-02   -6.938468419e-02    1.302340174e-02    1.106580335e-02   -6.553784126e-02    8.886085623e-02   -1.351393480e-01    1.505226131e-01   -1.832520707e-01    1.853489658e-01   -2.012021080e-01    1.872253070e-01   -1.855743127e-01    1.556254484e-01   -1.387299630e-01    9.564301112e-02
    1.630967391e-01   -1.848579834e-01    1.406382313e-01   -1.395299319e-01    8.761374379e-02   -7.126787020e-02    1.533832364e-02    8.401730247e-03   -6.265200196e-02    8.591949634e-02   -1.323387069e-01    1.480776019e-01   -1.813831164e-01    1.842677595e-01   -2.010970738e-01    1.882476406e-01   -1.878254282e-01    1.591466128e-01   -1.434947969e-01    1.015533924e-01
    1.631562758e-01   -1.851079387e-01    1.411953642e-01   -1.404851797e-01    8.902279366e-02   -7.314431618e-02    1.764974457e-02    5.734540828e-03   -5.975257694e-02    8.295010527e-02   -1.294919105e-01    1.455653911e-01   -1.794242219e-01    1.830738298e-01   -2.008584981e-01    1.891198308e-01   -1.899163651e-01    1.625064137e-01   -1.481079710e-01    1.073343183e-01
    1.632153172e-01   -1.853559008e-01    1.417483924e-01   -1.414342371e-01    9.042440788e-02   -7.501381866e-02    1.995732280e-02    3.064750746e-03   -5.684027627e-02    7.995358145e-02   -1.266000014e-01    1.429870762e-01   -1.773763901e-01    1.817678856e-01   -2.004865435e-01    1.898412006e-01   -1.918452905e-01    1.657015490e-01   -1.525644325e-01    1.129787714e-01
    1.632738631e-01   -1.856018667e-01    1.422973013e-01   -1.423770586e-01    9.181848119e-02   -7.687617493e-02    2.226071719e-02    3.928761541e-04   -5.391581320e-02    7.693083150e-02   -1.236640390e-01    1.403437816e-01   -1.752406696e-01    1.803507029e-01   -1.999814639e-01    1.904111899e-01   -1.936105138e-01    1.687288782e-01   -1.568593001e-01    1.184799002e-01
    1.633319133e-01   -1.858458336e-01    1.428420759e-01   -1.433135991e-01    9.320490886e-02   -7.873118305e-02    2.455958719e-02   -2.280566388e-03   -5.097990395e-02    7.388277000e-02   -1.206850987e-01    1.376366602e-01   -1.730181539e-01    1.788231233e-01   -1.993436036e-01    1.908293563e-01   -1.952104878e-01    1.715854259e-01   -1.609878697e-01    1.238310270e-01
    1.633894676e-01   -1.860877986e-01    1.433827019e-01   -1.442438137e-01    9.458358677e-02   -8.057864188e-02    2.685359294e-02   -4.955060017e-03   -4.803326754e-02    7.081031917e-02   -1.176642717e-01    1.348668926e-01   -1.707099810e-01    1.771860543e-01   -1.985733977e-01    1.910953753e-01   -1.966438101e-01    1.742683847e-01   -1.649456193e-01    1.290256562e-01
    1.634465258e-01   -1.863277588e-01    1.439191647e-01   -1.451676579e-01    9.595441136e-02   -8.241835110e-02    2.914239530e-02   -7.630087666e-03   -4.507662563e-02    6.771440862e-02   -1.146026645e-01    1.320356866e-01   -1.683173327e-01    1.754404683e-01   -1.976713715e-01    1.912090402e-01   -1.979092244e-01    1.767751175e-01   -1.687282139e-01    1.340574823e-01
    1.635030878e-01   -1.865657114e-01    1.444514499e-01   -1.460850874e-01    9.731727966e-02   -8.425011121e-02    3.142565589e-02   -1.030513216e-02   -4.211070231e-02    6.459597506e-02   -1.115013986e-01    1.291442771e-01   -1.658414339e-01    1.735874022e-01   -1.966381403e-01    1.911702628e-01   -1.990056215e-01    1.791031606e-01   -1.723315105e-01    1.389203974e-01
    1.635591534e-01   -1.868016536e-01    1.449795434e-01   -1.469960583e-01    9.867208931e-02   -8.607372360e-02    3.370303714e-02   -1.297967633e-02   -3.913622396e-02    6.145596200e-02   -1.083616100e-01    1.261939251e-01   -1.632835526e-01    1.716279566e-01   -1.954744089e-01    1.909790733e-01   -1.999320404e-01    1.812502258e-01   -1.757515623e-01    1.436084984e-01
    1.636147224e-01   -1.870355826e-01    1.455034310e-01   -1.479005270e-01    1.000187385e-01   -8.788899053e-02    3.597420237e-02   -1.565320310e-02   -3.615391905e-02    5.829531951e-02   -1.051844488e-01    1.231859171e-01   -1.606449983e-01    1.695632955e-01   -1.941809709e-01    1.906356200e-01   -2.006876691e-01    1.832142030e-01   -1.789846233e-01    1.481160947e-01
    1.636697947e-01   -1.872674957e-01    1.460230986e-01   -1.487984502e-01    1.013571262e-01   -8.969571515e-02    3.823881580e-02   -1.832519557e-02   -3.316451799e-02    5.511500388e-02   -1.019710788e-01    1.201215652e-01   -1.579271220e-01    1.673946453e-01   -1.927587085e-01    1.901401695e-01   -2.012718453e-01    1.849931619e-01   -1.820271524e-01    1.524377146e-01
    1.637243701e-01   -1.874973902e-01    1.465385323e-01   -1.496897849e-01    1.026871518e-01   -9.149370157e-02    4.049654262e-02   -2.099513716e-02   -3.016875289e-02    5.191597736e-02   -9.872267702e-02    1.170022057e-01   -1.551313154e-01    1.651232942e-01   -1.912085920e-01    1.894931064e-01   -2.016840570e-01    1.865853539e-01   -1.848758171e-01    1.565681123e-01
    1.637784484e-01   -1.877252632e-01    1.470497185e-01   -1.505744884e-01    1.040087153e-01   -9.328275481e-02    4.274704905e-02   -2.366251168e-02   -2.716735746e-02    4.869920786e-02   -9.544043338e-02    1.138291990e-01   -1.522590099e-01    1.627505915e-01   -1.895316785e-01    1.886949330e-01   -2.019239428e-01    1.879892142e-01   -1.875274972e-01    1.605022741e-01
    1.638320295e-01   -1.879511123e-01    1.475566433e-01   -1.514525183e-01    1.053217176e-01   -9.506268088e-02    4.499000237e-02   -2.632680344e-02   -2.416106675e-02    4.546566866e-02   -9.212555017e-02    1.106039289e-01   -1.493116762e-01    1.602779464e-01   -1.877291118e-01    1.877462688e-01   -2.019912926e-01    1.892033631e-01   -1.899792883e-01    1.642354245e-01
    1.638851131e-01   -1.881749346e-01    1.480592932e-01   -1.523238327e-01    1.066260600e-01   -9.683328678e-02    4.722507097e-02   -2.898749732e-02   -2.115061705e-02    4.221633813e-02   -8.877924164e-02    1.073278021e-01   -1.462908235e-01    1.577068278e-01   -1.858021215e-01    1.866478503e-01   -2.018860471e-01    1.902266072e-01   -1.922285051e-01    1.677630318e-01
    1.639376992e-01   -1.883967276e-01    1.485576548e-01   -1.531883896e-01    1.079216446e-01   -9.859438050e-02    4.945192441e-02   -3.164407892e-02   -1.813674563e-02    3.895219940e-02   -8.540273356e-02    1.040022473e-01   -1.431979985e-01    1.550387629e-01   -1.837520219e-01    1.854005300e-01   -2.016082988e-01    1.910579407e-01   -1.942726839e-01    1.710808141e-01
    1.639897876e-01   -1.886164887e-01    1.490517147e-01   -1.540461479e-01    1.092083739e-01   -1.003457711e-01    5.167023347e-02   -3.429603463e-02   -1.512019064e-02    3.567424009e-02   -8.199726274e-02    1.006287149e-01   -1.400347847e-01    1.522753366e-01   -1.815802113e-01    1.840052761e-01   -2.011582911e-01    1.916965467e-01   -1.961095858e-01    1.741847441e-01
    1.640413781e-01   -1.888342152e-01    1.495414598e-01   -1.548970663e-01    1.104861514e-01   -1.020872686e-01    5.387967017e-02   -3.694285172e-02   -1.210169086e-02    3.238345200e-02   -7.856407663e-02    9.720867617e-02   -1.368028018e-01    1.494181904e-01   -1.792881711e-01    1.824631719e-01   -2.005364183e-01    1.921417975e-01   -1.977371988e-01    1.770710539e-01
    1.640924705e-01   -1.890499046e-01    1.500268768e-01   -1.557411042e-01    1.117548812e-01   -1.038186843e-01    5.607990787e-02   -3.958401848e-02   -9.081985544e-03    2.908083082e-02   -7.510443282e-02    9.374362264e-02   -1.335037047e-01    1.464690214e-01   -1.768774646e-01    1.807754142e-01   -1.997432255e-01    1.923932555e-01   -1.991537401e-01    1.797362401e-01
    1.641430648e-01   -1.892635543e-01    1.505079528e-01   -1.565782211e-01    1.130144677e-01   -1.055398303e-01    5.827062128e-02   -4.221902426e-02   -6.061814266e-03    2.576737581e-02   -7.161959859e-02    9.023506551e-02   -1.301391826e-01    1.434295816e-01   -1.743497362e-01    1.789433132e-01   -1.987794081e-01    1.924506735e-01   -2.003576584e-01    1.821770675e-01
    1.641931607e-01   -1.894751620e-01    1.509846749e-01   -1.574083770e-01    1.142648166e-01   -1.072505200e-01    6.045148650e-02   -4.484735962e-02   -3.041916699e-03    2.244408952e-02   -6.811085046e-02    8.668453495e-02   -1.267109582e-01    1.403016763e-01   -1.717067099e-01    1.769682910e-01   -1.976458107e-01    1.923139951e-01   -2.013476349e-01    1.843905733e-01
    1.642427581e-01   -1.896847249e-01    1.514570304e-01   -1.582315320e-01    1.155058338e-01   -1.089505680e-01    6.262218111e-02   -4.746851640e-02   -2.303245321e-05    1.911197747e-02   -6.457947368e-02    8.309357943e-02   -1.232207869e-01    1.370871635e-01   -1.689501886e-01    1.748518809e-01   -1.963434271e-01    1.919833547e-01   -2.021225853e-01    1.863740706e-01
    1.642918569e-01   -1.898922407e-01    1.519250067e-01   -1.590476468e-01    1.167374262e-01   -1.106397899e-01    6.478238419e-02   -5.008198784e-02    2.994099109e-03    1.577204784e-02   -6.102676184e-02    7.946376505e-02   -1.196704556e-01    1.337879528e-01   -1.660820524e-01    1.725957255e-01   -1.948733986e-01    1.914590773e-01   -2.026816608e-01    1.881251517e-01
    1.643404569e-01   -1.900977070e-01    1.523885911e-01   -1.598566823e-01    1.179595011e-01   -1.123180024e-01    6.693177634e-02   -5.268726865e-02    6.008739053e-03    1.242531121e-02   -5.745401631e-02    7.579667487e-02   -1.160617823e-01    1.304060039e-01   -1.631042576e-01    1.702015764e-01   -1.932370139e-01    1.907416781e-01   -2.030242491e-01    1.896416912e-01
    1.643885579e-01   -1.903011213e-01    1.528477713e-01   -1.606585997e-01    1.191719669e-01   -1.139850237e-01    6.907003981e-02   -5.528385513e-02    9.020149053e-03    9.072780184e-03   -5.386254580e-02    7.209390819e-02   -1.123966148e-01    1.269433257e-01   -1.600188354e-01    1.676712918e-01   -1.914357072e-01    1.898318623e-01   -2.031499751e-01    1.909218480e-01
    1.644361599e-01   -1.905024813e-01    1.533025350e-01   -1.614533607e-01    1.203747324e-01   -1.156406729e-01    7.119685844e-02   -5.787124525e-02    1.202759157e-02    5.715469143e-03   -5.025366591e-02    6.835707989e-02   -1.086768295e-01    1.234019751e-01   -1.568278902e-01    1.650068360e-01   -1.894710573e-01    1.887305241e-01   -2.030587009e-01    1.919640684e-01
    1.644832626e-01   -1.907017844e-01    1.537528701e-01   -1.622409272e-01    1.215677073e-01   -1.172847706e-01    7.331191780e-02   -6.044893878e-02    1.503033005e-02    2.354393906e-03   -4.662869858e-02    6.458781969e-02   -1.049043313e-01    1.197840557e-01   -1.535335985e-01    1.622102772e-01   -1.873447864e-01    1.874387459e-01   -2.027505266e-01    1.927670873e-01
    1.645298659e-01   -1.908990285e-01    1.541987644e-01   -1.630212614e-01    1.227508021e-01   -1.189171384e-01    7.541490518e-02   -6.301643734e-02    1.802762907e-02   -1.009428564e-03   -4.298897167e-02    6.078777147e-02   -1.010810517e-01    1.160917166e-01   -1.501382075e-01    1.592837862e-01   -1.850587580e-01    1.859577975e-01   -2.022257899e-01    1.933299299e-01
    1.645759697e-01   -1.910942112e-01    1.546402061e-01   -1.637943260e-01    1.239239277e-01   -1.205375993e-01    7.750550967e-02   -6.557324453e-02    2.101875455e-02   -4.374980475e-03   -3.933581844e-02    5.695859254e-02   -9.720894841e-02    1.123271511e-01   -1.466440329e-01    1.562296348e-01   -1.826149760e-01    1.842891343e-01   -2.014850653e-01    1.936519131e-01
    1.646215738e-01   -1.912873302e-01    1.550771833e-01   -1.645600839e-01    1.250869961e-01   -1.221459776e-01    7.958342216e-02   -6.811886603e-02    2.400297392e-02   -7.741243509e-03   -3.567057707e-02    5.310195289e-02   -9.329000397e-02    1.084925954e-01   -1.430534581e-01    1.530501937e-01   -1.800155822e-01    1.824343965e-01   -2.005291644e-01    1.937326461e-01
    1.646666782e-01   -1.914783831e-01    1.555096843e-01   -1.653184986e-01    1.262399199e-01   -1.237420989e-01    8.164833546e-02   -7.065280966e-02    2.697955631e-02   -1.110719913e-02   -3.199459017e-02    4.921953452e-02   -8.932622502e-02    1.045903273e-01   -1.393689323e-01    1.497479309e-01   -1.772628551e-01    1.803954069e-01   -1.993591341e-01    1.935720309e-01
    1.647112826e-01   -1.916673679e-01    1.559376976e-01   -1.660695337e-01    1.273826126e-01   -1.253257902e-01    8.369994426e-02   -7.317458550e-02    2.994777269e-02   -1.447182890e-02   -2.830920429e-02    4.531303066e-02   -8.531964114e-02    1.006226648e-01   -1.355929686e-01    1.463254100e-01   -1.743592075e-01    1.781741698e-01   -1.979762560e-01    1.931702625e-01
    1.647553869e-01   -1.918542821e-01    1.563612116e-01   -1.668131531e-01    1.285149883e-01   -1.268968796e-01    8.573794524e-02   -7.568370599e-02    3.290689610e-02   -1.783411477e-02   -2.461576941e-02    4.138414504e-02   -8.127230381e-02    9.659196482e-02   -1.317281425e-01    1.427852874e-01   -1.713071845e-01    1.757728681e-01   -1.963820449e-01    1.925278286e-01
    1.647989911e-01   -1.920391237e-01    1.567802152e-01   -1.675493214e-01    1.296369618e-01   -1.284551968e-01    8.776203708e-02   -7.817968603e-02    3.585620182e-02   -2.119303942e-02   -2.091563847e-02    3.743459115e-02   -7.718628541e-02    9.250062156e-02   -1.277770903e-01    1.391303115e-01   -1.681094610e-01    1.731938621e-01   -1.945782468e-01    1.916455092e-01
    1.648420949e-01   -1.922218905e-01    1.571946969e-01   -1.682780032e-01    1.307484491e-01   -1.300005728e-01    8.977192053e-02   -8.066204303e-02    3.879496751e-02   -2.454758651e-02   -1.721016687e-02    3.346609152e-02   -7.306367808e-02    8.835106537e-02   -1.237425067e-01    1.353633191e-01   -1.647688401e-01    1.704396866e-01   -1.925668376e-01    1.905243753e-01
    1.648846982e-01   -1.924025803e-01    1.576046459e-01   -1.689991637e-01    1.318493664e-01   -1.315328401e-01    9.176729843e-02   -8.313029704e-02    4.172247341e-02   -2.789674107e-02   -1.350071195e-02    2.948037692e-02   -6.890659274e-02    8.414576118e-02   -1.196271439e-01    1.314872347e-01   -1.612882497e-01    1.675130485e-01   -1.903500204e-01    1.891657879e-01
    1.649268009e-01   -1.925811909e-01    1.580100510e-01   -1.697127683e-01    1.329396312e-01   -1.330518325e-01    9.374787575e-02   -8.558397086e-02    4.463800253e-02   -3.123948972e-02   -9.788632542e-03    2.547918564e-02   -6.471715793e-02    7.988720700e-02   -1.154338089e-01    1.275050668e-01   -1.576707407e-01    1.644168244e-01   -1.879302232e-01    1.875713961e-01
    1.649684030e-01   -1.927577204e-01    1.584109014e-01   -1.704187828e-01    1.340191616e-01   -1.345573853e-01    9.571335968e-02   -8.802259009e-02    4.754084081e-02   -3.457482105e-02   -6.075288403e-03    2.146426271e-02   -6.049751879e-02    7.557793249e-02   -1.111653618e-01    1.234199068e-01   -1.539194838e-01    1.611540573e-01   -1.853100967e-01    1.857431355e-01
    1.650095041e-01   -1.929321665e-01    1.588071864e-01   -1.711171734e-01    1.350878764e-01   -1.360493351e-01    9.766345962e-02   -9.044568323e-02    5.043027730e-02   -3.790172586e-02   -2.362039774e-03    1.743735917e-02   -5.624983590e-02    7.122049744e-02   -1.068247142e-01    1.192349257e-01   -1.500377669e-01    1.577279542e-01   -1.824925106e-01    1.836832252e-01
    1.650501043e-01   -1.931045273e-01    1.591988955e-01   -1.718079068e-01    1.361456954e-01   -1.375275203e-01    9.959788725e-02   -9.285278180e-02    5.330560431e-02   -4.121919752e-02    1.349753140e-03    1.340023126e-02   -5.197628421e-02    6.681749023e-02   -1.024148268e-01    1.149533721e-01   -1.460289925e-01    1.541418824e-01   -1.794805511e-01    1.813941659e-01
    1.650902034e-01   -1.932748007e-01    1.595860180e-01   -1.724909497e-01    1.371925392e-01   -1.389917805e-01    1.015163566e-01   -9.524342040e-02    5.616611764e-02   -4.452623226e-02    5.058730667e-03    9.354639701e-03   -4.767905191e-02    6.237152634e-02   -9.793870750e-02    1.105785696e-01   -1.418966743e-01    1.503993666e-01   -1.762775172e-01    1.788787361e-01
    1.651298012e-01   -1.934429846e-01    1.599685437e-01   -1.731662695e-01    1.382283290e-01   -1.404419570e-01    1.034185839e-01   -9.761713683e-02    5.901111668e-02   -4.782182945e-02    8.763534168e-03    5.302348897e-03   -4.336033933e-02    5.788524675e-02   -9.339940943e-02    1.061139142e-01   -1.376444344e-01    1.465040850e-01   -1.728869174e-01    1.761399895e-01
    1.651688977e-01   -1.936090773e-01    1.603464622e-01   -1.738338339e-01    1.392529870e-01   -1.418778924e-01    1.053042881e-01   -9.997347214e-02    6.183990466e-02   -5.110499193e-02    1.246280653e-02    1.245126178e-03   -3.902235778e-02    5.336131639e-02   -8.880002882e-02    1.015628715e-01   -1.332759997e-01    1.424598663e-01   -1.693124653e-01    1.731812504e-01
    1.652074928e-01   -1.937730766e-01    1.607197636e-01   -1.744936109e-01    1.402664364e-01   -1.432994310e-01    1.071731902e-01   -1.023119707e-01    6.465178874e-02   -5.437472630e-02    1.615519266e-02   -2.815258976e-03   -3.466732847e-02    4.880242256e-02   -8.414370286e-02    9.692897435e-02   -1.287951993e-01    1.382706853e-01   -1.655580762e-01    1.700061104e-01
    1.652455863e-01   -1.939349806e-01    1.610884378e-01   -1.751455688e-01    1.412686009e-01   -1.447064188e-01    1.090250140e-01   -1.046321805e-01    6.744608025e-02   -5.763004321e-02    1.983934000e-02   -6.877035702e-03   -3.029748129e-02    4.421127334e-02   -7.943360759e-02    9.221581978e-02   -1.242059607e-01    1.339406594e-01   -1.616278623e-01    1.666184239e-01
    1.652831781e-01   -1.940947874e-01    1.614524749e-01   -1.757896765e-01    1.422594053e-01   -1.460987031e-01    1.108594857e-01   -1.069336528e-01    7.022209481e-02   -6.086995769e-02    2.351389899e-02   -1.093843253e-02   -2.591505378e-02    3.959059596e-02   -7.467295574e-02    8.742706642e-02   -1.195123063e-01    1.294740444e-01   -1.575261284e-01    1.630223030e-01
    1.653202681e-01   -1.942524953e-01    1.618118651e-01   -1.764259031e-01    1.432387752e-01   -1.474761330e-01    1.126763340e-01   -1.092159428e-01    7.297915252e-02   -6.409348942e-02    2.717752360e-02   -1.499767816e-02   -2.152228986e-02    3.494313519e-02   -6.986499450e-02    8.256643155e-02   -1.147183502e-01    1.248752305e-01   -1.532573673e-01    1.592221131e-01
    1.653568561e-01   -1.944081022e-01    1.621665990e-01   -1.770542181e-01    1.442066370e-01   -1.488385590e-01    1.144752904e-01   -1.114786090e-01    7.571657812e-02   -6.729966304e-02    3.082887180e-02   -1.905300223e-02   -1.712143880e-02    3.027165171e-02   -6.501300336e-02    7.763768825e-02   -1.098282943e-01    1.201487375e-01   -1.488262545e-01    1.552224672e-01
    1.653929421e-01   -1.945616063e-01    1.625166668e-01   -1.776745915e-01    1.451629179e-01   -1.501858335e-01    1.162560888e-01   -1.137212141e-01    7.843370117e-02   -7.048750844e-02    3.446660604e-02   -2.310263606e-02   -1.271475397e-02    2.557892049e-02   -6.012029182e-02    7.264466250e-02   -1.048464249e-01    1.152992110e-01   -1.442376435e-01    1.510282202e-01
    1.654285260e-01   -1.947130060e-01    1.628620594e-01   -1.782869935e-01    1.461075462e-01   -1.515178103e-01    1.180184659e-01   -1.159433245e-01    8.112985619e-02   -7.365606105e-02    3.808939379e-02   -2.714481350e-02   -8.304491743e-03    2.086772909e-02   -5.519019715e-02    6.759123014e-02   -9.977710852e-02    1.103314174e-01   -1.394965604e-01    1.466444637e-01
    1.654636077e-01   -1.948622993e-01    1.632027675e-01   -1.788913949e-01    1.470404508e-01   -1.528343450e-01    1.197621613e-01   -1.181445104e-01    8.380438283e-02   -7.680436215e-02    4.169590795e-02   -3.117777161e-02   -3.892910331e-03    1.614087606e-02   -5.022608216e-02    6.248131393e-02   -9.462478851e-02    1.052502393e-01   -1.346081981e-01    1.420765189e-01
    1.654981870e-01   -1.950094845e-01    1.635387819e-01   -1.794877666e-01    1.479615618e-01   -1.541352948e-01    1.214869170e-01   -1.203243465e-01    8.645662606e-02   -7.993145913e-02    4.528482742e-02   -3.519975149e-02    5.177313838e-04    1.140116926e-02   -4.523133282e-02    5.731888047e-02   -8.939398092e-02    1.000606708e-01   -1.295779109e-01    1.373299307e-01
    1.655322638e-01   -1.951545599e-01    1.638700936e-01   -1.800760801e-01    1.488708098e-01   -1.554205187e-01    1.231924780e-01   -1.224824110e-01    8.908593628e-02   -8.303640581e-02    4.885483752e-02   -3.920899901e-02    4.925175000e-03    6.651424157e-03   -4.020935602e-02    5.210793712e-02   -8.408927061e-02    9.476781262e-02   -1.244112085e-01    1.324104610e-01
    1.655658381e-01   -1.952975237e-01    1.641966937e-01   -1.806563072e-01    1.497681267e-01   -1.566898772e-01    1.248785923e-01   -1.246182869e-01    9.169166952e-02   -8.611826270e-02    5.240463051e-02   -4.320376561e-02    9.327163752e-03    1.894462212e-03   -3.516357721e-02    4.685252890e-02   -7.871530721e-02    8.937686680e-02   -1.191137502e-01    1.273240814e-01
    1.655989097e-01   -1.954383744e-01    1.645185736e-01   -1.812284202e-01    1.506534449e-01   -1.579432327e-01    1.265450105e-01   -1.267315612e-01    9.427318759e-02   -8.917609731e-02    5.593290605e-02   -4.718230905e-02    1.372144367e-02   -2.866890840e-03   -3.009743810e-02    4.155673535e-02   -7.327680104e-02    8.389313193e-02   -1.136913383e-01    1.220769662e-01
    1.656314785e-01   -1.955771101e-01    1.648357246e-01   -1.817923916e-01    1.515266981e-01   -1.591804493e-01    1.281914862e-01   -1.288218252e-01    9.682985821e-02   -9.220898440e-02    5.943837168e-02   -5.114289414e-02    1.810576471e-02   -7.629806654e-03   -2.501439427e-02    3.622466736e-02   -6.777851901e-02    7.832199776e-02   -1.081499121e-01    1.166754848e-01
    1.656635445e-01   -1.957137294e-01    1.651481383e-01   -1.823481944e-01    1.523878205e-01   -1.604013929e-01    1.298177759e-01   -1.308886748e-01    9.936105521e-02   -9.521600628e-02    6.291974329e-02   -5.508379353e-02    2.247788197e-02   -1.239145595e-02   -1.991791283e-02    3.086046399e-02   -6.222528042e-02    7.266893993e-02   -1.024955411e-01    1.111261938e-01
    1.656951075e-01   -1.958482305e-01    1.654558061e-01   -1.828958020e-01    1.532367475e-01   -1.616059310e-01    1.314236393e-01   -1.329317105e-01    1.018661586e-01   -9.819625311e-02    6.637574561e-02   -5.900328847e-02    2.683555675e-02   -1.714901022e-02   -1.481147005e-02    2.546828921e-02   -5.662195274e-02    6.693951463e-02   -9.673441877e-02    1.054358295e-01
    1.657261674e-01   -1.959806120e-01    1.657587200e-01   -1.834351882e-01    1.540734153e-01   -1.627939329e-01    1.330088389e-01   -1.349505371e-01    1.043445549e-01   -1.011488231e-01    6.980511265e-02   -6.289966953e-02    3.117655776e-02   -2.189964335e-02   -9.698549028e-03    2.005232874e-02   -5.097344734e-02    6.113935307e-02   -9.087285526e-02    9.961129924e-02
    1.657567242e-01   -1.961108722e-01    1.660568718e-01   -1.839663272e-01    1.548977611e-01   -1.639652700e-01    1.345731403e-01   -1.369447644e-01    1.067956371e-01   -1.040728229e-01    7.320658818e-02   -6.677123737e-02    3.549866226e-02   -2.664053337e-02   -4.582637245e-03    1.461678676e-02   -4.528471519e-02    5.527415602e-02   -8.491727085e-02    9.365967335e-02
    1.657867778e-01   -1.962390096e-01    1.663502536e-01   -1.844891934e-01    1.557097230e-01   -1.651198150e-01    1.361163122e-01   -1.389140067e-01    1.092188048e-01   -1.069673678e-01    7.657892618e-02   -7.061630345e-02    3.979965718e-02   -3.136886408e-02    5.327757603e-04    9.165882625e-03   -3.956074252e-02    4.934968814e-02   -7.887418878e-02    8.758817636e-02
    1.658163280e-01   -1.963650227e-01    1.666388574e-01   -1.850037619e-01    1.565092399e-01   -1.662574430e-01    1.376381265e-01   -1.408578834e-01    1.116134646e-01   -1.098315820e-01    7.992089132e-02   -7.443319082e-02    4.407734024e-02   -3.608182676e-02    5.644200789e-03    3.703847647e-03   -3.380654646e-02    4.337177237e-02   -7.275022814e-02    8.140417833e-02
    1.658453748e-01   -1.964889100e-01    1.669226755e-01   -1.855100081e-01    1.572962517e-01   -1.673780303e-01    1.391383582e-01   -1.427760186e-01    1.139790299e-01   -1.126645987e-01    8.323125938e-02   -7.822023479e-02    4.832952112e-02   -4.077662178e-02    1.074815137e-02   -1.765078239e-03   -2.802717062e-02    3.734628417e-02   -6.655209658e-02    7.511518589e-02
    1.658739180e-01   -1.966106700e-01    1.672017004e-01   -1.860079076e-01    1.580706995e-01   -1.684814556e-01    1.406167854e-01   -1.446680414e-01    1.163149214e-01   -1.154655608e-01    8.650881772e-02   -8.197578370e-02    5.255402254e-02   -4.545046034e-02    1.584114611e-02   -7.236649743e-03   -2.222768067e-02    3.127914576e-02   -6.028658302e-02    6.872883310e-02
    1.659019577e-01   -1.967303014e-01    1.674759246e-01   -1.864974367e-01    1.588325249e-01   -1.695675993e-01    1.420731895e-01   -1.465335861e-01    1.186205669e-01   -1.182336207e-01    8.975236572e-02   -8.569819963e-02    5.674868140e-02   -5.010056607e-02    2.091971111e-02   -1.270661952e-02   -1.641315994e-02    2.517632030e-02   -5.396055016e-02    6.225287223e-02
    1.659294937e-01   -1.968478027e-01    1.677453407e-01   -1.869785718e-01    1.595816708e-01   -1.706363434e-01    1.435073553e-01   -1.483722918e-01    1.208954018e-01   -1.209679410e-01    9.296071521e-02   -8.938585908e-02    6.091134988e-02   -5.472417670e-02    2.598038230e-02   -1.817074148e-02   -1.058870492e-02    1.904380602e-02   -4.758092700e-02    5.569516429e-02
    1.659565259e-01   -1.969631725e-01    1.680099416e-01   -1.874512900e-01    1.603180808e-01   -1.716875720e-01    1.449190706e-01   -1.501838031e-01    1.231388689e-01   -1.236676942e-01    9.613269092e-02   -9.303715376e-02    6.503989654e-02   -5.931854569e-02    3.101970783e-02   -2.362477404e-02   -4.759420788e-03    1.288763032e-02   -4.115470123e-02    4.906366954e-02
    1.659830543e-01   -1.970764095e-01    1.682697201e-01   -1.879155685e-01    1.610416997e-01   -1.727211713e-01    1.463081268e-01   -1.519677698e-01    1.253504187e-01   -1.263320635e-01    9.926713090e-02   -9.665049119e-02    6.913220740e-02   -6.388094388e-02    3.603425039e-02   -2.906448349e-02    1.069583009e-03    6.713843882e-03   -3.468891160e-02    4.236643781e-02
    1.660090787e-01   -1.971875123e-01    1.685246693e-01   -1.883713853e-01    1.617524731e-01   -1.737370291e-01    1.476743184e-01   -1.537238469e-01    1.275295096e-01   -1.289602427e-01    1.023628870e-01   -1.002242955e-01    7.318618705e-02   -6.840866111e-02    4.102058957e-02   -3.448564720e-02    6.893197291e-03    5.285146777e-04   -2.819064018e-02    3.561159872e-02
    1.660345991e-01   -1.972964797e-01    1.687747824e-01   -1.888187183e-01    1.624503476e-01   -1.747350353e-01    1.490174435e-01   -1.554516949e-01    1.296756078e-01   -1.315514366e-01    1.054188251e-01   -1.037570079e-01    7.719975970e-02   -7.289900779e-02    4.597532423e-02   -3.988405696e-02    1.270631760e-02   -5.662277971e-03   -2.166700462e-02    2.880735181e-02
    1.660596155e-01   -1.974033103e-01    1.690200526e-01   -1.892575463e-01    1.631352708e-01   -1.757150815e-01    1.503373035e-01   -1.571509797e-01    1.317881877e-01   -1.341048611e-01    1.084338258e-01   -1.072470878e-01    8.117087025e-02   -7.734931656e-02    5.089507475e-02   -4.525552222e-02    1.850384866e-02   -1.185244937e-02   -1.512515036e-02    2.196195660e-02
    1.660841276e-01   -1.975080029e-01    1.692604734e-01   -1.896878482e-01    1.638071912e-01   -1.766770616e-01    1.516337032e-01   -1.588213728e-01    1.338667319e-01   -1.366197435e-01    1.114067846e-01   -1.106930130e-01    8.509748533e-02   -8.175694382e-02    5.577648539e-02   -5.059587334e-02    2.428070889e-02   -1.803591544e-02   -8.572242779e-03    1.508372256e-02
    1.661081356e-01   -1.976105562e-01    1.694960384e-01   -1.901096033e-01    1.644660583e-01   -1.776208712e-01    1.529064510e-01   -1.604625511e-01    1.359107314e-01   -1.390953230e-01    1.143366126e-01   -1.140932806e-01    8.897759437e-02   -8.611927135e-02    6.061622657e-02   -5.590096483e-02    3.003183479e-02   -2.420659869e-02   -2.015459376e-03    8.180999034e-03
    1.661316392e-01   -1.977109691e-01    1.697267413e-01   -1.905227915e-01    1.651118227e-01   -1.785464080e-01    1.541553586e-01   -1.620741975e-01    1.379196854e-01   -1.415308505e-01    1.172222365e-01   -1.174464076e-01    9.280921061e-02   -9.043370780e-02    6.541099710e-02   -6.116667857e-02    3.575218544e-02   -3.035843419e-02    4.538018108e-03    1.262165064e-03
    1.661546384e-01   -1.978092403e-01    1.699525758e-01   -1.909273931e-01    1.657444358e-01   -1.794535715e-01    1.553802414e-01   -1.636560001e-01    1.398931020e-01   -1.439255891e-01    1.200625991e-01   -1.207509316e-01    9.659037210e-02   -9.469769030e-02    7.015752649e-02   -6.638892701e-02    4.143674690e-02   -3.648537554e-02    1.108101155e-02   -5.664380731e-03
    1.661771332e-01   -1.979053687e-01    1.701735360e-01   -1.913233885e-01    1.663638501e-01   -1.803422634e-01    1.565809183e-01   -1.652076534e-01    1.418304978e-01   -1.462788141e-01    1.228566601e-01   -1.240054114e-01    1.003191428e-01   -9.890868594e-02    7.485257716e-02   -7.156365634e-02    4.708053657e-02   -4.258140080e-02    1.760635433e-02   -1.259023038e-02
    1.661991235e-01   -1.979993532e-01    1.703896159e-01   -1.917107589e-01    1.669700190e-01   -1.812123874e-01    1.577572119e-01   -1.667288571e-01    1.437313983e-01   -1.485898135e-01    1.256033959e-01   -1.272084275e-01    1.039936133e-01   -1.030641933e-01    7.949294662e-02   -7.668684964e-02    5.267860761e-02   -4.864051842e-02    2.410689912e-02   -1.950697675e-02
    1.662206092e-01   -1.980911927e-01    1.706008097e-01   -1.920894856e-01    1.675628972e-01   -1.820638490e-01    1.589089480e-01   -1.682193172e-01    1.455953379e-01   -1.508578880e-01    1.283018003e-01   -1.303585830e-01    1.076119022e-01   -1.071617439e-01    8.407546970e-02   -8.175452999e-02    5.822605326e-02   -5.465677312e-02    3.057552580e-02   -2.640622376e-02
    1.662415902e-01   -1.981808861e-01    1.708071119e-01   -1.924595506e-01    1.681424399e-01   -1.828965560e-01    1.600359565e-01   -1.696787455e-01    1.474218601e-01   -1.530823514e-01    1.309508849e-01   -1.334545041e-01    1.111721569e-01   -1.111989036e-01    8.859702066e-02   -8.676276356e-02    6.371801110e-02   -6.062425177e-02    3.700514919e-02   -3.327959659e-02
    1.662620665e-01   -1.982684322e-01    1.710085168e-01   -1.928209362e-01    1.687086036e-01   -1.837104180e-01    1.611380708e-01   -1.711068599e-01    1.492105176e-01   -1.552625306e-01    1.335496793e-01   -1.364948404e-01    1.146725543e-01   -1.151732744e-01    9.305451537e-02   -9.170766267e-02    6.914966737e-02   -6.653708914e-02    4.338872682e-02   -4.011875180e-02
    1.662820380e-01   -1.983538302e-01    1.712050190e-01   -1.931736250e-01    1.692613459e-01   -1.845053468e-01    1.622151278e-01   -1.725033841e-01    1.509608722e-01   -1.573977659e-01    1.360972314e-01   -1.394782660e-01    1.181113020e-01   -1.190824953e-01    9.744491339e-02   -9.658538879e-02    7.451626118e-02   -7.238947375e-02    4.971926666e-02   -4.691538751e-02
    1.663015047e-01   -1.984370790e-01    1.713966134e-01   -1.935176001e-01    1.698006252e-01   -1.852812561e-01    1.632669684e-01   -1.738680483e-01    1.526724953e-01   -1.594874112e-01    1.385926081e-01   -1.424034796e-01    1.214866394e-01   -1.229242442e-01    1.017652200e-01   -1.013921556e-01    7.981308862e-02   -7.817565351e-02    5.598983479e-02   -5.366125344e-02
    1.663204665e-01   -1.985181775e-01    1.715832948e-01   -1.938528450e-01    1.703264010e-01   -1.860380618e-01    1.642934369e-01   -1.752005885e-01    1.543449675e-01   -1.615308342e-01    1.410348952e-01   -1.452692056e-01    1.247968380e-01   -1.266962389e-01    1.060124884e-01   -1.061242317e-01    8.503550698e-02   -8.388994139e-02    6.219356297e-02   -6.034816093e-02
    1.663389233e-01   -1.985971250e-01    1.717650581e-01   -1.941793437e-01    1.708386337e-01   -1.867756819e-01    1.652943817e-01   -1.765007470e-01    1.559778794e-01   -1.635274167e-01    1.434231981e-01   -1.480741939e-01    1.280402030e-01   -1.303962388e-01    1.101838216e-01   -1.107779439e-01    9.017893873e-02   -8.952672104e-02    6.832365616e-02   -6.696799293e-02
    1.663568751e-01   -1.986739203e-01    1.719418986e-01   -1.944970806e-01    1.713372850e-01   -1.874940363e-01    1.662696548e-01   -1.777682726e-01    1.575708310e-01   -1.654765545e-01    1.457566419e-01   -1.508172214e-01    1.312150736e-01   -1.340220461e-01    1.142763741e-01   -1.153496796e-01    9.523887561e-02   -9.508045229e-02    7.437339998e-02   -7.351271375e-02
    1.663743219e-01   -1.987485627e-01    1.721138114e-01   -1.948060405e-01    1.718223173e-01   -1.881930472e-01    1.672191118e-01   -1.790029201e-01    1.591234320e-01   -1.673776578e-01    1.480343719e-01   -1.534970915e-01    1.343198242e-01   -1.375715068e-01    1.182873546e-01   -1.198358900e-01    1.002108825e-01   -1.005456766e-01    8.033616805e-02   -7.997437894e-02
    1.663912635e-01   -1.988210512e-01    1.722807920e-01   -1.951062085e-01    1.722936942e-01   -1.888726387e-01    1.681426125e-01   -1.802044508e-01    1.606353023e-01   -1.692301514e-01    1.502555536e-01   -1.561126356e-01    1.373528650e-01   -1.410425126e-01    1.222140272e-01   -1.242330927e-01    1.050906014e-01   -1.059170224e-01    8.620542929e-02   -8.634514481e-02
    1.664077000e-01   -1.988913850e-01    1.724428359e-01   -1.953975702e-01    1.727513803e-01   -1.895327371e-01    1.690400204e-01   -1.813726324e-01    1.621060715e-01   -1.710334748e-01    1.524193734e-01   -1.586627129e-01    1.403126429e-01   -1.444330015e-01    1.260537134e-01   -1.285378743e-01    1.098737552e-01   -1.111892103e-01    9.197475499e-02   -9.261727806e-02
    1.664236312e-01   -1.989595632e-01    1.725999389e-01   -1.956801118e-01    1.731953412e-01   -1.901732709e-01    1.699112026e-01   -1.825072390e-01    1.635353794e-01   -1.727870822e-01    1.545250387e-01   -1.611462112e-01    1.431976424e-01   -1.477409595e-01    1.298037943e-01   -1.327468931e-01    1.145561514e-01   -1.163570587e-01    9.763782593e-02   -9.878316509e-02
    1.664390572e-01   -1.990255851e-01    1.727520965e-01   -1.959538196e-01    1.736255436e-01   -1.907941706e-01    1.707560305e-01   -1.836080513e-01    1.649228760e-01   -1.744904432e-01    1.565717781e-01   -1.635620474e-01    1.460063864e-01   -1.509644216e-01    1.334617119e-01   -1.368568819e-01    1.191336857e-01   -1.214154881e-01    1.031884393e-01   -1.048353213e-01
    1.664539779e-01   -1.990894499e-01    1.728993049e-01   -1.962186806e-01    1.740419551e-01   -1.913953688e-01    1.715743790e-01   -1.846748564e-01    1.662682214e-01   -1.761430423e-01    1.585588418e-01   -1.659091678e-01    1.487374366e-01   -1.541014730e-01    1.370249711e-01   -1.408646502e-01    1.236023460e-01   -1.263595268e-01    1.086205153e-01   -1.107664001e-01
    1.664683931e-01   -1.991511568e-01    1.730415600e-01   -1.964746821e-01    1.744445445e-01   -1.919768004e-01    1.723661273e-01   -1.857074480e-01    1.675710860e-01   -1.777443794e-01    1.604855019e-01   -1.681865487e-01    1.513893945e-01   -1.571502502e-01    1.404911415e-01   -1.447670871e-01    1.279582155e-01   -1.311843156e-01    1.139281043e-01   -1.165692018e-01
    1.664823030e-01   -1.992107050e-01    1.731788581e-01   -1.967218118e-01    1.748332815e-01   -1.925384023e-01    1.731311581e-01   -1.867056264e-01    1.688311509e-01   -1.792939700e-01    1.623510527e-01   -1.703931969e-01    1.539609024e-01   -1.601089421e-01    1.438578588e-01   -1.485611631e-01    1.321974760e-01   -1.358851123e-01    1.191053927e-01   -1.222366827e-01
    1.664957075e-01   -1.992680940e-01    1.733111954e-01   -1.969600579e-01    1.752081369e-01   -1.930801135e-01    1.738693585e-01   -1.876691988e-01    1.700481073e-01   -1.807913453e-01    1.641548108e-01   -1.725281501e-01    1.564506434e-01   -1.629757912e-01    1.471228266e-01   -1.522439331e-01    1.363164119e-01   -1.404572967e-01    1.241467098e-01   -1.277619631e-01
    1.665086064e-01   -1.993233230e-01    1.734385684e-01   -1.971894090e-01    1.755690825e-01   -1.936018755e-01    1.745806193e-01   -1.885979788e-01    1.712216572e-01   -1.822360521e-01    1.658961154e-01   -1.745904770e-01    1.588573428e-01   -1.657490946e-01    1.502838178e-01   -1.558125384e-01    1.403114129e-01   -1.448963750e-01    1.290465337e-01   -1.331383360e-01
    1.665209998e-01   -1.993763914e-01    1.735609738e-01   -1.974098540e-01    1.759160913e-01   -1.941036315e-01    1.752648353e-01   -1.894917867e-01    1.723515132e-01   -1.836276533e-01    1.675743286e-01   -1.765792782e-01    1.611797682e-01   -1.684272047e-01    1.533386764e-01   -1.592642087e-01    1.441789773e-01   -1.491979841e-01    1.337994976e-01   -1.383592751e-01
    1.665328877e-01   -1.994272985e-01    1.736784082e-01   -1.976213825e-01    1.762491371e-01   -1.945853271e-01    1.759219053e-01   -1.903504498e-01    1.734373985e-01   -1.849657279e-01    1.691888357e-01   -1.784936862e-01    1.634167304e-01   -1.710085308e-01    1.562853186e-01   -1.625962647e-01    1.479157151e-01   -1.533578962e-01    1.384003955e-01   -1.434184429e-01
    1.665442700e-01   -1.994760438e-01    1.737908685e-01   -1.978239843e-01    1.765681950e-01   -1.950469101e-01    1.765517322e-01   -1.911738021e-01    1.744790472e-01   -1.862498709e-01    1.707390453e-01   -1.803328663e-01    1.655670840e-01   -1.734915394e-01    1.591217345e-01   -1.658061198e-01    1.515183511e-01   -1.573720227e-01    1.428441880e-01   -1.483096982e-01
    1.665551466e-01   -1.995226266e-01    1.738983517e-01   -1.980176497e-01    1.768732410e-01   -1.954883305e-01    1.771542228e-01   -1.919616844e-01    1.754762041e-01   -1.874796938e-01    1.722243895e-01   -1.820960162e-01    1.676297280e-01   -1.758747556e-01    1.618459893e-01   -1.688912823e-01    1.549837274e-01   -1.612364181e-01    1.471260076e-01   -1.530271035e-01
    1.665655175e-01   -1.995670465e-01    1.740008549e-01   -1.982023694e-01    1.771642521e-01   -1.959095404e-01    1.777292881e-01   -1.927139443e-01    1.764286251e-01   -1.886548245e-01    1.736443242e-01   -1.837823669e-01    1.696036061e-01   -1.781567637e-01    1.644562250e-01   -1.718493574e-01    1.583088067e-01   -1.649472845e-01    1.512411646e-01   -1.575649326e-01
    1.665753828e-01   -1.996093028e-01    1.740983753e-01   -1.983781345e-01    1.774412064e-01   -1.963104941e-01    1.782768431e-01   -1.934304363e-01    1.773360768e-01   -1.897749074e-01    1.749983292e-01   -1.853911829e-01    1.714877077e-01   -1.803362081e-01    1.669506611e-01   -1.746780489e-01    1.614906745e-01   -1.685009744e-01    1.551851515e-01   -1.619176771e-01
    1.665847423e-01   -1.996493951e-01    1.741909104e-01   -1.985449367e-01    1.777040833e-01   -1.966911481e-01    1.787968067e-01   -1.941110220e-01    1.781983370e-01   -1.908396036e-01    1.762859085e-01   -1.869217627e-01    1.732810681e-01   -1.824117942e-01    1.693275960e-01   -1.773751609e-01    1.645265417e-01   -1.718939951e-01    1.589536483e-01   -1.660800533e-01
    1.665935961e-01   -1.996873230e-01    1.742784577e-01   -1.987027680e-01    1.779528629e-01   -1.970514611e-01    1.792891022e-01   -1.947555697e-01    1.790151945e-01   -1.918485909e-01    1.775065905e-01   -1.883734386e-01    1.749827689e-01   -1.843822890e-01    1.715854086e-01   -1.799385997e-01    1.674137475e-01   -1.751230117e-01    1.625425275e-01   -1.700470086e-01
    1.666019440e-01   -1.997230860e-01    1.743610148e-01   -1.988516208e-01    1.781875266e-01   -1.973913941e-01    1.797536567e-01   -1.953639549e-01    1.797864492e-01   -1.928015640e-01    1.786599279e-01   -1.897455775e-01    1.765919389e-01   -1.862465220e-01    1.737225587e-01   -1.823663756e-01    1.701497612e-01   -1.781848505e-01    1.659478580e-01   -1.738137276e-01
    1.666097862e-01   -1.997566836e-01    1.744385795e-01   -1.989914880e-01    1.784080567e-01   -1.977109102e-01    1.801904015e-01   -1.959360598e-01    1.805119123e-01   -1.936982346e-01    1.797454984e-01   -1.910375809e-01    1.781077540e-01   -1.880033858e-01    1.757375886e-01   -1.846566038e-01    1.727321846e-01   -1.810765023e-01    1.691659099e-01   -1.773756380e-01
    1.666171225e-01   -1.997881155e-01    1.745111497e-01   -1.991223628e-01    1.786144366e-01   -1.980099748e-01    1.805992721e-01   -1.964717740e-01    1.811914060e-01   -1.945383314e-01    1.807629042e-01   -1.922488855e-01    1.795294381e-01   -1.896518367e-01    1.776291239e-01   -1.868075066e-01    1.751587542e-01   -1.837951248e-01    1.721931586e-01   -1.807284160e-01
    1.666239530e-01   -1.998173812e-01    1.745787236e-01   -1.992442390e-01    1.788066509e-01   -1.982885553e-01    1.809802079e-01   -1.969709937e-01    1.818247639e-01   -1.953216001e-01    1.817117727e-01   -1.933789628e-01    1.808562633e-01   -1.911908956e-01    1.793958743e-01   -1.888174143e-01    1.774273431e-01   -1.863380461e-01    1.750262880e-01   -1.838679918e-01
    1.666302776e-01   -1.998444806e-01    1.746412993e-01   -1.993571108e-01    1.789846850e-01   -1.985466217e-01    1.813331528e-01   -1.974336225e-01    1.824118309e-01   -1.960478037e-01    1.825917562e-01   -1.944273200e-01    1.820875502e-01   -1.926196481e-01    1.810366347e-01   -1.906847668e-01    1.795359628e-01   -1.887027667e-01    1.776621952e-01   -1.867905544e-01
    1.666360963e-01   -1.998694131e-01    1.746988750e-01   -1.994609728e-01    1.791485257e-01   -1.987841458e-01    1.816580544e-01   -1.978595709e-01    1.829524632e-01   -1.967167226e-01    1.834025325e-01   -1.953934999e-01    1.832226682e-01   -1.939372457e-01    1.825502861e-01   -1.924081144e-01    1.814827651e-01   -1.908869626e-01    1.800979930e-01   -1.894925561e-01
    1.666414091e-01   -1.998921786e-01    1.747514494e-01   -1.995558199e-01    1.792981607e-01   -1.990011021e-01    1.819548648e-01   -1.982487565e-01    1.834465284e-01   -1.973281543e-01    1.841438044e-01   -1.962770810e-01    1.842610362e-01   -1.951429055e-01    1.839357958e-01   -1.939861195e-01    1.832660436e-01   -1.928884870e-01    1.823310133e-01   -1.919707170e-01
    1.666462159e-01   -1.999127767e-01    1.747990209e-01   -1.996416477e-01    1.794335786e-01   -1.991974668e-01    1.822235400e-01   -1.986011042e-01    1.838939055e-01   -1.978819138e-01    1.848153005e-01   -1.970776781e-01    1.852021224e-01   -1.962359114e-01    1.851922189e-01   -1.954175569e-01    1.848842353e-01   -1.947053725e-01    1.843588104e-01   -1.942220290e-01
    1.666505168e-01   -1.999312073e-01    1.748415883e-01   -1.997184521e-01    1.795547693e-01   -1.993732188e-01    1.824640404e-01   -1.989165458e-01    1.842944849e-01   -1.983778335e-01    1.854167747e-01   -1.977949419e-01    1.860454451e-01   -1.972156142e-01    1.863186984e-01   -1.967013157e-01    1.863359217e-01   -1.963358336e-01    1.861791631e-01   -1.962437592e-01
    1.666543118e-01   -1.999474701e-01    1.748791504e-01   -1.997862292e-01    1.796617237e-01   -1.995283390e-01    1.826763304e-01   -1.991950203e-01    1.846481684e-01   -1.988157635e-01    1.859480068e-01   -1.984285597e-01    1.867905723e-01   -1.980814318e-01    1.873144659e-01   -1.978363993e-01    1.876198304e-01   -1.977782676e-01    1.877900777e-01   -1.980334535e-01
    1.666576008e-01   -1.999615649e-01    1.749117063e-01   -1.998449760e-01    1.797544338e-01   -1.996628105e-01    1.828603785e-01   -1.994364738e-01    1.849548696e-01   -1.991955711e-01    1.864088021e-01   -1.989782550e-01    1.874371226e-01   -1.988328499e-01    1.881788422e-01   -1.988219265e-01    1.887348362e-01   -1.990312568e-01    1.891897895e-01   -1.995889394e-01
    1.666603838e-01   -1.999734916e-01    1.749392551e-01   -1.998946896e-01    1.798328925e-01   -1.997766187e-01    1.830161577e-01   -1.996408596e-01    1.852145131e-01   -1.995171414e-01    1.867989919e-01   -1.994437882e-01    1.879847649e-01   -1.994694222e-01    1.889112376e-01   -1.996571323e-01    1.896799616e-01   -2.000935698e-01    1.903767657e-01   -2.009083288e-01
    1.666626608e-01   -1.999832499e-01    1.749617960e-01   -1.999353676e-01    1.798970941e-01   -1.998697514e-01    1.831436447e-01   -1.998081384e-01    1.854270356e-01   -1.997803772e-01    1.871184332e-01   -1.998249561e-01    1.884332188e-01   -1.999907705e-01    1.895111527e-01   -2.003413684e-01    1.904543782e-01   -2.009641624e-01    1.913497059e-01   -2.019900201e-01
    1.666644318e-01   -1.999908399e-01    1.749793284e-01   -1.999670081e-01    1.799470337e-01   -1.999421984e-01    1.832428209e-01   -1.999382776e-01    1.855923848e-01   -1.999851988e-01    1.873670089e-01   -2.001215926e-01    1.887822546e-01   -2.003965852e-01    1.899781782e-01   -2.008741036e-01    1.910574074e-01   -2.016421789e-01    1.921075445e-01   -2.028327003e-01
    1.666656968e-01   -1.999962613e-01    1.749918519e-01   -1.999896095e-01    1.799827075e-01   -1.999939519e-01    1.833136715e-01   -2.000312522e-01    1.857105203e-01   -2.001315443e-01    1.875446281e-01   -2.003335683e-01    1.890316936e-01   -2.006866251e-01    1.903119956e-01   -2.012549244e-01    1.914885204e-01   -2.021269530e-01    1.926494515e-01   -2.034353464e-01
    1.666664558e-01   -1.999995142e-01    1.749993662e-01   -2.000031708e-01    1.800041128e-01   -2.000250062e-01    1.833561860e-01   -2.000870441e-01    1.857814132e-01   -2.002193692e-01    1.876512256e-01   -2.004607907e-01    1.891814081e-01   -2.008607180e-01    1.905123772e-01   -2.014835352e-01    1.917473395e-01   -2.024180081e-01    1.929748333e-01   -2.037972270e-01
    1.666667088e-01   -2.000005985e-01    1.750018709e-01   -2.000076913e-01    1.800112481e-01   -2.000353581e-01    1.833703583e-01   -2.001056426e-01    1.858050461e-01   -2.002486472e-01    1.876867625e-01   -2.005032043e-01    1.892313215e-01   -2.009187605e-01    1.905791862e-01   -2.015597585e-01    1.918336377e-01   -2.025150583e-01    1.930833335e-01   -2.039179026e-01
