    5.999998482e+00    9.999939279e-01    9.999863378e-01    9.999757117e-01    9.999620497e-01    9.999453517e-01    9.999256178e-01    9.999028481e-01    9.998770427e-01    9.998482016e-01    9.998163249e-01    9.997814127e-01    9.997434651e-01    9.997024823e-01    9.996584643e-01    9.996114113e-01    9.995613235e-01    9.995082009e-01    9.994520438e-01    9.993928523e-01
    9.999939279e-01    5.999975712e+00    9.999453517e-01    9.999028481e-01    9.998482016e-01    9.997814127e-01    9.997024823e-01    9.996114113e-01    9.995082009e-01    9.993928523e-01    9.992653669e-01    9.991257463e-01    9.989739921e-01    9.988101062e-01    9.986340905e-01    9.984459473e-01    9.982456788e-01    9.980332874e-01    9.978087758e-01    9.975721466e-01
    9.999863378e-01    9.999453517e-01    5.999877043e+00    9.997814127e-01    9.996584643e-01    9.995082009e-01    9.993306266e-01    9.991257463e-01    9.988935655e-01    9.986340905e-01    9.983473286e-01    9.980332874e-01    9.976919757e-01    9.973234027e-01    9.969275784e-01    9.965045138e-01    9.960542203e-01    9.955767103e-01    9.950719968e-01    9.945400936e-01
    9.999757117e-01    9.999028481e-01    9.997814127e-01    5.999611411e+00    9.993928523e-01    9.991257463e-01    9.988101062e-01    9.984459473e-01    9.980332874e-01    9.975721466e-01    9.970625471e-01    9.965045138e-01    9.958980737e-01    9.952432564e-01    9.945400936e-01    9.937886195e-01    9.929888706e-01    9.921408857e-01    9.912447060e-01    9.903003752e-01
    9.999620497e-01    9.998482016e-01    9.996584643e-01    9.993928523e-01    5.999051386e+00    9.986340905e-01    9.981409983e-01    9.975721466e-01    9.969275784e-01    9.962073428e-01    9.954114944e-01    9.945400936e-01    9.935932065e-01    9.925709051e-01    9.914732669e-01    9.903003752e-01    9.890523190e-01    9.877291932e-01    9.863310980e-01    9.848581396e-01
    9.999453517e-01    9.997814127e-01    9.995082009e-01    9.991257463e-01    9.986340905e-01    5.998033287e+00    9.973234027e-01    9.965045138e-01    9.955767103e-01    9.945400936e-01    9.933947770e-01    9.921408857e-01    9.907785567e-01    9.893079390e-01    9.877291932e-01    9.860424919e-01    9.842480195e-01    9.823459720e-01    9.803365575e-01    9.782199955e-01
    9.999256178e-01    9.997024823e-01    9.993306266e-01    9.988101062e-01    9.981409983e-01    9.973234027e-01    5.996357441e+00    9.952432564e-01    9.939810152e-01    9.925709051e-01    9.910131358e-01    9.893079390e-01    9.874555684e-01    9.854562995e-01    9.833104299e-01    9.810182787e-01    9.785801869e-01    9.759965172e-01    9.732676540e-01    9.703940033e-01
    9.999028481e-01    9.996114113e-01    9.991257463e-01    9.984459473e-01    9.975721466e-01    9.965045138e-01    9.952432564e-01    5.993788619e+00    9.921408857e-01    9.903003752e-01    9.882674456e-01    9.860424919e-01    9.836259464e-01    9.810182787e-01    9.782199955e-01    9.752316404e-01    9.720537941e-01    9.686870741e-01    9.651321345e-01    9.613896662e-01
    9.998770427e-01    9.995082009e-01    9.988935655e-01    9.980332874e-01    9.969275784e-01    9.955767103e-01    9.939810152e-01    9.921408857e-01    5.990056774e+00    9.877291932e-01    9.851587151e-01    9.823459720e-01    9.792916557e-01    9.759965172e-01    9.724613669e-01    9.686870741e-01    9.646745669e-01    9.604248321e-01    9.559389148e-01    9.512179181e-01
    9.998482016e-01    9.993928523e-01    9.986340905e-01    9.975721466e-01    9.962073428e-01    9.945400936e-01    9.925709051e-01    9.903003752e-01    9.877291932e-01    5.984858140e+00    9.816880863e-01    9.782199955e-01    9.744549201e-01    9.703940033e-01    9.660384778e-01    9.613896662e-01    9.564489796e-01    9.512179181e-01    9.456980697e-01    9.398911105e-01
    9.998163249e-01    9.992653669e-01    9.983473286e-01    9.970625471e-01    9.954114944e-01    9.933947770e-01    9.910131358e-01    9.882674456e-01    9.851587151e-01    9.816880863e-01    5.977856834e+00    9.736663659e-01    9.691182211e-01    9.642140705e-01    9.589557156e-01    9.533450880e-01    9.473842488e-01    9.410753878e-01    9.344208225e-01    9.274229974e-01
    9.997814127e-01    9.991257463e-01    9.980332874e-01    9.965045138e-01    9.945400936e-01    9.921408857e-01    9.893079390e-01    9.860424919e-01    9.823459720e-01    9.782199955e-01    9.736663659e-01    5.968687074e+00    9.632842969e-01    9.574603962e-01    9.512179181e-01    9.445595916e-01    9.374883276e-01    9.300072176e-01    9.221195319e-01    9.138287190e-01
    9.997434651e-01    9.989739921e-01    9.976919757e-01    9.958980737e-01    9.935932065e-01    9.907785567e-01    9.874555684e-01    9.836259464e-01    9.792916557e-01    9.744549201e-01    9.691182211e-01    9.632842969e-01    5.956956141e+00    9.501369990e-01    9.428303708e-01    9.350400049e-01    9.267698982e-01    9.180242940e-01    9.088076792e-01    8.991247826e-01
    9.997024823e-01    9.988101062e-01    9.973234027e-01    9.952432564e-01    9.925709051e-01    9.893079390e-01    9.854562995e-01    9.810182787e-01    9.759965172e-01    9.703940033e-01    9.642140705e-01    9.574603962e-01    9.501369990e-01    5.942248237e+00    9.337988031e-01    9.247937263e-01    9.152383645e-01    9.051384033e-01    8.944998528e-01    8.833290432e-01
    9.996584643e-01    9.986340905e-01    9.969275784e-01    9.945400936e-01    9.914732669e-01    9.877291932e-01    9.833104299e-01    9.782199955e-01    9.724613669e-01    9.660384778e-01    9.589557156e-01    9.512179181e-01    9.428303708e-01    9.337988031e-01    5.924129384e+00    9.138287190e-01    9.029038435e-01    8.913622203e-01    8.792117330e-01    8.664606814e-01
    9.996114113e-01    9.984459473e-01    9.965045138e-01    9.937886195e-01    9.903003752e-01    9.860424919e-01    9.810182787e-01    9.752316404e-01    9.686870741e-01    9.613896662e-01    9.533450880e-01    9.445595916e-01    9.350400049e-01    9.247937263e-01    9.138287190e-01    5.902153505e+00    8.897771572e-01    8.767092950e-01    8.629600742e-01    8.485401804e-01
    9.995613235e-01    9.982456788e-01    9.960542203e-01    9.929888706e-01    9.890523190e-01    9.842480195e-01    9.785801869e-01    9.720537941e-01    9.646745669e-01    9.564489796e-01    9.473842488e-01    9.374883276e-01    9.267698982e-01    9.152383645e-01    9.029038435e-01    8.897771572e-01    5.875869822e+00    8.611940401e-01    8.457626868e-01    8.295893010e-01
    9.995082009e-01    9.980332874e-01    9.955767103e-01    9.921408857e-01    9.877291932e-01    9.823459720e-01    9.759965172e-01    9.686870741e-01    9.604248321e-01    9.512179181e-01    9.410753878e-01    9.300072176e-01    9.180242940e-01    9.051384033e-01    8.913622203e-01    8.767092950e-01    8.611940401e-01    5.844831716e+00    8.276384176e-01    8.096310552e-01
    9.994520438e-01    9.978087758e-01    9.950719968e-01    9.912447060e-01    9.863310980e-01    9.803365575e-01    9.732676540e-01    9.651321345e-01    9.559389148e-01    9.456980697e-01    9.344208225e-01    9.221195319e-01    9.088076792e-01    8.944998528e-01    8.792117330e-01    8.629600742e-01    8.457626868e-01    8.276384176e-01    5.808607129e+00    7.886896782e-01
    9.993928523e-01    9.975721466e-01    9.945400936e-01    9.903003752e-01    9.848581396e-01    9.782199955e-01    9.703940033e-01    9.613896662e-01    9.512179181e-01    9.398911105e-01    9.274229974e-01    9.138287190e-01    8.991247826e-01    8.833290432e-01    8.664606814e-01    8.485401804e-01    8.295893010e-01    8.096310552e-01    7.886896782e-01    5.766790599e+00
    9.993306266e-01    9.973234027e-01    9.939810152e-01    9.893079390e-01    9.833104299e-01    9.759965172e-01    9.673759924e-01    9.574603962e-01    9.462630029e-01    9.337988031e-01    9.200844833e-01    9.051384033e-01    8.889805723e-01    8.716326214e-01    8.531177752e-01    8.334608204e-01    8.126880726e-01    7.908273413e-01    7.679078925e-01    7.439604095e-01
    9.992653669e-01    9.970625471e-01    9.933947770e-01    9.882674456e-01    9.816880863e-01    9.736663659e-01    9.642140705e-01    9.533450880e-01    9.410753878e-01    9.274229974e-01    9.124079759e-01    8.960523841e-01    8.783802530e-01    8.594175474e-01    8.391921288e-01    8.177337135e-01    7.950738299e-01    7.712457711e-01    7.462845471e-01    7.202268324e-01
    9.991970734e-01    9.967895830e-01    9.927813949e-01    9.871789456e-01    9.799912319e-01    9.712297961e-01    9.609087078e-01    9.490445413e-01    9.356563485e-01    9.207656290e-01    9.043962951e-01    8.865746335e-01    8.673292633e-01    8.466910895e-01    8.246932542e-01    8.013710826e-01    7.767620267e-01    7.509056050e-01    7.238433391e-01    6.956186871e-01
    9.991257463e-01    9.965045138e-01    9.921408857e-01    9.860424919e-01    9.782199955e-01    9.686870741e-01    9.574603962e-01    9.445595916e-01    9.300072176e-01    9.138287190e-01    8.960523841e-01    8.767092950e-01    8.558332731e-01    8.334608204e-01    8.096310552e-01    7.843856442e-01    7.577687290e-01    7.298268495e-01    7.006088623e-01    6.701658554e-01
    9.990513858e-01    9.962073428e-01    9.914732669e-01    9.848581396e-01    9.763745115e-01    9.660384778e-01    9.538696485e-01    9.398911105e-01    9.241293842e-01    9.066143735e-01    8.873793081e-01    8.664606814e-01    8.438981808e-01    8.197346126e-01    7.940158205e-01    7.667905990e-01    7.381106006e-01    7.080302376e-01    6.766065796e-01    6.438992443e-01
    9.989739921e-01    9.958980737e-01    9.907785567e-01    9.836259464e-01    9.744549201e-01    9.632842969e-01    9.501369990e-01    9.350400049e-01    9.180242940e-01    8.991247826e-01    8.783802530e-01    8.558332731e-01    8.315301098e-01    8.055206336e-01    7.778582163e-01    7.485996216e-01    7.178048886e-01    6.855372086e-01    6.518627954e-01    6.168507494e-01
    9.988935655e-01    9.955767103e-01    9.900567742e-01    9.823459720e-01    9.724613669e-01    9.604248321e-01    9.462630029e-01    9.300072176e-01    9.116934480e-01    8.913622203e-01    8.690585246e-01    8.448317163e-01    8.187354059e-01    7.908273413e-01    7.611692794e-01    7.298268495e-01    6.968694083e-01    6.623698864e-01    6.264046266e-01    5.890532155e-01
    9.988101062e-01    9.952432564e-01    9.893079390e-01    9.810182787e-01    9.703940033e-01    9.574603962e-01    9.422482366e-01    9.247937263e-01    9.051384033e-01    8.833290432e-01    8.594175474e-01    8.334608204e-01    8.055206336e-01    7.756634788e-01    7.439604095e-01    7.104868725e-01    6.753225276e-01    6.385510584e-01    6.002599733e-01    5.605403970e-01
    9.987236144e-01    9.948977161e-01    9.885320716e-01    9.796429309e-01    9.682529861e-01    9.543913130e-01    9.380932973e-01    9.194005442e-01    8.983607719e-01    8.750276901e-01    8.494608629e-01    8.217255566e-01    7.918925730e-01    7.600380689e-01    7.262433616e-01    6.905947212e-01    6.531831505e-01    6.141041528e-01    5.734574877e-01    5.313469169e-01
    9.986340905e-01    9.945400936e-01    9.877291932e-01    9.782199955e-01    9.660384778e-01    9.512179181e-01    9.337988031e-01    9.138287190e-01    8.913622203e-01    8.664606814e-01    8.391921288e-01    8.096310552e-01    7.778582163e-01    7.439604095e-01    7.080302376e-01    6.701658554e-01    6.304707013e-01    5.890532155e-01    5.460265429e-01    5.015082247e-01
    9.985415347e-01    9.941703932e-01    9.868993257e-01    9.767495415e-01    9.637506467e-01    9.479405582e-01    9.293653930e-01    9.080793335e-01    8.841444697e-01    8.576306179e-01    8.286151172e-01    7.971826037e-01    7.634247640e-01    7.274400673e-01    6.893334785e-01    6.492161518e-01    6.072051067e-01    5.634228865e-01    5.179972009e-01    4.710605534e-01
    9.984459473e-01    9.937886195e-01    9.860424919e-01    9.752316404e-01    9.613896662e-01    9.445595916e-01    9.247937263e-01    9.021535047e-01    8.767092950e-01    8.485401804e-01    8.177337135e-01    7.843856442e-01    7.485996216e-01    7.104868725e-01    6.701658554e-01    6.277618922e-01    5.834067789e-01    5.372383758e-01    4.894001793e-01    4.400408755e-01
    9.983473286e-01    9.933947770e-01    9.851587151e-01    9.736663659e-01    9.589557156e-01    9.410753878e-01    9.200844833e-01    8.960523841e-01    8.690585246e-01    8.391921288e-01    8.065519152e-01    7.712457711e-01    7.333903953e-01    6.931109128e-01    6.505404611e-01    6.058197502e-01    5.590965973e-01    5.105254385e-01    4.602668181e-01    4.084868580e-01
    9.982456788e-01    9.929888706e-01    9.842480195e-01    9.720537941e-01    9.564489796e-01    9.374883276e-01    9.152383645e-01    8.897771572e-01    8.611940401e-01    8.295893010e-01    7.950738299e-01    7.577687290e-01    7.178048886e-01    6.753225276e-01    6.304707013e-01    5.834067789e-01    5.342958907e-01    4.833103493e-01    4.306290447e-01    3.764368168e-01
    9.981409983e-01    9.925709051e-01    9.833104299e-01    9.703940033e-01    9.538696485e-01    9.337988031e-01    9.102560907e-01    8.833290432e-01    8.531177752e-01    8.197346126e-01    7.833036739e-01    7.439604095e-01    7.018510979e-01    6.571323015e-01    6.099702850e-01    5.605403970e-01    5.090264179e-01    4.556198769e-01    4.005193396e-01    3.439296701e-01
    9.980332874e-01    9.921408857e-01    9.823459720e-01    9.686870741e-01    9.512179181e-01    9.300072176e-01    9.051384033e-01    8.767092950e-01    8.448317163e-01    8.096310552e-01    7.712457711e-01    7.298268495e-01    6.855372086e-01    6.385510584e-01    5.890532155e-01    5.372383758e-01    4.833103493e-01    4.274812576e-01    3.699707005e-01    3.110048912e-01
    9.979225465e-01    9.916988175e-01    9.813546722e-01    9.669330894e-01    9.484939896e-01    9.261139853e-01    8.998860636e-01    8.699191989e-01    8.363379008e-01    7.992816965e-01    7.589045510e-01    7.153742276e-01    6.688715909e-01    6.195898548e-01    5.677337805e-01    5.135188252e-01    4.571702468e-01    3.989221686e-01    3.390166058e-01    2.777024606e-01
    9.978087758e-01    9.912447060e-01    9.803365575e-01    9.651321345e-01    9.456980697e-01    9.221195319e-01    8.944998528e-01    8.629600742e-01    8.276384176e-01    7.886896782e-01    7.462845471e-01    7.006088623e-01    6.518627954e-01    6.002599733e-01    5.460265429e-01    4.894001793e-01    4.306290447e-01    3.699707005e-01    3.076909787e-01    2.440628171e-01
    9.976919757e-01    9.907785567e-01    9.792916557e-01    9.632842969e-01    9.428303708e-01    9.180242940e-01    8.889805723e-01    8.558332731e-01    8.187354059e-01    7.778582163e-01    7.333903953e-01    6.855372086e-01    6.345195488e-01    5.805729159e-01    5.239463302e-01    4.649011828e-01    4.037100289e-01    3.406553298e-01    2.760281492e-01    2.101268093e-01
    9.975721466e-01    9.903003752e-01    9.782199955e-01    9.613896662e-01    9.398911105e-01    9.138287190e-01    8.833290432e-01    8.485401804e-01    8.096310552e-01    7.667905990e-01    7.202268324e-01    6.701658554e-01    6.168507494e-01    5.605403970e-01    5.015082247e-01    4.400408755e-01    3.764368168e-01    3.110048912e-01    2.440628171e-01    1.759356455e-01
    9.974492888e-01    9.898101673e-01    9.771216060e-01    9.594483345e-01    9.368805117e-01    9.095332656e-01    8.775461061e-01    8.410822131e-01    8.003276044e-01    7.554901865e-01    7.067986939e-01    6.545015226e-01    5.988654625e-01    5.401743367e-01    4.787275533e-01    4.148385785e-01    3.488333368e-01    2.810485488e-01    2.118300135e-01    1.415308438e-01
    9.973234027e-01    9.893079390e-01    9.759965172e-01    9.574603962e-01    9.337988031e-01    9.051384033e-01    8.716326214e-01    8.334608204e-01    7.908273413e-01    7.439604095e-01    6.931109128e-01    6.385510584e-01    5.805729159e-01    5.194868535e-01    4.556198769e-01    3.893138783e-01    3.209238068e-01    2.508157676e-01    1.793650628e-01    1.069541819e-01
    9.971944886e-01    9.887936963e-01    9.748447601e-01    9.554259477e-01    9.306462186e-01    9.006446125e-01    8.655894689e-01    8.256774831e-01    7.811326022e-01    7.322047685e-01    6.791685172e-01    6.223214359e-01    5.619824948e-01    4.984902573e-01    4.322009795e-01    3.634866122e-01    2.927327133e-01    2.203362844e-01    1.467035437e-01    7.224764601e-02
    9.970625471e-01    9.882674456e-01    9.736663659e-01    9.533450880e-01    9.274229974e-01    8.960523841e-01    8.594175474e-01    8.177337135e-01    7.712457711e-01    7.202268324e-01    6.649766288e-01    6.058197502e-01    5.431037376e-01    4.771970416e-01    4.084868580e-01    3.373768526e-01    2.642847899e-01    1.896400789e-01    1.138812503e-01    3.745338016e-02
    9.969275784e-01    9.877291932e-01    9.724613669e-01    9.512179181e-01    9.241293842e-01    8.913622203e-01    8.531177752e-01    8.096310552e-01    7.611692794e-01    7.080302376e-01    6.505404611e-01    5.890532155e-01    5.239463302e-01    4.556198769e-01    3.844937108e-01    3.110048912e-01    2.356049954e-01    1.587573437e-01    8.093415313e-02    2.613634839e-03
    9.967895830e-01    9.871789456e-01    9.712297961e-01    9.490445413e-01    9.207656290e-01    8.865746335e-01    8.466910895e-01    8.013710826e-01    7.509056050e-01    6.956186871e-01    6.358653172e-01    5.720291616e-01    5.045201018e-01    4.337716021e-01    3.602379270e-01    2.843912240e-01    2.067184921e-01    1.277184552e-01    4.789835918e-02   -3.222928420e-02
    9.966485613e-01    9.866167096e-01    9.699716870e-01    9.468250632e-01    9.173319871e-01    8.816901471e-01    8.401384463e-01    7.929554005e-01    7.404572719e-01    6.829959490e-01    6.209565880e-01    5.547550311e-01    4.848350194e-01    4.116652179e-01    3.357360750e-01    2.575565343e-01    1.776506238e-01    9.655394293e-02    1.481007283e-02   -6.703306738e-02
    9.965045138e-01    9.860424919e-01    9.686870741e-01    9.445595916e-01    9.138287190e-01    8.767092950e-01    8.334608204e-01    7.843856442e-01    7.298268495e-01    6.701658554e-01    6.058197502e-01    5.372383758e-01    4.649011828e-01    3.893138783e-01    3.110048912e-01    2.305216776e-01    1.484268932e-01    6.529446043e-02   -1.829444407e-02   -1.017554526e-01
    9.963574408e-01    9.854562995e-01    9.673759924e-01    9.422482366e-01    9.102560907e-01    8.716326214e-01    8.266592052e-01    7.756634788e-01    7.190169520e-01    6.571323015e-01    5.904603644e-01    5.194868535e-01    4.447288194e-01    3.667308832e-01    2.860612690e-01    2.033076646e-01    1.190729397e-01    3.397075442e-02   -5.137891185e-02   -1.363542767e-01
    9.962073428e-01    9.848581396e-01    9.660384778e-01    9.398911105e-01    9.066143735e-01    8.664606814e-01    8.197346126e-01    7.667905990e-01    7.080302376e-01    6.438992443e-01    5.748840727e-01    5.015082247e-01    4.243282791e-01    3.439296701e-01    2.609222464e-01    1.759356455e-01    8.961451729e-02    2.613634839e-03   -8.440707286e-02   -1.707875264e-01
    9.960542203e-01    9.842480195e-01    9.646745669e-01    9.374883276e-01    9.029038435e-01    8.611940401e-01    8.126880726e-01    7.577687290e-01    6.968694083e-01    6.304707013e-01    5.590965973e-01    4.833103493e-01    4.037100289e-01    3.209238068e-01    2.356049954e-01    1.484268932e-01    6.007747129e-02   -2.874605551e-02   -1.173427311e-01   -2.050133896e-01
    9.958980737e-01    9.836259464e-01    9.632842969e-01    9.350400049e-01    8.991247826e-01    8.558332731e-01    8.055206336e-01    7.485996216e-01    6.855372086e-01    6.168507494e-01    5.431037376e-01    4.649011828e-01    3.828846472e-01    2.977269824e-01    2.101268093e-01    1.208027868e-01    3.048771614e-02   -6.007747129e-02   -1.501497920e-01   -2.389903060e-01
    9.957389035e-01    9.829919280e-01    9.618677057e-01    9.325462612e-01    8.952774775e-01    8.503789665e-01    7.982333618e-01    7.392850585e-01    6.740364252e-01    6.030435235e-01    5.269113685e-01    4.462887732e-01    3.618628189e-01    2.743529999e-01    1.845050916e-01    9.308479533e-02    8.712124948e-04   -9.134979498e-02   -1.827923019e-01   -2.726770175e-01
    9.955767103e-01    9.823459720e-01    9.604248321e-01    9.300072176e-01    8.913622203e-01    8.448317163e-01    7.908273413e-01    7.298268495e-01    6.623698864e-01    5.890532155e-01    5.105254385e-01    4.274812576e-01    3.406553298e-01    2.508157676e-01    1.587573437e-01    6.529446043e-02   -2.874605551e-02   -1.225322672e-01   -2.152344874e-01   -3.060326187e-01
    9.954114944e-01    9.816880863e-01    9.589557156e-01    9.274229974e-01    8.873793081e-01    8.391921288e-01    7.833036739e-01    7.202268324e-01    6.505404611e-01    5.748840727e-01    4.939519668e-01    4.084868580e-01    3.192730608e-01    2.271292911e-01    1.329011533e-01    3.745338016e-02   -5.833810308e-02   -1.535942169e-01   -2.474407948e-01   -3.390166058e-01
    9.952432564e-01    9.810182787e-01    9.574603962e-01    9.247937263e-01    8.833290432e-01    8.334608204e-01    7.756634788e-01    7.104868725e-01    6.385510584e-01    5.605403970e-01    4.771970416e-01    3.893138783e-01    2.977269824e-01    2.033076646e-01    1.069541819e-01    9.583191966e-03   -8.787896753e-02   -1.845050916e-01   -2.793759288e-01   -3.715889267e-01
    9.950719968e-01    9.803365575e-01    9.559389148e-01    9.221195319e-01    8.792117330e-01    8.276384176e-01    7.679078925e-01    7.006088623e-01    6.264046266e-01    5.460265429e-01    4.602668181e-01    3.699707005e-01    2.760281492e-01    1.793650628e-01    8.093415313e-02   -1.829444407e-02   -1.173427311e-01   -2.152344874e-01   -3.110048912e-01   -4.037100289e-01
    9.948977161e-01    9.796429309e-01    9.543913130e-01    9.194005442e-01    8.750276901e-01    8.217255566e-01    7.600380689e-01    6.905947212e-01    6.141041528e-01    5.313469169e-01    4.431675153e-01    3.504657808e-01    2.541876944e-01    1.553157325e-01    5.485884057e-02   -4.615786207e-02   -1.467035437e-01   -2.457521790e-01   -3.422930196e-01   -4.353409078e-01
    9.947204148e-01    9.789374074e-01    9.528176331e-01    9.166368951e-01    8.707772320e-01    8.157228838e-01    7.520551787e-01    6.804463949e-01    6.016526617e-01    5.165059756e-01    4.259054149e-01    3.308076464e-01    2.322168236e-01    1.311739838e-01    2.874605551e-02   -7.398540723e-02   -1.759356455e-01   -2.760281492e-01   -3.732060248e-01   -4.664431543e-01
    9.945400936e-01    9.782199955e-01    9.512179181e-01    9.138287190e-01    8.664606814e-01    8.096310552e-01    7.439604095e-01    6.701658554e-01    5.890532155e-01    5.015082247e-01    4.084868580e-01    3.110048912e-01    2.101268093e-01    1.069541819e-01    2.613634839e-03   -1.017554526e-01   -2.050133896e-01   -3.060326187e-01   -4.037100289e-01   -4.969790011e-01
    9.943567528e-01    9.774907039e-01    9.495922116e-01    9.109761523e-01    8.620783658e-01    8.034507367e-01    7.357549655e-01    6.597551000e-01    5.763089124e-01    4.863582175e-01    3.909182433e-01    2.910661727e-01    1.879289853e-01    8.267073849e-02   -2.352057113e-02   -1.294464160e-01   -2.339112646e-01   -3.357360750e-01   -4.337716021e-01   -5.269113685e-01
    9.941703932e-01    9.767495415e-01    9.479405582e-01    9.080793335e-01    8.576306179e-01    7.971826037e-01    7.274400673e-01    6.492161518e-01    5.634228865e-01    4.710605534e-01    3.732060248e-01    2.710002073e-01    1.656347406e-01    5.833810308e-02   -4.963871087e-02   -1.570367765e-01   -2.626039168e-01   -3.651093019e-01   -4.633577997e-01   -5.562039100e-01
    9.939810152e-01    9.759965172e-01    9.462630029e-01    9.051384033e-01    8.531177752e-01    7.908273413e-01    7.190169520e-01    6.385510584e-01    5.503983067e-01    4.556198769e-01    3.553567089e-01    2.508157676e-01    1.432555138e-01    3.397075442e-02   -7.572294383e-02   -1.845050916e-01   -2.910661727e-01   -3.941234080e-01   -4.924361978e-01   -5.848210556e-01
    9.937886195e-01    9.752316404e-01    9.445595916e-01    9.021535047e-01    8.485401804e-01    7.843856442e-01    7.104868725e-01    6.277618922e-01    5.372383758e-01    4.400408755e-01    3.373768526e-01    2.305216776e-01    1.208027868e-01    9.583191966e-03   -1.017554526e-01   -2.118300135e-01   -3.192730608e-01   -4.227498551e-01   -5.209749289e-01   -6.127280557e-01
    9.935932065e-01    9.744549201e-01    9.428303708e-01    8.991247826e-01    8.438981808e-01    7.778582163e-01    7.018510979e-01    6.168507494e-01    5.239463302e-01    4.243282791e-01    3.192730608e-01    2.101268093e-01    9.828807966e-02   -1.481007283e-02   -1.277184552e-01   -2.389903060e-01   -3.471998337e-01   -4.509604862e-01   -5.489427172e-01   -6.398910231e-01
    9.933947770e-01    9.736663659e-01    9.410753878e-01    8.960523841e-01    8.391921288e-01    7.712457711e-01    6.931109128e-01    6.058197502e-01    5.105254385e-01    4.084868580e-01    3.010519839e-01    1.896400789e-01    7.572294383e-02   -3.919452511e-02   -1.535942169e-01   -2.659648605e-01   -3.748219898e-01   -4.787275533e-01   -5.763089124e-01   -6.662769737e-01
    9.931933315e-01    9.728659873e-01    9.392946905e-01    8.929364585e-01    8.344223815e-01    7.645490314e-01    6.842676175e-01    5.946710379e-01    4.969790011e-01    3.925214215e-01    2.827203156e-01    1.690704427e-01    5.311895685e-02   -6.355565525e-02   -1.793650628e-01   -2.927327133e-01   -4.021152947e-01   -5.060237450e-01   -6.030435235e-01   -6.918538673e-01
    9.929888706e-01    9.720537941e-01    9.374883276e-01    8.897771572e-01    8.295893010e-01    7.577687290e-01    6.753225276e-01    5.834067789e-01    4.833103493e-01    3.764368168e-01    2.642847899e-01    1.484268932e-01    3.048771614e-02   -8.787896753e-02   -2.050133896e-01   -3.192730608e-01   -4.290558025e-01   -5.328222126e-01   -6.291172518e-01   -7.165906459e-01
    9.927813949e-01    9.712297961e-01    9.356563485e-01    8.865746335e-01    8.246932542e-01    7.509056050e-01    6.662769737e-01    5.720291616e-01    4.695228443e-01    3.602379270e-01    2.457521790e-01    1.277184552e-01    7.840833102e-03   -1.121499887e-01   -2.305216776e-01   -3.455652765e-01   -4.556198769e-01   -5.590965973e-01   -6.545015226e-01   -7.404572719e-01
    9.925709051e-01    9.703940033e-01    9.337988031e-01    8.833290432e-01    8.197346126e-01    7.439604095e-01    6.571323015e-01    5.605403970e-01    4.556198769e-01    3.439296701e-01    2.271292911e-01    1.069541819e-01   -1.481007283e-02   -1.363542767e-01   -2.558725028e-01   -3.715889267e-01   -4.817842118e-01   -5.848210556e-01   -6.791685172e-01   -7.634247640e-01
    9.923574018e-01    9.695464258e-01    9.319157424e-01    8.800405437e-01    8.147137526e-01    7.369339017e-01    6.478898714e-01    5.489427172e-01    4.416048658e-01    3.275169973e-01    2.084229671e-01    8.614315096e-02   -3.745338016e-02   -1.604774290e-01   -2.810485488e-01   -3.973237864e-01   -5.075258519e-01   -6.099702850e-01   -7.030912026e-01   -7.854652330e-01
    9.921408857e-01    9.686870741e-01    9.300072176e-01    8.767092950e-01    8.096310552e-01    7.298268495e-01    6.385510584e-01    5.372383758e-01    4.274812576e-01    3.110048912e-01    1.896400789e-01    6.529446043e-02   -6.007747129e-02   -1.845050916e-01   -3.060326187e-01   -4.227498551e-01   -5.328222126e-01   -6.345195488e-01   -7.262433616e-01   -8.065519152e-01
    9.919213574e-01    9.678159584e-01    9.280732809e-01    8.733354587e-01    8.044869064e-01    7.226400296e-01    6.291172518e-01    5.254296470e-01    4.132525255e-01    2.943983651e-01    1.707875264e-01    4.441722482e-02   -8.267073849e-02   -2.084229671e-01   -3.308076464e-01   -4.478473721e-01   -5.576511002e-01   -6.584447003e-01   -7.485996216e-01   -8.266592052e-01
    9.916988175e-01    9.669330894e-01    9.261139853e-01    8.699191989e-01    7.992816965e-01    7.153742276e-01    6.195898548e-01    5.135188252e-01    3.989221686e-01    2.777024606e-01    1.518722350e-01    2.352057113e-02   -1.052215898e-01   -2.322168236e-01   -3.553567089e-01   -4.725968324e-01   -5.819907308e-01   -6.817222068e-01   -7.701354820e-01   -8.457626868e-01
    9.914732669e-01    9.660384778e-01    9.241293842e-01    8.664606814e-01    7.940158205e-01    7.080302376e-01    6.099702850e-01    5.015082247e-01    3.844937108e-01    2.609222464e-01    1.329011533e-01    2.613634839e-03   -1.277184552e-01   -2.558725028e-01   -3.796630373e-01   -4.969790011e-01   -6.058197502e-01   -7.043291727e-01   -7.908273413e-01   -8.638391626e-01
    9.912447060e-01    9.651321345e-01    9.221195319e-01    8.629600742e-01    7.886896782e-01    7.006088623e-01    6.002599733e-01    4.894001793e-01    3.699707005e-01    2.440628171e-01    1.138812503e-01   -1.829444407e-02   -1.501497920e-01   -2.793759288e-01   -4.037100289e-01   -5.209749289e-01   -6.291172518e-01   -7.262433616e-01   -8.106525232e-01   -8.808666826e-01
    9.910131358e-01    9.642140705e-01    9.200844833e-01    8.594175474e-01    7.833036739e-01    6.931109128e-01    5.904603644e-01    4.771970416e-01    3.553567089e-01    2.271292911e-01    9.481951307e-02   -3.919452511e-02   -1.725040915e-01   -3.027131163e-01   -4.274812576e-01   -5.445659669e-01   -6.518627954e-01   -7.474432189e-01   -8.295893010e-01   -8.968245703e-01
    9.907785567e-01    9.632842969e-01    9.180242940e-01    8.558332731e-01    7.778582163e-01    6.855372086e-01    5.805729159e-01    4.649011828e-01    3.406553298e-01    2.101268093e-01    7.572294383e-02   -6.007747129e-02   -1.947698844e-01   -3.258701787e-01   -4.509604862e-01   -5.677337805e-01   -6.740364252e-01   -7.679078925e-01   -8.476169217e-01   -9.116934480e-01
    9.905409696e-01    9.623428249e-01    9.159390202e-01    8.522074254e-01    7.723537187e-01    6.778885774e-01    5.705990989e-01    4.525149918e-01    3.258701787e-01    1.930605337e-01    5.659855774e-02   -8.093415313e-02   -2.169357468e-01   -3.488333368e-01   -4.741316765e-01   -5.904603644e-01   -6.956186871e-01   -7.876172533e-01   -8.647156284e-01   -9.254552607e-01
    9.903003752e-01    9.613896662e-01    9.138287190e-01    8.485401804e-01    7.667905990e-01    6.701658554e-01    5.605403970e-01    4.400408755e-01    3.110048912e-01    1.759356455e-01    3.745338016e-02   -1.017554526e-01   -2.389903060e-01   -3.715889267e-01   -4.969790011e-01   -6.127280557e-01   -7.165906459e-01   -8.065519152e-01   -8.808666826e-01   -9.380932973e-01
    9.900567742e-01    9.604248321e-01    9.116934480e-01    8.448317163e-01    7.611692794e-01    6.623698864e-01    5.503983067e-01    4.274812576e-01    2.960631232e-01    1.587573437e-01    1.829444407e-02   -1.225322672e-01   -2.609222464e-01   -3.941234080e-01   -5.194868535e-01   -6.345195488e-01   -7.369339017e-01   -8.246932542e-01   -8.960523841e-01   -9.495922116e-01
    9.898101673e-01    9.594483345e-01    9.095332656e-01    8.410822131e-01    7.554901865e-01    6.545015226e-01    5.401743367e-01    4.148385785e-01    2.810485488e-01    1.415308438e-01   -8.712124948e-04   -1.432555138e-01   -2.827203156e-01   -4.164233720e-01   -5.416398594e-01   -6.558179076e-01   -7.566306063e-01   -8.420234264e-01   -9.102560907e-01   -9.599380405e-01
    9.895605553e-01    9.584601852e-01    9.073482308e-01    8.372918531e-01    7.497537514e-01    6.465616240e-01    5.298700080e-01    4.021152947e-01    2.659648605e-01    1.242613755e-01   -2.003654902e-02   -1.639161327e-01   -3.043733295e-01   -4.384755493e-01   -5.634228865e-01   -6.766065796e-01   -7.756634788e-01   -8.585253859e-01   -9.234622365e-01   -9.691182211e-01
    9.893079390e-01    9.574603962e-01    9.051384033e-01    8.334608204e-01    7.439604095e-01    6.385510584e-01    5.194868535e-01    3.893138783e-01    2.508157676e-01    1.069541819e-01   -3.919452511e-02   -1.845050916e-01   -3.258701787e-01   -4.602668181e-01   -5.848210556e-01   -6.968694083e-01   -7.940158205e-01   -8.741829015e-01   -9.356563485e-01   -9.771216060e-01
    9.890523190e-01    9.564489796e-01    9.029038435e-01    8.295893010e-01    7.381106006e-01    6.304707013e-01    5.090264179e-01    3.764368168e-01    2.356049954e-01    8.961451729e-02   -5.833810308e-02   -2.050133896e-01   -3.471998337e-01   -4.817842118e-01   -6.058197502e-01   -7.165906459e-01   -8.116715301e-01   -8.889805723e-01   -9.468250632e-01   -9.839384766e-01
    9.887936963e-01    9.554259477e-01    9.006446125e-01    8.256774831e-01    7.322047685e-01    6.223214359e-01    4.984902573e-01    3.634866122e-01    2.203362844e-01    7.224764601e-02   -7.746025053e-02   -2.254320609e-01   -3.683513510e-01   -5.030149268e-01   -6.264046266e-01   -7.357549655e-01   -8.286151172e-01   -9.029038435e-01   -9.569561405e-01   -9.895605553e-01
    9.885320716e-01    9.543913130e-01    8.983607719e-01    8.217255566e-01    7.262433616e-01    6.141041528e-01    4.878799390e-01    3.504657808e-01    2.050133896e-01    5.485884057e-02   -9.655394293e-02   -2.457521790e-01   -3.893138783e-01   -5.239463302e-01   -6.465616240e-01   -7.543474730e-01   -8.448317163e-01   -9.159390202e-01   -9.660384778e-01   -9.939810152e-01
    9.882674456e-01    9.533450880e-01    8.960523841e-01    8.177337135e-01    7.202268324e-01    6.058197502e-01    4.771970416e-01    3.373768526e-01    1.896400789e-01    3.745338016e-02   -1.156121662e-01   -2.659648605e-01   -4.100766605e-01   -5.445659669e-01   -6.662769737e-01   -7.723537187e-01   -8.603070997e-01   -9.280732809e-01   -9.740621216e-01   -9.971944886e-01
    9.879998192e-01    9.522872854e-01    8.937195124e-01    8.137021478e-01    7.141556375e-01    5.974691335e-01    4.664431543e-01    3.242223707e-01    1.742201330e-01    2.003654902e-02   -1.346279194e-01   -2.860612690e-01   -4.306290447e-01   -5.648615676e-01   -6.855372086e-01   -7.897597087e-01   -8.750276901e-01   -9.392946905e-01   -9.810182787e-01   -9.991970734e-01
    9.877291932e-01    9.512179181e-01    8.913622203e-01    8.096310552e-01    7.080302376e-01    5.890532155e-01    4.556198769e-01    3.110048912e-01    1.587573437e-01    2.613634839e-03   -1.535942169e-01   -3.060326187e-01   -4.509604862e-01   -5.848210556e-01   -7.043291727e-01   -8.065519152e-01   -8.889805723e-01   -9.495922116e-01   -9.868993257e-01   -9.999863378e-01
    9.874555684e-01    9.501369990e-01    8.889805723e-01    8.055206336e-01    7.018510979e-01    5.805729159e-01    4.447288194e-01    2.977269824e-01    1.432555138e-01   -1.481007283e-02   -1.725040915e-01   -3.258701787e-01   -4.710605534e-01   -6.044325544e-01   -7.226400296e-01   -8.227172879e-01   -9.021535047e-01   -9.589557156e-01   -9.916988175e-01   -9.995613235e-01
    9.871789456e-01    9.490445413e-01    8.865746335e-01    8.013710826e-01    6.956186871e-01    5.720291616e-01    4.337716021e-01    2.843912240e-01    1.277184552e-01   -3.222928420e-02   -1.913505968e-01   -3.455652765e-01   -4.909189338e-01   -6.236843944e-01   -7.404572719e-01   -8.382432634e-01   -9.145349300e-01   -9.673759924e-01   -9.954114944e-01   -9.979225465e-01
    9.868993257e-01    9.479405582e-01    8.841444697e-01    7.971826037e-01    6.893334785e-01    5.634228865e-01    4.227498551e-01    2.710002073e-01    1.121499887e-01   -4.963871087e-02   -2.101268093e-01   -3.651093019e-01   -5.105254385e-01   -6.425651201e-01   -7.577687290e-01   -8.531177752e-01   -9.261139853e-01   -9.748447601e-01   -9.980332874e-01   -9.950719968e-01
    9.866167096e-01    9.468250632e-01    8.816901471e-01    7.929554005e-01    6.829959490e-01    5.547550311e-01    4.116652179e-01    2.575565343e-01    9.655394293e-02   -6.703306738e-02   -2.288258317e-01   -3.844937108e-01   -5.298700080e-01   -6.610634967e-01   -7.745625759e-01   -8.673292633e-01   -9.368805117e-01   -9.813546722e-01   -9.995613235e-01   -9.910131358e-01
    9.863310980e-01    9.456980697e-01    8.792117330e-01    7.886896782e-01    6.766065796e-01    5.460265429e-01    4.005193396e-01    2.440628171e-01    8.093415313e-02   -8.440707286e-02   -2.474407948e-01   -4.037100289e-01   -5.489427172e-01   -6.791685172e-01   -7.908273413e-01   -8.808666826e-01   -9.468250632e-01   -9.868993257e-01   -9.999939279e-01   -9.857508921e-01
    9.860424919e-01    9.445595916e-01    8.767092950e-01    7.843856442e-01    6.701658554e-01    5.372383758e-01    3.893138783e-01    2.305216776e-01    6.529446043e-02   -1.017554526e-01   -2.659648605e-01   -4.227498551e-01   -5.677337805e-01   -6.968694083e-01   -8.065519152e-01   -8.937195124e-01   -9.559389148e-01   -9.914732669e-01   -9.993306266e-01   -9.792916557e-01
    9.857508921e-01    9.434096426e-01    8.741829015e-01    7.800435074e-01    6.636742651e-01    5.283914904e-01    3.780505010e-01    2.169357468e-01    4.963871087e-02   -1.190729397e-01   -2.843912240e-01   -4.416048658e-01   -5.862335568e-01   -7.141556375e-01   -8.217255566e-01   -9.058777635e-01   -9.642140705e-01   -9.950719968e-01   -9.975721466e-01   -9.716432700e-01
    9.854562995e-01    9.422482366e-01    8.716326214e-01    7.756634788e-01    6.571323015e-01    5.194868535e-01    3.667308832e-01    2.033076646e-01    3.397075442e-02   -1.363542767e-01   -3.027131163e-01   -4.602668181e-01   -6.044325544e-01   -7.310169187e-01   -8.363379008e-01   -9.173319871e-01   -9.716432700e-01   -9.976919757e-01   -9.947204148e-01   -9.628150225e-01
    9.851587151e-01    9.410753878e-01    8.690585246e-01    7.712457711e-01    6.505404611e-01    5.105254385e-01    3.553567089e-01    1.896400789e-01    1.829444407e-02   -1.535942169e-01   -3.209238068e-01   -4.787275533e-01   -6.223214359e-01   -7.474432189e-01   -8.503789665e-01   -9.280732809e-01   -9.782199955e-01   -9.993306266e-01   -9.907785567e-01   -9.528176331e-01
    9.848581396e-01    9.398911105e-01    8.664606814e-01    7.667905990e-01    6.438992443e-01    5.015082247e-01    3.439296701e-01    1.759356455e-01    2.613634839e-03   -1.707875264e-01   -3.390166058e-01   -4.969790011e-01   -6.398910231e-01   -7.634247640e-01   -8.638391626e-01   -9.380932973e-01   -9.839384766e-01   -9.999863378e-01   -9.857508921e-01   -9.416632417e-01
    9.845545741e-01    9.386954189e-01    8.638391626e-01    7.622981789e-01    6.372091551e-01    4.924361978e-01    3.324514669e-01    1.621970271e-01   -1.306781712e-02   -1.879289853e-01   -3.569848670e-01   -5.150131822e-01   -6.571323015e-01   -7.789520443e-01   -8.767092950e-01   -9.473842488e-01   -9.887936963e-01   -9.996584643e-01   -9.796429309e-01   -9.293653930e-01
    9.842480195e-01    9.374883276e-01    8.611940401e-01    7.577687290e-01    6.304707013e-01    4.833103493e-01    3.209238068e-01    1.484268932e-01   -2.874605551e-02   -2.050133896e-01   -3.748219898e-01   -5.328222126e-01   -6.740364252e-01   -7.940158205e-01   -8.889805723e-01   -9.559389148e-01   -9.927813949e-01   -9.983473286e-01   -9.724613669e-01   -9.159390202e-01
    9.839384766e-01    9.362698514e-01    8.585253859e-01    7.532024692e-01    6.236843944e-01    4.741316765e-01    3.093484046e-01    1.346279194e-01   -4.441722482e-02   -2.220355524e-01   -3.925214215e-01   -5.503983067e-01   -6.905947212e-01   -8.086071292e-01   -9.006446125e-01   -9.637506467e-01   -9.958980737e-01   -9.960542203e-01   -9.642140705e-01   -9.014004269e-01
    9.836259464e-01    9.350400049e-01    8.558332731e-01    7.485996216e-01    6.168507494e-01    4.649011828e-01    2.977269824e-01    1.208027868e-01   -6.007747129e-02   -2.389903060e-01   -4.100766605e-01   -5.677337805e-01   -7.067986939e-01   -8.227172879e-01   -9.116934480e-01   -9.708133734e-01   -9.981409983e-01   -9.927813949e-01   -9.549100799e-01   -8.857672673e-01
    9.833104299e-01    9.337988031e-01    8.531177752e-01    7.439604095e-01    6.099702850e-01    4.556198769e-01    2.860612690e-01    1.069541819e-01   -7.572294383e-02   -2.558725028e-01   -4.274812576e-01   -5.848210556e-01   -7.226400296e-01   -8.363379008e-01   -9.221195319e-01   -9.771216060e-01   -9.995082009e-01   -9.885320716e-01   -9.445595916e-01   -8.690585246e-01
    9.829919280e-01    9.325462612e-01    8.503789665e-01    7.392850585e-01    6.030435235e-01    4.462887732e-01    2.743529999e-01    9.308479533e-02   -9.134979498e-02   -2.726770175e-01   -4.447288194e-01   -6.016526617e-01   -7.381106006e-01   -8.494608629e-01   -9.319157424e-01   -9.826704418e-01   -9.999984820e-01   -9.833104299e-01   -9.331739487e-01   -8.512944882e-01
    9.826704418e-01    9.312823942e-01    8.476169217e-01    7.345737955e-01    5.960709906e-01    4.369088918e-01    2.626039168e-01    7.919732205e-02   -1.069541819e-01   -2.893987484e-01   -4.618130099e-01   -6.182212406e-01   -7.532024692e-01   -8.620783658e-01   -9.410753878e-01   -9.874555684e-01   -9.996114113e-01   -9.771216060e-01   -9.207656290e-01   -8.324967289e-01
    9.823459720e-01    9.300072176e-01    8.448317163e-01    7.298268495e-01    5.890532155e-01    4.274812576e-01    2.508157676e-01    6.529446043e-02   -1.225322672e-01   -3.060326187e-01   -4.787275533e-01   -6.345195488e-01   -7.679078925e-01   -8.741829015e-01   -9.495922116e-01   -9.914732669e-01   -9.983473286e-01   -9.699716870e-01   -9.073482308e-01   -8.126880726e-01
    9.820185199e-01    9.287207468e-01    8.420234264e-01    7.250444510e-01    5.819907308e-01    4.180069012e-01    2.389903060e-01    5.137891185e-02   -1.380802200e-01   -3.225735784e-01   -4.954662360e-01   -6.505404611e-01   -7.822193255e-01   -8.857672673e-01   -9.574603962e-01   -9.947204148e-01   -9.962073428e-01   -9.618677057e-01   -8.929364585e-01   -7.918925730e-01
    9.816880863e-01    9.274229974e-01    8.391921288e-01    7.202268324e-01    5.748840727e-01    4.084868580e-01    2.271292911e-01    3.745338016e-02   -1.535942169e-01   -3.390166058e-01   -5.120229091e-01   -6.662769737e-01   -7.961294253e-01   -8.968245703e-01   -9.646745669e-01   -9.971944886e-01   -9.931933315e-01   -9.528176331e-01   -8.775461061e-01   -7.701354820e-01
    9.813546722e-01    9.261139853e-01    8.363379008e-01    7.153742276e-01    5.677337805e-01    3.989221686e-01    2.152344874e-01    2.352057113e-02   -1.690704427e-01   -3.553567089e-01   -5.283914904e-01   -6.817222068e-01   -8.096310552e-01   -9.073482308e-01   -9.712297961e-01   -9.988935655e-01   -9.893079390e-01   -9.428303708e-01   -8.611940401e-01   -7.474432189e-01
    9.810182787e-01    9.247937263e-01    8.334608204e-01    7.104868725e-01    5.605403970e-01    3.893138783e-01    2.033076646e-01    9.583191966e-03   -1.845050916e-01   -3.715889267e-01   -5.445659669e-01   -6.968694083e-01   -8.227172879e-01   -9.173319871e-01   -9.771216060e-01   -9.998163249e-01   -9.845545741e-01   -9.319157424e-01   -8.438981808e-01   -7.238433391e-01
    9.806789068e-01    9.234622365e-01    8.305609663e-01    7.055650044e-01    5.533044680e-01    3.796630373e-01    1.913505968e-01   -4.356049249e-03   -1.998943680e-01   -3.877083313e-01   -5.605403970e-01   -7.117119562e-01   -8.353814093e-01   -9.267698982e-01   -9.823459720e-01   -9.999620497e-01   -9.789374074e-01   -9.200844833e-01   -8.256774831e-01   -6.993644997e-01
    9.803365575e-01    9.221195319e-01    8.276384176e-01    7.006088623e-01    5.460265429e-01    3.699707005e-01    1.793650628e-01   -1.829444407e-02   -2.152344874e-01   -4.037100289e-01   -5.763089124e-01   -7.262433616e-01   -8.476169217e-01   -9.356563485e-01   -9.868993257e-01   -9.993306266e-01   -9.724613669e-01   -9.073482308e-01   -8.065519152e-01   -6.740364252e-01
    9.799912319e-01    9.207656290e-01    8.246932542e-01    6.956186871e-01    5.387071740e-01    3.602379270e-01    1.673528457e-01   -3.222928420e-02   -2.305216776e-01   -4.195891613e-01   -5.918657206e-01   -7.404572719e-01   -8.594175474e-01   -9.439860501e-01   -9.907785567e-01   -9.979225465e-01   -9.651321345e-01   -8.937195124e-01   -7.865424372e-01   -6.478898714e-01
    9.796429309e-01    9.194005442e-01    8.217255566e-01    6.905947212e-01    5.313469169e-01    3.504657808e-01    1.553157325e-01   -4.615786207e-02   -2.457521790e-01   -4.353409078e-01   -6.072051067e-01   -7.543474730e-01   -8.707772320e-01   -9.517540465e-01   -9.939810152e-01   -9.957389035e-01   -9.569561405e-01   -8.792117330e-01   -7.656709775e-01   -6.209565880e-01
    9.792916557e-01    9.180242940e-01    8.187354059e-01    6.855372086e-01    5.239463302e-01    3.406553298e-01    1.432555138e-01   -6.007747129e-02   -2.609222464e-01   -4.509604862e-01   -6.223214359e-01   -7.679078925e-01   -8.816901471e-01   -9.589557156e-01   -9.965045138e-01   -9.927813949e-01   -9.479405582e-01   -8.638391626e-01   -7.439604095e-01   -5.932692798e-01
    9.789374074e-01    9.166368951e-01    8.157228838e-01    6.804463949e-01    5.165059756e-01    3.308076464e-01    1.311739838e-01   -7.398540723e-02   -2.760281492e-01   -4.664431543e-01   -6.372091551e-01   -7.811326022e-01   -8.921506937e-01   -9.655867720e-01   -9.983473286e-01   -9.890523190e-01   -9.380932973e-01   -8.476169217e-01   -7.214345262e-01   -5.648615676e-01
    9.785801869e-01    9.152383645e-01    8.126880726e-01    6.753225276e-01    5.090264179e-01    3.209238068e-01    1.190729397e-01   -8.787896753e-02   -2.910661727e-01   -4.817842118e-01   -6.518627954e-01   -7.940158205e-01   -9.021535047e-01   -9.716432700e-01   -9.995082009e-01   -9.845545741e-01   -9.274229974e-01   -8.305609663e-01   -6.981180138e-01   -5.357679465e-01
    9.782199955e-01    9.138287190e-01    8.096310552e-01    6.701658554e-01    5.015082247e-01    3.110048912e-01    1.069541819e-01   -1.017554526e-01   -3.060326187e-01   -4.969790011e-01   -6.662769737e-01   -8.065519152e-01   -9.116934480e-01   -9.771216060e-01   -9.999863378e-01   -9.792916557e-01   -9.159390202e-01   -8.126880726e-01   -6.740364252e-01   -5.060237450e-01
    9.778568341e-01    9.124079759e-01    8.065519152e-01    6.649766288e-01    4.939519668e-01    3.010519839e-01    9.481951307e-02   -1.156121662e-01   -3.209238068e-01   -5.120229091e-01   -6.804463949e-01   -8.187354059e-01   -9.207656290e-01   -9.820185199e-01   -9.997814127e-01   -9.732676540e-01   -9.036514411e-01   -7.940158205e-01   -6.492161518e-01   -4.756650811e-01
    9.774907039e-01    9.109761523e-01    8.034507367e-01    6.597551000e-01    4.863582175e-01    2.910661727e-01    8.267073849e-02   -1.294464160e-01   -3.357360750e-01   -5.269113685e-01   -6.943658540e-01   -8.305609663e-01   -9.293653930e-01   -9.863310980e-01   -9.988935655e-01   -9.664872508e-01   -8.905710406e-01   -7.745625759e-01   -6.236843944e-01   -4.447288194e-01
    9.771216060e-01    9.095332656e-01    8.003276044e-01    6.545015226e-01    4.787275533e-01    2.810485488e-01    7.050966545e-02   -1.432555138e-01   -3.504657808e-01   -5.416398594e-01   -7.080302376e-01   -8.420234264e-01   -9.374883276e-01   -9.900567742e-01   -9.973234027e-01   -9.589557156e-01   -8.767092950e-01   -7.543474730e-01   -5.974691335e-01   -4.132525255e-01
    9.767495415e-01    9.080793335e-01    7.971826037e-01    6.492161518e-01    4.710605534e-01    2.710002073e-01    5.833810308e-02   -1.570367765e-01   -3.651093019e-01   -5.562039100e-01   -7.214345262e-01   -8.531177752e-01   -9.451302654e-01   -9.931933315e-01   -9.950719968e-01   -9.506789017e-01   -8.620783658e-01   -7.333903953e-01   -5.705990989e-01   -3.812744210e-01
    9.763745115e-01    9.066143735e-01    7.940158205e-01    6.438992443e-01    4.633577997e-01    2.609222464e-01    4.615786207e-02   -1.707875264e-01   -3.796630373e-01   -5.705990989e-01   -7.345737955e-01   -8.638391626e-01   -9.522872854e-01   -9.957389035e-01   -9.921408857e-01   -9.416632417e-01   -8.466910895e-01   -7.117119562e-01   -5.431037376e-01   -3.488333368e-01
    9.759965172e-01    9.051384033e-01    7.908273413e-01    6.385510584e-01    4.556198769e-01    2.508157676e-01    3.397075442e-02   -1.845050916e-01   -3.941234080e-01   -5.848210556e-01   -7.474432189e-01   -8.741829015e-01   -9.589557156e-01   -9.976919757e-01   -9.885320716e-01   -9.319157424e-01   -8.305609663e-01   -6.893334785e-01   -5.150131822e-01   -3.159686658e-01
    9.756155598e-01    9.036514411e-01    7.876172533e-01    6.331718539e-01    4.478473721e-01    2.406818754e-01    2.177859313e-02   -1.981868068e-01   -4.084868580e-01   -5.988654625e-01   -7.600380689e-01   -8.841444697e-01   -9.651321345e-01   -9.990513858e-01   -9.842480195e-01   -9.214439792e-01   -8.137021478e-01   -6.662769737e-01   -4.863582175e-01   -2.827203156e-01
    9.752316404e-01    9.021535047e-01    7.843856442e-01    6.277618922e-01    4.400408755e-01    2.305216776e-01    9.583191966e-03   -2.118300135e-01   -4.227498551e-01   -6.127280557e-01   -7.723537187e-01   -8.937195124e-01   -9.708133734e-01   -9.998163249e-01   -9.792916557e-01   -9.102560907e-01   -7.961294253e-01   -6.425651201e-01   -4.571702468e-01   -2.491286594e-01
    9.748447601e-01    9.006446125e-01    7.811326022e-01    6.223214359e-01    4.322009795e-01    2.203362844e-01   -2.613634839e-03   -2.254320609e-01   -4.369088918e-01   -6.264046266e-01   -7.843856442e-01   -9.029038435e-01   -9.759965172e-01   -9.999863378e-01   -9.736663659e-01   -8.983607719e-01   -7.778582163e-01   -6.182212406e-01   -4.274812576e-01   -2.152344874e-01
    9.744549201e-01    8.991247826e-01    7.778582163e-01    6.168507494e-01    4.243282791e-01    2.101268093e-01   -1.481007283e-02   -2.389903060e-01   -4.509604862e-01   -6.398910231e-01   -7.961294253e-01   -9.116934480e-01   -9.806789068e-01   -9.995613235e-01   -9.673759924e-01   -8.857672673e-01   -7.589045510e-01   -5.932692798e-01   -3.973237864e-01   -1.810789572e-01
    9.740621216e-01    8.975940336e-01    7.745625759e-01    6.113500984e-01    4.164233720e-01    1.998943680e-01   -2.700430761e-02   -2.525021143e-01   -4.649011828e-01   -6.531831505e-01   -8.075807481e-01   -9.200844833e-01   -9.848581396e-01   -9.985415347e-01   -9.604248321e-01   -8.724853645e-01   -7.392850585e-01   -5.677337805e-01   -3.667308832e-01   -1.467035437e-01
    9.736663659e-01    8.960523841e-01    7.712457711e-01    6.058197502e-01    4.084868580e-01    1.896400789e-01   -3.919452511e-02   -2.659648605e-01   -4.787275533e-01   -6.662769737e-01   -8.187354059e-01   -9.280732809e-01   -9.885320716e-01   -9.969275784e-01   -9.528176331e-01   -8.585253859e-01   -7.190169520e-01   -5.416398594e-01   -3.357360750e-01   -1.121499887e-01
    9.732676540e-01    8.944998528e-01    7.679078925e-01    6.002599733e-01    4.005193396e-01    1.793650628e-01   -5.137891185e-02   -2.793759288e-01   -4.924361978e-01   -6.791685172e-01   -8.295893010e-01   -9.356563485e-01   -9.916988175e-01   -9.947204148e-01   -9.445595916e-01   -8.438981808e-01   -6.981180138e-01   -5.150131822e-01   -3.043733295e-01   -7.746025053e-02
    9.728659873e-01    8.929364585e-01    7.645490314e-01    5.946710379e-01    3.925214215e-01    1.690704427e-01   -6.355565525e-02   -2.927327133e-01   -5.060237450e-01   -6.918538673e-01   -8.401384463e-01   -9.428303708e-01   -9.943567528e-01   -9.919213574e-01   -9.356563485e-01   -8.286151172e-01   -6.766065796e-01   -4.878799390e-01   -2.726770175e-01   -4.267645272e-02
    9.724613669e-01    8.913622203e-01    7.611692794e-01    5.890532155e-01    3.844937108e-01    1.587573437e-01   -7.572294383e-02   -3.060326187e-01   -5.194868535e-01   -7.043291727e-01   -8.503789665e-01   -9.495922116e-01   -9.965045138e-01   -9.885320716e-01   -9.261139853e-01   -8.126880726e-01   -6.545015226e-01   -4.602668181e-01   -2.406818754e-01   -7.840833102e-03
    9.720537941e-01    8.897771572e-01    7.577687290e-01    5.834067789e-01    3.764368168e-01    1.484268932e-01   -8.787896753e-02   -3.192730608e-01   -5.328222126e-01   -7.165906459e-01   -8.603070997e-01   -9.559389148e-01   -9.981409983e-01   -9.845545741e-01   -9.159390202e-01   -7.961294253e-01   -6.318222367e-01   -4.322009795e-01   -2.084229671e-01    2.700430761e-02
    9.716432700e-01    8.881812885e-01    7.543474730e-01    5.777320024e-01    3.683513510e-01    1.380802200e-01   -1.000219180e-01   -3.324514669e-01   -5.460265429e-01   -7.286345645e-01   -8.699191989e-01   -9.618677057e-01   -9.992653669e-01   -9.799912319e-01   -9.051384033e-01   -7.789520443e-01   -6.085886197e-01   -4.037100289e-01   -1.759356455e-01    6.181665711e-02
    9.712297961e-01    8.865746335e-01    7.509056050e-01    5.720291616e-01    3.602379270e-01    1.277184552e-01   -1.121499887e-01   -3.455652765e-01   -5.590965973e-01   -7.404572719e-01   -8.792117330e-01   -9.673759924e-01   -9.998770427e-01   -9.748447601e-01   -8.937195124e-01   -7.611692794e-01   -5.848210556e-01   -3.748219898e-01   -1.432555138e-01    9.655394293e-02
    9.708133734e-01    8.849572119e-01    7.474432189e-01    5.662985337e-01    3.520971608e-01    1.173427311e-01   -1.242613755e-01   -3.586119414e-01   -5.720291616e-01   -7.520551787e-01   -8.881812885e-01   -9.724613669e-01   -9.999757117e-01   -9.691182211e-01   -8.816901471e-01   -7.427949510e-01   -5.605403970e-01   -3.455652765e-01   -1.104183866e-01    1.311739838e-01
    9.703940033e-01    8.833290432e-01    7.439604095e-01    5.605403970e-01    3.439296701e-01    1.069541819e-01   -1.363542767e-01   -3.715889267e-01   -5.848210556e-01   -7.634247640e-01   -8.968245703e-01   -9.771216060e-01   -9.995613235e-01   -9.628150225e-01   -8.690585246e-01   -7.238433391e-01   -5.357679465e-01   -3.159686658e-01   -7.746025053e-02    1.656347406e-01
    9.699716870e-01    8.816901471e-01    7.404572719e-01    5.547550311e-01    3.357360750e-01    9.655394293e-02   -1.484268932e-01   -3.844937108e-01   -5.974691335e-01   -7.745625759e-01   -9.051384033e-01   -9.813546722e-01   -9.986340905e-01   -9.559389148e-01   -8.558332731e-01   -7.043291727e-01   -5.105254385e-01   -2.860612690e-01   -4.441722482e-02    1.998943680e-01
    9.695464258e-01    8.800405437e-01    7.369339017e-01    5.489427172e-01    3.275169973e-01    8.614315096e-02   -1.604774290e-01   -3.973237864e-01   -6.099702850e-01   -7.854652330e-01   -9.131197336e-01   -9.851587151e-01   -9.971944886e-01   -9.484939896e-01   -8.420234264e-01   -6.842676175e-01   -4.848350194e-01   -2.558725028e-01   -1.132552173e-02    2.339112646e-01
    9.691182211e-01    8.783802530e-01    7.333903953e-01    5.431037376e-01    3.192730608e-01    7.572294383e-02   -1.725040915e-01   -4.100766605e-01   -6.223214359e-01   -7.961294253e-01   -9.207656290e-01   -9.885320716e-01   -9.952432564e-01   -9.404846768e-01   -8.276384176e-01   -6.636742651e-01   -4.587192288e-01   -2.254320609e-01    2.177859313e-02    2.676441238e-01
    9.686870741e-01    8.767092950e-01    7.298268495e-01    5.372383758e-01    3.110048912e-01    6.529446043e-02   -1.845050916e-01   -4.227498551e-01   -6.345195488e-01   -8.065519152e-01   -9.280732809e-01   -9.914732669e-01   -9.927813949e-01   -9.319157424e-01   -8.126880726e-01   -6.425651201e-01   -4.322009795e-01   -1.947698844e-01    5.485884057e-02    3.010519839e-01
    9.682529861e-01    8.750276901e-01    7.262433616e-01    5.313469169e-01    3.027131163e-01    5.485884057e-02   -1.964786439e-01   -4.353409078e-01   -6.465616240e-01   -8.167295385e-01   -9.350400049e-01   -9.939810152e-01   -9.898101673e-01   -9.227922850e-01   -7.971826037e-01   -6.209565880e-01   -4.053035374e-01   -1.639161327e-01    8.787896753e-02    3.340942781e-01
    9.678159584e-01    8.733354587e-01    7.226400296e-01    5.254296470e-01    2.943983651e-01    4.441722482e-02   -2.084229671e-01   -4.478473721e-01   -6.584447003e-01   -8.266592052e-01   -9.416632417e-01   -9.960542203e-01   -9.863310980e-01   -9.131197336e-01   -7.811326022e-01   -5.988654625e-01   -3.780505010e-01   -1.329011533e-01    1.208027868e-01    3.667308832e-01
    9.673759924e-01    8.716326214e-01    7.190169520e-01    5.194868535e-01    2.860612690e-01    3.397075442e-02   -2.203362844e-01   -4.602668181e-01   -6.701658554e-01   -8.363379008e-01   -9.479405582e-01   -9.976919757e-01   -9.823459720e-01   -9.029038435e-01   -7.645490314e-01   -5.763089124e-01   -3.504657808e-01   -1.017554526e-01    1.535942169e-01    3.989221686e-01
    9.669330894e-01    8.699191989e-01    7.153742276e-01    5.135188252e-01    2.777024606e-01    2.352057113e-02   -2.322168236e-01   -4.725968324e-01   -6.817222068e-01   -8.457626868e-01   -9.538696485e-01   -9.988935655e-01   -9.778568341e-01   -8.921506937e-01   -7.474432189e-01   -5.533044680e-01   -3.225735784e-01   -7.050966545e-02    1.862173211e-01    4.306290447e-01
    9.664872508e-01    8.681952119e-01    7.117119562e-01    5.075258519e-01    2.693225744e-01    1.306781712e-02   -2.440628171e-01   -4.848350194e-01   -6.931109128e-01   -8.549307019e-01   -9.594483345e-01   -9.996584643e-01   -9.728659873e-01   -8.808666826e-01   -7.298268495e-01   -5.298700080e-01   -2.943983651e-01   -3.919452511e-02    2.186363475e-01    4.618130099e-01
    9.660384778e-01    8.664606814e-01    7.080302376e-01    5.015082247e-01    2.609222464e-01    2.613634839e-03   -2.558725028e-01   -4.969790011e-01   -7.043291727e-01   -8.638391626e-01   -9.646745669e-01   -9.999863378e-01   -9.673759924e-01   -8.690585246e-01   -7.117119562e-01   -5.060237450e-01   -2.659648605e-01   -7.840833102e-03    2.508157676e-01    4.924361978e-01
    9.655867720e-01    8.647156284e-01    7.043291727e-01    4.954662360e-01    2.525021143e-01   -7.840833102e-03   -2.676441238e-01   -5.090264179e-01   -7.153742276e-01   -8.724853645e-01   -9.695464258e-01   -9.998770427e-01   -9.613896662e-01   -8.567332460e-01   -6.931109128e-01   -4.817842118e-01   -2.372980109e-01    2.352057113e-02    2.827203156e-01    5.224614227e-01
    9.651321345e-01    8.629600742e-01    7.006088623e-01    4.894001793e-01    2.440628171e-01   -1.829444407e-02   -2.793759288e-01   -5.209749289e-01   -7.262433616e-01   -8.808666826e-01   -9.740621216e-01   -9.993306266e-01   -9.549100799e-01   -8.438981808e-01   -6.740364252e-01   -4.571702468e-01   -2.084229671e-01    5.485884057e-02    3.143150269e-01    5.518522251e-01
    9.646745669e-01    8.611940401e-01    6.968694083e-01    4.833103493e-01    2.356049954e-01   -2.874605551e-02   -2.910661727e-01   -5.328222126e-01   -7.369339017e-01   -8.889805723e-01   -9.782199955e-01   -9.983473286e-01   -9.479405582e-01   -8.305609663e-01   -6.545015226e-01   -4.322009795e-01   -1.793650628e-01    8.614315096e-02    3.455652765e-01    5.805729159e-01
    9.642140705e-01    8.594175474e-01    6.931109128e-01    4.771970416e-01    2.271292911e-01   -3.919452511e-02   -3.027131163e-01   -5.445659669e-01   -7.474432189e-01   -8.968245703e-01   -9.820185199e-01   -9.969275784e-01   -9.404846768e-01   -8.167295385e-01   -6.345195488e-01   -4.068958154e-01   -1.501497920e-01    1.173427311e-01    3.764368168e-01    6.085886197e-01
    9.637506467e-01    8.576306179e-01    6.893334785e-01    4.710605534e-01    2.186363475e-01   -4.963871087e-02   -3.143150269e-01   -5.562039100e-01   -7.577687290e-01   -9.043962951e-01   -9.854562995e-01   -9.950719968e-01   -9.325462612e-01   -8.024121277e-01   -6.141041528e-01   -3.812744210e-01   -1.208027868e-01    1.484268932e-01    4.068958154e-01    6.358653172e-01
    9.632842969e-01    8.558332731e-01    6.855372086e-01    4.649011828e-01    2.101268093e-01   -6.007747129e-02   -3.258701787e-01   -5.677337805e-01   -7.679078925e-01   -9.116934480e-01   -9.885320716e-01   -9.927813949e-01   -9.241293842e-01   -7.876172533e-01   -5.932692798e-01   -3.553567089e-01   -9.134979498e-02    1.793650628e-01    4.369088918e-01    6.623698864e-01
    9.628150225e-01    8.540255350e-01    6.817222068e-01    4.587192288e-01    2.016013223e-01   -7.050966545e-02   -3.373768526e-01   -5.791533383e-01   -7.778582163e-01   -9.187138137e-01   -9.912447060e-01   -9.900567742e-01   -9.152383645e-01   -7.723537187e-01   -5.720291616e-01   -3.291628215e-01   -6.181665711e-02    2.101268093e-01    4.664431543e-01    6.880701429e-01
    9.623428249e-01    8.522074254e-01    6.778885774e-01    4.525149918e-01    1.930605337e-01   -8.093415313e-02   -3.488333368e-01   -5.904603644e-01   -7.876172533e-01   -9.254552607e-01   -9.935932065e-01   -9.868993257e-01   -9.058777635e-01   -7.566306063e-01   -5.503983067e-01   -3.027131163e-01   -3.222928420e-02    2.406818754e-01    4.954662360e-01    7.129348791e-01
    9.618677057e-01    8.503789665e-01    6.740364252e-01    4.462887732e-01    1.845050916e-01   -9.134979498e-02   -3.602379270e-01   -6.016526617e-01   -7.971826037e-01   -9.319157424e-01   -9.955767103e-01   -9.833104299e-01   -8.960523841e-01   -7.404572719e-01   -5.283914904e-01   -2.760281492e-01   -2.613634839e-03    2.710002073e-01    5.239463302e-01    7.369339017e-01
    9.613896662e-01    8.485401804e-01    6.701658554e-01    4.400408755e-01    1.759356455e-01   -1.017554526e-01   -3.715889267e-01   -6.127280557e-01   -8.065519152e-01   -9.380932973e-01   -9.971944886e-01   -9.792916557e-01   -8.857672673e-01   -7.238433391e-01   -5.060237450e-01   -2.491286594e-01    2.700430761e-02    3.010519839e-01    5.518522251e-01    7.600380689e-01
    9.609087078e-01    8.466910895e-01    6.662769737e-01    4.337716021e-01    1.673528457e-01   -1.121499887e-01   -3.828846472e-01   -6.236843944e-01   -8.157228838e-01   -9.439860501e-01   -9.984459473e-01   -9.748447601e-01   -8.750276901e-01   -7.067986939e-01   -4.833103493e-01   -2.220355524e-01    5.659855774e-02    3.308076464e-01    5.791533383e-01    7.822193255e-01
    9.604248321e-01    8.448317163e-01    6.623698864e-01    4.274812576e-01    1.587573437e-01   -1.225322672e-01   -3.941234080e-01   -6.345195488e-01   -8.246932542e-01   -9.495922116e-01   -9.993306266e-01   -9.699716870e-01   -8.638391626e-01   -6.893334785e-01   -4.602668181e-01   -1.947698844e-01    8.614315096e-02    3.602379270e-01    6.058197502e-01    8.034507367e-01
    9.599380405e-01    8.429620832e-01    6.584447003e-01    4.211701475e-01    1.501497920e-01   -1.329011533e-01   -4.053035374e-01   -6.452314136e-01   -8.334608204e-01   -9.549100799e-01   -9.998482016e-01   -9.646745669e-01   -8.522074254e-01   -6.714580852e-01   -4.369088918e-01   -1.673528457e-01    1.156121662e-01    3.893138783e-01    6.318222367e-01    8.237065215e-01
    9.594483345e-01    8.410822131e-01    6.545015226e-01    4.148385785e-01    1.415308438e-01   -1.432555138e-01   -4.164233720e-01   -6.558179076e-01   -8.420234264e-01   -9.599380405e-01   -9.999984820e-01   -9.589557156e-01   -8.401384463e-01   -6.531831505e-01   -4.132525255e-01   -1.398057441e-01    1.449797488e-01    4.180069012e-01    6.571323015e-01    8.429620832e-01
    9.589557156e-01    8.391921288e-01    6.505404611e-01    4.084868580e-01    1.329011533e-01   -1.535942169e-01   -4.274812576e-01   -6.662769737e-01   -8.503789665e-01   -9.646745669e-01   -9.997814127e-01   -9.528176331e-01   -8.276384176e-01   -6.345195488e-01   -3.893138783e-01   -1.121499887e-01    1.742201330e-01    4.462887732e-01    6.817222068e-01    8.611940401e-01
    9.584601852e-01    8.372918531e-01    6.465616240e-01    4.021152947e-01    1.242613755e-01   -1.639161327e-01   -4.384755493e-01   -6.766065796e-01   -8.585253859e-01   -9.691182211e-01   -9.991970734e-01   -9.462630029e-01   -8.147137526e-01   -6.154783854e-01   -3.651093019e-01   -8.440707286e-02    2.033076646e-01    4.741316765e-01    7.055650044e-01    8.783802530e-01
    9.579617449e-01    8.353814093e-01    6.425651201e-01    3.957241979e-01    1.156121662e-01   -1.742201330e-01   -4.494046114e-01   -6.868047183e-01   -8.664606814e-01   -9.732676540e-01   -9.982456788e-01   -9.392946905e-01   -8.013710826e-01   -5.960709906e-01   -3.406553298e-01   -5.659855774e-02    2.322168236e-01    5.015082247e-01    7.286345645e-01    8.944998528e-01
    9.574603962e-01    8.334608204e-01    6.385510584e-01    3.893138783e-01    1.069541819e-01   -1.845050916e-01   -4.602668181e-01   -6.968694083e-01   -8.741829015e-01   -9.771216060e-01   -9.969275784e-01   -9.319157424e-01   -7.876172533e-01   -5.763089124e-01   -3.159686658e-01   -2.874605551e-02    2.609222464e-01    5.283914904e-01    7.509056050e-01    9.095332656e-01
    9.569561405e-01    8.315301098e-01    6.345195488e-01    3.828846472e-01    9.828807966e-02   -1.947698844e-01   -4.710605534e-01   -7.067986939e-01   -8.816901471e-01   -9.806789068e-01   -9.952432564e-01   -9.241293842e-01   -7.734593214e-01   -5.562039100e-01   -2.910661727e-01   -8.712124948e-04    2.893987484e-01    5.547550311e-01    7.723537187e-01    9.234622365e-01
    9.564489796e-01    8.295893010e-01    6.304707013e-01    3.764368168e-01    8.961451729e-02   -2.050133896e-01   -4.817842118e-01   -7.165906459e-01   -8.889805723e-01   -9.839384766e-01   -9.931933315e-01   -9.159390202e-01   -7.589045510e-01   -5.357679465e-01   -2.659648605e-01    2.700430761e-02    3.176213455e-01    5.805729159e-01    7.929554005e-01    9.362698514e-01
    9.559389148e-01    8.276384176e-01    6.264046266e-01    3.699707005e-01    8.093415313e-02   -2.152344874e-01   -4.924361978e-01   -7.262433616e-01   -8.960523841e-01   -9.868993257e-01   -9.907785567e-01   -9.073482308e-01   -7.439604095e-01   -5.150131822e-01   -2.406818754e-01    5.485884057e-02    3.455652765e-01    6.058197502e-01    8.126880726e-01    9.479405582e-01
    9.554259477e-01    8.256774831e-01    6.223214359e-01    3.634866122e-01    7.224764601e-02   -2.254320609e-01   -5.030149268e-01   -7.357549655e-01   -9.029038435e-01   -9.895605553e-01   -9.879998192e-01   -8.983607719e-01   -7.286345645e-01   -4.939519668e-01   -2.152344874e-01    8.267073849e-02    3.732060248e-01    6.304707013e-01    8.315301098e-01    9.584601852e-01
    9.549100799e-01    8.237065215e-01    6.182212406e-01    3.569848670e-01    6.355565525e-02   -2.356049954e-01   -5.135188252e-01   -7.451236094e-01   -9.095332656e-01   -9.919213574e-01   -9.848581396e-01   -8.889805723e-01   -7.129348791e-01   -4.725968324e-01   -1.896400789e-01    1.104183866e-01    4.005193396e-01    6.545015226e-01    8.494608629e-01    9.678159584e-01
    9.543913130e-01    8.217255566e-01    6.141041528e-01    3.504657808e-01    5.485884057e-02   -2.457521790e-01   -5.239463302e-01   -7.543474730e-01   -9.159390202e-01   -9.939810152e-01   -9.813546722e-01   -8.792117330e-01   -6.968694083e-01   -4.509604862e-01   -1.639161327e-01    1.380802200e-01    4.274812576e-01    6.778885774e-01    8.664606814e-01    9.759965172e-01
    9.538696485e-01    8.197346126e-01    6.099702850e-01    3.439296701e-01    4.615786207e-02   -2.558725028e-01   -5.342958907e-01   -7.634247640e-01   -9.221195319e-01   -9.957389035e-01   -9.774907039e-01   -8.690585246e-01   -6.804463949e-01   -4.290558025e-01   -1.380802200e-01    1.656347406e-01    4.540681236e-01    7.006088623e-01    8.825109348e-01    9.829919280e-01
    9.533450880e-01    8.177337135e-01    6.058197502e-01    3.373768526e-01    3.745338016e-02   -2.659648605e-01   -5.445659669e-01   -7.723537187e-01   -9.280732809e-01   -9.971944886e-01   -9.732676540e-01   -8.585253859e-01   -6.636742651e-01   -4.068958154e-01   -1.121499887e-01    1.930605337e-01    4.802566116e-01    7.226400296e-01    8.975940336e-01    9.887936963e-01
    9.528176331e-01    8.157228838e-01    6.016526617e-01    3.308076464e-01    2.874605551e-02   -2.760281492e-01   -5.547550311e-01   -7.811326022e-01   -9.337988031e-01   -9.983473286e-01   -9.686870741e-01   -8.476169217e-01   -6.465616240e-01   -3.844937108e-01   -8.614315096e-02    2.203362844e-01    5.060237450e-01    7.439604095e-01    9.116934480e-01    9.933947770e-01
    9.522872854e-01    8.137021478e-01    5.974691335e-01    3.242223707e-01    2.003654902e-02   -2.860612690e-01   -5.648615676e-01   -7.897597087e-01   -9.392946905e-01   -9.991970734e-01   -9.637506467e-01   -8.363379008e-01   -6.291172518e-01   -3.618628189e-01   -6.007747129e-02    2.474407948e-01    5.313469169e-01    7.645490314e-01    9.247937263e-01    9.967895830e-01
    9.517540465e-01    8.116715301e-01    5.932692798e-01    3.176213455e-01    1.132552173e-02   -2.960631232e-01   -5.748840727e-01   -7.982333618e-01   -9.445595916e-01   -9.997434651e-01   -9.584601852e-01   -8.246932542e-01   -6.113500984e-01   -3.390166058e-01   -3.397075442e-02    2.743529999e-01    5.562039100e-01    7.843856442e-01    9.368805117e-01    9.989739921e-01
    9.512179181e-01    8.096310552e-01    5.890532155e-01    3.110048912e-01    2.613634839e-03   -3.060326187e-01   -5.848210556e-01   -8.065519152e-01   -9.495922116e-01   -9.999863378e-01   -9.528176331e-01   -8.126880726e-01   -5.932692798e-01   -3.159686658e-01   -7.840833102e-03    3.010519839e-01    5.805729159e-01    8.034507367e-01    9.479405582e-01    9.999453517e-01
    9.506789017e-01    8.075807481e-01    5.848210556e-01    3.043733295e-01   -6.098450433e-03   -3.159686658e-01   -5.946710379e-01   -8.147137526e-01   -9.543913130e-01   -9.999256178e-01   -9.468250632e-01   -8.003276044e-01   -5.748840727e-01   -2.927327133e-01    1.829444407e-02    3.275169973e-01    6.044325544e-01    8.217255566e-01    9.579617449e-01    9.997024823e-01
    9.501369990e-01    8.055206336e-01    5.805729159e-01    2.977269824e-01   -1.481007283e-02   -3.258701787e-01   -6.044325544e-01   -8.227172879e-01   -9.589557156e-01   -9.995613235e-01   -9.404846768e-01   -7.876172533e-01   -5.562039100e-01   -2.693225744e-01    4.441722482e-02    3.537274718e-01    6.277618922e-01    8.391921288e-01    9.669330894e-01    9.982456788e-01
    9.495922116e-01    8.034507367e-01    5.763089124e-01    2.910661727e-01   -2.352057113e-02   -3.357360750e-01   -6.141041528e-01   -8.305609663e-01   -9.632842969e-01   -9.988935655e-01   -9.337988031e-01   -7.745625759e-01   -5.372383758e-01   -2.457521790e-01    7.050966545e-02    3.796630373e-01    6.505404611e-01    8.558332731e-01    9.748447601e-01    9.955767103e-01
    9.490445413e-01    8.013710826e-01    5.720291616e-01    2.843912240e-01   -3.222928420e-02   -3.455652765e-01   -6.236843944e-01   -8.382432634e-01   -9.673759924e-01   -9.979225465e-01   -9.267698982e-01   -7.611692794e-01   -5.179972009e-01   -2.220355524e-01    9.655394293e-02    4.053035374e-01    6.727482764e-01    8.716326214e-01    9.816880863e-01    9.916988175e-01
    9.484939896e-01    7.992816965e-01    5.677337805e-01    2.777024606e-01   -4.093555106e-02   -3.553567089e-01   -6.331718539e-01   -8.457626868e-01   -9.712297961e-01   -9.966485613e-01   -9.194005442e-01   -7.474432189e-01   -4.984902573e-01   -1.981868068e-01    1.225322672e-01    4.306290447e-01    6.943658540e-01    8.865746335e-01    9.874555684e-01    9.866167096e-01
    9.479405582e-01    7.971826037e-01    5.634228865e-01    2.710002073e-01   -4.963871087e-02   -3.651093019e-01   -6.425651201e-01   -8.531177752e-01   -9.748447601e-01   -9.950719968e-01   -9.116934480e-01   -7.333903953e-01   -4.787275533e-01   -1.742201330e-01    1.484268932e-01    4.556198769e-01    7.153742276e-01    9.006446125e-01    9.921408857e-01    9.803365575e-01
    9.473842488e-01    7.950738299e-01    5.590965973e-01    2.642847899e-01   -5.833810308e-02   -3.748219898e-01   -6.518627954e-01   -8.603070997e-01   -9.782199955e-01   -9.931933315e-01   -9.036514411e-01   -7.190169520e-01   -4.587192288e-01   -1.501497920e-01    1.742201330e-01    4.802566116e-01    7.357549655e-01    9.138287190e-01    9.957389035e-01    9.728659873e-01
    9.468250632e-01    7.929554005e-01    5.547550311e-01    2.575565343e-01   -6.703306738e-02   -3.844937108e-01   -6.610634967e-01   -8.673292633e-01   -9.813546722e-01   -9.910131358e-01   -8.952774775e-01   -7.043291727e-01   -4.384755493e-01   -1.259901066e-01    1.998943680e-01    5.045201018e-01    7.554901865e-01    9.261139853e-01    9.982456788e-01    9.642140705e-01
    9.462630029e-01    7.908273413e-01    5.503983067e-01    2.508157676e-01   -7.572294383e-02   -3.941234080e-01   -6.701658554e-01   -8.741829015e-01   -9.842480195e-01   -9.885320716e-01   -8.865746335e-01   -6.893334785e-01   -4.180069012e-01   -1.017554526e-01    2.254320609e-01    5.283914904e-01    7.745625759e-01    9.374883276e-01    9.996584643e-01    9.543913130e-01
    9.456980697e-01    7.886896782e-01    5.460265429e-01    2.440628171e-01   -8.440707286e-02   -4.037100289e-01   -6.791685172e-01   -8.808666826e-01   -9.868993257e-01   -9.857508921e-01   -8.775461061e-01   -6.740364252e-01   -3.973237864e-01   -7.746025053e-02    2.508157676e-01    5.518522251e-01    7.929554005e-01    9.479405582e-01    9.999757117e-01    9.434096426e-01
    9.451302654e-01    7.865424372e-01    5.416398594e-01    2.372980109e-01   -9.308479533e-02   -4.132525255e-01   -6.880701429e-01   -8.873793081e-01   -9.893079390e-01   -9.826704418e-01   -8.681952119e-01   -6.584447003e-01   -3.764368168e-01   -5.311895685e-02    2.760281492e-01    5.748840727e-01    8.106525232e-01    9.574603962e-01    9.991970734e-01    9.312823942e-01
    9.445595916e-01    7.843856442e-01    5.372383758e-01    2.305216776e-01   -1.017554526e-01   -4.227498551e-01   -6.968694083e-01   -8.937195124e-01   -9.914732669e-01   -9.792916557e-01   -8.585253859e-01   -6.425651201e-01   -3.553567089e-01   -2.874605551e-02    3.010519839e-01    5.974691335e-01    8.276384176e-01    9.660384778e-01    9.973234027e-01    9.180242940e-01
    9.439860501e-01    7.822193255e-01    5.328222126e-01    2.237341463e-01   -1.104183866e-01   -4.322009795e-01   -7.055650044e-01   -8.998860636e-01   -9.933947770e-01   -9.756155598e-01   -8.485401804e-01   -6.264046266e-01   -3.340942781e-01   -4.356049249e-03    3.258701787e-01    6.195898548e-01    8.438981808e-01    9.736663659e-01    9.943567528e-01    9.036514411e-01
    9.434096426e-01    7.800435074e-01    5.283914904e-01    2.169357468e-01   -1.190729397e-01   -4.416048658e-01   -7.141556375e-01   -9.058777635e-01   -9.950719968e-01   -9.716432700e-01   -8.382432634e-01   -6.099702850e-01   -3.126604337e-01    2.003654902e-02    3.504657808e-01    6.412290450e-01    8.594175474e-01    9.803365575e-01    9.903003752e-01    8.881812885e-01
    9.428303708e-01    7.778582163e-01    5.239463302e-01    2.101268093e-01   -1.277184552e-01   -4.509604862e-01   -7.226400296e-01   -9.116934480e-01   -9.965045138e-01   -9.673759924e-01   -8.276384176e-01   -5.932692798e-01   -2.910661727e-01    4.441722482e-02    3.748219898e-01    6.623698864e-01    8.741829015e-01    9.860424919e-01    9.851587151e-01    8.716326214e-01
    9.422482366e-01    7.756634788e-01    5.194868535e-01    2.033076646e-01   -1.363542767e-01   -4.602668181e-01   -7.310169187e-01   -9.173319871e-01   -9.976919757e-01   -9.628150225e-01   -8.167295385e-01   -5.763089124e-01   -2.693225744e-01    6.877147081e-02    3.989221686e-01    6.829959490e-01    8.881812885e-01    9.907785567e-01    9.789374074e-01    8.540255350e-01
    9.416632417e-01    7.734593214e-01    5.150131822e-01    1.964786439e-01   -1.449797488e-01   -4.695228443e-01   -7.392850585e-01   -9.227922850e-01   -9.986340905e-01   -9.579617449e-01   -8.055206336e-01   -5.590965973e-01   -2.474407948e-01    9.308479533e-02    4.227498551e-01    7.030912026e-01    9.014004269e-01    9.945400936e-01    9.716432700e-01    8.353814093e-01
    9.410753878e-01    7.712457711e-01    5.105254385e-01    1.896400789e-01   -1.535942169e-01   -4.787275533e-01   -7.474432189e-01   -9.280732809e-01   -9.993306266e-01   -9.528176331e-01   -7.940158205e-01   -5.416398594e-01   -2.254320609e-01    1.173427311e-01    4.462887732e-01    7.226400296e-01    9.138287190e-01    9.973234027e-01    9.632842969e-01    8.157228838e-01
    9.404846768e-01    7.690228546e-01    5.060237450e-01    1.827923019e-01   -1.621970271e-01   -4.878799390e-01   -7.554901865e-01   -9.331739487e-01   -9.997814127e-01   -9.473842488e-01   -7.822193255e-01   -5.239463302e-01   -2.033076646e-01    1.415308438e-01    4.695228443e-01    7.416272372e-01    9.254552607e-01    9.991257463e-01    9.538696485e-01    7.950738299e-01
    9.398911105e-01    7.667905990e-01    5.015082247e-01    1.759356455e-01   -1.707875264e-01   -4.969790011e-01   -7.634247640e-01   -9.380932973e-01   -9.999863378e-01   -9.416632417e-01   -7.701354820e-01   -5.060237450e-01   -1.810789572e-01    1.656347406e-01    4.924361978e-01    7.600380689e-01    9.362698514e-01    9.999453517e-01    9.434096426e-01    7.734593214e-01
    9.392946905e-01    7.645490314e-01    4.969790011e-01    1.690704427e-01   -1.793650628e-01   -5.060237450e-01   -7.712457711e-01   -9.428303708e-01   -9.999453517e-01   -9.356563485e-01   -7.577687290e-01   -4.878799390e-01   -1.587573437e-01    1.896400789e-01    5.150131822e-01    7.778582163e-01    9.462630029e-01    9.997814127e-01    9.319157424e-01    7.509056050e-01
    9.386954189e-01    7.622981789e-01    4.924361978e-01    1.621970271e-01   -1.879289853e-01   -5.150131822e-01   -7.789520443e-01   -9.473842488e-01   -9.996584643e-01   -9.293653930e-01   -7.451236094e-01   -4.695228443e-01   -1.363542767e-01    2.135325746e-01    5.372383758e-01    7.950738299e-01    9.554259477e-01    9.986340905e-01    9.194005442e-01    7.274400673e-01
    9.380932973e-01    7.600380689e-01    4.878799390e-01    1.553157325e-01   -1.964786439e-01   -5.239463302e-01   -7.865424372e-01   -9.517540465e-01   -9.991257463e-01   -9.227922850e-01   -7.322047685e-01   -4.509604862e-01   -1.138812503e-01    2.372980109e-01    5.590965973e-01    8.116715301e-01    9.637506467e-01    9.965045138e-01    9.058777635e-01    7.030912026e-01
    9.374883276e-01    7.577687290e-01    4.833103493e-01    1.484268932e-01   -2.050133896e-01   -5.328222126e-01   -7.940158205e-01   -9.559389148e-01   -9.983473286e-01   -9.159390202e-01   -7.190169520e-01   -4.322009795e-01   -9.134979498e-02    2.609222464e-01    5.805729159e-01    8.276384176e-01    9.712297961e-01    9.933947770e-01    8.913622203e-01    6.778885774e-01
    9.368805117e-01    7.554901865e-01    4.787275533e-01    1.415308438e-01   -2.135325746e-01   -5.416398594e-01   -8.013710826e-01   -9.599380405e-01   -9.973234027e-01   -9.088076792e-01   -7.055650044e-01   -4.132525255e-01   -6.877147081e-02    2.843912240e-01    6.016526617e-01    8.429620832e-01    9.778568341e-01    9.893079390e-01    8.758698221e-01    6.518627954e-01
    9.362698514e-01    7.532024692e-01    4.741316765e-01    1.346279194e-01   -2.220355524e-01   -5.503983067e-01   -8.086071292e-01   -9.637506467e-01   -9.960542203e-01   -9.014004269e-01   -6.918538673e-01   -3.941234080e-01   -4.615786207e-02    3.076909787e-01    6.223214359e-01    8.576306179e-01    9.836259464e-01    9.842480195e-01    8.594175474e-01    6.250454593e-01
    9.356563485e-01    7.509056050e-01    4.695228443e-01    1.277184552e-01   -2.305216776e-01   -5.590965973e-01   -8.157228838e-01   -9.673759924e-01   -9.945400936e-01   -8.937195124e-01   -6.778885774e-01   -3.748219898e-01   -2.352057113e-02    3.308076464e-01    6.425651201e-01    8.716326214e-01    9.885320716e-01    9.782199955e-01    8.420234264e-01    5.974691335e-01
    9.350400049e-01    7.485996216e-01    4.649011828e-01    1.208027868e-01   -2.389903060e-01   -5.677337805e-01   -8.227172879e-01   -9.708133734e-01   -9.927813949e-01   -8.857672673e-01   -6.636742651e-01   -3.553567089e-01   -8.712124948e-04    3.537274718e-01    6.623698864e-01    8.849572119e-01    9.925709051e-01    9.712297961e-01    8.237065215e-01    5.691673037e-01
    9.344208225e-01    7.462845471e-01    4.602668181e-01    1.138812503e-01   -2.474407948e-01   -5.763089124e-01   -8.295893010e-01   -9.740621216e-01   -9.907785567e-01   -8.775461061e-01   -6.492161518e-01   -3.357360750e-01    2.177859313e-02    3.764368168e-01    6.817222068e-01    8.975940336e-01    9.957389035e-01    9.632842969e-01    8.044869064e-01    5.401743367e-01
    9.337988031e-01    7.439604095e-01    4.556198769e-01    1.069541819e-01   -2.558725028e-01   -5.848210556e-01   -8.363379008e-01   -9.771216060e-01   -9.885320716e-01   -8.690585246e-01   -6.345195488e-01   -3.159686658e-01    4.441722482e-02    3.989221686e-01    7.006088623e-01    9.095332656e-01    9.980332874e-01    9.543913130e-01    7.843856442e-01    5.105254385e-01
    9.331739487e-01    7.416272372e-01    4.509604862e-01    1.000219180e-01   -2.642847899e-01   -5.932692798e-01   -8.429620832e-01   -9.799912319e-01   -9.860424919e-01   -8.603070997e-01   -6.195898548e-01   -2.960631232e-01    6.703306738e-02    4.211701475e-01    7.190169520e-01    9.207656290e-01    9.994520438e-01    9.445595916e-01    7.634247640e-01    4.802566116e-01
    9.325462612e-01    7.392850585e-01    4.462887732e-01    9.308479533e-02   -2.726770175e-01   -6.016526617e-01   -8.494608629e-01   -9.826704418e-01   -9.833104299e-01   -8.512944882e-01   -6.044325544e-01   -2.760281492e-01    8.961451729e-02    4.431675153e-01    7.369339017e-01    9.312823942e-01    9.999939279e-01    9.337988031e-01    7.416272372e-01    4.494046114e-01
    9.319157424e-01    7.369339017e-01    4.416048658e-01    8.614315096e-02   -2.810485488e-01   -6.099702850e-01   -8.558332731e-01   -9.851587151e-01   -9.803365575e-01   -8.420234264e-01   -5.890532155e-01   -2.558725028e-01    1.121499887e-01    4.649011828e-01    7.543474730e-01    9.410753878e-01    9.996584643e-01    9.221195319e-01    7.190169520e-01    4.180069012e-01
    9.312823942e-01    7.345737955e-01    4.369088918e-01    7.919732205e-02   -2.893987484e-01   -6.182212406e-01   -8.620783658e-01   -9.874555684e-01   -9.771216060e-01   -8.324967289e-01   -5.734574877e-01   -2.356049954e-01    1.346279194e-01    4.863582175e-01    7.712457711e-01    9.501369990e-01    9.984459473e-01    9.095332656e-01    6.956186871e-01    3.861016072e-01
    9.306462186e-01    7.322047685e-01    4.322009795e-01    7.224764601e-02   -2.977269824e-01   -6.264046266e-01   -8.681952119e-01   -9.895605553e-01   -9.736663659e-01   -8.227172879e-01   -5.576511002e-01   -2.152344874e-01    1.570367765e-01    5.075258519e-01    7.876172533e-01    9.584601852e-01    9.963574408e-01    8.960523841e-01    6.714580852e-01    3.537274718e-01
    9.300072176e-01    7.298268495e-01    4.274812576e-01    6.529446043e-02   -3.060326187e-01   -6.345195488e-01   -8.741829015e-01   -9.914732669e-01   -9.699716870e-01   -8.126880726e-01   -5.416398594e-01   -1.947698844e-01    1.793650628e-01    5.283914904e-01    8.034507367e-01    9.660384778e-01    9.933947770e-01    8.816901471e-01    6.465616240e-01    3.209238068e-01
    9.293653930e-01    7.274400673e-01    4.227498551e-01    5.833810308e-02   -3.143150269e-01   -6.425651201e-01   -8.800405437e-01   -9.931933315e-01   -9.660384778e-01   -8.024121277e-01   -5.254296470e-01   -1.742201330e-01    2.016013223e-01    5.489427172e-01    8.187354059e-01    9.728659873e-01    9.895605553e-01    8.664606814e-01    6.209565880e-01    2.877304455e-01
    9.287207468e-01    7.250444510e-01    4.180069012e-01    5.137891185e-02   -3.225735784e-01   -6.505404611e-01   -8.857672673e-01   -9.947204148e-01   -9.618677057e-01   -7.918925730e-01   -5.090264179e-01   -1.535942169e-01    2.237341463e-01    5.691673037e-01    8.334608204e-01    9.789374074e-01    9.848581396e-01    8.503789665e-01    5.946710379e-01    2.541876944e-01
    9.280732809e-01    7.226400296e-01    4.132525255e-01    4.441722482e-02   -3.308076464e-01   -6.584447003e-01   -8.913622203e-01   -9.960542203e-01   -9.574603962e-01   -7.811326022e-01   -4.924361978e-01   -1.329011533e-01    2.457521790e-01    5.890532155e-01    8.476169217e-01    9.842480195e-01    9.792916557e-01    8.334608204e-01    5.677337805e-01    2.203362844e-01
    9.274229974e-01    7.202268324e-01    4.084868580e-01    3.745338016e-02   -3.390166058e-01   -6.662769737e-01   -8.968245703e-01   -9.971944886e-01   -9.528176331e-01   -7.701354820e-01   -4.756650811e-01   -1.121499887e-01    2.676441238e-01    6.085886197e-01    8.611940401e-01    9.887936963e-01    9.728659873e-01    8.157228838e-01    5.401743367e-01    1.862173211e-01
    9.267698982e-01    7.178048886e-01    4.037100289e-01    3.048771614e-02   -3.471998337e-01   -6.740364252e-01   -9.021535047e-01   -9.981409983e-01   -9.479405582e-01   -7.589045510e-01   -4.587192288e-01   -9.134979498e-02    2.893987484e-01    6.277618922e-01    8.741829015e-01    9.925709051e-01    9.655867720e-01    7.971826037e-01    5.120229091e-01    1.518722350e-01
    9.261139853e-01    7.153742276e-01    3.989221686e-01    2.352057113e-02   -3.553567089e-01   -6.817222068e-01   -9.073482308e-01   -9.988935655e-01   -9.428303708e-01   -7.474432189e-01   -4.416048658e-01   -7.050966545e-02    3.110048912e-01    6.465616240e-01    8.865746335e-01    9.955767103e-01    9.574603962e-01    7.778582163e-01    4.833103493e-01    1.173427311e-01
    9.254552607e-01    7.129348791e-01    3.941234080e-01    1.655228357e-02   -3.634866122e-01   -6.893334785e-01   -9.124079759e-01   -9.994520438e-01   -9.374883276e-01   -7.357549655e-01   -4.243282791e-01   -4.963871087e-02    3.324514669e-01    6.649766288e-01    8.983607719e-01    9.978087758e-01    9.484939896e-01    7.577687290e-01    4.540681236e-01    8.267073849e-02
    9.247937263e-01    7.104868725e-01    3.893138783e-01    9.583191966e-03   -3.715889267e-01   -6.968694083e-01   -9.173319871e-01   -9.998163249e-01   -9.319157424e-01   -7.238433391e-01   -4.068958154e-01   -2.874605551e-02    3.537274718e-01    6.829959490e-01    9.095332656e-01    9.992653669e-01    9.386954189e-01    7.369339017e-01    4.243282791e-01    4.789835918e-02
    9.241293842e-01    7.080302376e-01    3.844937108e-01    2.613634839e-03   -3.796630373e-01   -7.043291727e-01   -9.221195319e-01   -9.999863378e-01   -9.261139853e-01   -7.117119562e-01   -3.893138783e-01   -7.840833102e-03    3.748219898e-01    7.006088623e-01    9.200844833e-01    9.999453517e-01    9.280732809e-01    7.153742276e-01    3.941234080e-01    1.306781712e-02
    9.234622365e-01    7.055650044e-01    3.796630373e-01   -4.356049249e-03   -3.877083313e-01   -7.117119562e-01   -9.267698982e-01   -9.999620497e-01   -9.200844833e-01   -6.993644997e-01   -3.715889267e-01    1.306781712e-02    3.957241979e-01    7.178048886e-01    9.300072176e-01    9.998482016e-01    9.166368951e-01    6.931109128e-01    3.634866122e-01   -2.177859313e-02
    9.227922850e-01    7.030912026e-01    3.748219898e-01   -1.132552173e-02   -3.957241979e-01   -7.190169520e-01   -9.312823942e-01   -9.997434651e-01   -9.138287190e-01   -6.868047183e-01   -3.537274718e-01    3.397075442e-02    4.164233720e-01    7.345737955e-01    9.392946905e-01    9.989739921e-01    9.043962951e-01    6.701658554e-01    3.324514669e-01   -5.659855774e-02
    9.221195319e-01    7.006088623e-01    3.699707005e-01   -1.829444407e-02   -4.037100289e-01   -7.262433616e-01   -9.356563485e-01   -9.993306266e-01   -9.073482308e-01   -6.740364252e-01   -3.357360750e-01    5.485884057e-02    4.369088918e-01    7.509056050e-01    9.479405582e-01    9.973234027e-01    8.913622203e-01    6.465616240e-01    3.010519839e-01   -9.134979498e-02
    9.214439792e-01    6.981180138e-01    3.651093019e-01   -2.526247772e-02   -4.116652179e-01   -7.333903953e-01   -9.398911105e-01   -9.987236144e-01   -9.006446125e-01   -6.610634967e-01   -3.176213455e-01    7.572294383e-02    4.571702468e-01    7.667905990e-01    9.559389148e-01    9.948977161e-01    8.775461061e-01    6.223214359e-01    2.693225744e-01   -1.259901066e-01
    9.207656290e-01    6.956186871e-01    3.602379270e-01   -3.222928420e-02   -4.195891613e-01   -7.404572719e-01   -9.439860501e-01   -9.979225465e-01   -8.937195124e-01   -6.478898714e-01   -2.993899376e-01    9.655394293e-02    4.771970416e-01    7.822193255e-01    9.632842969e-01    9.916988175e-01    8.629600742e-01    5.974691335e-01    2.372980109e-01   -1.604774290e-01
    9.200844833e-01    6.931109128e-01    3.553567089e-01   -3.919452511e-02   -4.274812576e-01   -7.474432189e-01   -9.479405582e-01   -9.969275784e-01   -8.865746335e-01   -6.345195488e-01   -2.810485488e-01    1.173427311e-01    4.969790011e-01    7.971826037e-01    9.699716870e-01    9.877291932e-01    8.476169217e-01    5.720291616e-01    2.050133896e-01   -1.947698844e-01
    9.194005442e-01    6.905947212e-01    3.504657808e-01   -4.615786207e-02   -4.353409078e-01   -7.543474730e-01   -9.517540465e-01   -9.957389035e-01   -8.792117330e-01   -6.209565880e-01   -2.626039168e-01    1.380802200e-01    5.165059756e-01    8.116715301e-01    9.759965172e-01    9.829919280e-01    8.315301098e-01    5.460265429e-01    1.725040915e-01   -2.288258317e-01
    9.187138137e-01    6.880701429e-01    3.455652765e-01   -5.311895685e-02   -4.431675153e-01   -7.611692794e-01   -9.554259477e-01   -9.943567528e-01   -8.716326214e-01   -6.072051067e-01   -2.440628171e-01    1.587573437e-01    5.357679465e-01    8.256774831e-01    9.813546722e-01    9.774907039e-01    8.147137526e-01    5.194868535e-01    1.398057441e-01   -2.626039168e-01
    9.180242940e-01    6.855372086e-01    3.406553298e-01   -6.007747129e-02   -4.509604862e-01   -7.679078925e-01   -9.589557156e-01   -9.927813949e-01   -8.638391626e-01   -5.932692798e-01   -2.254320609e-01    1.793650628e-01    5.547550311e-01    8.391921288e-01    9.860424919e-01    9.712297961e-01    7.971826037e-01    4.924361978e-01    1.069541819e-01   -2.960631232e-01
    9.173319871e-01    6.829959490e-01    3.357360750e-01   -6.703306738e-02   -4.587192288e-01   -7.745625759e-01   -9.623428249e-01   -9.910131358e-01   -8.558332731e-01   -5.791533383e-01   -2.067184921e-01    1.998943680e-01    5.734574877e-01    8.522074254e-01    9.900567742e-01    9.642140705e-01    7.789520443e-01    4.649011828e-01    7.398540723e-02   -3.291628215e-01
    9.166368951e-01    6.804463949e-01    3.308076464e-01   -7.398540723e-02   -4.664431543e-01   -7.811326022e-01   -9.655867720e-01   -9.890523190e-01   -8.476169217e-01   -5.648615676e-01   -1.879289853e-01    2.203362844e-01    5.918657206e-01    8.647156284e-01    9.933947770e-01    9.564489796e-01    7.600380689e-01    4.369088918e-01    4.093555106e-02   -3.618628189e-01
    9.159390202e-01    6.778885774e-01    3.258701787e-01   -8.093415313e-02   -4.741316765e-01   -7.876172533e-01   -9.686870741e-01   -9.868993257e-01   -8.391921288e-01   -5.503983067e-01   -1.690704427e-01    2.406818754e-01    6.099702850e-01    8.767092950e-01    9.960542203e-01    9.479405582e-01    7.404572719e-01    4.084868580e-01    7.840833102e-03   -3.941234080e-01
    9.152383645e-01    6.753225276e-01    3.209238068e-01   -8.787896753e-02   -4.817842118e-01   -7.940158205e-01   -9.716432700e-01   -9.845545741e-01   -8.305609663e-01   -5.357679465e-01   -1.501497920e-01    2.609222464e-01    6.277618922e-01    8.881812885e-01    9.980332874e-01    9.386954189e-01    7.202268324e-01    3.796630373e-01   -2.526247772e-02   -4.259054149e-01
    9.145349300e-01    6.727482764e-01    3.159686658e-01   -9.481951307e-02   -4.894001793e-01   -8.003276044e-01   -9.744549201e-01   -9.820185199e-01   -8.217255566e-01   -5.209749289e-01   -1.311739838e-01    2.810485488e-01    6.452314136e-01    8.991247826e-01    9.993306266e-01    9.287207468e-01    6.993644997e-01    3.504657808e-01   -5.833810308e-02   -4.571702468e-01
    9.138287190e-01    6.701658554e-01    3.110048912e-01   -1.017554526e-01   -4.969790011e-01   -8.065519152e-01   -9.771216060e-01   -9.792916557e-01   -8.126880726e-01   -5.060237450e-01   -1.121499887e-01    3.010519839e-01    6.623698864e-01    9.095332656e-01    9.999453517e-01    9.180242940e-01    6.778885774e-01    3.209238068e-01   -9.134979498e-02   -4.878799390e-01
    9.131197336e-01    6.675752957e-01    3.060326187e-01   -1.086864492e-01   -5.045201018e-01   -8.126880726e-01   -9.796429309e-01   -9.763745115e-01   -8.034507367e-01   -4.909189338e-01   -9.308479533e-02    3.209238068e-01    6.791685172e-01    9.194005442e-01    9.998770427e-01    9.066143735e-01    6.558179076e-01    2.910661727e-01   -1.242613755e-01   -5.179972009e-01
    9.124079759e-01    6.649766288e-01    3.010519839e-01   -1.156121662e-01   -5.120229091e-01   -8.187354059e-01   -9.820185199e-01   -9.732676540e-01   -7.940158205e-01   -4.756650811e-01   -7.398540723e-02    3.406553298e-01    6.956186871e-01    9.287207468e-01    9.991257463e-01    8.944998528e-01    6.331718539e-01    2.609222464e-01   -1.570367765e-01   -5.474854612e-01
    9.116934480e-01    6.623698864e-01    2.960631232e-01   -1.225322672e-01   -5.194868535e-01   -8.246932542e-01   -9.842480195e-01   -9.699716870e-01   -7.843856442e-01   -4.602668181e-01   -5.485884057e-02    3.602379270e-01    7.117119562e-01    9.374883276e-01    9.976919757e-01    8.816901471e-01    6.099702850e-01    2.305216776e-01   -1.896400789e-01   -5.763089124e-01
    9.109761523e-01    6.597551000e-01    2.910661727e-01   -1.294464160e-01   -5.269113685e-01   -8.305609663e-01   -9.863310980e-01   -9.664872508e-01   -7.745625759e-01   -4.447288194e-01   -3.571212150e-02    3.796630373e-01    7.274400673e-01    9.456980697e-01    9.955767103e-01    8.681952119e-01    5.862335568e-01    1.998943680e-01   -2.220355524e-01   -6.044325544e-01
    9.102560907e-01    6.571323015e-01    2.860612690e-01   -1.363542767e-01   -5.342958907e-01   -8.363379008e-01   -9.882674456e-01   -9.628150225e-01   -7.645490314e-01   -4.290558025e-01   -1.655228357e-02    3.989221686e-01    7.427949510e-01    9.533450880e-01    9.927813949e-01    8.540255350e-01    5.619824948e-01    1.690704427e-01   -2.541876944e-01   -6.318222367e-01
    9.095332656e-01    6.545015226e-01    2.810485488e-01   -1.432555138e-01   -5.416398594e-01   -8.420234264e-01   -9.900567742e-01   -9.589557156e-01   -7.543474730e-01   -4.132525255e-01    2.613634839e-03    4.180069012e-01    7.577687290e-01    9.604248321e-01    9.893079390e-01    8.391921288e-01    5.372383758e-01    1.380802200e-01   -2.860612690e-01   -6.584447003e-01
    9.088076792e-01    6.518627954e-01    2.760281492e-01   -1.501497920e-01   -5.489427172e-01   -8.476169217e-01   -9.916988175e-01   -9.549100799e-01   -7.439604095e-01   -3.973237864e-01    2.177859313e-02    4.369088918e-01    7.723537187e-01    9.669330894e-01    9.851587151e-01    8.237065215e-01    5.120229091e-01    1.069541819e-01   -3.176213455e-01   -6.842676175e-01
    9.080793335e-01    6.492161518e-01    2.710002073e-01   -1.570367765e-01   -5.562039100e-01   -8.531177752e-01   -9.931933315e-01   -9.506789017e-01   -7.333903953e-01   -3.812744210e-01    4.093555106e-02    4.556198769e-01    7.865424372e-01    9.728659873e-01    9.803365575e-01    8.075807481e-01    4.863582175e-01    7.572294383e-02   -3.488333368e-01   -7.092596317e-01
    9.073482308e-01    6.465616240e-01    2.659648605e-01   -1.639161327e-01   -5.634228865e-01   -8.585253859e-01   -9.945400936e-01   -9.462630029e-01   -7.226400296e-01   -3.651093019e-01    6.007747129e-02    4.741316765e-01    8.003276044e-01    9.782199955e-01    9.748447601e-01    7.908273413e-01    4.602668181e-01    4.441722482e-02   -3.796630373e-01   -7.333903953e-01
    9.066143735e-01    6.438992443e-01    2.609222464e-01   -1.707875264e-01   -5.705990989e-01   -8.638391626e-01   -9.957389035e-01   -9.416632417e-01   -7.117119562e-01   -3.488333368e-01    7.919732205e-02    4.924361978e-01    8.137021478e-01    9.829919280e-01    9.686870741e-01    7.734593214e-01    4.337716021e-01    1.306781712e-02   -4.100766605e-01   -7.566306063e-01
    9.058777635e-01    6.412290450e-01    2.558725028e-01   -1.776506238e-01   -5.777320024e-01   -8.690585246e-01   -9.967895830e-01   -9.368805117e-01   -7.006088623e-01   -3.324514669e-01    9.828807966e-02    5.105254385e-01    8.266592052e-01    9.871789456e-01    9.618677057e-01    7.554901865e-01    4.068958154e-01   -1.829444407e-02   -4.400408755e-01   -7.789520443e-01
    9.051384033e-01    6.385510584e-01    2.508157676e-01   -1.845050916e-01   -5.848210556e-01   -8.741829015e-01   -9.976919757e-01   -9.319157424e-01   -6.893334785e-01   -3.159686658e-01    1.173427311e-01    5.283914904e-01    8.391921288e-01    9.907785567e-01    9.543913130e-01    7.369339017e-01    3.796630373e-01   -4.963871087e-02   -4.695228443e-01   -8.003276044e-01
    9.043962951e-01    6.358653172e-01    2.457521790e-01   -1.913505968e-01   -5.918657206e-01   -8.792117330e-01   -9.984459473e-01   -9.267698982e-01   -6.778885774e-01   -2.993899376e-01    1.363542767e-01    5.460265429e-01    8.512944882e-01    9.937886195e-01    9.462630029e-01    7.178048886e-01    3.520971608e-01   -8.093415313e-02   -4.984902573e-01   -8.207313305e-01
    9.036514411e-01    6.331718539e-01    2.406818754e-01   -1.981868068e-01   -5.988654625e-01   -8.841444697e-01   -9.990513858e-01   -9.214439792e-01   -6.662769737e-01   -2.827203156e-01    1.553157325e-01    5.634228865e-01    8.629600742e-01    9.962073428e-01    9.374883276e-01    6.981180138e-01    3.242223707e-01   -1.121499887e-01   -5.269113685e-01   -8.401384463e-01
    9.029038435e-01    6.304707013e-01    2.356049954e-01   -2.050133896e-01   -6.058197502e-01   -8.889805723e-01   -9.995082009e-01   -9.159390202e-01   -6.545015226e-01   -2.659648605e-01    1.742201330e-01    5.805729159e-01    8.741829015e-01    9.980332874e-01    9.280732809e-01    6.778885774e-01    2.960631232e-01   -1.432555138e-01   -5.547550311e-01   -8.585253859e-01
    9.021535047e-01    6.277618922e-01    2.305216776e-01   -2.118300135e-01   -6.127280557e-01   -8.937195124e-01   -9.998163249e-01   -9.102560907e-01   -6.425651201e-01   -2.491286594e-01    1.930605337e-01    5.974691335e-01    8.849572119e-01    9.992653669e-01    9.180242940e-01    6.571323015e-01    2.676441238e-01   -1.742201330e-01   -5.819907308e-01   -8.758698221e-01
    9.014004269e-01    6.250454593e-01    2.254320609e-01   -2.186363475e-01   -6.195898548e-01   -8.983607719e-01   -9.999757117e-01   -9.043962951e-01   -6.304707013e-01   -2.322168236e-01    2.118300135e-01    6.141041528e-01    8.952774775e-01    9.999028481e-01    9.073482308e-01    6.358653172e-01    2.389903060e-01   -2.050133896e-01   -6.085886197e-01   -8.921506937e-01
    9.006446125e-01    6.223214359e-01    2.203362844e-01   -2.254320609e-01   -6.264046266e-01   -9.029038435e-01   -9.999863378e-01   -8.983607719e-01   -6.182212406e-01   -2.152344874e-01    2.305216776e-01    6.304707013e-01    9.051384033e-01    9.999453517e-01    8.960523841e-01    6.141041528e-01    2.101268093e-01   -2.356049954e-01   -6.345195488e-01   -9.073482308e-01
    8.998860636e-01    6.195898548e-01    2.152344874e-01   -2.322168236e-01   -6.331718539e-01   -9.073482308e-01   -9.998482016e-01   -8.921506937e-01   -6.058197502e-01   -1.981868068e-01    2.491286594e-01    6.465616240e-01    9.145349300e-01    9.993928523e-01    8.841444697e-01    5.918657206e-01    1.810789572e-01   -2.659648605e-01   -6.597551000e-01   -9.214439792e-01
    8.991247826e-01    6.168507494e-01    2.101268093e-01   -2.389903060e-01   -6.398910231e-01   -9.116934480e-01   -9.995613235e-01   -8.857672673e-01   -5.932692798e-01   -1.810789572e-01    2.676441238e-01    6.623698864e-01    9.234622365e-01    9.982456788e-01    8.716326214e-01    5.691673037e-01    1.518722350e-01   -2.960631232e-01   -6.842676175e-01   -9.344208225e-01
    8.983607719e-01    6.141041528e-01    2.050133896e-01   -2.457521790e-01   -6.465616240e-01   -9.159390202e-01   -9.991257463e-01   -8.792117330e-01   -5.805729159e-01   -1.639161327e-01    2.860612690e-01    6.778885774e-01    9.319157424e-01    9.965045138e-01    8.585253859e-01    5.460265429e-01    1.225322672e-01   -3.258701787e-01   -7.080302376e-01   -9.462630029e-01
    8.975940336e-01    6.113500984e-01    1.998943680e-01   -2.525021143e-01   -6.531831505e-01   -9.200844833e-01   -9.985415347e-01   -8.724853645e-01   -5.677337805e-01   -1.467035437e-01    3.043733295e-01    6.931109128e-01    9.398911105e-01    9.941703932e-01    8.448317163e-01    5.224614227e-01    9.308479533e-02   -3.553567089e-01   -7.310169187e-01   -9.569561405e-01
    8.968245703e-01    6.085886197e-01    1.947698844e-01   -2.592397839e-01   -6.597551000e-01   -9.241293842e-01   -9.978087758e-01   -8.655894689e-01   -5.547550311e-01   -1.294464160e-01    3.225735784e-01    7.080302376e-01    9.473842488e-01    9.912447060e-01    8.305609663e-01    4.984902573e-01    6.355565525e-02   -3.844937108e-01   -7.532024692e-01   -9.664872508e-01
    8.960523841e-01    6.058197502e-01    1.896400789e-01   -2.659648605e-01   -6.662769737e-01   -9.280732809e-01   -9.969275784e-01   -8.585253859e-01   -5.416398594e-01   -1.121499887e-01    3.406553298e-01    7.226400296e-01    9.543913130e-01    9.877291932e-01    8.157228838e-01    4.741316765e-01    3.397075442e-02   -4.132525255e-01   -7.745625759e-01   -9.748447601e-01
    8.952774775e-01    6.030435235e-01    1.845050916e-01   -2.726770175e-01   -6.727482764e-01   -9.319157424e-01   -9.958980737e-01   -8.512944882e-01   -5.283914904e-01   -9.481951307e-02    3.586119414e-01    7.369339017e-01    9.609087078e-01    9.836259464e-01    8.003276044e-01    4.494046114e-01    4.356049249e-03   -4.416048658e-01   -7.950738299e-01   -9.820185199e-01
    8.944998528e-01    6.002599733e-01    1.793650628e-01   -2.793759288e-01   -6.791685172e-01   -9.356563485e-01   -9.947204148e-01   -8.438981808e-01   -5.150131822e-01   -7.746025053e-02    3.764368168e-01    7.509056050e-01    9.669330894e-01    9.789374074e-01    7.843856442e-01    4.243282791e-01   -2.526247772e-02   -4.695228443e-01   -8.147137526e-01   -9.879998192e-01
    8.937195124e-01    5.974691335e-01    1.742201330e-01   -2.860612690e-01   -6.855372086e-01   -9.392946905e-01   -9.933947770e-01   -8.363379008e-01   -5.015082247e-01   -6.007747129e-02    3.941234080e-01    7.645490314e-01    9.724613669e-01    9.736663659e-01    7.679078925e-01    3.989221686e-01   -5.485884057e-02   -4.969790011e-01   -8.334608204e-01   -9.927813949e-01
    8.929364585e-01    5.946710379e-01    1.690704427e-01   -2.927327133e-01   -6.918538673e-01   -9.428303708e-01   -9.919213574e-01   -8.286151172e-01   -4.878799390e-01   -4.267645272e-02    4.116652179e-01    7.778582163e-01    9.774907039e-01    9.678159584e-01    7.509056050e-01    3.732060248e-01   -8.440707286e-02   -5.239463302e-01   -8.512944882e-01   -9.963574408e-01
    8.921506937e-01    5.918657206e-01    1.639161327e-01   -2.993899376e-01   -6.981180138e-01   -9.462630029e-01   -9.903003752e-01   -8.207313305e-01   -4.741316765e-01   -2.526247772e-02    4.290558025e-01    7.908273413e-01    9.820185199e-01    9.613896662e-01    7.333903953e-01    3.471998337e-01   -1.138812503e-01   -5.503983067e-01   -8.681952119e-01   -9.987236144e-01
    8.913622203e-01    5.890532155e-01    1.587573437e-01   -3.060326187e-01   -7.043291727e-01   -9.495922116e-01   -9.885320716e-01   -8.126880726e-01   -4.602668181e-01   -7.840833102e-03    4.462887732e-01    8.034507367e-01    9.860424919e-01    9.543913130e-01    7.153742276e-01    3.209238068e-01   -1.432555138e-01   -5.763089124e-01   -8.841444697e-01   -9.998770427e-01
    8.905710406e-01    5.862335568e-01    1.535942169e-01   -3.126604337e-01   -7.104868725e-01   -9.528176331e-01   -9.866167096e-01   -8.044869064e-01   -4.462887732e-01    9.583191966e-03    4.633577997e-01    8.157228838e-01    9.895605553e-01    9.468250632e-01    6.968694083e-01    2.943983651e-01   -1.725040915e-01   -6.016526617e-01   -8.991247826e-01   -9.998163249e-01
    8.897771572e-01    5.834067789e-01    1.484268932e-01   -3.192730608e-01   -7.165906459e-01   -9.559389148e-01   -9.845545741e-01   -7.961294253e-01   -4.322009795e-01    2.700430761e-02    4.802566116e-01    8.276384176e-01    9.925709051e-01    9.386954189e-01    6.778885774e-01    2.676441238e-01   -2.016013223e-01   -6.264046266e-01   -9.131197336e-01   -9.985415347e-01
    8.889805723e-01    5.805729159e-01    1.432555138e-01   -3.258701787e-01   -7.226400296e-01   -9.589557156e-01   -9.823459720e-01   -7.876172533e-01   -4.180069012e-01    4.441722482e-02    4.969790011e-01    8.391921288e-01    9.950719968e-01    9.300072176e-01    6.584447003e-01    2.406818754e-01   -2.305216776e-01   -6.505404611e-01   -9.261139853e-01   -9.960542203e-01
    8.881812885e-01    5.777320024e-01    1.380802200e-01   -3.324514669e-01   -7.286345645e-01   -9.618677057e-01   -9.799912319e-01   -7.789520443e-01   -4.037100289e-01    6.181665711e-02    5.135188252e-01    8.503789665e-01    9.970625471e-01    9.207656290e-01    6.385510584e-01    2.135325746e-01   -2.592397839e-01   -6.740364252e-01   -9.380932973e-01   -9.923574018e-01
    8.873793081e-01    5.748840727e-01    1.329011533e-01   -3.390166058e-01   -7.345737955e-01   -9.646745669e-01   -9.774907039e-01   -7.701354820e-01   -3.893138783e-01    7.919732205e-02    5.298700080e-01    8.611940401e-01    9.985415347e-01    9.109761523e-01    6.182212406e-01    1.862173211e-01   -2.877304455e-01   -6.968694083e-01   -9.490445413e-01   -9.874555684e-01
    8.865746335e-01    5.720291616e-01    1.277184552e-01   -3.455652765e-01   -7.404572719e-01   -9.673759924e-01   -9.748447601e-01   -7.611692794e-01   -3.748219898e-01    9.655394293e-02    5.460265429e-01    8.716326214e-01    9.995082009e-01    9.006446125e-01    5.974691335e-01    1.587573437e-01   -3.159686658e-01   -7.190169520e-01   -9.589557156e-01   -9.813546722e-01
    8.857672673e-01    5.691673037e-01    1.225322672e-01   -3.520971608e-01   -7.462845471e-01   -9.699716870e-01   -9.720537941e-01   -7.520551787e-01   -3.602379270e-01    1.138812503e-01    5.619824948e-01    8.816901471e-01    9.999620497e-01    8.897771572e-01    5.763089124e-01    1.311739838e-01   -3.439296701e-01   -7.404572719e-01   -9.678159584e-01   -9.740621216e-01
    8.849572119e-01    5.662985337e-01    1.173427311e-01   -3.586119414e-01   -7.520551787e-01   -9.724613669e-01   -9.691182211e-01   -7.427949510e-01   -3.455652765e-01    1.311739838e-01    5.777320024e-01    8.913622203e-01    9.999028481e-01    8.783802530e-01    5.547550311e-01    1.034886783e-01   -3.715889267e-01   -7.611692794e-01   -9.756155598e-01   -9.655867720e-01
    8.841444697e-01    5.634228865e-01    1.121499887e-01   -3.651093019e-01   -7.577687290e-01   -9.748447601e-01   -9.660384778e-01   -7.333903953e-01   -3.308076464e-01    1.484268932e-01    5.932692798e-01    9.006446125e-01    9.993306266e-01    8.664606814e-01    5.328222126e-01    7.572294383e-02   -3.989221686e-01   -7.811326022e-01   -9.823459720e-01   -9.559389148e-01
    8.833290432e-01    5.605403970e-01    1.069541819e-01   -3.715889267e-01   -7.634247640e-01   -9.771216060e-01   -9.628150225e-01   -7.238433391e-01   -3.159686658e-01    1.656347406e-01    6.085886197e-01    9.095332656e-01    9.982456788e-01    8.540255350e-01    5.105254385e-01    4.789835918e-02   -4.259054149e-01   -8.003276044e-01   -9.879998192e-01   -9.451302654e-01
    8.825109348e-01    5.576511002e-01    1.017554526e-01   -3.780505010e-01   -7.690228546e-01   -9.792916557e-01   -9.594483345e-01   -7.141556375e-01   -3.010519839e-01    1.827923019e-01    6.236843944e-01    9.180242940e-01    9.966485613e-01    8.410822131e-01    4.878799390e-01    2.003654902e-02   -4.525149918e-01   -8.187354059e-01   -9.925709051e-01   -9.331739487e-01
    8.816901471e-01    5.547550311e-01    9.655394293e-02   -3.844937108e-01   -7.745625759e-01   -9.813546722e-01   -9.559389148e-01   -7.043291727e-01   -2.860612690e-01    1.998943680e-01    6.385510584e-01    9.261139853e-01    9.945400936e-01    8.276384176e-01    4.649011828e-01   -7.840833102e-03   -4.787275533e-01   -8.363379008e-01   -9.960542203e-01   -9.200844833e-01
    8.808666826e-01    5.518522251e-01    9.134979498e-02   -3.909182433e-01   -7.800435074e-01   -9.833104299e-01   -9.522872854e-01   -6.943658540e-01   -2.710002073e-01    2.169357468e-01    6.531831505e-01    9.337988031e-01    9.919213574e-01    8.137021478e-01    4.416048658e-01   -3.571212150e-02   -5.045201018e-01   -8.531177752e-01   -9.984459473e-01   -9.058777635e-01
    8.800405437e-01    5.489427172e-01    8.614315096e-02   -3.973237864e-01   -7.854652330e-01   -9.851587151e-01   -9.484939896e-01   -6.842676175e-01   -2.558725028e-01    2.339112646e-01    6.675752957e-01    9.410753878e-01    9.887936963e-01    7.992816965e-01    4.180069012e-01   -6.355565525e-02   -5.298700080e-01   -8.690585246e-01   -9.997434651e-01   -8.905710406e-01
    8.792117330e-01    5.460265429e-01    8.093415313e-02   -4.037100289e-01   -7.908273413e-01   -9.868993257e-01   -9.445595916e-01   -6.740364252e-01   -2.406818754e-01    2.508157676e-01    6.817222068e-01    9.479405582e-01    9.851587151e-01    7.843856442e-01    3.941234080e-01   -9.134979498e-02   -5.547550311e-01   -8.841444697e-01   -9.999453517e-01   -8.741829015e-01
    8.783802530e-01    5.431037376e-01    7.572294383e-02   -4.100766605e-01   -7.961294253e-01   -9.885320716e-01   -9.404846768e-01   -6.636742651e-01   -2.254320609e-01    2.676441238e-01    6.956186871e-01    9.543913130e-01    9.810182787e-01    7.690228546e-01    3.699707005e-01   -1.190729397e-01   -5.791533383e-01   -8.983607719e-01   -9.990513858e-01   -8.567332460e-01
    8.775461061e-01    5.401743367e-01    7.050966545e-02   -4.164233720e-01   -8.013710826e-01   -9.900567742e-01   -9.362698514e-01   -6.531831505e-01   -2.101268093e-01    2.843912240e-01    7.092596317e-01    9.604248321e-01    9.763745115e-01    7.532024692e-01    3.455652765e-01   -1.467035437e-01   -6.030435235e-01   -9.116934480e-01   -9.970625471e-01   -8.382432634e-01
    8.767092950e-01    5.372383758e-01    6.529446043e-02   -4.227498551e-01   -8.065519152e-01   -9.914732669e-01   -9.319157424e-01   -6.425651201e-01   -1.947698844e-01    3.010519839e-01    7.226400296e-01    9.660384778e-01    9.712297961e-01    7.369339017e-01    3.209238068e-01   -1.742201330e-01   -6.264046266e-01   -9.241293842e-01   -9.939810152e-01   -8.187354059e-01
    8.758698221e-01    5.342958907e-01    6.007747129e-02   -4.290558025e-01   -8.116715301e-01   -9.927813949e-01   -9.274229974e-01   -6.318222367e-01   -1.793650628e-01    3.176213455e-01    7.357549655e-01    9.712297961e-01    9.655867720e-01    7.202268324e-01    2.960631232e-01   -2.016013223e-01   -6.492161518e-01   -9.356563485e-01   -9.898101673e-01   -7.982333618e-01
    8.750276901e-01    5.313469169e-01    5.485884057e-02   -4.353409078e-01   -8.167295385e-01   -9.939810152e-01   -9.227922850e-01   -6.209565880e-01   -1.639161327e-01    3.340942781e-01    7.485996216e-01    9.759965172e-01    9.594483345e-01    7.030912026e-01    2.710002073e-01   -2.288258317e-01   -6.714580852e-01   -9.462630029e-01   -9.845545741e-01   -7.767620267e-01
    8.741829015e-01    5.283914904e-01    4.963871087e-02   -4.416048658e-01   -8.217255566e-01   -9.950719968e-01   -9.180242940e-01   -6.099702850e-01   -1.484268932e-01    3.504657808e-01    7.611692794e-01    9.803365575e-01    9.528176331e-01    6.855372086e-01    2.457521790e-01   -2.558725028e-01   -6.931109128e-01   -9.559389148e-01   -9.782199955e-01   -7.543474730e-01
    8.733354587e-01    5.254296470e-01    4.441722482e-02   -4.478473721e-01   -8.266592052e-01   -9.960542203e-01   -9.131197336e-01   -5.988654625e-01   -1.329011533e-01    3.667308832e-01    7.734593214e-01    9.842480195e-01    9.456980697e-01    6.675752957e-01    2.203362844e-01   -2.827203156e-01   -7.141556375e-01   -9.646745669e-01   -9.708133734e-01   -7.310169187e-01
    8.724853645e-01    5.224614227e-01    3.919452511e-02   -4.540681236e-01   -8.315301098e-01   -9.969275784e-01   -9.080793335e-01   -5.876442782e-01   -1.173427311e-01    3.828846472e-01    7.854652330e-01    9.877291932e-01    9.380932973e-01    6.492161518e-01    1.947698844e-01   -3.093484046e-01   -7.345737955e-01   -9.724613669e-01   -9.623428249e-01   -7.067986939e-01
    8.716326214e-01    5.194868535e-01    3.397075442e-02   -4.602668181e-01   -8.363379008e-01   -9.976919757e-01   -9.029038435e-01   -5.763089124e-01   -1.017554526e-01    3.989221686e-01    7.971826037e-01    9.907785567e-01    9.300072176e-01    6.304707013e-01    1.690704427e-01   -3.357360750e-01   -7.543474730e-01   -9.792916557e-01   -9.528176331e-01   -6.817222068e-01
    8.707772320e-01    5.165059756e-01    2.874605551e-02   -4.664431543e-01   -8.410822131e-01   -9.983473286e-01   -8.975940336e-01   -5.648615676e-01   -8.614315096e-02    4.148385785e-01    8.086071292e-01    9.933947770e-01    9.214439792e-01    6.113500984e-01    1.432555138e-01   -3.618628189e-01   -7.734593214e-01   -9.851587151e-01   -9.422482366e-01   -6.558179076e-01
    8.699191989e-01    5.135188252e-01    2.352057113e-02   -4.725968324e-01   -8.457626868e-01   -9.988935655e-01   -8.921506937e-01   -5.533044680e-01   -7.050966545e-02    4.306290447e-01    8.197346126e-01    9.955767103e-01    9.124079759e-01    5.918657206e-01    1.173427311e-01   -3.877083313e-01   -7.918925730e-01   -9.900567742e-01   -9.306462186e-01   -6.291172518e-01
    8.690585246e-01    5.105254385e-01    1.829444407e-02   -4.787275533e-01   -8.503789665e-01   -9.993306266e-01   -8.865746335e-01   -5.416398594e-01   -5.485884057e-02    4.462887732e-01    8.305609663e-01    9.973234027e-01    9.029038435e-01    5.720291616e-01    9.134979498e-02   -4.132525255e-01   -8.096310552e-01   -9.939810152e-01   -9.180242940e-01   -6.016526617e-01
    8.681952119e-01    5.075258519e-01    1.306781712e-02   -4.848350194e-01   -8.549307019e-01   -9.996584643e-01   -8.808666826e-01   -5.298700080e-01   -3.919452511e-02    4.618130099e-01    8.410822131e-01    9.986340905e-01    8.929364585e-01    5.518522251e-01    6.529446043e-02   -4.384755493e-01   -8.266592052e-01   -9.969275784e-01   -9.043962951e-01   -5.734574877e-01
    8.673292633e-01    5.045201018e-01    7.840833102e-03   -4.909189338e-01   -8.594175474e-01   -9.998770427e-01   -8.750276901e-01   -5.179972009e-01   -2.352057113e-02    4.771970416e-01    8.512944882e-01    9.995082009e-01    8.825109348e-01    5.313469169e-01    3.919452511e-02   -4.633577997e-01   -8.429620832e-01   -9.988935655e-01   -8.897771572e-01   -5.445659669e-01
    8.664606814e-01    5.015082247e-01    2.613634839e-03   -4.969790011e-01   -8.638391626e-01   -9.999863378e-01   -8.690585246e-01   -5.060237450e-01   -7.840833102e-03    4.924361978e-01    8.611940401e-01    9.999453517e-01    8.716326214e-01    5.105254385e-01    1.306781712e-02   -4.878799390e-01   -8.585253859e-01   -9.998770427e-01   -8.741829015e-01   -5.150131822e-01
    8.655894689e-01    4.984902573e-01   -2.613634839e-03   -5.030149268e-01   -8.681952119e-01   -9.999863378e-01   -8.629600742e-01   -4.939519668e-01    7.840833102e-03    5.075258519e-01    8.707772320e-01    9.999453517e-01    8.603070997e-01    4.894001793e-01   -1.306781712e-02   -5.120229091e-01   -8.733354587e-01   -9.998770427e-01   -8.576306179e-01   -4.848350194e-01
    8.647156284e-01    4.954662360e-01   -7.840833102e-03   -5.090264179e-01   -8.724853645e-01   -9.998770427e-01   -8.567332460e-01   -4.817842118e-01    2.352057113e-02    5.224614227e-01    8.800405437e-01    9.995082009e-01    8.485401804e-01    4.679837097e-01   -3.919452511e-02   -5.357679465e-01   -8.873793081e-01   -9.988935655e-01   -8.401384463e-01   -4.540681236e-01
    8.638391626e-01    4.924361978e-01   -1.306781712e-02   -5.150131822e-01   -8.767092950e-01   -9.996584643e-01   -8.503789665e-01   -4.695228443e-01    3.919452511e-02    5.372383758e-01    8.889805723e-01    9.986340905e-01    8.363379008e-01    4.462887732e-01   -6.529446043e-02   -5.590965973e-01   -9.006446125e-01   -9.969275784e-01   -8.217255566e-01   -4.227498551e-01
    8.629600742e-01    4.894001793e-01   -1.829444407e-02   -5.209749289e-01   -8.808666826e-01   -9.993306266e-01   -8.438981808e-01   -4.571702468e-01    5.485884057e-02    5.518522251e-01    8.975940336e-01    9.973234027e-01    8.237065215e-01    4.243282791e-01   -9.134979498e-02   -5.819907308e-01   -9.131197336e-01   -9.939810152e-01   -8.024121277e-01   -3.909182433e-01
    8.620783658e-01    4.863582175e-01   -2.352057113e-02   -5.269113685e-01   -8.849572119e-01   -9.988935655e-01   -8.372918531e-01   -4.447288194e-01    7.050966545e-02    5.662985337e-01    9.058777635e-01    9.955767103e-01    8.106525232e-01    4.021152947e-01   -1.173427311e-01   -6.044325544e-01   -9.247937263e-01   -9.900567742e-01   -7.822193255e-01   -3.586119414e-01
    8.611940401e-01    4.833103493e-01   -2.874605551e-02   -5.328222126e-01   -8.889805723e-01   -9.983473286e-01   -8.305609663e-01   -4.322009795e-01    8.614315096e-02    5.805729159e-01    9.138287190e-01    9.933947770e-01    7.971826037e-01    3.796630373e-01   -1.432555138e-01   -6.264046266e-01   -9.356563485e-01   -9.851587151e-01   -7.611692794e-01   -3.258701787e-01
    8.603070997e-01    4.802566116e-01   -3.397075442e-02   -5.387071740e-01   -8.929364585e-01   -9.976919757e-01   -8.237065215e-01   -4.195891613e-01    1.017554526e-01    5.946710379e-01    9.214439792e-01    9.907785567e-01    7.833036739e-01    3.569848670e-01   -1.690704427e-01   -6.478898714e-01   -9.456980697e-01   -9.792916557e-01   -7.392850585e-01   -2.927327133e-01
    8.594175474e-01    4.771970416e-01   -3.919452511e-02   -5.445659669e-01   -8.968245703e-01   -9.969275784e-01   -8.167295385e-01   -4.068958154e-01    1.173427311e-01    6.085886197e-01    9.287207468e-01    9.877291932e-01    7.690228546e-01    3.340942781e-01   -1.947698844e-01   -6.688715909e-01   -9.549100799e-01   -9.724613669e-01   -7.165906459e-01   -2.592397839e-01
    8.585253859e-01    4.741316765e-01   -4.441722482e-02   -5.503983067e-01   -9.006446125e-01   -9.960542203e-01   -8.096310552e-01   -3.941234080e-01    1.329011533e-01    6.223214359e-01    9.356563485e-01    9.842480195e-01    7.543474730e-01    3.110048912e-01   -2.203362844e-01   -6.893334785e-01   -9.632842969e-01   -9.646745669e-01   -6.931109128e-01   -2.254320609e-01
    8.576306179e-01    4.710605534e-01   -4.963871087e-02   -5.562039100e-01   -9.043962951e-01   -9.950719968e-01   -8.024121277e-01   -3.812744210e-01    1.484268932e-01    6.358653172e-01    9.422482366e-01    9.803365575e-01    7.392850585e-01    2.877304455e-01   -2.457521790e-01   -7.092596317e-01   -9.708133734e-01   -9.559389148e-01   -6.688715909e-01   -1.913505968e-01
    8.567332460e-01    4.679837097e-01   -5.485884057e-02   -5.619824948e-01   -9.080793335e-01   -9.939810152e-01   -7.950738299e-01   -3.683513510e-01    1.639161327e-01    6.492161518e-01    9.484939896e-01    9.759965172e-01    7.238433391e-01    2.642847899e-01   -2.710002073e-01   -7.286345645e-01   -9.774907039e-01   -9.462630029e-01   -6.438992443e-01   -1.570367765e-01
    8.558332731e-01    4.649011828e-01   -6.007747129e-02   -5.677337805e-01   -9.116934480e-01   -9.927813949e-01   -7.876172533e-01   -3.553567089e-01    1.793650628e-01    6.623698864e-01    9.543913130e-01    9.712297961e-01    7.080302376e-01    2.406818754e-01   -2.960631232e-01   -7.474432189e-01   -9.833104299e-01   -9.356563485e-01   -6.182212406e-01   -1.225322672e-01
    8.549307019e-01    4.618130099e-01   -6.529446043e-02   -5.734574877e-01   -9.152383645e-01   -9.914732669e-01   -7.800435074e-01   -3.422930196e-01    1.947698844e-01    6.753225276e-01    9.599380405e-01    9.660384778e-01    6.918538673e-01    2.169357468e-01   -3.209238068e-01   -7.656709775e-01   -9.882674456e-01   -9.241293842e-01   -5.918657206e-01   -8.787896753e-02
    8.540255350e-01    4.587192288e-01   -7.050966545e-02   -5.791533383e-01   -9.187138137e-01   -9.900567742e-01   -7.723537187e-01   -3.291628215e-01    2.101268093e-01    6.880701429e-01    9.651321345e-01    9.604248321e-01    6.753225276e-01    1.930605337e-01   -3.455652765e-01   -7.833036739e-01   -9.923574018e-01   -9.116934480e-01   -5.648615676e-01   -5.311895685e-02
    8.531177752e-01    4.556198769e-01   -7.572294383e-02   -5.848210556e-01   -9.221195319e-01   -9.885320716e-01   -7.645490314e-01   -3.159686658e-01    2.254320609e-01    7.006088623e-01    9.699716870e-01    9.543913130e-01    6.584447003e-01    1.690704427e-01   -3.699707005e-01   -8.003276044e-01   -9.955767103e-01   -8.983607719e-01   -5.372383758e-01   -1.829444407e-02
    8.522074254e-01    4.525149918e-01   -8.093415313e-02   -5.904603644e-01   -9.254552607e-01   -9.868993257e-01   -7.566306063e-01   -3.027131163e-01    2.406818754e-01    7.129348791e-01    9.744549201e-01    9.479405582e-01    6.412290450e-01    1.449797488e-01   -3.941234080e-01   -8.167295385e-01   -9.979225465e-01   -8.841444697e-01   -5.090264179e-01    1.655228357e-02
    8.512944882e-01    4.494046114e-01   -8.614315096e-02   -5.960709906e-01   -9.287207468e-01   -9.851587151e-01   -7.485996216e-01   -2.893987484e-01    2.558725028e-01    7.250444510e-01    9.785801869e-01    9.410753878e-01    6.236843944e-01    1.208027868e-01   -4.180069012e-01   -8.324967289e-01   -9.993928523e-01   -8.690585246e-01   -4.802566116e-01    5.137891185e-02
    8.503789665e-01    4.462887732e-01   -9.134979498e-02   -6.016526617e-01   -9.319157424e-01   -9.833104299e-01   -7.404572719e-01   -2.760281492e-01    2.710002073e-01    7.369339017e-01    9.823459720e-01    9.337988031e-01    6.058197502e-01    9.655394293e-02   -4.416048658e-01   -8.476169217e-01   -9.999863378e-01   -8.531177752e-01   -4.509604862e-01    8.614315096e-02
    8.494608629e-01    4.431675153e-01   -9.655394293e-02   -6.072051067e-01   -9.350400049e-01   -9.813546722e-01   -7.322047685e-01   -2.626039168e-01    2.860612690e-01    7.485996216e-01    9.857508921e-01    9.261139853e-01    5.876442782e-01    7.224764601e-02   -4.649011828e-01   -8.620783658e-01   -9.997024823e-01   -8.363379008e-01   -4.211701475e-01    1.208027868e-01
    8.485401804e-01    4.400408755e-01   -1.017554526e-01   -6.127280557e-01   -9.380932973e-01   -9.792916557e-01   -7.238433391e-01   -2.491286594e-01    3.010519839e-01    7.600380689e-01    9.887936963e-01    9.180242940e-01    5.691673037e-01    4.789835918e-02   -4.878799390e-01   -8.758698221e-01   -9.985415347e-01   -8.187354059e-01   -3.909182433e-01    1.553157325e-01
    8.476169217e-01    4.369088918e-01   -1.069541819e-01   -6.182212406e-01   -9.410753878e-01   -9.771216060e-01   -7.153742276e-01   -2.356049954e-01    3.159686658e-01    7.712457711e-01    9.914732669e-01    9.095332656e-01    5.503983067e-01    2.352057113e-02   -5.105254385e-01   -8.889805723e-01   -9.965045138e-01   -8.003276044e-01   -3.602379270e-01    1.896400789e-01
    8.466910895e-01    4.337716021e-01   -1.121499887e-01   -6.236843944e-01   -9.439860501e-01   -9.748447601e-01   -7.067986939e-01   -2.220355524e-01    3.308076464e-01    7.822193255e-01    9.937886195e-01    9.006446125e-01    5.313469169e-01   -8.712124948e-04   -5.328222126e-01   -9.014004269e-01   -9.935932065e-01   -7.811326022e-01   -3.291628215e-01    2.237341463e-01
    8.457626868e-01    4.306290447e-01   -1.173427311e-01   -6.291172518e-01   -9.468250632e-01   -9.724613669e-01   -6.981180138e-01   -2.084229671e-01    3.455652765e-01    7.929554005e-01    9.957389035e-01    8.913622203e-01    5.120229091e-01   -2.526247772e-02   -5.547550311e-01   -9.131197336e-01   -9.898101673e-01   -7.611692794e-01   -2.977269824e-01    2.575565343e-01
    8.448317163e-01    4.274812576e-01   -1.225322672e-01   -6.345195488e-01   -9.495922116e-01   -9.699716870e-01   -6.893334785e-01   -1.947698844e-01    3.602379270e-01    8.034507367e-01    9.973234027e-01    8.816901471e-01    4.924361978e-01   -4.963871087e-02   -5.763089124e-01   -9.241293842e-01   -9.851587151e-01   -7.404572719e-01   -2.659648605e-01    2.910661727e-01
    8.438981808e-01    4.243282791e-01   -1.277184552e-01   -6.398910231e-01   -9.522872854e-01   -9.673759924e-01   -6.804463949e-01   -1.810789572e-01    3.748219898e-01    8.137021478e-01    9.985415347e-01    8.716326214e-01    4.725968324e-01   -7.398540723e-02   -5.974691335e-01   -9.344208225e-01   -9.796429309e-01   -7.190169520e-01   -2.339112646e-01    3.242223707e-01
    8.429620832e-01    4.211701475e-01   -1.329011533e-01   -6.452314136e-01   -9.549100799e-01   -9.646745669e-01   -6.714580852e-01   -1.673528457e-01    3.893138783e-01    8.237065215e-01    9.993928523e-01    8.611940401e-01    4.525149918e-01   -9.828807966e-02   -6.182212406e-01   -9.439860501e-01   -9.732676540e-01   -6.968694083e-01   -2.016013223e-01    3.569848670e-01
    8.420234264e-01    4.180069012e-01   -1.380802200e-01   -6.505404611e-01   -9.574603962e-01   -9.618677057e-01   -6.623698864e-01   -1.535942169e-01    4.037100289e-01    8.334608204e-01    9.998770427e-01    8.503789665e-01    4.322009795e-01   -1.225322672e-01   -6.385510584e-01   -9.528176331e-01   -9.660384778e-01   -6.740364252e-01   -1.690704427e-01    3.893138783e-01
    8.410822131e-01    4.148385785e-01   -1.432555138e-01   -6.558179076e-01   -9.599380405e-01   -9.589557156e-01   -6.531831505e-01   -1.398057441e-01    4.180069012e-01    8.429620832e-01    9.999939279e-01    8.391921288e-01    4.116652179e-01   -1.467035437e-01   -6.584447003e-01   -9.609087078e-01   -9.579617449e-01   -6.505404611e-01   -1.363542767e-01    4.211701475e-01
    8.401384463e-01    4.116652179e-01   -1.484268932e-01   -6.610634967e-01   -9.623428249e-01   -9.559389148e-01   -6.438992443e-01   -1.259901066e-01    4.322009795e-01    8.522074254e-01    9.997434651e-01    8.276384176e-01    3.909182433e-01   -1.707875264e-01   -6.778885774e-01   -9.682529861e-01   -9.490445413e-01   -6.264046266e-01   -1.034886783e-01    4.525149918e-01
    8.391921288e-01    4.084868580e-01   -1.535942169e-01   -6.662769737e-01   -9.646745669e-01   -9.528176331e-01   -6.345195488e-01   -1.121499887e-01    4.462887732e-01    8.611940401e-01    9.991257463e-01    8.157228838e-01    3.699707005e-01   -1.947698844e-01   -6.968694083e-01   -9.748447601e-01   -9.392946905e-01   -6.016526617e-01   -7.050966545e-02    4.833103493e-01
    8.382432634e-01    4.053035374e-01   -1.587573437e-01   -6.714580852e-01   -9.669330894e-01   -9.495922116e-01   -6.250454593e-01   -9.828807966e-02    4.602668181e-01    8.699191989e-01    9.981409983e-01    8.034507367e-01    3.488333368e-01   -2.186363475e-01   -7.153742276e-01   -9.806789068e-01   -9.287207468e-01   -5.763089124e-01   -3.745338016e-02    5.135188252e-01
    8.372918531e-01    4.021152947e-01   -1.639161327e-01   -6.766065796e-01   -9.691182211e-01   -9.462630029e-01   -6.154783854e-01   -8.440707286e-02    4.741316765e-01    8.783802530e-01    9.967895830e-01    7.908273413e-01    3.275169973e-01   -2.423727142e-01   -7.333903953e-01   -9.857508921e-01   -9.173319871e-01   -5.503983067e-01   -4.356049249e-03    5.431037376e-01
    8.363379008e-01    3.989221686e-01   -1.690704427e-01   -6.817222068e-01   -9.712297961e-01   -9.428303708e-01   -6.058197502e-01   -7.050966545e-02    4.878799390e-01    8.865746335e-01    9.950719968e-01    7.778582163e-01    3.060326187e-01   -2.659648605e-01   -7.509056050e-01   -9.900567742e-01   -9.051384033e-01   -5.239463302e-01    2.874605551e-02    5.720291616e-01
    8.353814093e-01    3.957241979e-01   -1.742201330e-01   -6.868047183e-01   -9.732676540e-01   -9.392946905e-01   -5.960709906e-01   -5.659855774e-02    5.015082247e-01    8.944998528e-01    9.929888706e-01    7.645490314e-01    2.843912240e-01   -2.893987484e-01   -7.679078925e-01   -9.935932065e-01   -8.921506937e-01   -4.969790011e-01    6.181665711e-02    6.002599733e-01
    8.344223815e-01    3.925214215e-01   -1.793650628e-01   -6.918538673e-01   -9.752316404e-01   -9.356563485e-01   -5.862335568e-01   -4.267645272e-02    5.150131822e-01    9.021535047e-01    9.905409696e-01    7.509056050e-01    2.626039168e-01   -3.126604337e-01   -7.843856442e-01   -9.963574408e-01   -8.783802530e-01   -4.695228443e-01    9.481951307e-02    6.277618922e-01
    8.334608204e-01    3.893138783e-01   -1.845050916e-01   -6.968694083e-01   -9.771216060e-01   -9.319157424e-01   -5.763089124e-01   -2.874605551e-02    5.283914904e-01    9.095332656e-01    9.877291932e-01    7.369339017e-01    2.406818754e-01   -3.357360750e-01   -8.003276044e-01   -9.983473286e-01   -8.638391626e-01   -4.416048658e-01    1.277184552e-01    6.545015226e-01
    8.324967289e-01    3.861016072e-01   -1.896400789e-01   -7.018510979e-01   -9.789374074e-01   -9.280732809e-01   -5.662985337e-01   -1.481007283e-02    5.416398594e-01    9.166368951e-01    9.845545741e-01    7.226400296e-01    2.186363475e-01   -3.586119414e-01   -8.157228838e-01   -9.995613235e-01   -8.485401804e-01   -4.132525255e-01    1.604774290e-01    6.804463949e-01
    8.315301098e-01    3.828846472e-01   -1.947698844e-01   -7.067986939e-01   -9.806789068e-01   -9.241293842e-01   -5.562039100e-01   -8.712124948e-04    5.547550311e-01    9.234622365e-01    9.810182787e-01    7.080302376e-01    1.964786439e-01   -3.812744210e-01   -8.305609663e-01   -9.999984820e-01   -8.324967289e-01   -3.844937108e-01    1.930605337e-01    7.055650044e-01
    8.305609663e-01    3.796630373e-01   -1.998943680e-01   -7.117119562e-01   -9.823459720e-01   -9.200844833e-01   -5.460265429e-01    1.306781712e-02    5.677337805e-01    9.300072176e-01    9.771216060e-01    6.931109128e-01    1.742201330e-01   -4.037100289e-01   -8.448317163e-01   -9.996584643e-01   -8.157228838e-01   -3.553567089e-01    2.254320609e-01    7.298268495e-01
    8.295893010e-01    3.764368168e-01   -2.050133896e-01   -7.165906459e-01   -9.839384766e-01   -9.159390202e-01   -5.357679465e-01    2.700430761e-02    5.805729159e-01    9.362698514e-01    9.728659873e-01    6.778885774e-01    1.518722350e-01   -4.259054149e-01   -8.585253859e-01   -9.985415347e-01   -7.982333618e-01   -3.258701787e-01    2.575565343e-01    7.532024692e-01
    8.286151172e-01    3.732060248e-01   -2.101268093e-01   -7.214345262e-01   -9.854562995e-01   -9.116934480e-01   -5.254296470e-01    4.093555106e-02    5.932692798e-01    9.422482366e-01    9.682529861e-01    6.623698864e-01    1.294464160e-01   -4.478473721e-01   -8.716326214e-01   -9.966485613e-01   -7.800435074e-01   -2.960631232e-01    2.893987484e-01    7.756634788e-01
    8.276384176e-01    3.699707005e-01   -2.152344874e-01   -7.262433616e-01   -9.868993257e-01   -9.073482308e-01   -5.150131822e-01    5.485884057e-02    6.058197502e-01    9.479405582e-01    9.632842969e-01    6.465616240e-01    1.069541819e-01   -4.695228443e-01   -8.841444697e-01   -9.939810152e-01   -7.611692794e-01   -2.659648605e-01    3.209238068e-01    7.971826037e-01
    8.266592052e-01    3.667308832e-01   -2.203362844e-01   -7.310169187e-01   -9.882674456e-01   -9.029038435e-01   -5.045201018e-01    6.877147081e-02    6.182212406e-01    9.533450880e-01    9.579617449e-01    6.304707013e-01    8.440707286e-02   -4.909189338e-01   -8.960523841e-01   -9.905409696e-01   -7.416272372e-01   -2.356049954e-01    3.520971608e-01    8.177337135e-01
    8.256774831e-01    3.634866122e-01   -2.254320609e-01   -7.357549655e-01   -9.895605553e-01   -8.983607719e-01   -4.939519668e-01    8.267073849e-02    6.304707013e-01    9.584601852e-01    9.522872854e-01    6.141041528e-01    6.181665711e-02   -5.120229091e-01   -9.073482308e-01   -9.863310980e-01   -7.214345262e-01   -2.050133896e-01    3.828846472e-01    8.372918531e-01
    8.246932542e-01    3.602379270e-01   -2.305216776e-01   -7.404572719e-01   -9.907785567e-01   -8.937195124e-01   -4.833103493e-01    9.655394293e-02    6.425651201e-01    9.632842969e-01    9.462630029e-01    5.974691335e-01    3.919452511e-02   -5.328222126e-01   -9.180242940e-01   -9.813546722e-01   -7.006088623e-01   -1.742201330e-01    4.132525255e-01    8.558332731e-01
    8.237065215e-01    3.569848670e-01   -2.356049954e-01   -7.451236094e-01   -9.919213574e-01   -8.889805723e-01   -4.725968324e-01    1.104183866e-01    6.545015226e-01    9.678159584e-01    9.398911105e-01    5.805729159e-01    1.655228357e-02   -5.533044680e-01   -9.280732809e-01   -9.756155598e-01   -6.791685172e-01   -1.432555138e-01    4.431675153e-01    8.733354587e-01
    8.227172879e-01    3.537274718e-01   -2.406818754e-01   -7.497537514e-01   -9.929888706e-01   -8.841444697e-01   -4.618130099e-01    1.242613755e-01    6.662769737e-01    9.720537941e-01    9.331739487e-01    5.634228865e-01   -6.098450433e-03   -5.734574877e-01   -9.374883276e-01   -9.691182211e-01   -6.571323015e-01   -1.121499887e-01    4.725968324e-01    8.897771572e-01
    8.217255566e-01    3.504657808e-01   -2.457521790e-01   -7.543474730e-01   -9.939810152e-01   -8.792117330e-01   -4.509604862e-01    1.380802200e-01    6.778885774e-01    9.759965172e-01    9.261139853e-01    5.460265429e-01   -2.874605551e-02   -5.932692798e-01   -9.462630029e-01   -9.618677057e-01   -6.345195488e-01   -8.093415313e-02    5.015082247e-01    9.051384033e-01
    8.207313305e-01    3.471998337e-01   -2.508157676e-01   -7.589045510e-01   -9.948977161e-01   -8.741829015e-01   -4.400408755e-01    1.518722350e-01    6.893334785e-01    9.796429309e-01    9.187138137e-01    5.283914904e-01   -5.137891185e-02   -6.127280557e-01   -9.543913130e-01   -9.538696485e-01   -6.113500984e-01   -4.963871087e-02    5.298700080e-01    9.194005442e-01
    8.197346126e-01    3.439296701e-01   -2.558725028e-01   -7.634247640e-01   -9.957389035e-01   -8.690585246e-01   -4.290558025e-01    1.656347406e-01    7.006088623e-01    9.829919280e-01    9.109761523e-01    5.105254385e-01   -7.398540723e-02   -6.318222367e-01   -9.618677057e-01   -9.451302654e-01   -5.876442782e-01   -1.829444407e-02    5.576511002e-01    9.325462612e-01
    8.187354059e-01    3.406553298e-01   -2.609222464e-01   -7.679078925e-01   -9.965045138e-01   -8.638391626e-01   -4.180069012e-01    1.793650628e-01    7.117119562e-01    9.860424919e-01    9.029038435e-01    4.924361978e-01   -9.655394293e-02   -6.505404611e-01   -9.686870741e-01   -9.356563485e-01   -5.634228865e-01    1.306781712e-02    5.848210556e-01    9.445595916e-01
    8.177337135e-01    3.373768526e-01   -2.659648605e-01   -7.723537187e-01   -9.971944886e-01   -8.585253859e-01   -4.068958154e-01    1.930605337e-01    7.226400296e-01    9.887936963e-01    8.944998528e-01    4.741316765e-01   -1.190729397e-01   -6.688715909e-01   -9.748447601e-01   -9.254552607e-01   -5.387071740e-01    4.441722482e-02    6.113500984e-01    9.554259477e-01
    8.167295385e-01    3.340942781e-01   -2.710002073e-01   -7.767620267e-01   -9.978087758e-01   -8.531177752e-01   -3.957241979e-01    2.067184921e-01    7.333903953e-01    9.912447060e-01    8.857672673e-01    4.556198769e-01   -1.415308438e-01   -6.868047183e-01   -9.803365575e-01   -9.145349300e-01   -5.135188252e-01    7.572294383e-02    6.372091551e-01    9.651321345e-01
    8.157228838e-01    3.308076464e-01   -2.760281492e-01   -7.811326022e-01   -9.983473286e-01   -8.476169217e-01   -3.844937108e-01    2.203362844e-01    7.439604095e-01    9.933947770e-01    8.767092950e-01    4.369088918e-01   -1.639161327e-01   -7.043291727e-01   -9.851587151e-01   -9.029038435e-01   -4.878799390e-01    1.069541819e-01    6.623698864e-01    9.736663659e-01
    8.147137526e-01    3.275169973e-01   -2.810485488e-01   -7.854652330e-01   -9.988101062e-01   -8.420234264e-01   -3.732060248e-01    2.339112646e-01    7.543474730e-01    9.952432564e-01    8.673292633e-01    4.180069012e-01   -1.862173211e-01   -7.214345262e-01   -9.893079390e-01   -8.905710406e-01   -4.618130099e-01    1.380802200e-01    6.868047183e-01    9.810182787e-01
    8.137021478e-01    3.242223707e-01   -2.860612690e-01   -7.897597087e-01   -9.991970734e-01   -8.363379008e-01   -3.618628189e-01    2.474407948e-01    7.645490314e-01    9.967895830e-01    8.576306179e-01    3.989221686e-01   -2.084229671e-01   -7.381106006e-01   -9.927813949e-01   -8.775461061e-01   -4.353409078e-01    1.690704427e-01    7.104868725e-01    9.871789456e-01
    8.126880726e-01    3.209238068e-01   -2.910661727e-01   -7.940158205e-01   -9.995082009e-01   -8.305609663e-01   -3.504657808e-01    2.609222464e-01    7.745625759e-01    9.980332874e-01    8.476169217e-01    3.796630373e-01   -2.305216776e-01   -7.543474730e-01   -9.955767103e-01   -8.638391626e-01   -4.084868580e-01    1.998943680e-01    7.333903953e-01    9.921408857e-01
    8.116715301e-01    3.176213455e-01   -2.960631232e-01   -7.982333618e-01   -9.997434651e-01   -8.246932542e-01   -3.390166058e-01    2.743529999e-01    7.843856442e-01    9.989739921e-01    8.372918531e-01    3.602379270e-01   -2.525021143e-01   -7.701354820e-01   -9.976919757e-01   -8.494608629e-01   -3.812744210e-01    2.305216776e-01    7.554901865e-01    9.958980737e-01
    8.106525232e-01    3.143150269e-01   -3.010519839e-01   -8.024121277e-01   -9.999028481e-01   -8.187354059e-01   -3.275169973e-01    2.877304455e-01    7.940158205e-01    9.996114113e-01    8.266592052e-01    3.406553298e-01   -2.743529999e-01   -7.854652330e-01   -9.991257463e-01   -8.344223815e-01   -3.537274718e-01    2.609222464e-01    7.767620267e-01    9.984459473e-01
    8.096310552e-01    3.110048912e-01   -3.060326187e-01   -8.065519152e-01   -9.999863378e-01   -8.126880726e-01   -3.159686658e-01    3.010519839e-01    8.034507367e-01    9.999453517e-01    8.157228838e-01    3.209238068e-01   -2.960631232e-01   -8.003276044e-01   -9.998770427e-01   -8.187354059e-01   -3.258701787e-01    2.910661727e-01    7.971826037e-01    9.997814127e-01
    8.086071292e-01    3.076909787e-01   -3.110048912e-01   -8.106525232e-01   -9.999939279e-01   -8.065519152e-01   -3.043733295e-01    3.143150269e-01    8.126880726e-01    9.999757117e-01    8.044869064e-01    3.010519839e-01   -3.176213455e-01   -8.147137526e-01   -9.999453517e-01   -8.024121277e-01   -2.977269824e-01    3.209238068e-01    8.167295385e-01    9.999028481e-01
    8.075807481e-01    3.043733295e-01   -3.159686658e-01   -8.147137526e-01   -9.999256178e-01   -8.003276044e-01   -2.927327133e-01    3.275169973e-01    8.217255566e-01    9.997024823e-01    7.929554005e-01    2.810485488e-01   -3.390166058e-01   -8.286151172e-01   -9.993306266e-01   -7.854652330e-01   -2.693225744e-01    3.504657808e-01    8.353814093e-01    9.988101062e-01
    8.065519152e-01    3.010519839e-01   -3.209238068e-01   -8.187354059e-01   -9.997814127e-01   -7.940158205e-01   -2.810485488e-01    3.406553298e-01    8.305609663e-01    9.991257463e-01    7.811326022e-01    2.609222464e-01   -3.602379270e-01   -8.420234264e-01   -9.980332874e-01   -7.679078925e-01   -2.406818754e-01    3.796630373e-01    8.531177752e-01    9.965045138e-01
    8.055206336e-01    2.977269824e-01   -3.258701787e-01   -8.227172879e-01   -9.995613235e-01   -7.876172533e-01   -2.693225744e-01    3.537274718e-01    8.391921288e-01    9.982456788e-01    7.690228546e-01    2.406818754e-01   -3.812744210e-01   -8.549307019e-01   -9.960542203e-01   -7.497537514e-01   -2.118300135e-01    4.084868580e-01    8.699191989e-01    9.929888706e-01
    8.044869064e-01    2.943983651e-01   -3.308076464e-01   -8.266592052e-01   -9.992653669e-01   -7.811326022e-01   -2.575565343e-01    3.667308832e-01    8.476169217e-01    9.970625471e-01    7.566306063e-01    2.203362844e-01   -4.021152947e-01   -8.673292633e-01   -9.933947770e-01   -7.310169187e-01   -1.827923019e-01    4.369088918e-01    8.857672673e-01    9.882674456e-01
    8.034507367e-01    2.910661727e-01   -3.357360750e-01   -8.305609663e-01   -9.988935655e-01   -7.745625759e-01   -2.457521790e-01    3.796630373e-01    8.558332731e-01    9.955767103e-01    7.439604095e-01    1.998943680e-01   -4.227498551e-01   -8.792117330e-01   -9.900567742e-01   -7.117119562e-01   -1.535942169e-01    4.649011828e-01    9.006446125e-01    9.823459720e-01
    8.024121277e-01    2.877304455e-01   -3.406553298e-01   -8.344223815e-01   -9.984459473e-01   -7.679078925e-01   -2.339112646e-01    3.925214215e-01    8.638391626e-01    9.937886195e-01    7.310169187e-01    1.793650628e-01   -4.431675153e-01   -8.905710406e-01   -9.860424919e-01   -6.918538673e-01   -1.242613755e-01    4.924361978e-01    9.145349300e-01    9.752316404e-01
    8.013710826e-01    2.843912240e-01   -3.455652765e-01   -8.382432634e-01   -9.979225465e-01   -7.611692794e-01   -2.220355524e-01    4.053035374e-01    8.716326214e-01    9.916988175e-01    7.178048886e-01    1.587573437e-01   -4.633577997e-01   -9.014004269e-01   -9.813546722e-01   -6.714580852e-01   -9.481951307e-02    5.194868535e-01    9.274229974e-01    9.669330894e-01
    8.003276044e-01    2.810485488e-01   -3.504657808e-01   -8.420234264e-01   -9.973234027e-01   -7.543474730e-01   -2.101268093e-01    4.180069012e-01    8.792117330e-01    9.893079390e-01    7.043291727e-01    1.380802200e-01   -4.833103493e-01   -9.116934480e-01   -9.759965172e-01   -6.505404611e-01   -6.529446043e-02    5.460265429e-01    9.392946905e-01    9.574603962e-01
    7.992816965e-01    2.777024606e-01   -3.553567089e-01   -8.457626868e-01   -9.966485613e-01   -7.474432189e-01   -1.981868068e-01    4.306290447e-01    8.865746335e-01    9.866167096e-01    6.905947212e-01    1.173427311e-01   -5.030149268e-01   -9.214439792e-01   -9.699716870e-01   -6.291172518e-01   -3.571212150e-02    5.720291616e-01    9.501369990e-01    9.468250632e-01
    7.982333618e-01    2.743529999e-01   -3.602379270e-01   -8.494608629e-01   -9.958980737e-01   -7.404572719e-01   -1.862173211e-01    4.431675153e-01    8.937195124e-01    9.836259464e-01    6.766065796e-01    9.655394293e-02   -5.224614227e-01   -9.306462186e-01   -9.632842969e-01   -6.072051067e-01   -6.098450433e-03    5.974691335e-01    9.599380405e-01    9.350400049e-01
    7.971826037e-01    2.710002073e-01   -3.651093019e-01   -8.531177752e-01   -9.950719968e-01   -7.333903953e-01   -1.742201330e-01    4.556198769e-01    9.006446125e-01    9.803365575e-01    6.623698864e-01    7.572294383e-02   -5.416398594e-01   -9.392946905e-01   -9.559389148e-01   -5.848210556e-01    2.352057113e-02    6.223214359e-01    9.686870741e-01    9.221195319e-01
    7.961294253e-01    2.676441238e-01   -3.699707005e-01   -8.567332460e-01   -9.941703932e-01   -7.262433616e-01   -1.621970271e-01    4.679837097e-01    9.073482308e-01    9.767495415e-01    6.478898714e-01    5.485884057e-02   -5.605403970e-01   -9.473842488e-01   -9.479405582e-01   -5.619824948e-01    5.311895685e-02    6.465616240e-01    9.763745115e-01    9.080793335e-01
    7.950738299e-01    2.642847899e-01   -3.748219898e-01   -8.603070997e-01   -9.931933315e-01   -7.190169520e-01   -1.501497920e-01    4.802566116e-01    9.138287190e-01    9.728659873e-01    6.331718539e-01    3.397075442e-02   -5.791533383e-01   -9.549100799e-01   -9.392946905e-01   -5.387071740e-01    8.267073849e-02    6.701658554e-01    9.829919280e-01    8.929364585e-01
    7.940158205e-01    2.609222464e-01   -3.796630373e-01   -8.638391626e-01   -9.921408857e-01   -7.117119562e-01   -1.380802200e-01    4.924361978e-01    9.200844833e-01    9.686870741e-01    6.182212406e-01    1.306781712e-02   -5.974691335e-01   -9.618677057e-01   -9.300072176e-01   -5.150131822e-01    1.121499887e-01    6.931109128e-01    9.885320716e-01    8.767092950e-01
    7.929554005e-01    2.575565343e-01   -3.844937108e-01   -8.673292633e-01   -9.910131358e-01   -7.043291727e-01   -1.259901066e-01    5.045201018e-01    9.261139853e-01    9.642140705e-01    6.030435235e-01   -7.840833102e-03   -6.154783854e-01   -9.682529861e-01   -9.200844833e-01   -4.909189338e-01    1.415308438e-01    7.153742276e-01    9.929888706e-01    8.594175474e-01
    7.918925730e-01    2.541876944e-01   -3.893138783e-01   -8.707772320e-01   -9.898101673e-01   -6.968694083e-01   -1.138812503e-01    5.165059756e-01    9.319157424e-01    9.594483345e-01    5.876442782e-01   -2.874605551e-02   -6.331718539e-01   -9.740621216e-01   -9.095332656e-01   -4.664431543e-01    1.707875264e-01    7.369339017e-01    9.963574408e-01    8.410822131e-01
    7.908273413e-01    2.508157676e-01   -3.941234080e-01   -8.741829015e-01   -9.885320716e-01   -6.893334785e-01   -1.017554526e-01    5.283914904e-01    9.374883276e-01    9.543913130e-01    5.720291616e-01   -4.963871087e-02   -6.505404611e-01   -9.792916557e-01   -8.983607719e-01   -4.416048658e-01    1.998943680e-01    7.577687290e-01    9.986340905e-01    8.217255566e-01
    7.897597087e-01    2.474407948e-01   -3.989221686e-01   -8.775461061e-01   -9.871789456e-01   -6.817222068e-01   -8.961451729e-02    5.401743367e-01    9.428303708e-01    9.490445413e-01    5.562039100e-01   -7.050966545e-02   -6.675752957e-01   -9.839384766e-01   -8.865746335e-01   -4.164233720e-01    2.288258317e-01    7.778582163e-01    9.998163249e-01    8.013710826e-01
    7.886896782e-01    2.440628171e-01   -4.037100289e-01   -8.808666826e-01   -9.857508921e-01   -6.740364252e-01   -7.746025053e-02    5.518522251e-01    9.479405582e-01    9.434096426e-01    5.401743367e-01   -9.134979498e-02   -6.842676175e-01   -9.879998192e-01   -8.741829015e-01   -3.909182433e-01    2.575565343e-01    7.971826037e-01    9.999028481e-01    7.800435074e-01
    7.876172533e-01    2.406818754e-01   -4.084868580e-01   -8.841444697e-01   -9.842480195e-01   -6.662769737e-01   -6.529446043e-02    5.634228865e-01    9.528176331e-01    9.374883276e-01    5.239463302e-01   -1.121499887e-01   -7.006088623e-01   -9.914732669e-01   -8.611940401e-01   -3.651093019e-01    2.860612690e-01    8.157228838e-01    9.988935655e-01    7.577687290e-01
    7.865424372e-01    2.372980109e-01   -4.132525255e-01   -8.873793081e-01   -9.826704418e-01   -6.584447003e-01   -5.311895685e-02    5.748840727e-01    9.574603962e-01    9.312823942e-01    5.075258519e-01   -1.329011533e-01   -7.165906459e-01   -9.943567528e-01   -8.476169217e-01   -3.390166058e-01    3.143150269e-01    8.334608204e-01    9.967895830e-01    7.345737955e-01
    7.854652330e-01    2.339112646e-01   -4.180069012e-01   -8.905710406e-01   -9.810182787e-01   -6.505404611e-01   -4.093555106e-02    5.862335568e-01    9.618677057e-01    9.247937263e-01    4.909189338e-01   -1.535942169e-01   -7.322047685e-01   -9.966485613e-01   -8.334608204e-01   -3.126604337e-01    3.422930196e-01    8.503789665e-01    9.935932065e-01    7.104868725e-01
    7.843856442e-01    2.305216776e-01   -4.227498551e-01   -8.937195124e-01   -9.792916557e-01   -6.425651201e-01   -2.874605551e-02    5.974691335e-01    9.660384778e-01    9.180242940e-01    4.741316765e-01   -1.742201330e-01   -7.474432189e-01   -9.983473286e-01   -8.187354059e-01   -2.860612690e-01    3.699707005e-01    8.664606814e-01    9.893079390e-01    6.855372086e-01
    7.833036739e-01    2.271292911e-01   -4.274812576e-01   -8.968245703e-01   -9.774907039e-01   -6.345195488e-01   -1.655228357e-02    6.085886197e-01    9.699716870e-01    9.109761523e-01    4.571702468e-01   -1.947698844e-01   -7.622981789e-01   -9.994520438e-01   -8.034507367e-01   -2.592397839e-01    3.973237864e-01    8.816901471e-01    9.839384766e-01    6.597551000e-01
    7.822193255e-01    2.237341463e-01   -4.322009795e-01   -8.998860636e-01   -9.756155598e-01   -6.264046266e-01   -4.356049249e-03    6.195898548e-01    9.736663659e-01    9.036514411e-01    4.400408755e-01   -2.152344874e-01   -7.767620267e-01   -9.999620497e-01   -7.876172533e-01   -2.322168236e-01    4.243282791e-01    8.960523841e-01    9.774907039e-01    6.331718539e-01
    7.811326022e-01    2.203362844e-01   -4.369088918e-01   -9.029038435e-01   -9.736663659e-01   -6.182212406e-01    7.840833102e-03    6.304707013e-01    9.771216060e-01    8.960523841e-01    4.227498551e-01   -2.356049954e-01   -7.908273413e-01   -9.998770427e-01   -7.712457711e-01   -2.050133896e-01    4.509604862e-01    9.095332656e-01    9.699716870e-01    6.058197502e-01
    7.800435074e-01    2.169357468e-01   -4.416048658e-01   -9.058777635e-01   -9.716432700e-01   -6.099702850e-01    2.003654902e-02    6.412290450e-01    9.803365575e-01    8.881812885e-01    4.053035374e-01   -2.558725028e-01   -8.044869064e-01   -9.991970734e-01   -7.543474730e-01   -1.776506238e-01    4.771970416e-01    9.221195319e-01    9.613896662e-01    5.777320024e-01
    7.789520443e-01    2.135325746e-01   -4.462887732e-01   -9.088076792e-01   -9.695464258e-01   -6.016526617e-01    3.222928420e-02    6.518627954e-01    9.833104299e-01    8.800405437e-01    3.877083313e-01   -2.760281492e-01   -8.177337135e-01   -9.979225465e-01   -7.369339017e-01   -1.501497920e-01    5.030149268e-01    9.337988031e-01    9.517540465e-01    5.489427172e-01
    7.778582163e-01    2.101268093e-01   -4.509604862e-01   -9.116934480e-01   -9.673759924e-01   -5.932692798e-01    4.441722482e-02    6.623698864e-01    9.860424919e-01    8.716326214e-01    3.699707005e-01   -2.960631232e-01   -8.305609663e-01   -9.960542203e-01   -7.190169520e-01   -1.225322672e-01    5.283914904e-01    9.445595916e-01    9.410753878e-01    5.194868535e-01
    7.767620267e-01    2.067184921e-01   -4.556198769e-01   -9.145349300e-01   -9.651321345e-01   -5.848210556e-01    5.659855774e-02    6.727482764e-01    9.885320716e-01    8.629600742e-01    3.520971608e-01   -3.159686658e-01   -8.429620832e-01   -9.935932065e-01   -7.006088623e-01   -9.481951307e-02    5.533044680e-01    9.543913130e-01    9.293653930e-01    4.894001793e-01
    7.756634788e-01    2.033076646e-01   -4.602668181e-01   -9.173319871e-01   -9.628150225e-01   -5.763089124e-01    6.877147081e-02    6.829959490e-01    9.907785567e-01    8.540255350e-01    3.340942781e-01   -3.357360750e-01   -8.549307019e-01   -9.905409696e-01   -6.817222068e-01   -6.703306738e-02    5.777320024e-01    9.632842969e-01    9.166368951e-01    4.587192288e-01
    7.745625759e-01    1.998943680e-01   -4.649011828e-01   -9.200844833e-01   -9.604248321e-01   -5.677337805e-01    8.093415313e-02    6.931109128e-01    9.927813949e-01    8.448317163e-01    3.159686658e-01   -3.553567089e-01   -8.664606814e-01   -9.868993257e-01   -6.623698864e-01   -3.919452511e-02    6.016526617e-01    9.712297961e-01    9.029038435e-01    4.274812576e-01
    7.734593214e-01    1.964786439e-01   -4.695228443e-01   -9.227922850e-01   -9.579617449e-01   -5.590965973e-01    9.308479533e-02    7.030912026e-01    9.945400936e-01    8.353814093e-01    2.977269824e-01   -3.748219898e-01   -8.775461061e-01   -9.826704418e-01   -6.425651201e-01   -1.132552173e-02    6.250454593e-01    9.782199955e-01    8.881812885e-01    3.957241979e-01
    7.723537187e-01    1.930605337e-01   -4.741316765e-01   -9.254552607e-01   -9.554259477e-01   -5.503983067e-01    1.052215898e-01    7.129348791e-01    9.960542203e-01    8.256774831e-01    2.793759288e-01   -3.941234080e-01   -8.881812885e-01   -9.778568341e-01   -6.223214359e-01    1.655228357e-02    6.478898714e-01    9.842480195e-01    8.724853645e-01    3.634866122e-01
    7.712457711e-01    1.896400789e-01   -4.787275533e-01   -9.280732809e-01   -9.528176331e-01   -5.416398594e-01    1.173427311e-01    7.226400296e-01    9.973234027e-01    8.157228838e-01    2.609222464e-01   -4.132525255e-01   -8.983607719e-01   -9.724613669e-01   -6.016526617e-01    4.441722482e-02    6.701658554e-01    9.893079390e-01    8.558332731e-01    3.308076464e-01
    7.701354820e-01    1.862173211e-01   -4.833103493e-01   -9.306462186e-01   -9.501369990e-01   -5.328222126e-01    1.294464160e-01    7.322047685e-01    9.983473286e-01    8.055206336e-01    2.423727142e-01   -4.322009795e-01   -9.080793335e-01   -9.664872508e-01   -5.805729159e-01    7.224764601e-02    6.918538673e-01    9.933947770e-01    8.382432634e-01    2.977269824e-01
    7.690228546e-01    1.827923019e-01   -4.878799390e-01   -9.331739487e-01   -9.473842488e-01   -5.239463302e-01    1.415308438e-01    7.416272372e-01    9.991257463e-01    7.950738299e-01    2.237341463e-01   -4.509604862e-01   -9.173319871e-01   -9.599380405e-01   -5.590965973e-01    1.000219180e-01    7.129348791e-01    9.965045138e-01    8.197346126e-01    2.642847899e-01
    7.679078925e-01    1.793650628e-01   -4.924361978e-01   -9.356563485e-01   -9.445595916e-01   -5.150131822e-01    1.535942169e-01    7.509056050e-01    9.996584643e-01    7.843856442e-01    2.050133896e-01   -4.695228443e-01   -9.261139853e-01   -9.528176331e-01   -5.372383758e-01    1.277184552e-01    7.333903953e-01    9.986340905e-01    8.003276044e-01    2.305216776e-01
    7.667905990e-01    1.759356455e-01   -4.969790011e-01   -9.380932973e-01   -9.416632417e-01   -5.060237450e-01    1.656347406e-01    7.600380689e-01    9.999453517e-01    7.734593214e-01    1.862173211e-01   -4.878799390e-01   -9.344208225e-01   -9.451302654e-01   -5.150131822e-01    1.553157325e-01    7.532024692e-01    9.997814127e-01    7.800435074e-01    1.964786439e-01
    7.656709775e-01    1.725040915e-01   -5.015082247e-01   -9.404846768e-01   -9.386954189e-01   -4.969790011e-01    1.776506238e-01    7.690228546e-01    9.999863378e-01    7.622981789e-01    1.673528457e-01   -5.060237450e-01   -9.422482366e-01   -9.368805117e-01   -4.924361978e-01    1.827923019e-01    7.723537187e-01    9.999453517e-01    7.589045510e-01    1.621970271e-01
    7.645490314e-01    1.690704427e-01   -5.060237450e-01   -9.428303708e-01   -9.356563485e-01   -4.878799390e-01    1.896400789e-01    7.778582163e-01    9.997814127e-01    7.509056050e-01    1.484268932e-01   -5.239463302e-01   -9.495922116e-01   -9.280732809e-01   -4.695228443e-01    2.101268093e-01    7.908273413e-01    9.991257463e-01    7.369339017e-01    1.277184552e-01
    7.634247640e-01    1.656347406e-01   -5.105254385e-01   -9.451302654e-01   -9.325462612e-01   -4.787275533e-01    2.016013223e-01    7.865424372e-01    9.993306266e-01    7.392850585e-01    1.294464160e-01   -5.416398594e-01   -9.564489796e-01   -9.187138137e-01   -4.462887732e-01    2.372980109e-01    8.086071292e-01    9.973234027e-01    7.141556375e-01    9.308479533e-02
    7.622981789e-01    1.621970271e-01   -5.150131822e-01   -9.473842488e-01   -9.293653930e-01   -4.695228443e-01    2.135325746e-01    7.950738299e-01    9.986340905e-01    7.274400673e-01    1.104183866e-01   -5.590965973e-01   -9.628150225e-01   -9.088076792e-01   -4.227498551e-01    2.642847899e-01    8.256774831e-01    9.945400936e-01    6.905947212e-01    5.833810308e-02
    7.611692794e-01    1.587573437e-01   -5.194868535e-01   -9.495922116e-01   -9.261139853e-01   -4.602668181e-01    2.254320609e-01    8.034507367e-01    9.976919757e-01    7.153742276e-01    9.134979498e-02   -5.763089124e-01   -9.686870741e-01   -8.983607719e-01   -3.989221686e-01    2.910661727e-01    8.420234264e-01    9.907785567e-01    6.662769737e-01    2.352057113e-02
    7.600380689e-01    1.553157325e-01   -5.239463302e-01   -9.517540465e-01   -9.227922850e-01   -4.509604862e-01    2.372980109e-01    8.116715301e-01    9.965045138e-01    7.030912026e-01    7.224764601e-02   -5.932692798e-01   -9.740621216e-01   -8.873793081e-01   -3.748219898e-01    3.176213455e-01    8.576306179e-01    9.860424919e-01    6.412290450e-01   -1.132552173e-02
    7.589045510e-01    1.518722350e-01   -5.283914904e-01   -9.538696485e-01   -9.194005442e-01   -4.416048658e-01    2.491286594e-01    8.197346126e-01    9.950719968e-01    6.905947212e-01    5.311895685e-02   -6.099702850e-01   -9.789374074e-01   -8.758698221e-01   -3.504657808e-01    3.439296701e-01    8.724853645e-01    9.803365575e-01    6.154783854e-01   -4.615786207e-02
    7.577687290e-01    1.484268932e-01   -5.328222126e-01   -9.559389148e-01   -9.159390202e-01   -4.322009795e-01    2.609222464e-01    8.276384176e-01    9.933947770e-01    6.778885774e-01    3.397075442e-02   -6.264046266e-01   -9.833104299e-01   -8.638391626e-01   -3.258701787e-01    3.699707005e-01    8.865746335e-01    9.736663659e-01    5.890532155e-01   -8.093415313e-02
    7.566306063e-01    1.449797488e-01   -5.372383758e-01   -9.579617449e-01   -9.124079759e-01   -4.227498551e-01    2.726770175e-01    8.353814093e-01    9.914732669e-01    6.649766288e-01    1.481007283e-02   -6.425651201e-01   -9.871789456e-01   -8.512944882e-01   -3.010519839e-01    3.957241979e-01    8.998860636e-01    9.660384778e-01    5.619824948e-01   -1.156121662e-01
    7.554901865e-01    1.415308438e-01   -5.416398594e-01   -9.599380405e-01   -9.088076792e-01   -4.132525255e-01    2.843912240e-01    8.429620832e-01    9.893079390e-01    6.518627954e-01   -4.356049249e-03   -6.584447003e-01   -9.905409696e-01   -8.382432634e-01   -2.760281492e-01    4.211701475e-01    9.124079759e-01    9.574603962e-01    5.342958907e-01   -1.501497920e-01
    7.543474730e-01    1.380802200e-01   -5.460265429e-01   -9.618677057e-01   -9.051384033e-01   -4.037100289e-01    2.960631232e-01    8.503789665e-01    9.868993257e-01    6.385510584e-01   -2.352057113e-02   -6.740364252e-01   -9.933947770e-01   -8.246932542e-01   -2.508157676e-01    4.462887732e-01    9.241293842e-01    9.479405582e-01    5.060237450e-01   -1.845050916e-01
    7.532024692e-01    1.346279194e-01   -5.503983067e-01   -9.637506467e-01   -9.014004269e-01   -3.941234080e-01    3.076909787e-01    8.576306179e-01    9.842480195e-01    6.250454593e-01   -4.267645272e-02   -6.893334785e-01   -9.957389035e-01   -8.106525232e-01   -2.254320609e-01    4.710605534e-01    9.350400049e-01    9.374883276e-01    4.771970416e-01   -2.186363475e-01
    7.520551787e-01    1.311739838e-01   -5.547550311e-01   -9.655867720e-01   -8.975940336e-01   -3.844937108e-01    3.192730608e-01    8.647156284e-01    9.813546722e-01    6.113500984e-01   -6.181665711e-02   -7.043291727e-01   -9.975721466e-01   -7.961294253e-01   -1.998943680e-01    4.954662360e-01    9.451302654e-01    9.261139853e-01    4.478473721e-01   -2.525021143e-01
    7.509056050e-01    1.277184552e-01   -5.590965973e-01   -9.673759924e-01   -8.937195124e-01   -3.748219898e-01    3.308076464e-01    8.716326214e-01    9.782199955e-01    5.974691335e-01   -8.093415313e-02   -7.190169520e-01   -9.988935655e-01   -7.811326022e-01   -1.742201330e-01    5.194868535e-01    9.543913130e-01    9.138287190e-01    4.180069012e-01   -2.860612690e-01
    7.497537514e-01    1.242613755e-01   -5.634228865e-01   -9.691182211e-01   -8.897771572e-01   -3.651093019e-01    3.422930196e-01    8.783802530e-01    9.748447601e-01    5.834067789e-01   -1.000219180e-01   -7.333903953e-01   -9.997024823e-01   -7.656709775e-01   -1.484268932e-01    5.431037376e-01    9.628150225e-01    9.006446125e-01    3.877083313e-01   -3.192730608e-01
    7.485996216e-01    1.208027868e-01   -5.677337805e-01   -9.708133734e-01   -8.857672673e-01   -3.553567089e-01    3.537274718e-01    8.849572119e-01    9.712297961e-01    5.691673037e-01   -1.190729397e-01   -7.474432189e-01   -9.999984820e-01   -7.497537514e-01   -1.225322672e-01    5.662985337e-01    9.703940033e-01    8.865746335e-01    3.569848670e-01   -3.520971608e-01
    7.474432189e-01    1.173427311e-01   -5.720291616e-01   -9.724613669e-01   -8.816901471e-01   -3.455652765e-01    3.651093019e-01    8.913622203e-01    9.673759924e-01    5.547550311e-01   -1.380802200e-01   -7.611692794e-01   -9.997814127e-01   -7.333903953e-01   -9.655394293e-02    5.890532155e-01    9.771216060e-01    8.716326214e-01    3.258701787e-01   -3.844937108e-01
    7.462845471e-01    1.138812503e-01   -5.763089124e-01   -9.740621216e-01   -8.775461061e-01   -3.357360750e-01    3.764368168e-01    8.975940336e-01    9.632842969e-01    5.401743367e-01   -1.570367765e-01   -7.745625759e-01   -9.990513858e-01   -7.165906459e-01   -7.050966545e-02    6.113500984e-01    9.829919280e-01    8.558332731e-01    2.943983651e-01   -4.164233720e-01
    7.451236094e-01    1.104183866e-01   -5.805729159e-01   -9.756155598e-01   -8.733354587e-01   -3.258701787e-01    3.877083313e-01    9.036514411e-01    9.589557156e-01    5.254296470e-01   -1.759356455e-01   -7.876172533e-01   -9.978087758e-01   -6.993644997e-01   -4.441722482e-02    6.331718539e-01    9.879998192e-01    8.391921288e-01    2.626039168e-01   -4.478473721e-01
    7.439604095e-01    1.069541819e-01   -5.848210556e-01   -9.771216060e-01   -8.690585246e-01   -3.159686658e-01    3.989221686e-01    9.095332656e-01    9.543913130e-01    5.105254385e-01   -1.947698844e-01   -8.003276044e-01   -9.960542203e-01   -6.817222068e-01   -1.829444407e-02    6.545015226e-01    9.921408857e-01    8.217255566e-01    2.305216776e-01   -4.787275533e-01
    7.427949510e-01    1.034886783e-01   -5.890532155e-01   -9.785801869e-01   -8.647156284e-01   -3.060326187e-01    4.100766605e-01    9.152383645e-01    9.495922116e-01    4.954662360e-01   -2.135325746e-01   -8.126880726e-01   -9.937886195e-01   -6.636742651e-01    7.840833102e-03    6.753225276e-01    9.954114944e-01    8.034507367e-01    1.981868068e-01   -5.090264179e-01
    7.416272372e-01    1.000219180e-01   -5.932692798e-01   -9.799912319e-01   -8.603070997e-01   -2.960631232e-01    4.211701475e-01    9.207656290e-01    9.445595916e-01    4.802566116e-01   -2.322168236e-01   -8.246932542e-01   -9.910131358e-01   -6.452314136e-01    3.397075442e-02    6.956186871e-01    9.978087758e-01    7.843856442e-01    1.656347406e-01   -5.387071740e-01
    7.404572719e-01    9.655394293e-02   -5.974691335e-01   -9.813546722e-01   -8.558332731e-01   -2.860612690e-01    4.322009795e-01    9.261139853e-01    9.392946905e-01    4.649011828e-01   -2.508157676e-01   -8.363379008e-01   -9.877291932e-01   -6.264046266e-01    6.007747129e-02    7.153742276e-01    9.993306266e-01    7.645490314e-01    1.329011533e-01   -5.677337805e-01
    7.392850585e-01    9.308479533e-02   -6.016526617e-01   -9.826704418e-01   -8.512944882e-01   -2.760281492e-01    4.431675153e-01    9.312823942e-01    9.337988031e-01    4.494046114e-01   -2.693225744e-01   -8.476169217e-01   -9.839384766e-01   -6.072051067e-01    8.614315096e-02    7.345737955e-01    9.999757117e-01    7.439604095e-01    1.000219180e-01   -5.960709906e-01
    7.381106006e-01    8.961451729e-02   -6.058197502e-01   -9.839384766e-01   -8.466910895e-01   -2.659648605e-01    4.540681236e-01    9.362698514e-01    9.280732809e-01    4.337716021e-01   -2.877304455e-01   -8.585253859e-01   -9.796429309e-01   -5.876442782e-01    1.121499887e-01    7.532024692e-01    9.997434651e-01    7.226400296e-01    6.703306738e-02   -6.236843944e-01
    7.369339017e-01    8.614315096e-02   -6.099702850e-01   -9.851587151e-01   -8.420234264e-01   -2.558725028e-01    4.649011828e-01    9.410753878e-01    9.221195319e-01    4.180069012e-01   -3.060326187e-01   -8.690585246e-01   -9.748447601e-01   -5.677337805e-01    1.380802200e-01    7.712457711e-01    9.986340905e-01    7.006088623e-01    3.397075442e-02   -6.505404611e-01
    7.357549655e-01    8.267073849e-02   -6.141041528e-01   -9.863310980e-01   -8.372918531e-01   -2.457521790e-01    4.756650811e-01    9.456980697e-01    9.159390202e-01    4.021152947e-01   -3.242223707e-01   -8.792117330e-01   -9.695464258e-01   -5.474854612e-01    1.639161327e-01    7.886896782e-01    9.966485613e-01    6.778885774e-01    8.712124948e-04   -6.766065796e-01
    7.345737955e-01    7.919732205e-02   -6.182212406e-01   -9.874555684e-01   -8.324967289e-01   -2.356049954e-01    4.863582175e-01    9.501369990e-01    9.095332656e-01    3.861016072e-01   -3.422930196e-01   -8.889805723e-01   -9.637506467e-01   -5.269113685e-01    1.896400789e-01    8.055206336e-01    9.937886195e-01    6.545015226e-01   -3.222928420e-02   -7.018510979e-01
    7.333903953e-01    7.572294383e-02   -6.223214359e-01   -9.885320716e-01   -8.276384176e-01   -2.254320609e-01    4.969790011e-01    9.543913130e-01    9.029038435e-01    3.699707005e-01   -3.602379270e-01   -8.983607719e-01   -9.574603962e-01   -5.060237450e-01    2.152344874e-01    8.217255566e-01    9.900567742e-01    6.304707013e-01   -6.529446043e-02   -7.262433616e-01
    7.322047685e-01    7.224764601e-02   -6.264046266e-01   -9.895605553e-01   -8.227172879e-01   -2.152344874e-01    5.075258519e-01    9.584601852e-01    8.960523841e-01    3.537274718e-01   -3.780505010e-01   -9.073482308e-01   -9.506789017e-01   -4.848350194e-01    2.406818754e-01    8.372918531e-01    9.854562995e-01    6.058197502e-01   -9.828807966e-02   -7.497537514e-01
    7.310169187e-01    6.877147081e-02   -6.304707013e-01   -9.905409696e-01   -8.177337135e-01   -2.050133896e-01    5.179972009e-01    9.623428249e-01    8.889805723e-01    3.373768526e-01   -3.957241979e-01   -9.159390202e-01   -9.434096426e-01   -4.633577997e-01    2.659648605e-01    8.522074254e-01    9.799912319e-01    5.805729159e-01   -1.311739838e-01   -7.723537187e-01
    7.298268495e-01    6.529446043e-02   -6.345195488e-01   -9.914732669e-01   -8.126880726e-01   -1.947698844e-01    5.283914904e-01    9.660384778e-01    8.816901471e-01    3.209238068e-01   -4.132525255e-01   -9.241293842e-01   -9.356563485e-01   -4.416048658e-01    2.910661727e-01    8.664606814e-01    9.736663659e-01    5.547550311e-01   -1.639161327e-01   -7.940158205e-01
    7.286345645e-01    6.181665711e-02   -6.385510584e-01   -9.923574018e-01   -8.075807481e-01   -1.845050916e-01    5.387071740e-01    9.695464258e-01    8.741829015e-01    3.043733295e-01   -4.306290447e-01   -9.319157424e-01   -9.274229974e-01   -4.195891613e-01    3.159686658e-01    8.800405437e-01    9.664872508e-01    5.283914904e-01   -1.964786439e-01   -8.147137526e-01
    7.274400673e-01    5.833810308e-02   -6.425651201e-01   -9.931933315e-01   -8.024121277e-01   -1.742201330e-01    5.489427172e-01    9.728659873e-01    8.664606814e-01    2.877304455e-01   -4.478473721e-01   -9.392946905e-01   -9.187138137e-01   -3.973237864e-01    3.406553298e-01    8.929364585e-01    9.584601852e-01    5.015082247e-01   -2.288258317e-01   -8.344223815e-01
    7.262433616e-01    5.485884057e-02   -6.465616240e-01   -9.939810152e-01   -7.971826037e-01   -1.639161327e-01    5.590965973e-01    9.759965172e-01    8.585253859e-01    2.710002073e-01   -4.649011828e-01   -9.462630029e-01   -9.095332656e-01   -3.748219898e-01    3.651093019e-01    9.051384033e-01    9.495922116e-01    4.741316765e-01   -2.609222464e-01   -8.531177752e-01
    7.250444510e-01    5.137891185e-02   -6.505404611e-01   -9.947204148e-01   -7.918925730e-01   -1.535942169e-01    5.691673037e-01    9.789374074e-01    8.503789665e-01    2.541876944e-01   -4.817842118e-01   -9.528176331e-01   -8.998860636e-01   -3.520971608e-01    3.893138783e-01    9.166368951e-01    9.398911105e-01    4.462887732e-01   -2.927327133e-01   -8.707772320e-01
    7.238433391e-01    4.789835918e-02   -6.545015226e-01   -9.954114944e-01   -7.865424372e-01   -1.432555138e-01    5.791533383e-01    9.816880863e-01    8.420234264e-01    2.372980109e-01   -4.984902573e-01   -9.589557156e-01   -8.897771572e-01   -3.291628215e-01    4.132525255e-01    9.274229974e-01    9.293653930e-01    4.180069012e-01   -3.242223707e-01   -8.873793081e-01
    7.226400296e-01    4.441722482e-02   -6.584447003e-01   -9.960542203e-01   -7.811326022e-01   -1.329011533e-01    5.890532155e-01    9.842480195e-01    8.334608204e-01    2.203362844e-01   -5.150131822e-01   -9.646745669e-01   -8.792117330e-01   -3.060326187e-01    4.369088918e-01    9.374883276e-01    9.180242940e-01    3.893138783e-01   -3.553567089e-01   -9.029038435e-01
    7.214345262e-01    4.093555106e-02   -6.623698864e-01   -9.966485613e-01   -7.756634788e-01   -1.225322672e-01    5.988654625e-01    9.866167096e-01    8.246932542e-01    2.033076646e-01   -5.313469169e-01   -9.699716870e-01   -8.681952119e-01   -2.827203156e-01    4.602668181e-01    9.468250632e-01    9.058777635e-01    3.602379270e-01   -3.861016072e-01   -9.173319871e-01
    7.202268324e-01    3.745338016e-02   -6.662769737e-01   -9.971944886e-01   -7.701354820e-01   -1.121499887e-01    6.085886197e-01    9.887936963e-01    8.157228838e-01    1.862173211e-01   -5.474854612e-01   -9.748447601e-01   -8.567332460e-01   -2.592397839e-01    4.833103493e-01    9.554259477e-01    8.929364585e-01    3.308076464e-01   -4.164233720e-01   -9.306462186e-01
    7.190169520e-01    3.397075442e-02   -6.701658554e-01   -9.976919757e-01   -7.645490314e-01   -1.017554526e-01    6.182212406e-01    9.907785567e-01    8.065519152e-01    1.690704427e-01   -5.634228865e-01   -9.792916557e-01   -8.448317163e-01   -2.356049954e-01    5.060237450e-01    9.632842969e-01    8.792117330e-01    3.010519839e-01   -4.462887732e-01   -9.428303708e-01
    7.178048886e-01    3.048771614e-02   -6.740364252e-01   -9.981409983e-01   -7.589045510e-01   -9.134979498e-02    6.277618922e-01    9.925709051e-01    7.971826037e-01    1.518722350e-01   -5.791533383e-01   -9.833104299e-01   -8.324967289e-01   -2.118300135e-01    5.283914904e-01    9.703940033e-01    8.647156284e-01    2.710002073e-01   -4.756650811e-01   -9.538696485e-01
    7.165906459e-01    2.700430761e-02   -6.778885774e-01   -9.985415347e-01   -7.532024692e-01   -8.093415313e-02    6.372091551e-01    9.941703932e-01    7.876172533e-01    1.346279194e-01   -5.946710379e-01   -9.868993257e-01   -8.197346126e-01   -1.879289853e-01    5.503983067e-01    9.767495415e-01    8.494608629e-01    2.406818754e-01   -5.045201018e-01   -9.637506467e-01
    7.153742276e-01    2.352057113e-02   -6.817222068e-01   -9.988935655e-01   -7.474432189e-01   -7.050966545e-02    6.465616240e-01    9.955767103e-01    7.778582163e-01    1.173427311e-01   -6.099702850e-01   -9.900567742e-01   -8.065519152e-01   -1.639161327e-01    5.720291616e-01    9.823459720e-01    8.334608204e-01    2.101268093e-01   -5.328222126e-01   -9.724613669e-01
    7.141556375e-01    2.003654902e-02   -6.855372086e-01   -9.991970734e-01   -7.416272372e-01   -6.007747129e-02    6.558179076e-01    9.967895830e-01    7.679078925e-01    1.000219180e-01   -6.250454593e-01   -9.927813949e-01   -7.929554005e-01   -1.398057441e-01    5.932692798e-01    9.871789456e-01    8.167295385e-01    1.793650628e-01   -5.605403970e-01   -9.799912319e-01
    7.129348791e-01    1.655228357e-02   -6.893334785e-01   -9.994520438e-01   -7.357549655e-01   -4.963871087e-02    6.649766288e-01    9.978087758e-01    7.577687290e-01    8.267073849e-02   -6.398910231e-01   -9.950719968e-01   -7.789520443e-01   -1.156121662e-01    6.141041528e-01    9.912447060e-01    7.992816965e-01    1.484268932e-01   -5.876442782e-01   -9.863310980e-01
    7.117119562e-01    1.306781712e-02   -6.931109128e-01   -9.996584643e-01   -7.298268495e-01   -3.919452511e-02    6.740364252e-01    9.986340905e-01    7.474432189e-01    6.529446043e-02   -6.545015226e-01   -9.969275784e-01   -7.645490314e-01   -9.134979498e-02    6.345195488e-01    9.945400936e-01    7.811326022e-01    1.173427311e-01   -6.141041528e-01   -9.914732669e-01
    7.104868725e-01    9.583191966e-03   -6.968694083e-01   -9.998163249e-01   -7.238433391e-01   -2.874605551e-02    6.829959490e-01    9.992653669e-01    7.369339017e-01    4.789835918e-02   -6.688715909e-01   -9.983473286e-01   -7.497537514e-01   -6.703306738e-02    6.545015226e-01    9.970625471e-01    7.622981789e-01    8.614315096e-02   -6.398910231e-01   -9.954114944e-01
    7.092596317e-01    6.098450433e-03   -7.006088623e-01   -9.999256178e-01   -7.178048886e-01   -1.829444407e-02    6.918538673e-01    9.997024823e-01    7.262433616e-01    3.048771614e-02   -6.829959490e-01   -9.993306266e-01   -7.345737955e-01   -4.267645272e-02    6.740364252e-01    9.988101062e-01    7.427949510e-01    5.485884057e-02   -6.649766288e-01   -9.981409983e-01
    7.080302376e-01    2.613634839e-03   -7.043291727e-01   -9.999863378e-01   -7.117119562e-01   -7.840833102e-03    7.006088623e-01    9.999453517e-01    7.153742276e-01    1.306781712e-02   -6.968694083e-01   -9.998770427e-01   -7.190169520e-01   -1.829444407e-02    6.931109128e-01    9.997814127e-01    7.226400296e-01    2.352057113e-02   -6.893334785e-01   -9.996584643e-01
    7.067986939e-01   -8.712124948e-04   -7.080302376e-01   -9.999984820e-01   -7.055650044e-01    2.613634839e-03    7.092596317e-01    9.999939279e-01    7.043291727e-01   -4.356049249e-03   -7.104868725e-01   -9.999863378e-01   -7.030912026e-01    6.098450433e-03    7.117119562e-01    9.999757117e-01    7.018510979e-01   -7.840833102e-03   -7.129348791e-01   -9.999620497e-01
    7.055650044e-01   -4.356049249e-03   -7.117119562e-01   -9.999620497e-01   -6.993644997e-01    1.306781712e-02    7.178048886e-01    9.998482016e-01    6.931109128e-01   -2.177859313e-02   -7.238433391e-01   -9.996584643e-01   -6.868047183e-01    3.048771614e-02    7.298268495e-01    9.993928523e-01    6.804463949e-01   -3.919452511e-02   -7.357549655e-01   -9.990513858e-01
    7.043291727e-01   -7.840833102e-03   -7.153742276e-01   -9.998770427e-01   -6.931109128e-01    2.352057113e-02    7.262433616e-01    9.995082009e-01    6.817222068e-01   -3.919452511e-02   -7.369339017e-01   -9.988935655e-01   -6.701658554e-01    5.485884057e-02    7.474432189e-01    9.980332874e-01    6.584447003e-01   -7.050966545e-02   -7.577687290e-01   -9.969275784e-01
    7.030912026e-01   -1.132552173e-02   -7.190169520e-01   -9.997434651e-01   -6.868047183e-01    3.397075442e-02    7.345737955e-01    9.989739921e-01    6.701658554e-01   -5.659855774e-02   -7.497537514e-01   -9.976919757e-01   -6.531831505e-01    7.919732205e-02    7.645490314e-01    9.958980737e-01    6.358653172e-01   -1.017554526e-01   -7.789520443e-01   -9.935932065e-01
    7.018510979e-01   -1.481007283e-02   -7.226400296e-01   -9.995613235e-01   -6.804463949e-01    4.441722482e-02    7.427949510e-01    9.982456788e-01    6.584447003e-01   -7.398540723e-02   -7.622981789e-01   -9.960542203e-01   -6.358653172e-01    1.034886783e-01    7.811326022e-01    9.929888706e-01    6.127280557e-01   -1.329011533e-01   -7.992816965e-01   -9.890523190e-01
    7.006088623e-01   -1.829444407e-02   -7.262433616e-01   -9.993306266e-01   -6.740364252e-01    5.485884057e-02    7.509056050e-01    9.973234027e-01    6.465616240e-01   -9.134979498e-02   -7.745625759e-01   -9.939810152e-01   -6.182212406e-01    1.277184552e-01    7.971826037e-01    9.893079390e-01    5.890532155e-01   -1.639161327e-01   -8.187354059e-01   -9.833104299e-01
    6.993644997e-01   -2.177859313e-02   -7.298268495e-01   -9.990513858e-01   -6.675752957e-01    6.529446043e-02    7.589045510e-01    9.962073428e-01    6.345195488e-01   -1.086864492e-01   -7.865424372e-01   -9.914732669e-01   -6.002599733e-01    1.518722350e-01    8.126880726e-01    9.848581396e-01    5.648615676e-01   -1.947698844e-01   -8.372918531e-01   -9.763745115e-01
    6.981180138e-01   -2.526247772e-02   -7.333903953e-01   -9.987236144e-01   -6.610634967e-01    7.572294383e-02    7.667905990e-01    9.948977161e-01    6.223214359e-01   -1.259901066e-01   -7.982333618e-01   -9.885320716e-01   -5.819907308e-01    1.759356455e-01    8.276384176e-01    9.796429309e-01    5.401743367e-01   -2.254320609e-01   -8.549307019e-01   -9.682529861e-01
    6.968694083e-01   -2.874605551e-02   -7.369339017e-01   -9.983473286e-01   -6.545015226e-01    8.614315096e-02    7.745625759e-01    9.933947770e-01    6.099702850e-01   -1.432555138e-01   -8.096310552e-01   -9.851587151e-01   -5.634228865e-01    1.998943680e-01    8.420234264e-01    9.736663659e-01    5.150131822e-01   -2.558725028e-01   -8.716326214e-01   -9.589557156e-01
    6.956186871e-01   -3.222928420e-02   -7.404572719e-01   -9.979225465e-01   -6.478898714e-01    9.655394293e-02    7.822193255e-01    9.916988175e-01    5.974691335e-01   -1.604774290e-01   -8.207313305e-01   -9.813546722e-01   -5.445659669e-01    2.237341463e-01    8.558332731e-01    9.669330894e-01    4.894001793e-01   -2.860612690e-01   -8.873793081e-01   -9.484939896e-01
    6.943658540e-01   -3.571212150e-02   -7.439604095e-01   -9.974492888e-01   -6.412290450e-01    1.069541819e-01    7.897597087e-01    9.898101673e-01    5.848210556e-01   -1.776506238e-01   -8.315301098e-01   -9.771216060e-01   -5.254296470e-01    2.474407948e-01    8.690585246e-01    9.594483345e-01    4.633577997e-01   -3.159686658e-01   -9.021535047e-01   -9.368805117e-01
    6.931109128e-01   -3.919452511e-02   -7.474432189e-01   -9.969275784e-01   -6.345195488e-01    1.173427311e-01    7.971826037e-01    9.877291932e-01    5.720291616e-01   -1.947698844e-01   -8.420234264e-01   -9.724613669e-01   -5.060237450e-01    2.710002073e-01    8.816901471e-01    9.512179181e-01    4.369088918e-01   -3.455652765e-01   -9.159390202e-01   -9.241293842e-01
    6.918538673e-01   -4.267645272e-02   -7.509056050e-01   -9.963574408e-01   -6.277618922e-01    1.277184552e-01    8.044869064e-01    9.854562995e-01    5.590965973e-01   -2.118300135e-01   -8.522074254e-01   -9.673759924e-01   -4.863582175e-01    2.943983651e-01    8.937195124e-01    9.422482366e-01    4.100766605e-01   -3.748219898e-01   -9.287207468e-01   -9.102560907e-01
    6.905947212e-01   -4.615786207e-02   -7.543474730e-01   -9.957389035e-01   -6.209565880e-01    1.380802200e-01    8.116715301e-01    9.829919280e-01    5.460265429e-01   -2.288258317e-01   -8.620783658e-01   -9.618677057e-01   -4.664431543e-01    3.176213455e-01    9.051384033e-01    9.325462612e-01    3.828846472e-01   -4.037100289e-01   -9.404846768e-01   -8.952774775e-01
    6.893334785e-01   -4.963871087e-02   -7.577687290e-01   -9.950719968e-01   -6.141041528e-01    1.484268932e-01    8.187354059e-01    9.803365575e-01    5.328222126e-01   -2.457521790e-01   -8.716326214e-01   -9.559389148e-01   -4.462887732e-01    3.406553298e-01    9.159390202e-01    9.221195319e-01    3.553567089e-01   -4.322009795e-01   -9.512179181e-01   -8.792117330e-01
    6.880701429e-01   -5.311895685e-02   -7.611692794e-01   -9.943567528e-01   -6.072051067e-01    1.587573437e-01    8.256774831e-01    9.774907039e-01    5.194868535e-01   -2.626039168e-01   -8.808666826e-01   -9.495922116e-01   -4.259054149e-01    3.634866122e-01    9.261139853e-01    9.109761523e-01    3.275169973e-01   -4.602668181e-01   -9.609087078e-01   -8.620783658e-01
    6.868047183e-01   -5.659855774e-02   -7.645490314e-01   -9.935932065e-01   -6.002599733e-01    1.690704427e-01    8.324967289e-01    9.744549201e-01    5.060237450e-01   -2.793759288e-01   -8.897771572e-01   -9.428303708e-01   -4.053035374e-01    3.861016072e-01    9.356563485e-01    8.991247826e-01    2.993899376e-01   -4.878799390e-01   -9.695464258e-01   -8.438981808e-01
    6.855372086e-01   -6.007747129e-02   -7.679078925e-01   -9.927813949e-01   -5.932692798e-01    1.793650628e-01    8.391921288e-01    9.712297961e-01    4.924361978e-01   -2.960631232e-01   -8.983607719e-01   -9.356563485e-01   -3.844937108e-01    4.084868580e-01    9.445595916e-01    8.865746335e-01    2.710002073e-01   -5.150131822e-01   -9.771216060e-01   -8.246932542e-01
    6.842676175e-01   -6.355565525e-02   -7.712457711e-01   -9.919213574e-01   -5.862335568e-01    1.896400789e-01    8.457626868e-01    9.678159584e-01    4.787275533e-01   -3.126604337e-01   -9.066143735e-01   -9.280732809e-01   -3.634866122e-01    4.306290447e-01    9.528176331e-01    8.733354587e-01    2.423727142e-01   -5.416398594e-01   -9.836259464e-01   -8.044869064e-01
    6.829959490e-01   -6.703306738e-02   -7.745625759e-01   -9.910131358e-01   -5.791533383e-01    1.998943680e-01    8.522074254e-01    9.642140705e-01    4.649011828e-01   -3.291628215e-01   -9.145349300e-01   -9.200844833e-01   -3.422930196e-01    4.525149918e-01    9.604248321e-01    8.594175474e-01    2.135325746e-01   -5.677337805e-01   -9.890523190e-01   -7.833036739e-01
    6.817222068e-01   -7.050966545e-02   -7.778582163e-01   -9.900567742e-01   -5.720291616e-01    2.101268093e-01    8.585253859e-01    9.604248321e-01    4.509604862e-01   -3.455652765e-01   -9.221195319e-01   -9.116934480e-01   -3.209238068e-01    4.741316765e-01    9.673759924e-01    8.448317163e-01    1.845050916e-01   -5.932692798e-01   -9.933947770e-01   -7.611692794e-01
    6.804463949e-01   -7.398540723e-02   -7.811326022e-01   -9.890523190e-01   -5.648615676e-01    2.203362844e-01    8.647156284e-01    9.564489796e-01    4.369088918e-01   -3.618628189e-01   -9.293653930e-01   -9.029038435e-01   -2.993899376e-01    4.954662360e-01    9.736663659e-01    8.295893010e-01    1.553157325e-01   -6.182212406e-01   -9.966485613e-01   -7.381106006e-01
    6.791685172e-01   -7.746025053e-02   -7.843856442e-01   -9.879998192e-01   -5.576511002e-01    2.305216776e-01    8.707772320e-01    9.522872854e-01    4.227498551e-01   -3.780505010e-01   -9.362698514e-01   -8.937195124e-01   -2.777024606e-01    5.165059756e-01    9.792916557e-01    8.137021478e-01    1.259901066e-01   -6.425651201e-01   -9.988101062e-01   -7.141556375e-01
    6.778885774e-01   -8.093415313e-02   -7.876172533e-01   -9.868993257e-01   -5.503983067e-01    2.406818754e-01    8.767092950e-01    9.479405582e-01    4.084868580e-01   -3.941234080e-01   -9.428303708e-01   -8.841444697e-01   -2.558725028e-01    5.372383758e-01    9.842480195e-01    7.971826037e-01    9.655394293e-02   -6.662769737e-01   -9.998770427e-01   -6.893334785e-01
    6.766065796e-01   -8.440707286e-02   -7.908273413e-01   -9.857508921e-01   -5.431037376e-01    2.508157676e-01    8.825109348e-01    9.434096426e-01    3.941234080e-01   -4.100766605e-01   -9.490445413e-01   -8.741829015e-01   -2.339112646e-01    5.576511002e-01    9.885320716e-01    7.800435074e-01    6.703306738e-02   -6.893334785e-01   -9.998482016e-01   -6.636742651e-01
    6.753225276e-01   -8.787896753e-02   -7.940158205e-01   -9.845545741e-01   -5.357679465e-01    2.609222464e-01    8.881812885e-01    9.386954189e-01    3.796630373e-01   -4.259054149e-01   -9.549100799e-01   -8.638391626e-01   -2.118300135e-01    5.777320024e-01    9.921408857e-01    7.622981789e-01    3.745338016e-02   -7.117119562e-01   -9.987236144e-01   -6.372091551e-01
    6.740364252e-01   -9.134979498e-02   -7.971826037e-01   -9.833104299e-01   -5.283914904e-01    2.710002073e-01    8.937195124e-01    9.337988031e-01    3.651093019e-01   -4.416048658e-01   -9.604248321e-01   -8.531177752e-01   -1.896400789e-01    5.974691335e-01    9.950719968e-01    7.439604095e-01    7.840833102e-03   -7.333903953e-01   -9.965045138e-01   -6.099702850e-01
    6.727482764e-01   -9.481951307e-02   -8.003276044e-01   -9.820185199e-01   -5.209749289e-01    2.810485488e-01    8.991247826e-01    9.287207468e-01    3.504657808e-01   -4.571702468e-01   -9.655867720e-01   -8.420234264e-01   -1.673528457e-01    6.168507494e-01    9.973234027e-01    7.250444510e-01   -2.177859313e-02   -7.543474730e-01   -9.931933315e-01   -5.819907308e-01
    6.714580852e-01   -9.828807966e-02   -8.034507367e-01   -9.806789068e-01   -5.135188252e-01    2.910661727e-01    9.043962951e-01    9.234622365e-01    3.357360750e-01   -4.725968324e-01   -9.703940033e-01   -8.305609663e-01   -1.449797488e-01    6.358653172e-01    9.988935655e-01    7.055650044e-01   -5.137891185e-02   -7.745625759e-01   -9.887936963e-01   -5.533044680e-01
    6.701658554e-01   -1.017554526e-01   -8.065519152e-01   -9.792916557e-01   -5.060237450e-01    3.010519839e-01    9.095332656e-01    9.180242940e-01    3.209238068e-01   -4.878799390e-01   -9.748447601e-01   -8.187354059e-01   -1.225322672e-01    6.545015226e-01    9.997814127e-01    6.855372086e-01   -8.093415313e-02   -7.940158205e-01   -9.833104299e-01   -5.239463302e-01
    6.688715909e-01   -1.052215898e-01   -8.096310552e-01   -9.778568341e-01   -4.984902573e-01    3.110048912e-01    9.145349300e-01    9.124079759e-01    3.060326187e-01   -5.030149268e-01   -9.789374074e-01   -8.065519152e-01   -1.000219180e-01    6.727482764e-01    9.999863378e-01    6.649766288e-01   -1.104183866e-01   -8.126880726e-01   -9.767495415e-01   -4.939519668e-01
    6.675752957e-01   -1.086864492e-01   -8.126880726e-01   -9.763745115e-01   -4.909189338e-01    3.209238068e-01    9.194005442e-01    9.066143735e-01    2.910661727e-01   -5.179972009e-01   -9.826704418e-01   -7.940158205e-01   -7.746025053e-02    6.905947212e-01    9.995082009e-01    6.438992443e-01   -1.398057441e-01   -8.305609663e-01   -9.691182211e-01   -4.633577997e-01
    6.662769737e-01   -1.121499887e-01   -8.157228838e-01   -9.748447601e-01   -4.833103493e-01    3.308076464e-01    9.241293842e-01    9.006446125e-01    2.760281492e-01   -5.328222126e-01   -9.860424919e-01   -7.811326022e-01   -5.485884057e-02    7.080302376e-01    9.983473286e-01    6.223214359e-01   -1.690704427e-01   -8.476169217e-01   -9.604248321e-01   -4.322009795e-01
    6.649766288e-01   -1.156121662e-01   -8.187354059e-01   -9.732676540e-01   -4.756650811e-01    3.406553298e-01    9.287207468e-01    8.944998528e-01    2.609222464e-01   -5.474854612e-01   -9.890523190e-01   -7.679078925e-01   -3.222928420e-02    7.250444510e-01    9.965045138e-01    6.002599733e-01   -1.981868068e-01   -8.638391626e-01   -9.506789017e-01   -4.005193396e-01
    6.636742651e-01   -1.190729397e-01   -8.217255566e-01   -9.716432700e-01   -4.679837097e-01    3.504657808e-01    9.331739487e-01    8.881812885e-01    2.457521790e-01   -5.619824948e-01   -9.916988175e-01   -7.543474730e-01   -9.583191966e-03    7.416272372e-01    9.939810152e-01    5.777320024e-01   -2.271292911e-01   -8.792117330e-01   -9.398911105e-01   -3.683513510e-01
    6.623698864e-01   -1.225322672e-01   -8.246932542e-01   -9.699716870e-01   -4.602668181e-01    3.602379270e-01    9.374883276e-01    8.816901471e-01    2.305216776e-01   -5.763089124e-01   -9.939810152e-01   -7.404572719e-01    1.306781712e-02    7.577687290e-01    9.907785567e-01    5.547550311e-01   -2.558725028e-01   -8.937195124e-01   -9.280732809e-01   -3.357360750e-01
    6.610634967e-01   -1.259901066e-01   -8.276384176e-01   -9.682529861e-01   -4.525149918e-01    3.699707005e-01    9.416632417e-01    8.750276901e-01    2.152344874e-01   -5.904603644e-01   -9.958980737e-01   -7.262433616e-01    3.571212150e-02    7.734593214e-01    9.868993257e-01    5.313469169e-01   -2.843912240e-01   -9.073482308e-01   -9.152383645e-01   -3.027131163e-01
    6.597551000e-01   -1.294464160e-01   -8.305609663e-01   -9.664872508e-01   -4.447288194e-01    3.796630373e-01    9.456980697e-01    8.681952119e-01    1.998943680e-01   -6.044325544e-01   -9.974492888e-01   -7.117119562e-01    5.833810308e-02    7.886896782e-01    9.823459720e-01    5.075258519e-01   -3.126604337e-01   -9.200844833e-01   -9.014004269e-01   -2.693225744e-01
    6.584447003e-01   -1.329011533e-01   -8.334608204e-01   -9.646745669e-01   -4.369088918e-01    3.893138783e-01    9.495922116e-01    8.611940401e-01    1.845050916e-01   -6.182212406e-01   -9.986340905e-01   -6.968694083e-01    8.093415313e-02    8.034507367e-01    9.771216060e-01    4.833103493e-01   -3.406553298e-01   -9.319157424e-01   -8.865746335e-01   -2.356049954e-01
    6.571323015e-01   -1.363542767e-01   -8.363379008e-01   -9.628150225e-01   -4.290558025e-01    3.989221686e-01    9.533450880e-01    8.540255350e-01    1.690704427e-01   -6.318222367e-01   -9.994520438e-01   -6.817222068e-01    1.034886783e-01    8.177337135e-01    9.712297961e-01    4.587192288e-01   -3.683513510e-01   -9.428303708e-01   -8.707772320e-01   -2.016013223e-01
    6.558179076e-01   -1.398057441e-01   -8.391921288e-01   -9.609087078e-01   -4.211701475e-01    4.084868580e-01    9.569561405e-01    8.466910895e-01    1.535942169e-01   -6.452314136e-01   -9.999028481e-01   -6.662769737e-01    1.259901066e-01    8.315301098e-01    9.646745669e-01    4.337716021e-01   -3.957241979e-01   -9.528176331e-01   -8.540255350e-01   -1.673528457e-01
    6.545015226e-01   -1.432555138e-01   -8.420234264e-01   -9.589557156e-01   -4.132525255e-01    4.180069012e-01    9.604248321e-01    8.391921288e-01    1.380802200e-01   -6.584447003e-01   -9.999863378e-01   -6.505404611e-01    1.484268932e-01    8.448317163e-01    9.574603962e-01    4.084868580e-01   -4.227498551e-01   -9.618677057e-01   -8.363379008e-01   -1.329011533e-01
    6.531831505e-01   -1.467035437e-01   -8.448317163e-01   -9.569561405e-01   -4.053035374e-01    4.274812576e-01    9.637506467e-01    8.315301098e-01    1.225322672e-01   -6.714580852e-01   -9.997024823e-01   -6.345195488e-01    1.707875264e-01    8.576306179e-01    9.495922116e-01    3.828846472e-01   -4.494046114e-01   -9.699716870e-01   -8.177337135e-01   -9.828807966e-02
    6.518627954e-01   -1.501497920e-01   -8.476169217e-01   -9.549100799e-01   -3.973237864e-01    4.369088918e-01    9.669330894e-01    8.237065215e-01    1.069541819e-01   -6.842676175e-01   -9.990513858e-01   -6.182212406e-01    1.930605337e-01    8.699191989e-01    9.410753878e-01    3.569848670e-01   -4.756650811e-01   -9.771216060e-01   -7.982333618e-01   -6.355565525e-02
    6.505404611e-01   -1.535942169e-01   -8.503789665e-01   -9.528176331e-01   -3.893138783e-01    4.462887732e-01    9.699716870e-01    8.157228838e-01    9.134979498e-02   -6.968694083e-01   -9.980332874e-01   -6.016526617e-01    2.152344874e-01    8.816901471e-01    9.319157424e-01    3.308076464e-01   -5.015082247e-01   -9.833104299e-01   -7.778582163e-01   -2.874605551e-02
    6.492161518e-01   -1.570367765e-01   -8.531177752e-01   -9.506789017e-01   -3.812744210e-01    4.556198769e-01    9.728659873e-01    8.075807481e-01    7.572294383e-02   -7.092596317e-01   -9.966485613e-01   -5.848210556e-01    2.372980109e-01    8.929364585e-01    9.221195319e-01    3.043733295e-01   -5.269113685e-01   -9.885320716e-01   -7.566306063e-01    6.098450433e-03
    6.478898714e-01   -1.604774290e-01   -8.558332731e-01   -9.484939896e-01   -3.732060248e-01    4.649011828e-01    9.756155598e-01    7.992816965e-01    6.007747129e-02   -7.214345262e-01   -9.948977161e-01   -5.677337805e-01    2.592397839e-01    9.036514411e-01    9.116934480e-01    2.777024606e-01   -5.518522251e-01   -9.927813949e-01   -7.345737955e-01    4.093555106e-02
    6.465616240e-01   -1.639161327e-01   -8.585253859e-01   -9.462630029e-01   -3.651093019e-01    4.741316765e-01    9.782199955e-01    7.908273413e-01    4.441722482e-02   -7.333903953e-01   -9.927813949e-01   -5.503983067e-01    2.810485488e-01    9.138287190e-01    9.006446125e-01    2.508157676e-01   -5.763089124e-01   -9.960542203e-01   -7.117119562e-01    7.572294383e-02
    6.452314136e-01   -1.673528457e-01   -8.611940401e-01   -9.439860501e-01   -3.569848670e-01    4.833103493e-01    9.806789068e-01    7.822193255e-01    2.874605551e-02   -7.451236094e-01   -9.903003752e-01   -5.328222126e-01    3.027131163e-01    9.234622365e-01    8.889805723e-01    2.237341463e-01   -6.002599733e-01   -9.983473286e-01   -6.880701429e-01    1.104183866e-01
    6.438992443e-01   -1.707875264e-01   -8.638391626e-01   -9.416632417e-01   -3.488333368e-01    4.924361978e-01    9.829919280e-01    7.734593214e-01    1.306781712e-02   -7.566306063e-01   -9.874555684e-01   -5.150131822e-01    3.242223707e-01    9.325462612e-01    8.767092950e-01    1.964786439e-01   -6.236843944e-01   -9.996584643e-01   -6.636742651e-01    1.449797488e-01
    6.425651201e-01   -1.742201330e-01   -8.664606814e-01   -9.392946905e-01   -3.406553298e-01    5.015082247e-01    9.851587151e-01    7.645490314e-01   -2.613634839e-03   -7.679078925e-01   -9.842480195e-01   -4.969790011e-01    3.455652765e-01    9.410753878e-01    8.638391626e-01    1.690704427e-01   -6.465616240e-01   -9.999863378e-01   -6.385510584e-01    1.793650628e-01
    6.412290450e-01   -1.776506238e-01   -8.690585246e-01   -9.368805117e-01   -3.324514669e-01    5.105254385e-01    9.871789456e-01    7.554901865e-01   -1.829444407e-02   -7.789520443e-01   -9.806789068e-01   -4.787275533e-01    3.667308832e-01    9.490445413e-01    8.503789665e-01    1.415308438e-01   -6.688715909e-01   -9.993306266e-01   -6.127280557e-01    2.135325746e-01
    6.398910231e-01   -1.810789572e-01   -8.716326214e-01   -9.344208225e-01   -3.242223707e-01    5.194868535e-01    9.890523190e-01    7.462845471e-01   -3.397075442e-02   -7.897597087e-01   -9.767495415e-01   -4.602668181e-01    3.877083313e-01    9.564489796e-01    8.363379008e-01    1.138812503e-01   -6.905947212e-01   -9.976919757e-01   -5.862335568e-01    2.474407948e-01
    6.385510584e-01   -1.845050916e-01   -8.741829015e-01   -9.319157424e-01   -3.159686658e-01    5.283914904e-01    9.907785567e-01    7.369339017e-01   -4.963871087e-02   -8.003276044e-01   -9.724613669e-01   -4.416048658e-01    4.084868580e-01    9.632842969e-01    8.217255566e-01    8.614315096e-02   -7.117119562e-01   -9.950719968e-01   -5.590965973e-01    2.810485488e-01
    6.372091551e-01   -1.879289853e-01   -8.767092950e-01   -9.293653930e-01   -3.076909787e-01    5.372383758e-01    9.923574018e-01    7.274400673e-01   -6.529446043e-02   -8.106525232e-01   -9.678159584e-01   -4.227498551e-01    4.290558025e-01    9.695464258e-01    8.065519152e-01    5.833810308e-02   -7.322047685e-01   -9.914732669e-01   -5.313469169e-01    3.143150269e-01
    6.358653172e-01   -1.913505968e-01   -8.792117330e-01   -9.267698982e-01   -2.993899376e-01    5.460265429e-01    9.937886195e-01    7.178048886e-01   -8.093415313e-02   -8.207313305e-01   -9.628150225e-01   -4.037100289e-01    4.494046114e-01    9.752316404e-01    7.908273413e-01    3.048771614e-02   -7.520551787e-01   -9.868993257e-01   -5.030149268e-01    3.471998337e-01
    6.345195488e-01   -1.947698844e-01   -8.816901471e-01   -9.241293842e-01   -2.910661727e-01    5.547550311e-01    9.950719968e-01    7.080302376e-01   -9.655394293e-02   -8.305609663e-01   -9.574603962e-01   -3.844937108e-01    4.695228443e-01    9.803365575e-01    7.745625759e-01    2.613634839e-03   -7.712457711e-01   -9.813546722e-01   -4.741316765e-01    3.796630373e-01
    6.331718539e-01   -1.981868068e-01   -8.841444697e-01   -9.214439792e-01   -2.827203156e-01    5.634228865e-01    9.962073428e-01    6.981180138e-01   -1.121499887e-01   -8.401384463e-01   -9.517540465e-01   -3.651093019e-01    4.894001793e-01    9.848581396e-01    7.577687290e-01   -2.526247772e-02   -7.897597087e-01   -9.748447601e-01   -4.447288194e-01    4.116652179e-01
    6.318222367e-01   -2.016013223e-01   -8.865746335e-01   -9.187138137e-01   -2.743529999e-01    5.720291616e-01    9.971944886e-01    6.880701429e-01   -1.277184552e-01   -8.494608629e-01   -9.456980697e-01   -3.455652765e-01    5.090264179e-01    9.887936963e-01    7.404572719e-01   -5.311895685e-02   -8.075807481e-01   -9.673759924e-01   -4.148385785e-01    4.431675153e-01
    6.304707013e-01   -2.050133896e-01   -8.889805723e-01   -9.159390202e-01   -2.659648605e-01    5.805729159e-01    9.980332874e-01    6.778885774e-01   -1.432555138e-01   -8.585253859e-01   -9.392946905e-01   -3.258701787e-01    5.283914904e-01    9.921408857e-01    7.226400296e-01   -8.093415313e-02   -8.246932542e-01   -9.589557156e-01   -3.844937108e-01    4.741316765e-01
    6.291172518e-01   -2.084229671e-01   -8.913622203e-01   -9.131197336e-01   -2.575565343e-01    5.890532155e-01    9.987236144e-01    6.675752957e-01   -1.587573437e-01   -8.673292633e-01   -9.325462612e-01   -3.060326187e-01    5.474854612e-01    9.948977161e-01    7.043291727e-01   -1.086864492e-01   -8.410822131e-01   -9.495922116e-01   -3.537274718e-01    5.045201018e-01
    6.277618922e-01   -2.118300135e-01   -8.937195124e-01   -9.102560907e-01   -2.491286594e-01    5.974691335e-01    9.992653669e-01    6.571323015e-01   -1.742201330e-01   -8.758698221e-01   -9.254552607e-01   -2.860612690e-01    5.662985337e-01    9.970625471e-01    6.855372086e-01   -1.363542767e-01   -8.567332460e-01   -9.392946905e-01   -3.225735784e-01    5.342958907e-01
    6.264046266e-01   -2.152344874e-01   -8.960523841e-01   -9.073482308e-01   -2.406818754e-01    6.058197502e-01    9.996584643e-01    6.465616240e-01   -1.896400789e-01   -8.841444697e-01   -9.180242940e-01   -2.659648605e-01    5.848210556e-01    9.986340905e-01    6.662769737e-01   -1.639161327e-01   -8.716326214e-01   -9.280732809e-01   -2.910661727e-01    5.634228865e-01
    6.250454593e-01   -2.186363475e-01   -8.983607719e-01   -9.043962951e-01   -2.322168236e-01    6.141041528e-01    9.999028481e-01    6.358653172e-01   -2.050133896e-01   -8.921506937e-01   -9.102560907e-01   -2.457521790e-01    6.030435235e-01    9.996114113e-01    6.465616240e-01   -1.913505968e-01   -8.857672673e-01   -9.159390202e-01   -2.592397839e-01    5.918657206e-01
    6.236843944e-01   -2.220355524e-01   -9.006446125e-01   -9.014004269e-01   -2.237341463e-01    6.223214359e-01    9.999984820e-01    6.250454593e-01   -2.203362844e-01   -8.998860636e-01   -9.021535047e-01   -2.254320609e-01    6.209565880e-01    9.999939279e-01    6.264046266e-01   -2.186363475e-01   -8.991247826e-01   -9.029038435e-01   -2.271292911e-01    6.195898548e-01
    6.223214359e-01   -2.254320609e-01   -9.029038435e-01   -8.983607719e-01   -2.152344874e-01    6.304707013e-01    9.999453517e-01    6.141041528e-01   -2.356049954e-01   -9.073482308e-01   -8.937195124e-01   -2.050133896e-01    6.385510584e-01    9.997814127e-01    6.058197502e-01   -2.457521790e-01   -9.116934480e-01   -8.889805723e-01   -1.947698844e-01    6.465616240e-01
    6.209565880e-01   -2.288258317e-01   -9.051384033e-01   -8.952774775e-01   -2.067184921e-01    6.385510584e-01    9.997434651e-01    6.030435235e-01   -2.508157676e-01   -9.145349300e-01   -8.849572119e-01   -1.845050916e-01    6.558179076e-01    9.989739921e-01    5.848210556e-01   -2.726770175e-01   -9.234622365e-01   -8.741829015e-01   -1.621970271e-01    6.727482764e-01
    6.195898548e-01   -2.322168236e-01   -9.073482308e-01   -8.921506937e-01   -1.981868068e-01    6.465616240e-01    9.993928523e-01    5.918657206e-01   -2.659648605e-01   -9.214439792e-01   -8.758698221e-01   -1.639161327e-01    6.727482764e-01    9.975721466e-01    5.634228865e-01   -2.993899376e-01   -9.344208225e-01   -8.585253859e-01   -1.294464160e-01    6.981180138e-01
    6.182212406e-01   -2.356049954e-01   -9.095332656e-01   -8.889805723e-01   -1.896400789e-01    6.545015226e-01    9.988935655e-01    5.805729159e-01   -2.810485488e-01   -9.280732809e-01   -8.664606814e-01   -1.432555138e-01    6.893334785e-01    9.955767103e-01    5.416398594e-01   -3.258701787e-01   -9.445595916e-01   -8.420234264e-01   -9.655394293e-02    7.226400296e-01
    6.168507494e-01   -2.389903060e-01   -9.116934480e-01   -8.857672673e-01   -1.810789572e-01    6.623698864e-01    9.982456788e-01    5.691673037e-01   -2.960631232e-01   -9.344208225e-01   -8.567332460e-01   -1.225322672e-01    7.055650044e-01    9.929888706e-01    5.194868535e-01   -3.520971608e-01   -9.538696485e-01   -8.246932542e-01   -6.355565525e-02    7.462845471e-01
    6.154783854e-01   -2.423727142e-01   -9.138287190e-01   -8.825109348e-01   -1.725040915e-01    6.701658554e-01    9.974492888e-01    5.576511002e-01   -3.110048912e-01   -9.404846768e-01   -8.466910895e-01   -1.017554526e-01    7.214345262e-01    9.898101673e-01    4.969790011e-01   -3.780505010e-01   -9.623428249e-01   -8.065519152e-01   -3.048771614e-02    7.690228546e-01
    6.141041528e-01   -2.457521790e-01   -9.159390202e-01   -8.792117330e-01   -1.639161327e-01    6.778885774e-01    9.965045138e-01    5.460265429e-01   -3.258701787e-01   -9.462630029e-01   -8.363379008e-01   -8.093415313e-02    7.369339017e-01    9.860424919e-01    4.741316765e-01   -4.037100289e-01   -9.699716870e-01   -7.876172533e-01    2.613634839e-03    7.908273413e-01
    6.127280557e-01   -2.491286594e-01   -9.180242940e-01   -8.758698221e-01   -1.553157325e-01    6.855372086e-01    9.954114944e-01    5.342958907e-01   -3.406553298e-01   -9.517540465e-01   -8.256774831e-01   -6.007747129e-02    7.520551787e-01    9.816880863e-01    4.509604862e-01   -4.290558025e-01   -9.767495415e-01   -7.679078925e-01    3.571212150e-02    8.116715301e-01
    6.113500984e-01   -2.525021143e-01   -9.200844833e-01   -8.724853645e-01   -1.467035437e-01    6.931109128e-01    9.941703932e-01    5.224614227e-01   -3.553567089e-01   -9.569561405e-01   -8.147137526e-01   -3.919452511e-02    7.667905990e-01    9.767495415e-01    4.274812576e-01   -4.540681236e-01   -9.826704418e-01   -7.474432189e-01    6.877147081e-02    8.315301098e-01
    6.099702850e-01   -2.558725028e-01   -9.221195319e-01   -8.690585246e-01   -1.380802200e-01    7.006088623e-01    9.927813949e-01    5.105254385e-01   -3.699707005e-01   -9.618677057e-01   -8.034507367e-01   -1.829444407e-02    7.811326022e-01    9.712297961e-01    4.037100289e-01   -4.787275533e-01   -9.877291932e-01   -7.262433616e-01    1.017554526e-01    8.503789665e-01
    6.085886197e-01   -2.592397839e-01   -9.241293842e-01   -8.655894689e-01   -1.294464160e-01    7.080302376e-01    9.912447060e-01    4.984902573e-01   -3.844937108e-01   -9.664872508e-01   -7.918925730e-01    2.613634839e-03    7.950738299e-01    9.651321345e-01    3.796630373e-01   -5.030149268e-01   -9.919213574e-01   -7.043291727e-01    1.346279194e-01    8.681952119e-01
    6.072051067e-01   -2.626039168e-01   -9.261139853e-01   -8.620783658e-01   -1.208027868e-01    7.153742276e-01    9.895605553e-01    4.863582175e-01   -3.989221686e-01   -9.708133734e-01   -7.800435074e-01    2.352057113e-02    8.086071292e-01    9.584601852e-01    3.553567089e-01   -5.269113685e-01   -9.952432564e-01   -6.817222068e-01    1.673528457e-01    8.849572119e-01
    6.058197502e-01   -2.659648605e-01   -9.280732809e-01   -8.585253859e-01   -1.121499887e-01    7.226400296e-01    9.877291932e-01    4.741316765e-01   -4.132525255e-01   -9.748447601e-01   -7.679078925e-01    4.441722482e-02    8.217255566e-01    9.512179181e-01    3.308076464e-01   -5.503983067e-01   -9.976919757e-01   -6.584447003e-01    1.998943680e-01    9.006446125e-01
    6.044325544e-01   -2.693225744e-01   -9.300072176e-01   -8.549307019e-01   -1.034886783e-01    7.298268495e-01    9.857508921e-01    4.618130099e-01   -4.274812576e-01   -9.785801869e-01   -7.554901865e-01    6.529446043e-02    8.344223815e-01    9.434096426e-01    3.060326187e-01   -5.734574877e-01   -9.992653669e-01   -6.345195488e-01    2.322168236e-01    9.152383645e-01
    6.030435235e-01   -2.726770175e-01   -9.319157424e-01   -8.512944882e-01   -9.481951307e-02    7.369339017e-01    9.836259464e-01    4.494046114e-01   -4.416048658e-01   -9.820185199e-01   -7.427949510e-01    8.614315096e-02    8.466910895e-01    9.350400049e-01    2.810485488e-01   -5.960709906e-01   -9.999620497e-01   -6.099702850e-01    2.642847899e-01    9.287207468e-01
    6.016526617e-01   -2.760281492e-01   -9.337988031e-01   -8.476169217e-01   -8.614315096e-02    7.439604095e-01    9.813546722e-01    4.369088918e-01   -4.556198769e-01   -9.851587151e-01   -7.298268495e-01    1.069541819e-01    8.585253859e-01    9.261139853e-01    2.558725028e-01   -6.182212406e-01   -9.997814127e-01   -5.848210556e-01    2.960631232e-01    9.410753878e-01
    6.002599733e-01   -2.793759288e-01   -9.356563485e-01   -8.438981808e-01   -7.746025053e-02    7.509056050e-01    9.789374074e-01    4.243282791e-01   -4.695228443e-01   -9.879998192e-01   -7.165906459e-01    1.277184552e-01    8.699191989e-01    9.166368951e-01    2.305216776e-01   -6.398910231e-01   -9.987236144e-01   -5.590965973e-01    3.275169973e-01    9.522872854e-01
    5.988654625e-01   -2.827203156e-01   -9.374883276e-01   -8.401384463e-01   -6.877147081e-02    7.577687290e-01    9.763745115e-01    4.116652179e-01   -4.833103493e-01   -9.905409696e-01   -7.030912026e-01    1.484268932e-01    8.808666826e-01    9.066143735e-01    2.050133896e-01   -6.610634967e-01   -9.967895830e-01   -5.328222126e-01    3.586119414e-01    9.623428249e-01
    5.974691335e-01   -2.860612690e-01   -9.392946905e-01   -8.363379008e-01   -6.007747129e-02    7.645490314e-01    9.736663659e-01    3.989221686e-01   -4.969790011e-01   -9.927813949e-01   -6.893334785e-01    1.690704427e-01    8.913622203e-01    8.960523841e-01    1.793650628e-01   -6.817222068e-01   -9.939810152e-01   -5.060237450e-01    3.893138783e-01    9.712297961e-01
    5.960709906e-01   -2.893987484e-01   -9.410753878e-01   -8.324967289e-01   -5.137891185e-02    7.712457711e-01    9.708133734e-01    3.861016072e-01   -5.105254385e-01   -9.947204148e-01   -6.753225276e-01    1.896400789e-01    9.014004269e-01    8.849572119e-01    1.535942169e-01   -7.018510979e-01   -9.903003752e-01   -4.787275533e-01    4.195891613e-01    9.789374074e-01
    5.946710379e-01   -2.927327133e-01   -9.428303708e-01   -8.286151172e-01   -4.267645272e-02    7.778582163e-01    9.678159584e-01    3.732060248e-01   -5.239463302e-01   -9.963574408e-01   -6.610634967e-01    2.101268093e-01    9.109761523e-01    8.733354587e-01    1.277184552e-01   -7.214345262e-01   -9.857508921e-01   -4.509604862e-01    4.494046114e-01    9.854562995e-01
    5.932692798e-01   -2.960631232e-01   -9.445595916e-01   -8.246932542e-01   -3.397075442e-02    7.843856442e-01    9.646745669e-01    3.602379270e-01   -5.372383758e-01   -9.976919757e-01   -6.465616240e-01    2.305216776e-01    9.200844833e-01    8.611940401e-01    1.017554526e-01   -7.404572719e-01   -9.803365575e-01   -4.227498551e-01    4.787275533e-01    9.907785567e-01
    5.918657206e-01   -2.993899376e-01   -9.462630029e-01   -8.207313305e-01   -2.526247772e-02    7.908273413e-01    9.613896662e-01    3.471998337e-01   -5.503983067e-01   -9.987236144e-01   -6.318222367e-01    2.508157676e-01    9.287207468e-01    8.485401804e-01    7.572294383e-02   -7.589045510e-01   -9.740621216e-01   -3.941234080e-01    5.075258519e-01    9.948977161e-01
    5.904603644e-01   -3.027131163e-01   -9.479405582e-01   -8.167295385e-01   -1.655228357e-02    7.971826037e-01    9.579617449e-01    3.340942781e-01   -5.634228865e-01   -9.994520438e-01   -6.168507494e-01    2.710002073e-01    9.368805117e-01    8.353814093e-01    4.963871087e-02   -7.767620267e-01   -9.669330894e-01   -3.651093019e-01    5.357679465e-01    9.978087758e-01
    5.890532155e-01   -3.060326187e-01   -9.495922116e-01   -8.126880726e-01   -7.840833102e-03    8.034507367e-01    9.543913130e-01    3.209238068e-01   -5.763089124e-01   -9.998770427e-01   -6.016526617e-01    2.910661727e-01    9.445595916e-01    8.217255566e-01    2.352057113e-02   -7.940158205e-01   -9.589557156e-01   -3.357360750e-01    5.634228865e-01    9.995082009e-01
    5.876442782e-01   -3.093484046e-01   -9.512179181e-01   -8.086071292e-01    8.712124948e-04    8.096310552e-01    9.506789017e-01    3.076909787e-01   -5.890532155e-01   -9.999984820e-01   -5.862335568e-01    3.110048912e-01    9.517540465e-01    8.075807481e-01   -2.613634839e-03   -8.106525232e-01   -9.501369990e-01   -3.060326187e-01    5.904603644e-01    9.999939279e-01
    5.862335568e-01   -3.126604337e-01   -9.528176331e-01   -8.044869064e-01    9.583191966e-03    8.157228838e-01    9.468250632e-01    2.943983651e-01   -6.016526617e-01   -9.998163249e-01   -5.705990989e-01    3.308076464e-01    9.584601852e-01    7.929554005e-01   -2.874605551e-02   -8.266592052e-01   -9.404846768e-01   -2.760281492e-01    6.168507494e-01    9.992653669e-01
    5.848210556e-01   -3.159686658e-01   -9.543913130e-01   -8.003276044e-01    1.829444407e-02    8.217255566e-01    9.428303708e-01    2.810485488e-01   -6.141041528e-01   -9.993306266e-01   -5.547550311e-01    3.504657808e-01    9.646745669e-01    7.778582163e-01   -5.485884057e-02   -8.420234264e-01   -9.300072176e-01   -2.457521790e-01    6.425651201e-01    9.973234027e-01
    5.834067789e-01   -3.192730608e-01   -9.559389148e-01   -7.961294253e-01    2.700430761e-02    8.276384176e-01    9.386954189e-01    2.676441238e-01   -6.264046266e-01   -9.985415347e-01   -5.387071740e-01    3.699707005e-01    9.703940033e-01    7.622981789e-01   -8.093415313e-02   -8.567332460e-01   -9.187138137e-01   -2.152344874e-01    6.675752957e-01    9.941703932e-01
    5.819907308e-01   -3.225735784e-01   -9.574603962e-01   -7.918925730e-01    3.571212150e-02    8.334608204e-01    9.344208225e-01    2.541876944e-01   -6.385510584e-01   -9.974492888e-01   -5.224614227e-01    3.893138783e-01    9.756155598e-01    7.462845471e-01   -1.069541819e-01   -8.707772320e-01   -9.066143735e-01   -1.845050916e-01    6.918538673e-01    9.898101673e-01
    5.805729159e-01   -3.258701787e-01   -9.589557156e-01   -7.876172533e-01    4.441722482e-02    8.391921288e-01    9.300072176e-01    2.406818754e-01   -6.505404611e-01   -9.960542203e-01   -5.060237450e-01    4.084868580e-01    9.803365575e-01    7.298268495e-01   -1.329011533e-01   -8.841444697e-01   -8.937195124e-01   -1.535942169e-01    7.153742276e-01    9.842480195e-01
    5.791533383e-01   -3.291628215e-01   -9.604248321e-01   -7.833036739e-01    5.311895685e-02    8.448317163e-01    9.254552607e-01    2.271292911e-01   -6.623698864e-01   -9.943567528e-01   -4.894001793e-01    4.274812576e-01    9.845545741e-01    7.129348791e-01   -1.587573437e-01   -8.968245703e-01   -8.800405437e-01   -1.225322672e-01    7.381106006e-01    9.774907039e-01
    5.777320024e-01   -3.324514669e-01   -9.618677057e-01   -7.789520443e-01    6.181665711e-02    8.503789665e-01    9.207656290e-01    2.135325746e-01   -6.740364252e-01   -9.923574018e-01   -4.725968324e-01    4.462887732e-01    9.882674456e-01    6.956186871e-01   -1.845050916e-01   -9.088076792e-01   -8.655894689e-01   -9.134979498e-02    7.600380689e-01    9.695464258e-01
    5.763089124e-01   -3.357360750e-01   -9.632842969e-01   -7.745625759e-01    7.050966545e-02    8.558332731e-01    9.159390202e-01    1.998943680e-01   -6.855372086e-01   -9.900567742e-01   -4.556198769e-01    4.649011828e-01    9.914732669e-01    6.778885774e-01   -2.101268093e-01   -9.200844833e-01   -8.503789665e-01   -6.007747129e-02    7.811326022e-01    9.604248321e-01
    5.748840727e-01   -3.390166058e-01   -9.646745669e-01   -7.701354820e-01    7.919732205e-02    8.611940401e-01    9.109761523e-01    1.862173211e-01   -6.968694083e-01   -9.874555684e-01   -4.384755493e-01    4.833103493e-01    9.941703932e-01    6.597551000e-01   -2.356049954e-01   -9.306462186e-01   -8.344223815e-01   -2.874605551e-02    8.013710826e-01    9.501369990e-01
    5.734574877e-01   -3.422930196e-01   -9.660384778e-01   -7.656709775e-01    8.787896753e-02    8.664606814e-01    9.058777635e-01    1.725040915e-01   -7.080302376e-01   -9.845545741e-01   -4.211701475e-01    5.015082247e-01    9.963574408e-01    6.412290450e-01   -2.609222464e-01   -9.404846768e-01   -8.177337135e-01    2.613634839e-03    8.207313305e-01    9.386954189e-01
    5.720291616e-01   -3.455652765e-01   -9.673759924e-01   -7.611692794e-01    9.655394293e-02    8.716326214e-01    9.006446125e-01    1.587573437e-01   -7.190169520e-01   -9.813546722e-01   -4.037100289e-01    5.194868535e-01    9.980332874e-01    6.223214359e-01   -2.860612690e-01   -9.495922116e-01   -8.003276044e-01    3.397075442e-02    8.391921288e-01    9.261139853e-01
    5.705990989e-01   -3.488333368e-01   -9.686870741e-01   -7.566306063e-01    1.052215898e-01    8.767092950e-01    8.952774775e-01    1.449797488e-01   -7.298268495e-01   -9.778568341e-01   -3.861016072e-01    5.372383758e-01    9.991970734e-01    6.030435235e-01   -3.110048912e-01   -9.579617449e-01   -7.822193255e-01    6.529446043e-02    8.567332460e-01    9.124079759e-01
    5.691673037e-01   -3.520971608e-01   -9.699716870e-01   -7.520551787e-01    1.138812503e-01    8.816901471e-01    8.897771572e-01    1.311739838e-01   -7.404572719e-01   -9.740621216e-01   -3.683513510e-01    5.547550311e-01    9.998482016e-01    5.834067789e-01   -3.357360750e-01   -9.655867720e-01   -7.634247640e-01    9.655394293e-02    8.733354587e-01    8.975940336e-01
    5.677337805e-01   -3.553567089e-01   -9.712297961e-01   -7.474432189e-01    1.225322672e-01    8.865746335e-01    8.841444697e-01    1.173427311e-01   -7.509056050e-01   -9.699716870e-01   -3.504657808e-01    5.720291616e-01    9.999863378e-01    5.634228865e-01   -3.602379270e-01   -9.724613669e-01   -7.439604095e-01    1.277184552e-01    8.889805723e-01    8.816901471e-01
    5.662985337e-01   -3.586119414e-01   -9.724613669e-01   -7.427949510e-01    1.311739838e-01    8.913622203e-01    8.783802530e-01    1.034886783e-01   -7.611692794e-01   -9.655867720e-01   -3.324514669e-01    5.890532155e-01    9.996114113e-01    5.431037376e-01   -3.844937108e-01   -9.785801869e-01   -7.238433391e-01    1.587573437e-01    9.036514411e-01    8.647156284e-01
    5.648615676e-01   -3.618628189e-01   -9.736663659e-01   -7.381106006e-01    1.398057441e-01    8.960523841e-01    8.724853645e-01    8.961451729e-02   -7.712457711e-01   -9.609087078e-01   -3.143150269e-01    6.058197502e-01    9.987236144e-01    5.224614227e-01   -4.084868580e-01   -9.839384766e-01   -7.030912026e-01    1.896400789e-01    9.173319871e-01    8.466910895e-01
    5.634228865e-01   -3.651093019e-01   -9.748447601e-01   -7.333903953e-01    1.484268932e-01    9.006446125e-01    8.664606814e-01    7.572294383e-02   -7.811326022e-01   -9.559389148e-01   -2.960631232e-01    6.223214359e-01    9.973234027e-01    5.015082247e-01   -4.322009795e-01   -9.885320716e-01   -6.817222068e-01    2.203362844e-01    9.300072176e-01    8.276384176e-01
    5.619824948e-01   -3.683513510e-01   -9.759965172e-01   -7.286345645e-01    1.570367765e-01    9.051384033e-01    8.603070997e-01    6.181665711e-02   -7.908273413e-01   -9.506789017e-01   -2.777024606e-01    6.385510584e-01    9.954114944e-01    4.802566116e-01   -4.556198769e-01   -9.923574018e-01   -6.597551000e-01    2.508157676e-01    9.416632417e-01    8.075807481e-01
    5.605403970e-01   -3.715889267e-01   -9.771216060e-01   -7.238433391e-01    1.656347406e-01    9.095332656e-01    8.540255350e-01    4.789835918e-02   -8.003276044e-01   -9.451302654e-01   -2.592397839e-01    6.545015226e-01    9.929888706e-01    4.587192288e-01   -4.787275533e-01   -9.954114944e-01   -6.372091551e-01    2.810485488e-01    9.522872854e-01    7.865424372e-01
    5.590965973e-01   -3.748219898e-01   -9.782199955e-01   -7.190169520e-01    1.742201330e-01    9.138287190e-01    8.476169217e-01    3.397075442e-02   -8.096310552e-01   -9.392946905e-01   -2.406818754e-01    6.701658554e-01    9.900567742e-01    4.369088918e-01   -5.015082247e-01   -9.976919757e-01   -6.141041528e-01    3.110048912e-01    9.618677057e-01    7.645490314e-01
    5.576511002e-01   -3.780505010e-01   -9.792916557e-01   -7.141556375e-01    1.827923019e-01    9.180242940e-01    8.410822131e-01    2.003654902e-02   -8.187354059e-01   -9.331739487e-01   -2.220355524e-01    6.855372086e-01    9.866167096e-01    4.148385785e-01   -5.239463302e-01   -9.991970734e-01   -5.904603644e-01    3.406553298e-01    9.703940033e-01    7.416272372e-01
    5.562039100e-01   -3.812744210e-01   -9.803365575e-01   -7.092596317e-01    1.913505968e-01    9.221195319e-01    8.344223815e-01    6.098450433e-03   -8.276384176e-01   -9.267698982e-01   -2.033076646e-01    7.006088623e-01    9.826704418e-01    3.925214215e-01   -5.460265429e-01   -9.999256178e-01   -5.662985337e-01    3.699707005e-01    9.778568341e-01    7.178048886e-01
    5.547550311e-01   -3.844937108e-01   -9.813546722e-01   -7.043291727e-01    1.998943680e-01    9.261139853e-01    8.276384176e-01   -7.840833102e-03   -8.363379008e-01   -9.200844833e-01   -1.845050916e-01    7.153742276e-01    9.782199955e-01    3.699707005e-01   -5.677337805e-01   -9.998770427e-01   -5.416398594e-01    3.989221686e-01    9.842480195e-01    6.931109128e-01
    5.533044680e-01   -3.877083313e-01   -9.823459720e-01   -6.993644997e-01    2.084229671e-01    9.300072176e-01    8.207313305e-01   -2.177859313e-02   -8.448317163e-01   -9.131197336e-01   -1.656347406e-01    7.298268495e-01    9.732676540e-01    3.471998337e-01   -5.890532155e-01   -9.990513858e-01   -5.165059756e-01    4.274812576e-01    9.895605553e-01    6.675752957e-01
    5.518522251e-01   -3.909182433e-01   -9.833104299e-01   -6.943658540e-01    2.169357468e-01    9.337988031e-01    8.137021478e-01   -3.571212150e-02   -8.531177752e-01   -9.058777635e-01   -1.467035437e-01    7.439604095e-01    9.678159584e-01    3.242223707e-01   -6.099702850e-01   -9.974492888e-01   -4.909189338e-01    4.556198769e-01    9.937886195e-01    6.412290450e-01
    5.503983067e-01   -3.941234080e-01   -9.842480195e-01   -6.893334785e-01    2.254320609e-01    9.374883276e-01    8.065519152e-01   -4.963871087e-02   -8.611940401e-01   -8.983607719e-01   -1.277184552e-01    7.577687290e-01    9.618677057e-01    3.010519839e-01   -6.304707013e-01   -9.950719968e-01   -4.649011828e-01    4.833103493e-01    9.969275784e-01    6.141041528e-01
    5.489427172e-01   -3.973237864e-01   -9.851587151e-01   -6.842676175e-01    2.339112646e-01    9.410753878e-01    7.992816965e-01   -6.355565525e-02   -8.690585246e-01   -8.905710406e-01   -1.086864492e-01    7.712457711e-01    9.554259477e-01    2.777024606e-01   -6.505404611e-01   -9.919213574e-01   -4.384755493e-01    5.105254385e-01    9.989739921e-01    5.862335568e-01
    5.474854612e-01   -4.005193396e-01   -9.860424919e-01   -6.791685172e-01    2.423727142e-01    9.445595916e-01    7.918925730e-01   -7.746025053e-02   -8.767092950e-01   -8.825109348e-01   -8.961451729e-02    7.843856442e-01    9.484939896e-01    2.541876944e-01   -6.701658554e-01   -9.879998192e-01   -4.116652179e-01    5.372383758e-01    9.999256178e-01    5.576511002e-01
    5.460265429e-01   -4.037100289e-01   -9.868993257e-01   -6.740364252e-01    2.508157676e-01    9.479405582e-01    7.843856442e-01   -9.134979498e-02   -8.841444697e-01   -8.741829015e-01   -7.050966545e-02    7.971826037e-01    9.410753878e-01    2.305216776e-01   -6.893334785e-01   -9.833104299e-01   -3.844937108e-01    5.634228865e-01    9.997814127e-01    5.283914904e-01
    5.445659669e-01   -4.068958154e-01   -9.877291932e-01   -6.688715909e-01    2.592397839e-01    9.512179181e-01    7.767620267e-01   -1.052215898e-01   -8.913622203e-01   -8.655894689e-01   -5.137891185e-02    8.096310552e-01    9.331739487e-01    2.067184921e-01   -7.080302376e-01   -9.778568341e-01   -3.569848670e-01    5.890532155e-01    9.985415347e-01    4.984902573e-01
    5.431037376e-01   -4.100766605e-01   -9.885320716e-01   -6.636742651e-01    2.676441238e-01    9.543913130e-01    7.690228546e-01   -1.190729397e-01   -8.983607719e-01   -8.567332460e-01   -3.222928420e-02    8.217255566e-01    9.247937263e-01    1.827923019e-01   -7.262433616e-01   -9.716432700e-01   -3.291628215e-01    6.141041528e-01    9.962073428e-01    4.679837097e-01
    5.416398594e-01   -4.132525255e-01   -9.893079390e-01   -6.584447003e-01    2.760281492e-01    9.574603962e-01    7.611692794e-01   -1.329011533e-01   -9.051384033e-01   -8.476169217e-01   -1.306781712e-02    8.334608204e-01    9.159390202e-01    1.587573437e-01   -7.439604095e-01   -9.646745669e-01   -3.010519839e-01    6.385510584e-01    9.927813949e-01    4.369088918e-01
    5.401743367e-01   -4.164233720e-01   -9.900567742e-01   -6.531831505e-01    2.843912240e-01    9.604248321e-01    7.532024692e-01   -1.467035437e-01   -9.116934480e-01   -8.382432634e-01    6.098450433e-03    8.448317163e-01    9.066143735e-01    1.346279194e-01   -7.611692794e-01   -9.569561405e-01   -2.726770175e-01    6.623698864e-01    9.882674456e-01    4.053035374e-01
    5.387071740e-01   -4.195891613e-01   -9.907785567e-01   -6.478898714e-01    2.927327133e-01    9.632842969e-01    7.451236094e-01   -1.604774290e-01   -9.180242940e-01   -8.286151172e-01    2.526247772e-02    8.558332731e-01    8.968245703e-01    1.104183866e-01   -7.778582163e-01   -9.484939896e-01   -2.440628171e-01    6.855372086e-01    9.826704418e-01    3.732060248e-01
    5.372383758e-01   -4.227498551e-01   -9.914732669e-01   -6.425651201e-01    3.010519839e-01    9.660384778e-01    7.369339017e-01   -1.742201330e-01   -9.241293842e-01   -8.187354059e-01    4.441722482e-02    8.664606814e-01    8.865746335e-01    8.614315096e-02   -7.940158205e-01   -9.392946905e-01   -2.152344874e-01    7.080302376e-01    9.759965172e-01    3.406553298e-01
    5.357679465e-01   -4.259054149e-01   -9.921408857e-01   -6.372091551e-01    3.093484046e-01    9.686870741e-01    7.286345645e-01   -1.879289853e-01   -9.300072176e-01   -8.086071292e-01    6.355565525e-02    8.767092950e-01    8.758698221e-01    6.181665711e-02   -8.096310552e-01   -9.293653930e-01   -1.862173211e-01    7.298268495e-01    9.682529861e-01    3.076909787e-01
    5.342958907e-01   -4.290558025e-01   -9.927813949e-01   -6.318222367e-01    3.176213455e-01    9.712297961e-01    7.202268324e-01   -2.016013223e-01   -9.356563485e-01   -7.982333618e-01    8.267073849e-02    8.865746335e-01    8.647156284e-01    3.745338016e-02   -8.246932542e-01   -9.187138137e-01   -1.570367765e-01    7.509056050e-01    9.594483345e-01    2.743529999e-01
    5.328222126e-01   -4.322009795e-01   -9.933947770e-01   -6.264046266e-01    3.258701787e-01    9.736663659e-01    7.117119562e-01   -2.152344874e-01   -9.410753878e-01   -7.876172533e-01    1.017554526e-01    8.960523841e-01    8.531177752e-01    1.306781712e-02   -8.391921288e-01   -9.073482308e-01   -1.277184552e-01    7.712457711e-01    9.495922116e-01    2.406818754e-01
    5.313469169e-01   -4.353409078e-01   -9.939810152e-01   -6.209565880e-01    3.340942781e-01    9.759965172e-01    7.030912026e-01   -2.288258317e-01   -9.462630029e-01   -7.767620267e-01    1.208027868e-01    9.051384033e-01    8.410822131e-01   -1.132552173e-02   -8.531177752e-01   -8.952774775e-01   -9.828807966e-02    7.908273413e-01    9.386954189e-01    2.067184921e-01
    5.298700080e-01   -4.384755493e-01   -9.945400936e-01   -6.154783854e-01    3.422930196e-01    9.782199955e-01    6.943658540e-01   -2.423727142e-01   -9.512179181e-01   -7.656709775e-01    1.398057441e-01    9.138287190e-01    8.286151172e-01   -3.571212150e-02   -8.664606814e-01   -8.825109348e-01   -6.877147081e-02    8.096310552e-01    9.267698982e-01    1.725040915e-01
    5.283914904e-01   -4.416048658e-01   -9.950719968e-01   -6.099702850e-01    3.504657808e-01    9.803365575e-01    6.855372086e-01   -2.558725028e-01   -9.559389148e-01   -7.543474730e-01    1.587573437e-01    9.221195319e-01    8.157228838e-01   -6.007747129e-02   -8.792117330e-01   -8.690585246e-01   -3.919452511e-02    8.276384176e-01    9.138287190e-01    1.380802200e-01
    5.269113685e-01   -4.447288194e-01   -9.955767103e-01   -6.044325544e-01    3.586119414e-01    9.823459720e-01    6.766065796e-01   -2.693225744e-01   -9.604248321e-01   -7.427949510e-01    1.776506238e-01    9.300072176e-01    8.024121277e-01   -8.440707286e-02   -8.913622203e-01   -8.549307019e-01   -9.583191966e-03    8.448317163e-01    8.998860636e-01    1.034886783e-01
    5.254296470e-01   -4.478473721e-01   -9.960542203e-01   -5.988654625e-01    3.667308832e-01    9.842480195e-01    6.675752957e-01   -2.827203156e-01   -9.646745669e-01   -7.310169187e-01    1.964786439e-01    9.374883276e-01    7.886896782e-01   -1.086864492e-01   -9.029038435e-01   -8.401384463e-01    2.003654902e-02    8.611940401e-01    8.849572119e-01    6.877147081e-02
    5.239463302e-01   -4.509604862e-01   -9.965045138e-01   -5.932692798e-01    3.748219898e-01    9.860424919e-01    6.584447003e-01   -2.960631232e-01   -9.686870741e-01   -7.190169520e-01    2.152344874e-01    9.445595916e-01    7.745625759e-01   -1.329011533e-01   -9.138287190e-01   -8.246932542e-01    4.963871087e-02    8.767092950e-01    8.690585246e-01    3.397075442e-02
    5.224614227e-01   -4.540681236e-01   -9.969275784e-01   -5.876442782e-01    3.828846472e-01    9.877291932e-01    6.492161518e-01   -3.093484046e-01   -9.724613669e-01   -7.067986939e-01    2.339112646e-01    9.512179181e-01    7.600380689e-01   -1.570367765e-01   -9.241293842e-01   -8.086071292e-01    7.919732205e-02    8.913622203e-01    8.522074254e-01   -8.712124948e-04
    5.209749289e-01   -4.571702468e-01   -9.973234027e-01   -5.819907308e-01    3.909182433e-01    9.893079390e-01    6.398910231e-01   -3.225735784e-01   -9.759965172e-01   -6.943658540e-01    2.525021143e-01    9.574603962e-01    7.451236094e-01   -1.810789572e-01   -9.337988031e-01   -7.918925730e-01    1.086864492e-01    9.051384033e-01    8.344223815e-01   -3.571212150e-02
    5.194868535e-01   -4.602668181e-01   -9.976919757e-01   -5.763089124e-01    3.989221686e-01    9.907785567e-01    6.304707013e-01   -3.357360750e-01   -9.792916557e-01   -6.817222068e-01    2.710002073e-01    9.632842969e-01    7.298268495e-01   -2.050133896e-01   -9.428303708e-01   -7.745625759e-01    1.380802200e-01    9.180242940e-01    8.157228838e-01   -7.050966545e-02
    5.179972009e-01   -4.633577997e-01   -9.980332874e-01   -5.705990989e-01    4.068958154e-01    9.921408857e-01    6.209565880e-01   -3.488333368e-01   -9.823459720e-01   -6.688715909e-01    2.893987484e-01    9.686870741e-01    7.141556375e-01   -2.288258317e-01   -9.512179181e-01   -7.566306063e-01    1.673528457e-01    9.300072176e-01    7.961294253e-01   -1.052215898e-01
    5.165059756e-01   -4.664431543e-01   -9.983473286e-01   -5.648615676e-01    4.148385785e-01    9.933947770e-01    6.113500984e-01   -3.618628189e-01   -9.851587151e-01   -6.558179076e-01    3.076909787e-01    9.736663659e-01    6.981180138e-01   -2.525021143e-01   -9.589557156e-01   -7.381106006e-01    1.964786439e-01    9.410753878e-01    7.756634788e-01   -1.398057441e-01
    5.150131822e-01   -4.695228443e-01   -9.986340905e-01   -5.590965973e-01    4.227498551e-01    9.945400936e-01    6.016526617e-01   -3.748219898e-01   -9.877291932e-01   -6.425651201e-01    3.258701787e-01    9.782199955e-01    6.817222068e-01   -2.760281492e-01   -9.660384778e-01   -7.190169520e-01    2.254320609e-01    9.512179181e-01    7.543474730e-01   -1.742201330e-01
    5.135188252e-01   -4.725968324e-01   -9.988935655e-01   -5.533044680e-01    4.306290447e-01    9.955767103e-01    5.918657206e-01   -3.877083313e-01   -9.900567742e-01   -6.291172518e-01    3.439296701e-01    9.823459720e-01    6.649766288e-01   -2.993899376e-01   -9.724613669e-01   -6.993644997e-01    2.541876944e-01    9.604248321e-01    7.322047685e-01   -2.084229671e-01
    5.120229091e-01   -4.756650811e-01   -9.991257463e-01   -5.474854612e-01    4.384755493e-01    9.965045138e-01    5.819907308e-01   -4.005193396e-01   -9.921408857e-01   -6.154783854e-01    3.618628189e-01    9.860424919e-01    6.478898714e-01   -3.225735784e-01   -9.782199955e-01   -6.791685172e-01    2.827203156e-01    9.686870741e-01    7.092596317e-01   -2.423727142e-01
    5.105254385e-01   -4.787275533e-01   -9.993306266e-01   -5.416398594e-01    4.462887732e-01    9.973234027e-01    5.720291616e-01   -4.132525255e-01   -9.939810152e-01   -6.016526617e-01    3.796630373e-01    9.893079390e-01    6.304707013e-01   -3.455652765e-01   -9.833104299e-01   -6.584447003e-01    3.110048912e-01    9.759965172e-01    6.855372086e-01   -2.760281492e-01
    5.090264179e-01   -4.817842118e-01   -9.995082009e-01   -5.357679465e-01    4.540681236e-01    9.980332874e-01    5.619824948e-01   -4.259054149e-01   -9.955767103e-01   -5.876442782e-01    3.973237864e-01    9.921408857e-01    6.127280557e-01   -3.683513510e-01   -9.877291932e-01   -6.372091551e-01    3.390166058e-01    9.823459720e-01    6.610634967e-01   -3.093484046e-01
    5.075258519e-01   -4.848350194e-01   -9.996584643e-01   -5.298700080e-01    4.618130099e-01    9.986340905e-01    5.518522251e-01   -4.384755493e-01   -9.969275784e-01   -5.734574877e-01    4.148385785e-01    9.945400936e-01    5.946710379e-01   -3.909182433e-01   -9.914732669e-01   -6.154783854e-01    3.667308832e-01    9.877291932e-01    6.358653172e-01   -3.422930196e-01
    5.060237450e-01   -4.878799390e-01   -9.997814127e-01   -5.239463302e-01    4.695228443e-01    9.991257463e-01    5.416398594e-01   -4.509604862e-01   -9.980332874e-01   -5.590965973e-01    4.322009795e-01    9.965045138e-01    5.763089124e-01   -4.132525255e-01   -9.945400936e-01   -5.932692798e-01    3.941234080e-01    9.921408857e-01    6.099702850e-01   -3.748219898e-01
    5.045201018e-01   -4.909189338e-01   -9.998770427e-01   -5.179972009e-01    4.771970416e-01    9.995082009e-01    5.313469169e-01   -4.633577997e-01   -9.988935655e-01   -5.445659669e-01    4.494046114e-01    9.980332874e-01    5.576511002e-01   -4.353409078e-01   -9.969275784e-01   -5.705990989e-01    4.211701475e-01    9.955767103e-01    5.834067789e-01   -4.068958154e-01
    5.030149268e-01   -4.939519668e-01   -9.999453517e-01   -5.120229091e-01    4.848350194e-01    9.997814127e-01    5.209749289e-01   -4.756650811e-01   -9.995082009e-01   -5.298700080e-01    4.664431543e-01    9.991257463e-01    5.387071740e-01   -4.571702468e-01   -9.986340905e-01   -5.474854612e-01    4.478473721e-01    9.980332874e-01    5.562039100e-01   -4.384755493e-01
    5.015082247e-01   -4.969790011e-01   -9.999863378e-01   -5.060237450e-01    4.924361978e-01    9.999453517e-01    5.105254385e-01   -4.878799390e-01   -9.998770427e-01   -5.150131822e-01    4.833103493e-01    9.997814127e-01    5.194868535e-01   -4.787275533e-01   -9.996584643e-01   -5.239463302e-01    4.741316765e-01    9.995082009e-01    5.283914904e-01   -4.695228443e-01
    5.000000000e-01   -5.000000000e-01   -1.000000000e+00   -5.000000000e-01    5.000000000e-01    1.000000000e+00    5.000000000e-01   -5.000000000e-01   -1.000000000e+00   -5.000000000e-01    5.000000000e-01    1.000000000e+00    5.000000000e-01   -5.000000000e-01   -1.000000000e+00   -5.000000000e-01    5.000000000e-01    1.000000000e+00    5.000000000e-01   -5.000000000e-01
    4.984902573e-01   -5.030149268e-01   -9.999863378e-01   -4.939519668e-01    5.075258519e-01    9.999453517e-01    4.894001793e-01   -5.120229091e-01   -9.998770427e-01   -4.848350194e-01    5.165059756e-01    9.997814127e-01    4.802566116e-01   -5.209749289e-01   -9.996584643e-01   -4.756650811e-01    5.254296470e-01    9.995082009e-01    4.710605534e-01   -5.298700080e-01
    4.969790011e-01   -5.060237450e-01   -9.999453517e-01   -4.878799390e-01    5.150131822e-01    9.997814127e-01    4.787275533e-01   -5.239463302e-01   -9.995082009e-01   -4.695228443e-01    5.328222126e-01    9.991257463e-01    4.602668181e-01   -5.416398594e-01   -9.986340905e-01   -4.509604862e-01    5.503983067e-01    9.980332874e-01    4.416048658e-01   -5.590965973e-01
    4.954662360e-01   -5.090264179e-01   -9.998770427e-01   -4.817842118e-01    5.224614227e-01    9.995082009e-01    4.679837097e-01   -5.357679465e-01   -9.988935655e-01   -4.540681236e-01    5.489427172e-01    9.980332874e-01    4.400408755e-01   -5.619824948e-01   -9.969275784e-01   -4.259054149e-01    5.748840727e-01    9.955767103e-01    4.116652179e-01   -5.876442782e-01
    4.939519668e-01   -5.120229091e-01   -9.997814127e-01   -4.756650811e-01    5.298700080e-01    9.991257463e-01    4.571702468e-01   -5.474854612e-01   -9.980332874e-01   -4.384755493e-01    5.648615676e-01    9.965045138e-01    4.195891613e-01   -5.819907308e-01   -9.945400936e-01   -4.005193396e-01    5.988654625e-01    9.921408857e-01    3.812744210e-01   -6.154783854e-01
    4.924361978e-01   -5.150131822e-01   -9.996584643e-01   -4.695228443e-01    5.372383758e-01    9.986340905e-01    4.462887732e-01   -5.590965973e-01   -9.969275784e-01   -4.227498551e-01    5.805729159e-01    9.945400936e-01    3.989221686e-01   -6.016526617e-01   -9.914732669e-01   -3.748219898e-01    6.223214359e-01    9.877291932e-01    3.504657808e-01   -6.425651201e-01
    4.909189338e-01   -5.179972009e-01   -9.995082009e-01   -4.633577997e-01    5.445659669e-01    9.980332874e-01    4.353409078e-01   -5.705990989e-01   -9.955767103e-01   -4.068958154e-01    5.960709906e-01    9.921408857e-01    3.780505010e-01   -6.209565880e-01   -9.877291932e-01   -3.488333368e-01    6.452314136e-01    9.823459720e-01    3.192730608e-01   -6.688715909e-01
    4.894001793e-01   -5.209749289e-01   -9.993306266e-01   -4.571702468e-01    5.518522251e-01    9.973234027e-01    4.243282791e-01   -5.819907308e-01   -9.939810152e-01   -3.909182433e-01    6.113500984e-01    9.893079390e-01    3.569848670e-01   -6.398910231e-01   -9.833104299e-01   -3.225735784e-01    6.675752957e-01    9.759965172e-01    2.877304455e-01   -6.943658540e-01
    4.878799390e-01   -5.239463302e-01   -9.991257463e-01   -4.509604862e-01    5.590965973e-01    9.965045138e-01    4.132525255e-01   -5.932692798e-01   -9.921408857e-01   -3.748219898e-01    6.264046266e-01    9.860424919e-01    3.357360750e-01   -6.584447003e-01   -9.782199955e-01   -2.960631232e-01    6.893334785e-01    9.686870741e-01    2.558725028e-01   -7.190169520e-01
    4.863582175e-01   -5.269113685e-01   -9.988935655e-01   -4.447288194e-01    5.662985337e-01    9.955767103e-01    4.021152947e-01   -6.044325544e-01   -9.900567742e-01   -3.586119414e-01    6.412290450e-01    9.823459720e-01    3.143150269e-01   -6.766065796e-01   -9.724613669e-01   -2.693225744e-01    7.104868725e-01    9.604248321e-01    2.237341463e-01   -7.427949510e-01
    4.848350194e-01   -5.298700080e-01   -9.986340905e-01   -4.384755493e-01    5.734574877e-01    9.945400936e-01    3.909182433e-01   -6.154783854e-01   -9.877291932e-01   -3.422930196e-01    6.558179076e-01    9.782199955e-01    2.927327133e-01   -6.943658540e-01   -9.660384778e-01   -2.423727142e-01    7.310169187e-01    9.512179181e-01    1.913505968e-01   -7.656709775e-01
    4.833103493e-01   -5.328222126e-01   -9.983473286e-01   -4.322009795e-01    5.805729159e-01    9.933947770e-01    3.796630373e-01   -6.264046266e-01   -9.851587151e-01   -3.258701787e-01    6.701658554e-01    9.736663659e-01    2.710002073e-01   -7.117119562e-01   -9.589557156e-01   -2.152344874e-01    7.509056050e-01    9.410753878e-01    1.587573437e-01   -7.876172533e-01
    4.817842118e-01   -5.357679465e-01   -9.980332874e-01   -4.259054149e-01    5.876442782e-01    9.921408857e-01    3.683513510e-01   -6.372091551e-01   -9.823459720e-01   -3.093484046e-01    6.842676175e-01    9.686870741e-01    2.491286594e-01   -7.286345645e-01   -9.512179181e-01   -1.879289853e-01    7.701354820e-01    9.300072176e-01    1.259901066e-01   -8.086071292e-01
    4.802566116e-01   -5.387071740e-01   -9.976919757e-01   -4.195891613e-01    5.946710379e-01    9.907785567e-01    3.569848670e-01   -6.478898714e-01   -9.792916557e-01   -2.927327133e-01    6.981180138e-01    9.632842969e-01    2.271292911e-01   -7.451236094e-01   -9.428303708e-01   -1.604774290e-01    7.886896782e-01    9.180242940e-01    9.308479533e-02   -8.286151172e-01
    4.787275533e-01   -5.416398594e-01   -9.973234027e-01   -4.132525255e-01    6.016526617e-01    9.893079390e-01    3.455652765e-01   -6.584447003e-01   -9.759965172e-01   -2.760281492e-01    7.117119562e-01    9.574603962e-01    2.050133896e-01   -7.611692794e-01   -9.337988031e-01   -1.329011533e-01    8.065519152e-01    9.051384033e-01    6.007747129e-02   -8.476169217e-01
    4.771970416e-01   -5.445659669e-01   -9.969275784e-01   -4.068958154e-01    6.085886197e-01    9.877291932e-01    3.340942781e-01   -6.688715909e-01   -9.724613669e-01   -2.592397839e-01    7.250444510e-01    9.512179181e-01    1.827923019e-01   -7.767620267e-01   -9.241293842e-01   -1.052215898e-01    8.237065215e-01    8.913622203e-01    2.700430761e-02   -8.655894689e-01
    4.756650811e-01   -5.474854612e-01   -9.965045138e-01   -4.005193396e-01    6.154783854e-01    9.860424919e-01    3.225735784e-01   -6.791685172e-01   -9.686870741e-01   -2.423727142e-01    7.381106006e-01    9.445595916e-01    1.604774290e-01   -7.918925730e-01   -9.138287190e-01   -7.746025053e-02    8.401384463e-01    8.767092950e-01   -6.098450433e-03   -8.825109348e-01
    4.741316765e-01   -5.503983067e-01   -9.960542203e-01   -3.941234080e-01    6.223214359e-01    9.842480195e-01    3.110048912e-01   -6.893334785e-01   -9.646745669e-01   -2.254320609e-01    7.509056050e-01    9.374883276e-01    1.380802200e-01   -8.065519152e-01   -9.029038435e-01   -4.963871087e-02    8.558332731e-01    8.611940401e-01   -3.919452511e-02   -8.983607719e-01
    4.725968324e-01   -5.533044680e-01   -9.955767103e-01   -3.877083313e-01    6.291172518e-01    9.823459720e-01    2.993899376e-01   -6.993644997e-01   -9.604248321e-01   -2.084229671e-01    7.634247640e-01    9.300072176e-01    1.156121662e-01   -8.207313305e-01   -8.913622203e-01   -2.177859313e-02    8.707772320e-01    8.448317163e-01   -7.224764601e-02   -9.131197336e-01
    4.710605534e-01   -5.562039100e-01   -9.950719968e-01   -3.812744210e-01    6.358653172e-01    9.803365575e-01    2.877304455e-01   -7.092596317e-01   -9.559389148e-01   -1.913505968e-01    7.756634788e-01    9.221195319e-01    9.308479533e-02   -8.344223815e-01   -8.792117330e-01    6.098450433e-03    8.849572119e-01    8.276384176e-01   -1.052215898e-01   -9.267698982e-01
    4.695228443e-01   -5.590965973e-01   -9.945400936e-01   -3.748219898e-01    6.425651201e-01    9.782199955e-01    2.760281492e-01   -7.190169520e-01   -9.512179181e-01   -1.742201330e-01    7.876172533e-01    9.138287190e-01    7.050966545e-02   -8.476169217e-01   -8.664606814e-01    3.397075442e-02    8.983607719e-01    8.096310552e-01   -1.380802200e-01   -9.392946905e-01
    4.679837097e-01   -5.619824948e-01   -9.939810152e-01   -3.683513510e-01    6.492161518e-01    9.759965172e-01    2.642847899e-01   -7.286345645e-01   -9.462630029e-01   -1.570367765e-01    7.992816965e-01    9.051384033e-01    4.789835918e-02   -8.603070997e-01   -8.531177752e-01    6.181665711e-02    9.109761523e-01    7.908273413e-01   -1.707875264e-01   -9.506789017e-01
    4.664431543e-01   -5.648615676e-01   -9.933947770e-01   -3.618628189e-01    6.558179076e-01    9.736663659e-01    2.525021143e-01   -7.381106006e-01   -9.410753878e-01   -1.398057441e-01    8.106525232e-01    8.960523841e-01    2.526247772e-02   -8.724853645e-01   -8.391921288e-01    8.961451729e-02    9.227922850e-01    7.712457711e-01   -2.033076646e-01   -9.609087078e-01
    4.649011828e-01   -5.677337805e-01   -9.927813949e-01   -3.553567089e-01    6.623698864e-01    9.712297961e-01    2.406818754e-01   -7.474432189e-01   -9.356563485e-01   -1.225322672e-01    8.217255566e-01    8.865746335e-01    2.613634839e-03   -8.841444697e-01   -8.246932542e-01    1.173427311e-01    9.337988031e-01    7.509056050e-01   -2.356049954e-01   -9.699716870e-01
    4.633577997e-01   -5.705990989e-01   -9.921408857e-01   -3.488333368e-01    6.688715909e-01    9.686870741e-01    2.288258317e-01   -7.566306063e-01   -9.300072176e-01   -1.052215898e-01    8.324967289e-01    8.767092950e-01   -2.003654902e-02   -8.952774775e-01   -8.096310552e-01    1.449797488e-01    9.439860501e-01    7.298268495e-01   -2.676441238e-01   -9.778568341e-01
    4.618130099e-01   -5.734574877e-01   -9.914732669e-01   -3.422930196e-01    6.753225276e-01    9.660384778e-01    2.169357468e-01   -7.656709775e-01   -9.241293842e-01   -8.787896753e-02    8.429620832e-01    8.664606814e-01   -4.267645272e-02   -9.058777635e-01   -7.940158205e-01    1.725040915e-01    9.533450880e-01    7.080302376e-01   -2.993899376e-01   -9.845545741e-01
    4.602668181e-01   -5.763089124e-01   -9.907785567e-01   -3.357360750e-01    6.817222068e-01    9.632842969e-01    2.050133896e-01   -7.745625759e-01   -9.180242940e-01   -7.050966545e-02    8.531177752e-01    8.558332731e-01   -6.529446043e-02   -9.159390202e-01   -7.778582163e-01    1.998943680e-01    9.618677057e-01    6.855372086e-01   -3.308076464e-01   -9.900567742e-01
    4.587192288e-01   -5.791533383e-01   -9.900567742e-01   -3.291628215e-01    6.880701429e-01    9.604248321e-01    1.930605337e-01   -7.833036739e-01   -9.116934480e-01   -5.311895685e-02    8.629600742e-01    8.448317163e-01   -8.787896753e-02   -9.254552607e-01   -7.611692794e-01    2.271292911e-01    9.695464258e-01    6.623698864e-01   -3.618628189e-01   -9.943567528e-01
    4.571702468e-01   -5.819907308e-01   -9.893079390e-01   -3.225735784e-01    6.943658540e-01    9.574603962e-01    1.810789572e-01   -7.918925730e-01   -9.051384033e-01   -3.571212150e-02    8.724853645e-01    8.334608204e-01   -1.104183866e-01   -9.344208225e-01   -7.439604095e-01    2.541876944e-01    9.763745115e-01    6.385510584e-01   -3.925214215e-01   -9.974492888e-01
    4.556198769e-01   -5.848210556e-01   -9.885320716e-01   -3.159686658e-01    7.006088623e-01    9.543913130e-01    1.690704427e-01   -8.003276044e-01   -8.983607719e-01   -1.829444407e-02    8.816901471e-01    8.217255566e-01   -1.329011533e-01   -9.428303708e-01   -7.262433616e-01    2.810485488e-01    9.823459720e-01    6.141041528e-01   -4.227498551e-01   -9.993306266e-01
    4.540681236e-01   -5.876442782e-01   -9.877291932e-01   -3.093484046e-01    7.067986939e-01    9.512179181e-01    1.570367765e-01   -8.086071292e-01   -8.913622203e-01   -8.712124948e-04    8.905710406e-01    8.096310552e-01   -1.553157325e-01   -9.506789017e-01   -7.080302376e-01    3.076909787e-01    9.874555684e-01    5.890532155e-01   -4.525149918e-01   -9.999984820e-01
    4.525149918e-01   -5.904603644e-01   -9.868993257e-01   -3.027131163e-01    7.129348791e-01    9.479405582e-01    1.449797488e-01   -8.167295385e-01   -8.841444697e-01    1.655228357e-02    8.991247826e-01    7.971826037e-01   -1.776506238e-01   -9.579617449e-01   -6.893334785e-01    3.340942781e-01    9.916988175e-01    5.634228865e-01   -4.817842118e-01   -9.994520438e-01
    4.509604862e-01   -5.932692798e-01   -9.860424919e-01   -2.960631232e-01    7.190169520e-01    9.445595916e-01    1.329011533e-01   -8.246932542e-01   -8.767092950e-01    3.397075442e-02    9.073482308e-01    7.843856442e-01   -1.998943680e-01   -9.646745669e-01   -6.701658554e-01    3.602379270e-01    9.950719968e-01    5.372383758e-01   -5.105254385e-01   -9.976919757e-01
    4.494046114e-01   -5.960709906e-01   -9.851587151e-01   -2.893987484e-01    7.250444510e-01    9.410753878e-01    1.208027868e-01   -8.324967289e-01   -8.690585246e-01    5.137891185e-02    9.152383645e-01    7.712457711e-01   -2.220355524e-01   -9.708133734e-01   -6.505404611e-01    3.861016072e-01    9.975721466e-01    5.105254385e-01   -5.387071740e-01   -9.947204148e-01
    4.478473721e-01   -5.988654625e-01   -9.842480195e-01   -2.827203156e-01    7.310169187e-01    9.374883276e-01    1.086864492e-01   -8.401384463e-01   -8.611940401e-01    6.877147081e-02    9.227922850e-01    7.577687290e-01   -2.440628171e-01   -9.763745115e-01   -6.304707013e-01    4.116652179e-01    9.991970734e-01    4.833103493e-01   -5.662985337e-01   -9.905409696e-01
    4.462887732e-01   -6.016526617e-01   -9.833104299e-01   -2.760281492e-01    7.369339017e-01    9.337988031e-01    9.655394293e-02   -8.476169217e-01   -8.531177752e-01    8.614315096e-02    9.300072176e-01    7.439604095e-01   -2.659648605e-01   -9.813546722e-01   -6.099702850e-01    4.369088918e-01    9.999453517e-01    4.556198769e-01   -5.932692798e-01   -9.851587151e-01
    4.447288194e-01   -6.044325544e-01   -9.823459720e-01   -2.693225744e-01    7.427949510e-01    9.300072176e-01    8.440707286e-02   -8.549307019e-01   -8.448317163e-01    1.034886783e-01    9.368805117e-01    7.298268495e-01   -2.877304455e-01   -9.857508921e-01   -5.890532155e-01    4.618130099e-01    9.998163249e-01    4.274812576e-01   -6.195898548e-01   -9.785801869e-01
    4.431675153e-01   -6.072051067e-01   -9.813546722e-01   -2.626039168e-01    7.485996216e-01    9.261139853e-01    7.224764601e-02   -8.620783658e-01   -8.363379008e-01    1.208027868e-01    9.434096426e-01    7.153742276e-01   -3.093484046e-01   -9.895605553e-01   -5.677337805e-01    4.863582175e-01    9.988101062e-01    3.989221686e-01   -6.452314136e-01   -9.708133734e-01
    4.416048658e-01   -6.099702850e-01   -9.803365575e-01   -2.558725028e-01    7.543474730e-01    9.221195319e-01    6.007747129e-02   -8.690585246e-01   -8.276384176e-01    1.380802200e-01    9.495922116e-01    7.006088623e-01   -3.308076464e-01   -9.927813949e-01   -5.460265429e-01    5.105254385e-01    9.969275784e-01    3.699707005e-01   -6.701658554e-01   -9.618677057e-01
    4.400408755e-01   -6.127280557e-01   -9.792916557e-01   -2.491286594e-01    7.600380689e-01    9.180242940e-01    4.789835918e-02   -8.758698221e-01   -8.187354059e-01    1.553157325e-01    9.554259477e-01    6.855372086e-01   -3.520971608e-01   -9.954114944e-01   -5.239463302e-01    5.342958907e-01    9.941703932e-01    3.406553298e-01   -6.943658540e-01   -9.517540465e-01
    4.384755493e-01   -6.154783854e-01   -9.782199955e-01   -2.423727142e-01    7.656709775e-01    9.138287190e-01    3.571212150e-02   -8.825109348e-01   -8.096310552e-01    1.725040915e-01    9.609087078e-01    6.701658554e-01   -3.732060248e-01   -9.974492888e-01   -5.015082247e-01    5.576511002e-01    9.905409696e-01    3.110048912e-01   -7.178048886e-01   -9.404846768e-01
    4.369088918e-01   -6.182212406e-01   -9.771216060e-01   -2.356049954e-01    7.712457711e-01    9.095332656e-01    2.352057113e-02   -8.889805723e-01   -8.003276044e-01    1.896400789e-01    9.660384778e-01    6.545015226e-01   -3.941234080e-01   -9.988935655e-01   -4.787275533e-01    5.805729159e-01    9.860424919e-01    2.810485488e-01   -7.404572719e-01   -9.280732809e-01
    4.353409078e-01   -6.209565880e-01   -9.759965172e-01   -2.288258317e-01    7.767620267e-01    9.051384033e-01    1.132552173e-02   -8.952774775e-01   -7.908273413e-01    2.067184921e-01    9.708133734e-01    6.385510584e-01   -4.148385785e-01   -9.997434651e-01   -4.556198769e-01    6.030435235e-01    9.806789068e-01    2.508157676e-01   -7.622981789e-01   -9.145349300e-01
    4.337716021e-01   -6.236843944e-01   -9.748447601e-01   -2.220355524e-01    7.822193255e-01    9.006446125e-01   -8.712124948e-04   -9.014004269e-01   -7.811326022e-01    2.237341463e-01    9.752316404e-01    6.223214359e-01   -4.353409078e-01   -9.999984820e-01   -4.322009795e-01    6.250454593e-01    9.744549201e-01    2.203362844e-01   -7.833036739e-01   -8.998860636e-01
    4.322009795e-01   -6.264046266e-01   -9.736663659e-01   -2.152344874e-01    7.876172533e-01    8.960523841e-01   -1.306781712e-02   -9.073482308e-01   -7.712457711e-01    2.406818754e-01    9.792916557e-01    6.058197502e-01   -4.556198769e-01   -9.996584643e-01   -4.084868580e-01    6.465616240e-01    9.673759924e-01    1.896400789e-01   -8.034507367e-01   -8.841444697e-01
    4.306290447e-01   -6.291172518e-01   -9.724613669e-01   -2.084229671e-01    7.929554005e-01    8.913622203e-01   -2.526247772e-02   -9.131197336e-01   -7.611692794e-01    2.575565343e-01    9.829919280e-01    5.890532155e-01   -4.756650811e-01   -9.987236144e-01   -3.844937108e-01    6.675752957e-01    9.594483345e-01    1.587573437e-01   -8.227172879e-01   -8.673292633e-01
    4.290558025e-01   -6.318222367e-01   -9.712297961e-01   -2.016013223e-01    7.982333618e-01    8.865746335e-01   -3.745338016e-02   -9.187138137e-01   -7.509056050e-01    2.743529999e-01    9.863310980e-01    5.720291616e-01   -4.954662360e-01   -9.971944886e-01   -3.602379270e-01    6.880701429e-01    9.506789017e-01    1.277184552e-01   -8.410822131e-01   -8.494608629e-01
    4.274812576e-01   -6.345195488e-01   -9.699716870e-01   -1.947698844e-01    8.034507367e-01    8.816901471e-01   -4.963871087e-02   -9.241293842e-01   -7.404572719e-01    2.910661727e-01    9.893079390e-01    5.547550311e-01   -5.150131822e-01   -9.950719968e-01   -3.357360750e-01    7.080302376e-01    9.410753878e-01    9.655394293e-02   -8.585253859e-01   -8.305609663e-01
    4.259054149e-01   -6.372091551e-01   -9.686870741e-01   -1.879289853e-01    8.086071292e-01    8.767092950e-01   -6.181665711e-02   -9.293653930e-01   -7.298268495e-01    3.076909787e-01    9.919213574e-01    5.372383758e-01   -5.342958907e-01   -9.923574018e-01   -3.110048912e-01    7.274400673e-01    9.306462186e-01    6.529446043e-02   -8.750276901e-01   -8.106525232e-01
    4.243282791e-01   -6.398910231e-01   -9.673759924e-01   -1.810789572e-01    8.137021478e-01    8.716326214e-01   -7.398540723e-02   -9.344208225e-01   -7.190169520e-01    3.242223707e-01    9.941703932e-01    5.194868535e-01   -5.533044680e-01   -9.890523190e-01   -2.860612690e-01    7.462845471e-01    9.194005442e-01    3.397075442e-02   -8.905710406e-01   -7.897597087e-01
    4.227498551e-01   -6.425651201e-01   -9.660384778e-01   -1.742201330e-01    8.187354059e-01    8.664606814e-01   -8.614315096e-02   -9.392946905e-01   -7.080302376e-01    3.406553298e-01    9.960542203e-01    5.015082247e-01   -5.720291616e-01   -9.851587151e-01   -2.609222464e-01    7.645490314e-01    9.073482308e-01    2.613634839e-03   -9.051384033e-01   -7.679078925e-01
    4.211701475e-01   -6.452314136e-01   -9.646745669e-01   -1.673528457e-01    8.237065215e-01    8.611940401e-01   -9.828807966e-02   -9.439860501e-01   -6.968694083e-01    3.569848670e-01    9.975721466e-01    4.833103493e-01   -5.904603644e-01   -9.806789068e-01   -2.356049954e-01    7.822193255e-01    8.944998528e-01   -2.874605551e-02   -9.187138137e-01   -7.451236094e-01
    4.195891613e-01   -6.478898714e-01   -9.632842969e-01   -1.604774290e-01    8.286151172e-01    8.558332731e-01   -1.104183866e-01   -9.484939896e-01   -6.855372086e-01    3.732060248e-01    9.987236144e-01    4.649011828e-01   -6.085886197e-01   -9.756155598e-01   -2.101268093e-01    7.992816965e-01    8.808666826e-01   -6.007747129e-02   -9.312823942e-01   -7.214345262e-01
    4.180069012e-01   -6.505404611e-01   -9.618677057e-01   -1.535942169e-01    8.334608204e-01    8.503789665e-01   -1.225322672e-01   -9.528176331e-01   -6.740364252e-01    3.893138783e-01    9.995082009e-01    4.462887732e-01   -6.264046266e-01   -9.699716870e-01   -1.845050916e-01    8.157228838e-01    8.664606814e-01   -9.134979498e-02   -9.428303708e-01   -6.968694083e-01
    4.164233720e-01   -6.531831505e-01   -9.604248321e-01   -1.467035437e-01    8.382432634e-01    8.448317163e-01   -1.346279194e-01   -9.569561405e-01   -6.623698864e-01    4.053035374e-01    9.999256178e-01    4.274812576e-01   -6.438992443e-01   -9.637506467e-01   -1.587573437e-01    8.315301098e-01    8.512944882e-01   -1.225322672e-01   -9.533450880e-01   -6.714580852e-01
    4.148385785e-01   -6.558179076e-01   -9.589557156e-01   -1.398057441e-01    8.429620832e-01    8.391921288e-01   -1.467035437e-01   -9.609087078e-01   -6.505404611e-01    4.211701475e-01    9.999757117e-01    4.084868580e-01   -6.610634967e-01   -9.569561405e-01   -1.329011533e-01    8.466910895e-01    8.353814093e-01   -1.535942169e-01   -9.628150225e-01   -6.452314136e-01
    4.132525255e-01   -6.584447003e-01   -9.574603962e-01   -1.329011533e-01    8.476169217e-01    8.334608204e-01   -1.587573437e-01   -9.646745669e-01   -6.385510584e-01    4.369088918e-01    9.996584643e-01    3.893138783e-01   -6.778885774e-01   -9.495922116e-01   -1.069541819e-01    8.611940401e-01    8.187354059e-01   -1.845050916e-01   -9.712297961e-01   -6.182212406e-01
    4.116652179e-01   -6.610634967e-01   -9.559389148e-01   -1.259901066e-01    8.522074254e-01    8.276384176e-01   -1.707875264e-01   -9.682529861e-01   -6.264046266e-01    4.525149918e-01    9.989739921e-01    3.699707005e-01   -6.943658540e-01   -9.416632417e-01   -8.093415313e-02    8.750276901e-01    8.013710826e-01   -2.152344874e-01   -9.785801869e-01   -5.904603644e-01
    4.100766605e-01   -6.636742651e-01   -9.543913130e-01   -1.190729397e-01    8.567332460e-01    8.217255566e-01   -1.827923019e-01   -9.716432700e-01   -6.141041528e-01    4.679837097e-01    9.979225465e-01    3.504657808e-01   -7.104868725e-01   -9.331739487e-01   -5.485884057e-02    8.881812885e-01    7.833036739e-01   -2.457521790e-01   -9.848581396e-01   -5.619824948e-01
    4.084868580e-01   -6.662769737e-01   -9.528176331e-01   -1.121499887e-01    8.611940401e-01    8.157228838e-01   -1.947698844e-01   -9.748447601e-01   -6.016526617e-01    4.833103493e-01    9.965045138e-01    3.308076464e-01   -7.262433616e-01   -9.241293842e-01   -2.874605551e-02    9.006446125e-01    7.645490314e-01   -2.760281492e-01   -9.900567742e-01   -5.328222126e-01
    4.068958154e-01   -6.688715909e-01   -9.512179181e-01   -1.052215898e-01    8.655894689e-01    8.096310552e-01   -2.067184921e-01   -9.778568341e-01   -5.890532155e-01    4.984902573e-01    9.947204148e-01    3.110048912e-01   -7.416272372e-01   -9.145349300e-01   -2.613634839e-03    9.124079759e-01    7.451236094e-01   -3.060326187e-01   -9.941703932e-01   -5.030149268e-01
    4.053035374e-01   -6.714580852e-01   -9.495922116e-01   -9.828807966e-02    8.699191989e-01    8.034507367e-01   -2.186363475e-01   -9.806789068e-01   -5.763089124e-01    5.135188252e-01    9.925709051e-01    2.910661727e-01   -7.566306063e-01   -9.043962951e-01    2.352057113e-02    9.234622365e-01    7.250444510e-01   -3.357360750e-01   -9.971944886e-01   -4.725968324e-01
    4.037100289e-01   -6.740364252e-01   -9.479405582e-01   -9.134979498e-02    8.741829015e-01    7.971826037e-01   -2.305216776e-01   -9.833104299e-01   -5.634228865e-01    5.283914904e-01    9.900567742e-01    2.710002073e-01   -7.712457711e-01   -8.937195124e-01    4.963871087e-02    9.337988031e-01    7.043291727e-01   -3.651093019e-01   -9.991257463e-01   -4.416048658e-01
    4.021152947e-01   -6.766065796e-01   -9.462630029e-01   -8.440707286e-02    8.783802530e-01    7.908273413e-01   -2.423727142e-01   -9.857508921e-01   -5.503983067e-01    5.431037376e-01    9.871789456e-01    2.508157676e-01   -7.854652330e-01   -8.825109348e-01    7.572294383e-02    9.434096426e-01    6.829959490e-01   -3.941234080e-01   -9.999620497e-01   -4.100766605e-01
    4.005193396e-01   -6.791685172e-01   -9.445595916e-01   -7.746025053e-02    8.825109348e-01    7.843856442e-01   -2.541876944e-01   -9.879998192e-01   -5.372383758e-01    5.576511002e-01    9.839384766e-01    2.305216776e-01   -7.992816965e-01   -8.707772320e-01    1.017554526e-01    9.522872854e-01    6.610634967e-01   -4.227498551e-01   -9.997024823e-01   -3.780505010e-01
    3.989221686e-01   -6.817222068e-01   -9.428303708e-01   -7.050966545e-02    8.865746335e-01    7.778582163e-01   -2.659648605e-01   -9.900567742e-01   -5.239463302e-01    5.720291616e-01    9.803365575e-01    2.101268093e-01   -8.126880726e-01   -8.585253859e-01    1.277184552e-01    9.604248321e-01    6.385510584e-01   -4.509604862e-01   -9.983473286e-01   -3.455652765e-01
    3.973237864e-01   -6.842676175e-01   -9.410753878e-01   -6.355565525e-02    8.905710406e-01    7.712457711e-01   -2.777024606e-01   -9.919213574e-01   -5.105254385e-01    5.862335568e-01    9.763745115e-01    1.896400789e-01   -8.256774831e-01   -8.457626868e-01    1.535942169e-01    9.678159584e-01    6.154783854e-01   -4.787275533e-01   -9.958980737e-01   -3.126604337e-01
    3.957241979e-01   -6.868047183e-01   -9.392946905e-01   -5.659855774e-02    8.944998528e-01    7.645490314e-01   -2.893987484e-01   -9.935932065e-01   -4.969790011e-01    6.002599733e-01    9.720537941e-01    1.690704427e-01   -8.382432634e-01   -8.324967289e-01    1.793650628e-01    9.744549201e-01    5.918657206e-01   -5.060237450e-01   -9.923574018e-01   -2.793759288e-01
    3.941234080e-01   -6.893334785e-01   -9.374883276e-01   -4.963871087e-02    8.983607719e-01    7.577687290e-01   -3.010519839e-01   -9.950719968e-01   -4.833103493e-01    6.141041528e-01    9.673759924e-01    1.484268932e-01   -8.503789665e-01   -8.187354059e-01    2.050133896e-01    9.803365575e-01    5.677337805e-01   -5.328222126e-01   -9.877291932e-01   -2.457521790e-01
    3.925214215e-01   -6.918538673e-01   -9.356563485e-01   -4.267645272e-02    9.021535047e-01    7.509056050e-01   -3.126604337e-01   -9.963574408e-01   -4.695228443e-01    6.277618922e-01    9.623428249e-01    1.277184552e-01   -8.620783658e-01   -8.044869064e-01    2.305216776e-01    9.854562995e-01    5.431037376e-01   -5.590965973e-01   -9.820185199e-01   -2.118300135e-01
    3.909182433e-01   -6.943658540e-01   -9.337988031e-01   -3.571212150e-02    9.058777635e-01    7.439604095e-01   -3.242223707e-01   -9.974492888e-01   -4.556198769e-01    6.412290450e-01    9.569561405e-01    1.069541819e-01   -8.733354587e-01   -7.897597087e-01    2.558725028e-01    9.898101673e-01    5.179972009e-01   -5.848210556e-01   -9.752316404e-01   -1.776506238e-01
    3.893138783e-01   -6.968694083e-01   -9.319157424e-01   -2.874605551e-02    9.095332656e-01    7.369339017e-01   -3.357360750e-01   -9.983473286e-01   -4.416048658e-01    6.545015226e-01    9.512179181e-01    8.614315096e-02   -8.841444697e-01   -7.745625759e-01    2.810485488e-01    9.933947770e-01    4.924361978e-01   -6.099702850e-01   -9.673759924e-01   -1.432555138e-01
    3.877083313e-01   -6.993644997e-01   -9.300072176e-01   -2.177859313e-02    9.131197336e-01    7.298268495e-01   -3.471998337e-01   -9.990513858e-01   -4.274812576e-01    6.675752957e-01    9.451302654e-01    6.529446043e-02   -8.944998528e-01   -7.589045510e-01    3.060326187e-01    9.962073428e-01    4.664431543e-01   -6.345195488e-01   -9.584601852e-01   -1.086864492e-01
    3.861016072e-01   -7.018510979e-01   -9.280732809e-01   -1.481007283e-02    9.166368951e-01    7.226400296e-01   -3.586119414e-01   -9.995613235e-01   -4.132525255e-01    6.804463949e-01    9.386954189e-01    4.441722482e-02   -9.043962951e-01   -7.427949510e-01    3.308076464e-01    9.982456788e-01    4.400408755e-01   -6.584447003e-01   -9.484939896e-01   -7.398540723e-02
    3.844937108e-01   -7.043291727e-01   -9.261139853e-01   -7.840833102e-03    9.200844833e-01    7.153742276e-01   -3.699707005e-01   -9.998770427e-01   -3.989221686e-01    6.931109128e-01    9.319157424e-01    2.352057113e-02   -9.138287190e-01   -7.262433616e-01    3.553567089e-01    9.995082009e-01    4.132525255e-01   -6.817222068e-01   -9.374883276e-01   -3.919452511e-02
    3.828846472e-01   -7.067986939e-01   -9.241293842e-01   -8.712124948e-04    9.234622365e-01    7.080302376e-01   -3.812744210e-01   -9.999984820e-01   -3.844937108e-01    7.055650044e-01    9.247937263e-01    2.613634839e-03   -9.227922850e-01   -7.092596317e-01    3.796630373e-01    9.999939279e-01    3.861016072e-01   -7.043291727e-01   -9.254552607e-01   -4.356049249e-03
    3.812744210e-01   -7.092596317e-01   -9.221195319e-01    6.098450433e-03    9.267698982e-01    7.006088623e-01   -3.925214215e-01   -9.999256178e-01   -3.699707005e-01    7.178048886e-01    9.173319871e-01   -1.829444407e-02   -9.312823942e-01   -6.918538673e-01    4.037100289e-01    9.997024823e-01    3.586119414e-01   -7.262433616e-01   -9.124079759e-01    3.048771614e-02
    3.796630373e-01   -7.117119562e-01   -9.200844833e-01    1.306781712e-02    9.300072176e-01    6.931109128e-01   -4.037100289e-01   -9.996584643e-01   -3.553567089e-01    7.298268495e-01    9.095332656e-01   -3.919452511e-02   -9.392946905e-01   -6.740364252e-01    4.274812576e-01    9.986340905e-01    3.308076464e-01   -7.474432189e-01   -8.983607719e-01    6.529446043e-02
    3.780505010e-01   -7.141556375e-01   -9.180242940e-01    2.003654902e-02    9.331739487e-01    6.855372086e-01   -4.148385785e-01   -9.991970734e-01   -3.406553298e-01    7.416272372e-01    9.014004269e-01   -6.007747129e-02   -9.468250632e-01   -6.558179076e-01    4.509604862e-01    9.967895830e-01    3.027131163e-01   -7.679078925e-01   -8.833290432e-01    1.000219180e-01
    3.764368168e-01   -7.165906459e-01   -9.159390202e-01    2.700430761e-02    9.362698514e-01    6.778885774e-01   -4.259054149e-01   -9.985415347e-01   -3.258701787e-01    7.532024692e-01    8.929364585e-01   -8.093415313e-02   -9.538696485e-01   -6.372091551e-01    4.741316765e-01    9.941703932e-01    2.743529999e-01   -7.876172533e-01   -8.673292633e-01    1.346279194e-01
    3.748219898e-01   -7.190169520e-01   -9.138287190e-01    3.397075442e-02    9.392946905e-01    6.701658554e-01   -4.369088918e-01   -9.976919757e-01   -3.110048912e-01    7.645490314e-01    8.841444697e-01   -1.017554526e-01   -9.604248321e-01   -6.182212406e-01    4.969790011e-01    9.907785567e-01    2.457521790e-01   -8.065519152e-01   -8.503789665e-01    1.690704427e-01
    3.732060248e-01   -7.214345262e-01   -9.116934480e-01    4.093555106e-02    9.422482366e-01    6.623698864e-01   -4.478473721e-01   -9.966485613e-01   -2.960631232e-01    7.756634788e-01    8.750276901e-01   -1.225322672e-01   -9.664872508e-01   -5.988654625e-01    5.194868535e-01    9.866167096e-01    2.169357468e-01   -8.246932542e-01   -8.324967289e-01    2.033076646e-01
    3.715889267e-01   -7.238433391e-01   -9.095332656e-01    4.789835918e-02    9.451302654e-01    6.545015226e-01   -4.587192288e-01   -9.954114944e-01   -2.810485488e-01    7.865424372e-01    8.655894689e-01   -1.432555138e-01   -9.720537941e-01   -5.791533383e-01    5.416398594e-01    9.816880863e-01    1.879289853e-01   -8.420234264e-01   -8.137021478e-01    2.372980109e-01
    3.699707005e-01   -7.262433616e-01   -9.073482308e-01    5.485884057e-02    9.479405582e-01    6.465616240e-01   -4.695228443e-01   -9.939810152e-01   -2.659648605e-01    7.971826037e-01    8.558332731e-01   -1.639161327e-01   -9.771216060e-01   -5.590965973e-01    5.634228865e-01    9.759965172e-01    1.587573437e-01   -8.585253859e-01   -7.940158205e-01    2.710002073e-01
    3.683513510e-01   -7.286345645e-01   -9.051384033e-01    6.181665711e-02    9.506789017e-01    6.385510584e-01   -4.802566116e-01   -9.923574018e-01   -2.508157676e-01    8.075807481e-01    8.457626868e-01   -1.845050916e-01   -9.816880863e-01   -5.387071740e-01    5.848210556e-01    9.695464258e-01    1.294464160e-01   -8.741829015e-01   -7.734593214e-01    3.043733295e-01
    3.667308832e-01   -7.310169187e-01   -9.029038435e-01    6.877147081e-02    9.533450880e-01    6.304707013e-01   -4.909189338e-01   -9.905409696e-01   -2.356049954e-01    8.177337135e-01    8.353814093e-01   -2.050133896e-01   -9.857508921e-01   -5.179972009e-01    6.058197502e-01    9.623428249e-01    1.000219180e-01   -8.889805723e-01   -7.520551787e-01    3.373768526e-01
    3.651093019e-01   -7.333903953e-01   -9.006446125e-01    7.572294383e-02    9.559389148e-01    6.223214359e-01   -5.015082247e-01   -9.885320716e-01   -2.203362844e-01    8.276384176e-01    8.246932542e-01   -2.254320609e-01   -9.893079390e-01   -4.969790011e-01    6.264046266e-01    9.543913130e-01    7.050966545e-02   -9.029038435e-01   -7.298268495e-01    3.699707005e-01
    3.634866122e-01   -7.357549655e-01   -8.983607719e-01    8.267073849e-02    9.584601852e-01    6.141041528e-01   -5.120229091e-01   -9.863310980e-01   -2.050133896e-01    8.372918531e-01    8.137021478e-01   -2.457521790e-01   -9.923574018e-01   -4.756650811e-01    6.465616240e-01    9.456980697e-01    4.093555106e-02   -9.159390202e-01   -7.067986939e-01    4.021152947e-01
    3.618628189e-01   -7.381106006e-01   -8.960523841e-01    8.961451729e-02    9.609087078e-01    6.058197502e-01   -5.224614227e-01   -9.839384766e-01   -1.896400789e-01    8.466910895e-01    8.024121277e-01   -2.659648605e-01   -9.948977161e-01   -4.540681236e-01    6.662769737e-01    9.362698514e-01    1.132552173e-02   -9.280732809e-01   -6.829959490e-01    4.337716021e-01
    3.602379270e-01   -7.404572719e-01   -8.937195124e-01    9.655394293e-02    9.632842969e-01    5.974691335e-01   -5.328222126e-01   -9.813546722e-01   -1.742201330e-01    8.558332731e-01    7.908273413e-01   -2.860612690e-01   -9.969275784e-01   -4.322009795e-01    6.855372086e-01    9.261139853e-01   -1.829444407e-02   -9.392946905e-01   -6.584447003e-01    4.649011828e-01
    3.586119414e-01   -7.427949510e-01   -8.913622203e-01    1.034886783e-01    9.655867720e-01    5.890532155e-01   -5.431037376e-01   -9.785801869e-01   -1.587573437e-01    8.647156284e-01    7.789520443e-01   -3.060326187e-01   -9.984459473e-01   -4.100766605e-01    7.043291727e-01    9.152383645e-01   -4.789835918e-02   -9.495922116e-01   -6.331718539e-01    4.954662360e-01
    3.569848670e-01   -7.451236094e-01   -8.889805723e-01    1.104183866e-01    9.678159584e-01    5.805729159e-01   -5.533044680e-01   -9.756155598e-01   -1.432555138e-01    8.733354587e-01    7.667905990e-01   -3.258701787e-01   -9.994520438e-01   -3.877083313e-01    7.226400296e-01    9.036514411e-01   -7.746025053e-02   -9.589557156e-01   -6.072051067e-01    5.254296470e-01
    3.553567089e-01   -7.474432189e-01   -8.865746335e-01    1.173427311e-01    9.699716870e-01    5.720291616e-01   -5.634228865e-01   -9.724613669e-01   -1.277184552e-01    8.816901471e-01    7.543474730e-01   -3.455652765e-01   -9.999453517e-01   -3.651093019e-01    7.404572719e-01    8.913622203e-01   -1.069541819e-01   -9.673759924e-01   -5.805729159e-01    5.547550311e-01
    3.537274718e-01   -7.497537514e-01   -8.841444697e-01    1.242613755e-01    9.720537941e-01    5.634228865e-01   -5.734574877e-01   -9.691182211e-01   -1.121499887e-01    8.897771572e-01    7.416272372e-01   -3.651093019e-01   -9.999256178e-01   -3.422930196e-01    7.577687290e-01    8.783802530e-01   -1.363542767e-01   -9.748447601e-01   -5.533044680e-01    5.834067789e-01
    3.520971608e-01   -7.520551787e-01   -8.816901471e-01    1.311739838e-01    9.740621216e-01    5.547550311e-01   -5.834067789e-01   -9.655867720e-01   -9.655394293e-02    8.975940336e-01    7.286345645e-01   -3.844937108e-01   -9.993928523e-01   -3.192730608e-01    7.745625759e-01    8.647156284e-01   -1.656347406e-01   -9.813546722e-01   -5.254296470e-01    6.113500984e-01
    3.504657808e-01   -7.543474730e-01   -8.792117330e-01    1.380802200e-01    9.759965172e-01    5.460265429e-01   -5.932692798e-01   -9.618677057e-01   -8.093415313e-02    9.051384033e-01    7.153742276e-01   -4.037100289e-01   -9.983473286e-01   -2.960631232e-01    7.908273413e-01    8.503789665e-01   -1.947698844e-01   -9.868993257e-01   -4.969790011e-01    6.385510584e-01
    3.488333368e-01   -7.566306063e-01   -8.767092950e-01    1.449797488e-01    9.778568341e-01    5.372383758e-01   -6.030435235e-01   -9.579617449e-01   -6.529446043e-02    9.124079759e-01    7.018510979e-01   -4.227498551e-01   -9.967895830e-01   -2.726770175e-01    8.065519152e-01    8.353814093e-01   -2.237341463e-01   -9.914732669e-01   -4.679837097e-01    6.649766288e-01
    3.471998337e-01   -7.589045510e-01   -8.741829015e-01    1.518722350e-01    9.796429309e-01    5.283914904e-01   -6.127280557e-01   -9.538696485e-01   -4.963871087e-02    9.194005442e-01    6.880701429e-01   -4.416048658e-01   -9.947204148e-01   -2.491286594e-01    8.217255566e-01    8.197346126e-01   -2.525021143e-01   -9.950719968e-01   -4.384755493e-01    6.905947212e-01
    3.455652765e-01   -7.611692794e-01   -8.716326214e-01    1.587573437e-01    9.813546722e-01    5.194868535e-01   -6.223214359e-01   -9.495922116e-01   -3.397075442e-02    9.261139853e-01    6.740364252e-01   -4.602668181e-01   -9.921408857e-01   -2.254320609e-01    8.363379008e-01    8.034507367e-01   -2.810485488e-01   -9.976919757e-01   -4.084868580e-01    7.153742276e-01
    3.439296701e-01   -7.634247640e-01   -8.690585246e-01    1.656347406e-01    9.829919280e-01    5.105254385e-01   -6.318222367e-01   -9.451302654e-01   -1.829444407e-02    9.325462612e-01    6.597551000e-01   -4.787275533e-01   -9.890523190e-01   -2.016013223e-01    8.503789665e-01    7.865424372e-01   -3.093484046e-01   -9.993306266e-01   -3.780505010e-01    7.392850585e-01
    3.422930196e-01   -7.656709775e-01   -8.664606814e-01    1.725040915e-01    9.845545741e-01    5.015082247e-01   -6.412290450e-01   -9.404846768e-01   -2.613634839e-03    9.386954189e-01    6.452314136e-01   -4.969790011e-01   -9.854562995e-01   -1.776506238e-01    8.638391626e-01    7.690228546e-01   -3.373768526e-01   -9.999863378e-01   -3.471998337e-01    7.622981789e-01
    3.406553298e-01   -7.679078925e-01   -8.638391626e-01    1.793650628e-01    9.860424919e-01    4.924361978e-01   -6.505404611e-01   -9.356563485e-01    1.306781712e-02    9.445595916e-01    6.304707013e-01   -5.150131822e-01   -9.813546722e-01   -1.535942169e-01    8.767092950e-01    7.509056050e-01   -3.651093019e-01   -9.996584643e-01   -3.159686658e-01    7.843856442e-01
    3.390166058e-01   -7.701354820e-01   -8.611940401e-01    1.862173211e-01    9.874555684e-01    4.833103493e-01   -6.597551000e-01   -9.306462186e-01    2.874605551e-02    9.501369990e-01    6.154783854e-01   -5.328222126e-01   -9.767495415e-01   -1.294464160e-01    8.889805723e-01    7.322047685e-01   -3.925214215e-01   -9.983473286e-01   -2.843912240e-01    8.055206336e-01
    3.373768526e-01   -7.723537187e-01   -8.585253859e-01    1.930605337e-01    9.887936963e-01    4.741316765e-01   -6.688715909e-01   -9.254552607e-01    4.441722482e-02    9.554259477e-01    6.002599733e-01   -5.503983067e-01   -9.716432700e-01   -1.052215898e-01    9.006446125e-01    7.129348791e-01   -4.195891613e-01   -9.960542203e-01   -2.525021143e-01    8.256774831e-01
    3.357360750e-01   -7.745625759e-01   -8.558332731e-01    1.998943680e-01    9.900567742e-01    4.649011828e-01   -6.778885774e-01   -9.200844833e-01    6.007747129e-02    9.604248321e-01    5.848210556e-01   -5.677337805e-01   -9.660384778e-01   -8.093415313e-02    9.116934480e-01    6.931109128e-01   -4.462887732e-01   -9.927813949e-01   -2.203362844e-01    8.448317163e-01
    3.340942781e-01   -7.767620267e-01   -8.531177752e-01    2.067184921e-01    9.912447060e-01    4.556198769e-01   -6.868047183e-01   -9.145349300e-01    7.572294383e-02    9.651321345e-01    5.691673037e-01   -5.848210556e-01   -9.599380405e-01   -5.659855774e-02    9.221195319e-01    6.727482764e-01   -4.725968324e-01   -9.885320716e-01   -1.879289853e-01    8.629600742e-01
    3.324514669e-01   -7.789520443e-01   -8.503789665e-01    2.135325746e-01    9.923574018e-01    4.462887732e-01   -6.956186871e-01   -9.088076792e-01    9.134979498e-02    9.695464258e-01    5.533044680e-01   -6.016526617e-01   -9.533450880e-01   -3.222928420e-02    9.319157424e-01    6.518627954e-01   -4.984902573e-01   -9.833104299e-01   -1.553157325e-01    8.800405437e-01
    3.308076464e-01   -7.811326022e-01   -8.476169217e-01    2.203362844e-01    9.933947770e-01    4.369088918e-01   -7.043291727e-01   -9.029038435e-01    1.069541819e-01    9.736663659e-01    5.372383758e-01   -6.182212406e-01   -9.462630029e-01   -7.840833102e-03    9.410753878e-01    6.304707013e-01   -5.239463302e-01   -9.771216060e-01   -1.225322672e-01    8.960523841e-01
    3.291628215e-01   -7.833036739e-01   -8.448317163e-01    2.271292911e-01    9.943567528e-01    4.274812576e-01   -7.129348791e-01   -8.968245703e-01    1.225322672e-01    9.774907039e-01    5.209749289e-01   -6.345195488e-01   -9.386954189e-01    1.655228357e-02    9.495922116e-01    6.085886197e-01   -5.489427172e-01   -9.699716870e-01   -8.961451729e-02    9.109761523e-01
    3.275169973e-01   -7.854652330e-01   -8.420234264e-01    2.339112646e-01    9.952432564e-01    4.180069012e-01   -7.214345262e-01   -8.905710406e-01    1.380802200e-01    9.810182787e-01    5.045201018e-01   -6.505404611e-01   -9.306462186e-01    4.093555106e-02    9.574603962e-01    5.862335568e-01   -5.734574877e-01   -9.618677057e-01   -5.659855774e-02    9.247937263e-01
    3.258701787e-01   -7.876172533e-01   -8.391921288e-01    2.406818754e-01    9.960542203e-01    4.084868580e-01   -7.298268495e-01   -8.841444697e-01    1.535942169e-01    9.842480195e-01    4.878799390e-01   -6.662769737e-01   -9.221195319e-01    6.529446043e-02    9.646745669e-01    5.634228865e-01   -5.974691335e-01   -9.528176331e-01   -2.352057113e-02    9.374883276e-01
    3.242223707e-01   -7.897597087e-01   -8.363379008e-01    2.474407948e-01    9.967895830e-01    3.989221686e-01   -7.381106006e-01   -8.775461061e-01    1.690704427e-01    9.871789456e-01    4.710605534e-01   -6.817222068e-01   -9.131197336e-01    8.961451729e-02    9.712297961e-01    5.401743367e-01   -6.209565880e-01   -9.428303708e-01    9.583191966e-03    9.490445413e-01
    3.225735784e-01   -7.918925730e-01   -8.334608204e-01    2.541876944e-01    9.974492888e-01    3.893138783e-01   -7.462845471e-01   -8.707772320e-01    1.845050916e-01    9.898101673e-01    4.540681236e-01   -6.968694083e-01   -9.036514411e-01    1.138812503e-01    9.771216060e-01    5.165059756e-01   -6.438992443e-01   -9.319157424e-01    4.267645272e-02    9.594483345e-01
    3.209238068e-01   -7.940158205e-01   -8.305609663e-01    2.609222464e-01    9.980332874e-01    3.796630373e-01   -7.543474730e-01   -8.638391626e-01    1.998943680e-01    9.921408857e-01    4.369088918e-01   -7.117119562e-01   -8.937195124e-01    1.380802200e-01    9.823459720e-01    4.924361978e-01   -6.662769737e-01   -9.200844833e-01    7.572294383e-02    9.686870741e-01
    3.192730608e-01   -7.961294253e-01   -8.276384176e-01    2.676441238e-01    9.985415347e-01    3.699707005e-01   -7.622981789e-01   -8.567332460e-01    2.152344874e-01    9.941703932e-01    4.195891613e-01   -7.262433616e-01   -8.833290432e-01    1.621970271e-01    9.868993257e-01    4.679837097e-01   -6.880701429e-01   -9.073482308e-01    1.086864492e-01    9.767495415e-01
    3.176213455e-01   -7.982333618e-01   -8.246932542e-01    2.743529999e-01    9.989739921e-01    3.602379270e-01   -7.701354820e-01   -8.494608629e-01    2.305216776e-01    9.958980737e-01    4.021152947e-01   -7.404572719e-01   -8.724853645e-01    1.862173211e-01    9.907785567e-01    4.431675153e-01   -7.092596317e-01   -8.937195124e-01    1.415308438e-01    9.836259464e-01
    3.159686658e-01   -8.003276044e-01   -8.217255566e-01    2.810485488e-01    9.993306266e-01    3.504657808e-01   -7.778582163e-01   -8.420234264e-01    2.457521790e-01    9.973234027e-01    3.844937108e-01   -7.543474730e-01   -8.611940401e-01    2.101268093e-01    9.939810152e-01    4.180069012e-01   -7.298268495e-01   -8.792117330e-01    1.742201330e-01    9.893079390e-01
    3.143150269e-01   -8.024121277e-01   -8.187354059e-01    2.877304455e-01    9.996114113e-01    3.406553298e-01   -7.854652330e-01   -8.344223815e-01    2.609222464e-01    9.984459473e-01    3.667308832e-01   -7.679078925e-01   -8.494608629e-01    2.339112646e-01    9.965045138e-01    3.925214215e-01   -7.497537514e-01   -8.638391626e-01    2.067184921e-01    9.937886195e-01
    3.126604337e-01   -8.044869064e-01   -8.157228838e-01    2.943983651e-01    9.998163249e-01    3.308076464e-01   -7.929554005e-01   -8.266592052e-01    2.760281492e-01    9.992653669e-01    3.488333368e-01   -7.811326022e-01   -8.372918531e-01    2.575565343e-01    9.983473286e-01    3.667308832e-01   -7.690228546e-01   -8.476169217e-01    2.389903060e-01    9.970625471e-01
    3.110048912e-01   -8.065519152e-01   -8.126880726e-01    3.010519839e-01    9.999453517e-01    3.209238068e-01   -8.003276044e-01   -8.187354059e-01    2.910661727e-01    9.997814127e-01    3.308076464e-01   -7.940158205e-01   -8.246932542e-01    2.810485488e-01    9.995082009e-01    3.406553298e-01   -7.876172533e-01   -8.305609663e-01    2.710002073e-01    9.991257463e-01
    3.093484046e-01   -8.086071292e-01   -8.096310552e-01    3.076909787e-01    9.999984820e-01    3.110048912e-01   -8.075807481e-01   -8.106525232e-01    3.060326187e-01    9.999939279e-01    3.126604337e-01   -8.065519152e-01   -8.116715301e-01    3.043733295e-01    9.999863378e-01    3.143150269e-01   -8.055206336e-01   -8.126880726e-01    3.027131163e-01    9.999757117e-01
    3.076909787e-01   -8.106525232e-01   -8.065519152e-01    3.143150269e-01    9.999757117e-01    3.010519839e-01   -8.147137526e-01   -8.024121277e-01    3.209238068e-01    9.999028481e-01    2.943983651e-01   -8.187354059e-01   -7.982333618e-01    3.275169973e-01    9.997814127e-01    2.877304455e-01   -8.227172879e-01   -7.940158205e-01    3.340942781e-01    9.996114113e-01
    3.060326187e-01   -8.126880726e-01   -8.034507367e-01    3.209238068e-01    9.998770427e-01    2.910661727e-01   -8.217255566e-01   -7.940158205e-01    3.357360750e-01    9.995082009e-01    2.760281492e-01   -8.305609663e-01   -7.843856442e-01    3.504657808e-01    9.988935655e-01    2.609222464e-01   -8.391921288e-01   -7.745625759e-01    3.651093019e-01    9.980332874e-01
    3.043733295e-01   -8.147137526e-01   -8.003276044e-01    3.275169973e-01    9.997024823e-01    2.810485488e-01   -8.286151172e-01   -7.854652330e-01    3.504657808e-01    9.988101062e-01    2.575565343e-01   -8.420234264e-01   -7.701354820e-01    3.732060248e-01    9.973234027e-01    2.339112646e-01   -8.549307019e-01   -7.543474730e-01    3.957241979e-01    9.952432564e-01
    3.027131163e-01   -8.167295385e-01   -7.971826037e-01    3.340942781e-01    9.994520438e-01    2.710002073e-01   -8.353814093e-01   -7.767620267e-01    3.651093019e-01    9.978087758e-01    2.389903060e-01   -8.531177752e-01   -7.554901865e-01    3.957241979e-01    9.950719968e-01    2.067184921e-01   -8.699191989e-01   -7.333903953e-01    4.259054149e-01    9.912447060e-01
    3.010519839e-01   -8.187354059e-01   -7.940158205e-01    3.406553298e-01    9.991257463e-01    2.609222464e-01   -8.420234264e-01   -7.679078925e-01    3.796630373e-01    9.965045138e-01    2.203362844e-01   -8.638391626e-01   -7.404572719e-01    4.180069012e-01    9.921408857e-01    1.793650628e-01   -8.841444697e-01   -7.117119562e-01    4.556198769e-01    9.860424919e-01
    2.993899376e-01   -8.207313305e-01   -7.908273413e-01    3.471998337e-01    9.987236144e-01    2.508157676e-01   -8.485401804e-01   -7.589045510e-01    3.941234080e-01    9.948977161e-01    2.016013223e-01   -8.741829015e-01   -7.250444510e-01    4.400408755e-01    9.885320716e-01    1.518722350e-01   -8.975940336e-01   -6.893334785e-01    4.848350194e-01    9.796429309e-01
    2.977269824e-01   -8.227172879e-01   -7.876172533e-01    3.537274718e-01    9.982456788e-01    2.406818754e-01   -8.549307019e-01   -7.497537514e-01    4.084868580e-01    9.929888706e-01    1.827923019e-01   -8.841444697e-01   -7.092596317e-01    4.618130099e-01    9.842480195e-01    1.242613755e-01   -9.102560907e-01   -6.662769737e-01    5.135188252e-01    9.720537941e-01
    2.960631232e-01   -8.246932542e-01   -7.843856442e-01    3.602379270e-01    9.976919757e-01    2.305216776e-01   -8.611940401e-01   -7.404572719e-01    4.227498551e-01    9.907785567e-01    1.639161327e-01   -8.937195124e-01   -6.931109128e-01    4.833103493e-01    9.792916557e-01    9.655394293e-02   -9.221195319e-01   -6.425651201e-01    5.416398594e-01    9.632842969e-01
    2.943983651e-01   -8.266592052e-01   -7.811326022e-01    3.667308832e-01    9.970625471e-01    2.203362844e-01   -8.673292633e-01   -7.310169187e-01    4.369088918e-01    9.882674456e-01    1.449797488e-01   -9.029038435e-01   -6.766065796e-01    5.045201018e-01    9.736663659e-01    6.877147081e-02   -9.331739487e-01   -6.182212406e-01    5.691673037e-01    9.533450880e-01
    2.927327133e-01   -8.286151172e-01   -7.778582163e-01    3.732060248e-01    9.963574408e-01    2.101268093e-01   -8.733354587e-01   -7.214345262e-01    4.509604862e-01    9.854562995e-01    1.259901066e-01   -9.116934480e-01   -6.597551000e-01    5.254296470e-01    9.673759924e-01    4.093555106e-02   -9.434096426e-01   -5.932692798e-01    5.960709906e-01    9.422482366e-01
    2.910661727e-01   -8.305609663e-01   -7.745625759e-01    3.796630373e-01    9.955767103e-01    1.998943680e-01   -8.792117330e-01   -7.117119562e-01    4.649011828e-01    9.823459720e-01    1.069541819e-01   -9.200844833e-01   -6.425651201e-01    5.460265429e-01    9.604248321e-01    1.306781712e-02   -9.528176331e-01   -5.677337805e-01    6.223214359e-01    9.300072176e-01
    2.893987484e-01   -8.324967289e-01   -7.712457711e-01    3.861016072e-01    9.947204148e-01    1.896400789e-01   -8.849572119e-01   -7.018510979e-01    4.787275533e-01    9.789374074e-01    8.787896753e-02   -9.280732809e-01   -6.250454593e-01    5.662985337e-01    9.528176331e-01   -1.481007283e-02   -9.613896662e-01   -5.416398594e-01    6.478898714e-01    9.166368951e-01
    2.877304455e-01   -8.344223815e-01   -7.679078925e-01    3.925214215e-01    9.937886195e-01    1.793650628e-01   -8.905710406e-01   -6.918538673e-01    4.924361978e-01    9.752316404e-01    6.877147081e-02   -9.356563485e-01   -6.072051067e-01    5.862335568e-01    9.445595916e-01   -4.267645272e-02   -9.691182211e-01   -5.150131822e-01    6.727482764e-01    9.021535047e-01
    2.860612690e-01   -8.363379008e-01   -7.645490314e-01    3.989221686e-01    9.927813949e-01    1.690704427e-01   -8.960523841e-01   -6.817222068e-01    5.060237450e-01    9.712297961e-01    4.963871087e-02   -9.428303708e-01   -5.890532155e-01    6.058197502e-01    9.356563485e-01   -7.050966545e-02   -9.759965172e-01   -4.878799390e-01    6.968694083e-01    8.865746335e-01
    2.843912240e-01   -8.382432634e-01   -7.611692794e-01    4.053035374e-01    9.916988175e-01    1.587573437e-01   -9.014004269e-01   -6.714580852e-01    5.194868535e-01    9.669330894e-01    3.048771614e-02   -9.495922116e-01   -5.705990989e-01    6.250454593e-01    9.261139853e-01   -9.828807966e-02   -9.820185199e-01   -4.602668181e-01    7.202268324e-01    8.699191989e-01
    2.827203156e-01   -8.401384463e-01   -7.577687290e-01    4.116652179e-01    9.905409696e-01    1.484268932e-01   -9.066143735e-01   -6.610634967e-01    5.328222126e-01    9.623428249e-01    1.132552173e-02   -9.559389148e-01   -5.518522251e-01    6.438992443e-01    9.159390202e-01   -1.259901066e-01   -9.871789456e-01   -4.322009795e-01    7.427949510e-01    8.522074254e-01
    2.810485488e-01   -8.420234264e-01   -7.543474730e-01    4.180069012e-01    9.893079390e-01    1.380802200e-01   -9.116934480e-01   -6.505404611e-01    5.460265429e-01    9.574603962e-01   -7.840833102e-03   -9.618677057e-01   -5.328222126e-01    6.623698864e-01    9.051384033e-01   -1.535942169e-01   -9.914732669e-01   -4.037100289e-01    7.645490314e-01    8.334608204e-01
    2.793759288e-01   -8.438981808e-01   -7.509056050e-01    4.243282791e-01    9.879998192e-01    1.277184552e-01   -9.166368951e-01   -6.398910231e-01    5.590965973e-01    9.522872854e-01   -2.700430761e-02   -9.673759924e-01   -5.135188252e-01    6.804463949e-01    8.937195124e-01   -1.810789572e-01   -9.948977161e-01   -3.748219898e-01    7.854652330e-01    8.137021478e-01
    2.777024606e-01   -8.457626868e-01   -7.474432189e-01    4.306290447e-01    9.866167096e-01    1.173427311e-01   -9.214439792e-01   -6.291172518e-01    5.720291616e-01    9.468250632e-01   -4.615786207e-02   -9.724613669e-01   -4.939519668e-01    6.981180138e-01    8.816901471e-01   -2.084229671e-01   -9.974492888e-01   -3.455652765e-01    8.055206336e-01    7.929554005e-01
    2.760281492e-01   -8.476169217e-01   -7.439604095e-01    4.369088918e-01    9.851587151e-01    1.069541819e-01   -9.261139853e-01   -6.182212406e-01    5.848210556e-01    9.410753878e-01   -6.529446043e-02   -9.771216060e-01   -4.741316765e-01    7.153742276e-01    8.690585246e-01   -2.356049954e-01   -9.991257463e-01   -3.159686658e-01    8.246932542e-01    7.712457711e-01
    2.743529999e-01   -8.494608629e-01   -7.404572719e-01    4.431675153e-01    9.836259464e-01    9.655394293e-02   -9.306462186e-01   -6.072051067e-01    5.974691335e-01    9.350400049e-01   -8.440707286e-02   -9.813546722e-01   -4.540681236e-01    7.322047685e-01    8.558332731e-01   -2.626039168e-01   -9.999256178e-01   -2.860612690e-01    8.429620832e-01    7.485996216e-01
    2.726770175e-01   -8.512944882e-01   -7.369339017e-01    4.494046114e-01    9.820185199e-01    8.614315096e-02   -9.350400049e-01   -5.960709906e-01    6.099702850e-01    9.287207468e-01   -1.034886783e-01   -9.851587151e-01   -4.337716021e-01    7.485996216e-01    8.420234264e-01   -2.893987484e-01   -9.998482016e-01   -2.558725028e-01    8.603070997e-01    7.250444510e-01
    2.710002073e-01   -8.531177752e-01   -7.333903953e-01    4.556198769e-01    9.803365575e-01    7.572294383e-02   -9.392946905e-01   -5.848210556e-01    6.223214359e-01    9.221195319e-01   -1.225322672e-01   -9.885320716e-01   -4.132525255e-01    7.645490314e-01    8.276384176e-01   -3.159686658e-01   -9.988935655e-01   -2.254320609e-01    8.767092950e-01    7.006088623e-01
    2.693225744e-01   -8.549307019e-01   -7.298268495e-01    4.618130099e-01    9.785801869e-01    6.529446043e-02   -9.434096426e-01   -5.734574877e-01    6.345195488e-01    9.152383645e-01   -1.415308438e-01   -9.914732669e-01   -3.925214215e-01    7.800435074e-01    8.126880726e-01   -3.422930196e-01   -9.970625471e-01   -1.947698844e-01    8.921506937e-01    6.753225276e-01
    2.676441238e-01   -8.567332460e-01   -7.262433616e-01    4.679837097e-01    9.767495415e-01    5.485884057e-02   -9.473842488e-01   -5.619824948e-01    6.465616240e-01    9.080793335e-01   -1.604774290e-01   -9.939810152e-01   -3.715889267e-01    7.950738299e-01    7.971826037e-01   -3.683513510e-01   -9.943567528e-01   -1.639161327e-01    9.066143735e-01    6.492161518e-01
    2.659648605e-01   -8.585253859e-01   -7.226400296e-01    4.741316765e-01    9.748447601e-01    4.441722482e-02   -9.512179181e-01   -5.503983067e-01    6.584447003e-01    9.006446125e-01   -1.793650628e-01   -9.960542203e-01   -3.504657808e-01    8.096310552e-01    7.811326022e-01   -3.941234080e-01   -9.907785567e-01   -1.329011533e-01    9.200844833e-01    6.223214359e-01
    2.642847899e-01   -8.603070997e-01   -7.190169520e-01    4.802566116e-01    9.728659873e-01    3.397075442e-02   -9.549100799e-01   -5.387071740e-01    6.701658554e-01    8.929364585e-01   -1.981868068e-01   -9.976919757e-01   -3.291628215e-01    8.237065215e-01    7.645490314e-01   -4.195891613e-01   -9.863310980e-01   -1.017554526e-01    9.325462612e-01    5.946710379e-01
    2.626039168e-01   -8.620783658e-01   -7.153742276e-01    4.863582175e-01    9.708133734e-01    2.352057113e-02   -9.584601852e-01   -5.269113685e-01    6.817222068e-01    8.849572119e-01   -2.169357468e-01   -9.988935655e-01   -3.076909787e-01    8.372918531e-01    7.474432189e-01   -4.447288194e-01   -9.810182787e-01   -7.050966545e-02    9.439860501e-01    5.662985337e-01
    2.609222464e-01   -8.638391626e-01   -7.117119562e-01    4.924361978e-01    9.686870741e-01    1.306781712e-02   -9.618677057e-01   -5.150131822e-01    6.931109128e-01    8.767092950e-01   -2.356049954e-01   -9.996584643e-01   -2.860612690e-01    8.503789665e-01    7.298268495e-01   -4.695228443e-01   -9.748447601e-01   -3.919452511e-02    9.543913130e-01    5.372383758e-01
    2.592397839e-01   -8.655894689e-01   -7.080302376e-01    4.984902573e-01    9.664872508e-01    2.613634839e-03   -9.651321345e-01   -5.030149268e-01    7.043291727e-01    8.681952119e-01   -2.541876944e-01   -9.999863378e-01   -2.642847899e-01    8.629600742e-01    7.117119562e-01   -4.939519668e-01   -9.678159584e-01   -7.840833102e-03    9.637506467e-01    5.075258519e-01
    2.575565343e-01   -8.673292633e-01   -7.043291727e-01    5.045201018e-01    9.642140705e-01   -7.840833102e-03   -9.682529861e-01   -4.909189338e-01    7.153742276e-01    8.594175474e-01   -2.726770175e-01   -9.998770427e-01   -2.423727142e-01    8.750276901e-01    6.931109128e-01   -5.179972009e-01   -9.599380405e-01    2.352057113e-02    9.720537941e-01    4.771970416e-01
    2.558725028e-01   -8.690585246e-01   -7.006088623e-01    5.105254385e-01    9.618677057e-01   -1.829444407e-02   -9.712297961e-01   -4.787275533e-01    7.262433616e-01    8.503789665e-01   -2.910661727e-01   -9.993306266e-01   -2.203362844e-01    8.865746335e-01    6.740364252e-01   -5.416398594e-01   -9.512179181e-01    5.485884057e-02    9.792916557e-01    4.462887732e-01
    2.541876944e-01   -8.707772320e-01   -6.968694083e-01    5.165059756e-01    9.594483345e-01   -2.874605551e-02   -9.740621216e-01   -4.664431543e-01    7.369339017e-01    8.410822131e-01   -3.093484046e-01   -9.983473286e-01   -1.981868068e-01    8.975940336e-01    6.545015226e-01   -5.648615676e-01   -9.416632417e-01    8.614315096e-02    9.854562995e-01    4.148385785e-01
    2.525021143e-01   -8.724853645e-01   -6.931109128e-01    5.224614227e-01    9.569561405e-01   -3.919452511e-02   -9.767495415e-01   -4.540681236e-01    7.474432189e-01    8.315301098e-01   -3.275169973e-01   -9.969275784e-01   -1.759356455e-01    9.080793335e-01    6.345195488e-01   -5.876442782e-01   -9.312823942e-01    1.173427311e-01    9.905409696e-01    3.828846472e-01
    2.508157676e-01   -8.741829015e-01   -6.893334785e-01    5.283914904e-01    9.543913130e-01   -4.963871087e-02   -9.792916557e-01   -4.416048658e-01    7.577687290e-01    8.217255566e-01   -3.455652765e-01   -9.950719968e-01   -1.535942169e-01    9.180242940e-01    6.141041528e-01   -6.099702850e-01   -9.200844833e-01    1.484268932e-01    9.945400936e-01    3.504657808e-01
    2.491286594e-01   -8.758698221e-01   -6.855372086e-01    5.342958907e-01    9.517540465e-01   -6.007747129e-02   -9.816880863e-01   -4.290558025e-01    7.679078925e-01    8.116715301e-01   -3.634866122e-01   -9.927813949e-01   -1.311739838e-01    9.274229974e-01    5.932692798e-01   -6.318222367e-01   -9.080793335e-01    1.793650628e-01    9.974492888e-01    3.176213455e-01
    2.474407948e-01   -8.775461061e-01   -6.817222068e-01    5.401743367e-01    9.490445413e-01   -7.050966545e-02   -9.839384766e-01   -4.164233720e-01    7.778582163e-01    8.013710826e-01   -3.812744210e-01   -9.900567742e-01   -1.086864492e-01    9.362698514e-01    5.720291616e-01   -6.531831505e-01   -8.952774775e-01    2.101268093e-01    9.992653669e-01    2.843912240e-01
    2.457521790e-01   -8.792117330e-01   -6.778885774e-01    5.460265429e-01    9.462630029e-01   -8.093415313e-02   -9.860424919e-01   -4.037100289e-01    7.876172533e-01    7.908273413e-01   -3.989221686e-01   -9.868993257e-01   -8.614315096e-02    9.445595916e-01    5.503983067e-01   -6.740364252e-01   -8.816901471e-01    2.406818754e-01    9.999863378e-01    2.508157676e-01
    2.440628171e-01   -8.808666826e-01   -6.740364252e-01    5.518522251e-01    9.434096426e-01   -9.134979498e-02   -9.879998192e-01   -3.909182433e-01    7.971826037e-01    7.800435074e-01   -4.164233720e-01   -9.833104299e-01   -6.355565525e-02    9.522872854e-01    5.283914904e-01   -6.943658540e-01   -8.673292633e-01    2.710002073e-01    9.996114113e-01    2.169357468e-01
    2.423727142e-01   -8.825109348e-01   -6.701658554e-01    5.576511002e-01    9.404846768e-01   -1.017554526e-01   -9.898101673e-01   -3.780505010e-01    8.065519152e-01    7.690228546e-01   -4.337716021e-01   -9.792916557e-01   -4.093555106e-02    9.594483345e-01    5.060237450e-01   -7.141556375e-01   -8.522074254e-01    3.010519839e-01    9.981409983e-01    1.827923019e-01
    2.406818754e-01   -8.841444697e-01   -6.662769737e-01    5.634228865e-01    9.374883276e-01   -1.121499887e-01   -9.914732669e-01   -3.651093019e-01    8.157228838e-01    7.577687290e-01   -4.509604862e-01   -9.748447601e-01   -1.829444407e-02    9.660384778e-01    4.833103493e-01   -7.333903953e-01   -8.363379008e-01    3.308076464e-01    9.955767103e-01    1.484268932e-01
    2.389903060e-01   -8.857672673e-01   -6.623698864e-01    5.691673037e-01    9.344208225e-01   -1.225322672e-01   -9.929888706e-01   -3.520971608e-01    8.246932542e-01    7.462845471e-01   -4.679837097e-01   -9.699716870e-01    4.356049249e-03    9.720537941e-01    4.602668181e-01   -7.520551787e-01   -8.197346126e-01    3.602379270e-01    9.919213574e-01    1.138812503e-01
    2.372980109e-01   -8.873793081e-01   -6.584447003e-01    5.748840727e-01    9.312823942e-01   -1.329011533e-01   -9.943567528e-01   -3.390166058e-01    8.334608204e-01    7.345737955e-01   -4.848350194e-01   -9.646745669e-01    2.700430761e-02    9.774907039e-01    4.369088918e-01   -7.701354820e-01   -8.024121277e-01    3.893138783e-01    9.871789456e-01    7.919732205e-02
    2.356049954e-01   -8.889805723e-01   -6.545015226e-01    5.805729159e-01    9.280732809e-01   -1.432555138e-01   -9.955767103e-01   -3.258701787e-01    8.420234264e-01    7.226400296e-01   -5.015082247e-01   -9.589557156e-01    4.963871087e-02    9.823459720e-01    4.132525255e-01   -7.876172533e-01   -7.843856442e-01    4.180069012e-01    9.813546722e-01    4.441722482e-02
    2.339112646e-01   -8.905710406e-01   -6.505404611e-01    5.862335568e-01    9.247937263e-01   -1.535942169e-01   -9.966485613e-01   -3.126604337e-01    8.503789665e-01    7.104868725e-01   -5.179972009e-01   -9.528176331e-01    7.224764601e-02    9.866167096e-01    3.893138783e-01   -8.044869064e-01   -7.656709775e-01    4.462887732e-01    9.744549201e-01    9.583191966e-03
    2.322168236e-01   -8.921506937e-01   -6.465616240e-01    5.918657206e-01    9.214439792e-01   -1.639161327e-01   -9.975721466e-01   -2.993899376e-01    8.585253859e-01    6.981180138e-01   -5.342958907e-01   -9.462630029e-01    9.481951307e-02    9.903003752e-01    3.651093019e-01   -8.207313305e-01   -7.462845471e-01    4.741316765e-01    9.664872508e-01   -2.526247772e-02
    2.305216776e-01   -8.937195124e-01   -6.425651201e-01    5.974691335e-01    9.180242940e-01   -1.742201330e-01   -9.983473286e-01   -2.860612690e-01    8.664606814e-01    6.855372086e-01   -5.503983067e-01   -9.392946905e-01    1.173427311e-01    9.933947770e-01    3.406553298e-01   -8.363379008e-01   -7.262433616e-01    5.015082247e-01    9.574603962e-01   -6.007747129e-02
    2.288258317e-01   -8.952774775e-01   -6.385510584e-01    6.030435235e-01    9.145349300e-01   -1.845050916e-01   -9.989739921e-01   -2.726770175e-01    8.741829015e-01    6.727482764e-01   -5.662985337e-01   -9.319157424e-01    1.398057441e-01    9.958980737e-01    3.159686658e-01   -8.512944882e-01   -7.055650044e-01    5.283914904e-01    9.473842488e-01   -9.481951307e-02
    2.271292911e-01   -8.968245703e-01   -6.345195488e-01    6.085886197e-01    9.109761523e-01   -1.947698844e-01   -9.994520438e-01   -2.592397839e-01    8.816901471e-01    6.597551000e-01   -5.819907308e-01   -9.241293842e-01    1.621970271e-01    9.978087758e-01    2.910661727e-01   -8.655894689e-01   -6.842676175e-01    5.547550311e-01    9.362698514e-01   -1.294464160e-01
    2.254320609e-01   -8.983607719e-01   -6.304707013e-01    6.141041528e-01    9.073482308e-01   -2.050133896e-01   -9.997814127e-01   -2.457521790e-01    8.889805723e-01    6.465616240e-01   -5.974691335e-01   -9.159390202e-01    1.845050916e-01    9.991257463e-01    2.659648605e-01   -8.792117330e-01   -6.623698864e-01    5.805729159e-01    9.241293842e-01   -1.639161327e-01
    2.237341463e-01   -8.998860636e-01   -6.264046266e-01    6.195898548e-01    9.036514411e-01   -2.152344874e-01   -9.999620497e-01   -2.322168236e-01    8.960523841e-01    6.331718539e-01   -6.127280557e-01   -9.073482308e-01    2.067184921e-01    9.998482016e-01    2.406818754e-01   -8.921506937e-01   -6.398910231e-01    6.058197502e-01    9.109761523e-01   -1.981868068e-01
    2.220355524e-01   -9.014004269e-01   -6.223214359e-01    6.250454593e-01    8.998860636e-01   -2.254320609e-01   -9.999939279e-01   -2.186363475e-01    9.029038435e-01    6.195898548e-01   -6.277618922e-01   -8.983607719e-01    2.288258317e-01    9.999757117e-01    2.152344874e-01   -9.043962951e-01   -6.168507494e-01    6.304707013e-01    8.968245703e-01   -2.322168236e-01
    2.203362844e-01   -9.029038435e-01   -6.182212406e-01    6.304707013e-01    8.960523841e-01   -2.356049954e-01   -9.998770427e-01   -2.050133896e-01    9.095332656e-01    6.058197502e-01   -6.425651201e-01   -8.889805723e-01    2.508157676e-01    9.995082009e-01    1.896400789e-01   -9.159390202e-01   -5.932692798e-01    6.545015226e-01    8.816901471e-01   -2.659648605e-01
    2.186363475e-01   -9.043962951e-01   -6.141041528e-01    6.358653172e-01    8.921506937e-01   -2.457521790e-01   -9.996114113e-01   -1.913505968e-01    9.159390202e-01    5.918657206e-01   -6.571323015e-01   -8.792117330e-01    2.726770175e-01    9.984459473e-01    1.639161327e-01   -9.267698982e-01   -5.691673037e-01    6.778885774e-01    8.655894689e-01   -2.993899376e-01
    2.169357468e-01   -9.058777635e-01   -6.099702850e-01    6.412290450e-01    8.881812885e-01   -2.558725028e-01   -9.991970734e-01   -1.776506238e-01    9.221195319e-01    5.777320024e-01   -6.714580852e-01   -8.690585246e-01    2.943983651e-01    9.967895830e-01    1.380802200e-01   -9.368805117e-01   -5.445659669e-01    7.006088623e-01    8.485401804e-01   -3.324514669e-01
    2.152344874e-01   -9.073482308e-01   -6.058197502e-01    6.465616240e-01    8.841444697e-01   -2.659648605e-01   -9.986340905e-01   -1.639161327e-01    9.280732809e-01    5.634228865e-01   -6.855372086e-01   -8.585253859e-01    3.159686658e-01    9.945400936e-01    1.121499887e-01   -9.462630029e-01   -5.194868535e-01    7.226400296e-01    8.305609663e-01   -3.651093019e-01
    2.135325746e-01   -9.088076792e-01   -6.016526617e-01    6.518627954e-01    8.800405437e-01   -2.760281492e-01   -9.979225465e-01   -1.501497920e-01    9.337988031e-01    5.489427172e-01   -6.993644997e-01   -8.476169217e-01    3.373768526e-01    9.916988175e-01    8.614315096e-02   -9.549100799e-01   -4.939519668e-01    7.439604095e-01    8.116715301e-01   -3.973237864e-01
    2.118300135e-01   -9.102560907e-01   -5.974691335e-01    6.571323015e-01    8.758698221e-01   -2.860612690e-01   -9.970625471e-01   -1.363542767e-01    9.392946905e-01    5.342958907e-01   -7.129348791e-01   -8.363379008e-01    3.586119414e-01    9.882674456e-01    6.007747129e-02   -9.628150225e-01   -4.679837097e-01    7.645490314e-01    7.918925730e-01   -4.290558025e-01
    2.101268093e-01   -9.116934480e-01   -5.932692798e-01    6.623698864e-01    8.716326214e-01   -2.960631232e-01   -9.960542203e-01   -1.225322672e-01    9.445595916e-01    5.194868535e-01   -7.262433616e-01   -8.246932542e-01    3.796630373e-01    9.842480195e-01    3.397075442e-02   -9.699716870e-01   -4.416048658e-01    7.843856442e-01    7.712457711e-01   -4.602668181e-01
    2.084229671e-01   -9.131197336e-01   -5.890532155e-01    6.675752957e-01    8.673292633e-01   -3.060326187e-01   -9.948977161e-01   -1.086864492e-01    9.495922116e-01    5.045201018e-01   -7.392850585e-01   -8.126880726e-01    4.005193396e-01    9.796429309e-01    7.840833102e-03   -9.763745115e-01   -4.148385785e-01    8.034507367e-01    7.497537514e-01   -4.909189338e-01
    2.067184921e-01   -9.145349300e-01   -5.848210556e-01    6.727482764e-01    8.629600742e-01   -3.159686658e-01   -9.935932065e-01   -9.481951307e-02    9.543913130e-01    4.894001793e-01   -7.520551787e-01   -8.003276044e-01    4.211701475e-01    9.744549201e-01   -1.829444407e-02   -9.820185199e-01   -3.877083313e-01    8.217255566e-01    7.274400673e-01   -5.209749289e-01
    2.050133896e-01   -9.159390202e-01   -5.805729159e-01    6.778885774e-01    8.585253859e-01   -3.258701787e-01   -9.921408857e-01   -8.093415313e-02    9.589557156e-01    4.741316765e-01   -7.645490314e-01   -7.876172533e-01    4.416048658e-01    9.686870741e-01   -4.441722482e-02   -9.868993257e-01   -3.602379270e-01    8.391921288e-01    7.043291727e-01   -5.503983067e-01
    2.033076646e-01   -9.173319871e-01   -5.763089124e-01    6.829959490e-01    8.540255350e-01   -3.357360750e-01   -9.905409696e-01   -6.703306738e-02    9.632842969e-01    4.587192288e-01   -7.767620267e-01   -7.745625759e-01    4.618130099e-01    9.623428249e-01   -7.050966545e-02   -9.910131358e-01   -3.324514669e-01    8.558332731e-01    6.804463949e-01   -5.791533383e-01
    2.016013223e-01   -9.187138137e-01   -5.720291616e-01    6.880701429e-01    8.494608629e-01   -3.455652765e-01   -9.887936963e-01   -5.311895685e-02    9.673759924e-01    4.431675153e-01   -7.886896782e-01   -7.611692794e-01    4.817842118e-01    9.554259477e-01   -9.655394293e-02   -9.943567528e-01   -3.043733295e-01    8.716326214e-01    6.558179076e-01   -6.072051067e-01
    1.998943680e-01   -9.200844833e-01   -5.677337805e-01    6.931109128e-01    8.448317163e-01   -3.553567089e-01   -9.868993257e-01   -3.919452511e-02    9.712297961e-01    4.274812576e-01   -8.003276044e-01   -7.474432189e-01    5.015082247e-01    9.479405582e-01   -1.225322672e-01   -9.969275784e-01   -2.760281492e-01    8.865746335e-01    6.304707013e-01   -6.345195488e-01
    1.981868068e-01   -9.214439792e-01   -5.634228865e-01    6.981180138e-01    8.401384463e-01   -3.651093019e-01   -9.848581396e-01   -2.526247772e-02    9.748447601e-01    4.116652179e-01   -8.116715301e-01   -7.333903953e-01    5.209749289e-01    9.398911105e-01   -1.484268932e-01   -9.987236144e-01   -2.474407948e-01    9.006446125e-01    6.044325544e-01   -6.610634967e-01
    1.964786439e-01   -9.227922850e-01   -5.590965973e-01    7.030912026e-01    8.353814093e-01   -3.748219898e-01   -9.826704418e-01   -1.132552173e-02    9.782199955e-01    3.957241979e-01   -8.227172879e-01   -7.190169520e-01    5.401743367e-01    9.312823942e-01   -1.742201330e-01   -9.997434651e-01   -2.186363475e-01    9.138287190e-01    5.777320024e-01   -6.868047183e-01
    1.947698844e-01   -9.241293842e-01   -5.547550311e-01    7.080302376e-01    8.305609663e-01   -3.844937108e-01   -9.803365575e-01    2.613634839e-03    9.813546722e-01    3.796630373e-01   -8.334608204e-01   -7.043291727e-01    5.590965973e-01    9.221195319e-01   -1.998943680e-01   -9.999863378e-01   -1.896400789e-01    9.261139853e-01    5.503983067e-01   -7.117119562e-01
    1.930605337e-01   -9.254552607e-01   -5.503983067e-01    7.129348791e-01    8.256774831e-01   -3.941234080e-01   -9.778568341e-01    1.655228357e-02    9.842480195e-01    3.634866122e-01   -8.438981808e-01   -6.893334785e-01    5.777320024e-01    9.124079759e-01   -2.254320609e-01   -9.994520438e-01   -1.604774290e-01    9.374883276e-01    5.224614227e-01   -7.357549655e-01
    1.913505968e-01   -9.267698982e-01   -5.460265429e-01    7.178048886e-01    8.207313305e-01   -4.037100289e-01   -9.752316404e-01    3.048771614e-02    9.868993257e-01    3.471998337e-01   -8.540255350e-01   -6.740364252e-01    5.960709906e-01    9.021535047e-01   -2.508157676e-01   -9.981409983e-01   -1.311739838e-01    9.479405582e-01    4.939519668e-01   -7.589045510e-01
    1.896400789e-01   -9.280732809e-01   -5.416398594e-01    7.226400296e-01    8.157228838e-01   -4.132525255e-01   -9.724613669e-01    4.441722482e-02    9.893079390e-01    3.308076464e-01   -8.638391626e-01   -6.584447003e-01    6.141041528e-01    8.913622203e-01   -2.760281492e-01   -9.960542203e-01   -1.017554526e-01    9.574603962e-01    4.649011828e-01   -7.811326022e-01
    1.879289853e-01   -9.293653930e-01   -5.372383758e-01    7.274400673e-01    8.106525232e-01   -4.227498551e-01   -9.695464258e-01    5.833810308e-02    9.914732669e-01    3.143150269e-01   -8.733354587e-01   -6.425651201e-01    6.318222367e-01    8.800405437e-01   -3.010519839e-01   -9.931933315e-01   -7.224764601e-02    9.660384778e-01    4.353409078e-01   -8.024121277e-01
    1.862173211e-01   -9.306462186e-01   -5.328222126e-01    7.322047685e-01    8.055206336e-01   -4.322009795e-01   -9.664872508e-01    7.224764601e-02    9.933947770e-01    2.977269824e-01   -8.825109348e-01   -6.264046266e-01    6.492161518e-01    8.681952119e-01   -3.258701787e-01   -9.895605553e-01   -4.267645272e-02    9.736663659e-01    4.053035374e-01   -8.227172879e-01
    1.845050916e-01   -9.319157424e-01   -5.283914904e-01    7.369339017e-01    8.003276044e-01   -4.416048658e-01   -9.632842969e-01    8.614315096e-02    9.950719968e-01    2.810485488e-01   -8.913622203e-01   -6.099702850e-01    6.662769737e-01    8.558332731e-01   -3.504657808e-01   -9.851587151e-01   -1.306781712e-02    9.803365575e-01    3.748219898e-01   -8.420234264e-01
    1.827923019e-01   -9.331739487e-01   -5.239463302e-01    7.416272372e-01    7.950738299e-01   -4.509604862e-01   -9.599380405e-01    1.000219180e-01    9.965045138e-01    2.642847899e-01   -8.998860636e-01   -5.932692798e-01    6.829959490e-01    8.429620832e-01   -3.748219898e-01   -9.799912319e-01    1.655228357e-02    9.860424919e-01    3.439296701e-01   -8.603070997e-01
    1.810789572e-01   -9.344208225e-01   -5.194868535e-01    7.462845471e-01    7.897597087e-01   -4.602668181e-01   -9.564489796e-01    1.138812503e-01    9.976919757e-01    2.474407948e-01   -9.080793335e-01   -5.763089124e-01    6.993644997e-01    8.295893010e-01   -3.989221686e-01   -9.740621216e-01    4.615786207e-02    9.907785567e-01    3.126604337e-01   -8.775461061e-01
    1.793650628e-01   -9.356563485e-01   -5.150131822e-01    7.509056050e-01    7.843856442e-01   -4.695228443e-01   -9.528176331e-01    1.277184552e-01    9.986340905e-01    2.305216776e-01   -9.159390202e-01   -5.590965973e-01    7.153742276e-01    8.157228838e-01   -4.227498551e-01   -9.673759924e-01    7.572294383e-02    9.945400936e-01    2.810485488e-01   -8.937195124e-01
    1.776506238e-01   -9.368805117e-01   -5.105254385e-01    7.554901865e-01    7.789520443e-01   -4.787275533e-01   -9.490445413e-01    1.415308438e-01    9.993306266e-01    2.135325746e-01   -9.234622365e-01   -5.416398594e-01    7.310169187e-01    8.013710826e-01   -4.462887732e-01   -9.599380405e-01    1.052215898e-01    9.973234027e-01    2.491286594e-01   -9.088076792e-01
    1.759356455e-01   -9.380932973e-01   -5.060237450e-01    7.600380689e-01    7.734593214e-01   -4.878799390e-01   -9.451302654e-01    1.553157325e-01    9.997814127e-01    1.964786439e-01   -9.306462186e-01   -5.239463302e-01    7.462845471e-01    7.865424372e-01   -4.695228443e-01   -9.517540465e-01    1.346279194e-01    9.991257463e-01    2.169357468e-01   -9.227922850e-01
    1.742201330e-01   -9.392946905e-01   -5.015082247e-01    7.645490314e-01    7.679078925e-01   -4.969790011e-01   -9.410753878e-01    1.690704427e-01    9.999863378e-01    1.793650628e-01   -9.374883276e-01   -5.060237450e-01    7.611692794e-01    7.712457711e-01   -4.924361978e-01   -9.428303708e-01    1.639161327e-01    9.999453517e-01    1.845050916e-01   -9.356563485e-01
    1.725040915e-01   -9.404846768e-01   -4.969790011e-01    7.690228546e-01    7.622981789e-01   -5.060237450e-01   -9.368805117e-01    1.827923019e-01    9.999453517e-01    1.621970271e-01   -9.439860501e-01   -4.878799390e-01    7.756634788e-01    7.554901865e-01   -5.150131822e-01   -9.331739487e-01    1.930605337e-01    9.997814127e-01    1.518722350e-01   -9.473842488e-01
    1.707875264e-01   -9.416632417e-01   -4.924361978e-01    7.734593214e-01    7.566306063e-01   -5.150131822e-01   -9.325462612e-01    1.964786439e-01    9.996584643e-01    1.449797488e-01   -9.501369990e-01   -4.695228443e-01    7.897597087e-01    7.392850585e-01   -5.372383758e-01   -9.227922850e-01    2.220355524e-01    9.986340905e-01    1.190729397e-01   -9.579617449e-01
    1.690704427e-01   -9.428303708e-01   -4.878799390e-01    7.778582163e-01    7.509056050e-01   -5.239463302e-01   -9.280732809e-01    2.101268093e-01    9.991257463e-01    1.277184552e-01   -9.559389148e-01   -4.509604862e-01    8.034507367e-01    7.226400296e-01   -5.590965973e-01   -9.116934480e-01    2.508157676e-01    9.965045138e-01    8.614315096e-02   -9.673759924e-01
    1.673528457e-01   -9.439860501e-01   -4.833103493e-01    7.822193255e-01    7.451236094e-01   -5.328222126e-01   -9.234622365e-01    2.237341463e-01    9.983473286e-01    1.104183866e-01   -9.613896662e-01   -4.322009795e-01    8.167295385e-01    7.055650044e-01   -5.805729159e-01   -8.998860636e-01    2.793759288e-01    9.933947770e-01    5.311895685e-02   -9.756155598e-01
    1.656347406e-01   -9.451302654e-01   -4.787275533e-01    7.865424372e-01    7.392850585e-01   -5.416398594e-01   -9.187138137e-01    2.372980109e-01    9.973234027e-01    9.308479533e-02   -9.664872508e-01   -4.132525255e-01    8.295893010e-01    6.880701429e-01   -6.016526617e-01   -8.873793081e-01    3.076909787e-01    9.893079390e-01    2.003654902e-02   -9.826704418e-01
    1.639161327e-01   -9.462630029e-01   -4.741316765e-01    7.908273413e-01    7.333903953e-01   -5.503983067e-01   -9.138287190e-01    2.508157676e-01    9.960542203e-01    7.572294383e-02   -9.712297961e-01   -3.941234080e-01    8.420234264e-01    6.701658554e-01   -6.223214359e-01   -8.741829015e-01    3.357360750e-01    9.842480195e-01   -1.306781712e-02   -9.885320716e-01
    1.621970271e-01   -9.473842488e-01   -4.695228443e-01    7.950738299e-01    7.274400673e-01   -5.590965973e-01   -9.088076792e-01    2.642847899e-01    9.945400936e-01    5.833810308e-02   -9.756155598e-01   -3.748219898e-01    8.540255350e-01    6.518627954e-01   -6.425651201e-01   -8.603070997e-01    3.634866122e-01    9.782199955e-01   -4.615786207e-02   -9.931933315e-01
    1.604774290e-01   -9.484939896e-01   -4.649011828e-01    7.992816965e-01    7.214345262e-01   -5.677337805e-01   -9.036514411e-01    2.777024606e-01    9.927813949e-01    4.093555106e-02   -9.796429309e-01   -3.553567089e-01    8.655894689e-01    6.331718539e-01   -6.623698864e-01   -8.457626868e-01    3.909182433e-01    9.712297961e-01   -7.919732205e-02   -9.966485613e-01
    1.587573437e-01   -9.495922116e-01   -4.602668181e-01    8.034507367e-01    7.153742276e-01   -5.763089124e-01   -8.983607719e-01    2.910661727e-01    9.907785567e-01    2.352057113e-02   -9.833104299e-01   -3.357360750e-01    8.767092950e-01    6.141041528e-01   -6.817222068e-01   -8.305609663e-01    4.180069012e-01    9.632842969e-01   -1.121499887e-01   -9.988935655e-01
    1.570367765e-01   -9.506789017e-01   -4.556198769e-01    8.075807481e-01    7.092596317e-01   -5.848210556e-01   -8.929364585e-01    3.043733295e-01    9.885320716e-01    6.098450433e-03   -9.866167096e-01   -3.159686658e-01    8.873793081e-01    5.946710379e-01   -7.006088623e-01   -8.147137526e-01    4.447288194e-01    9.543913130e-01   -1.449797488e-01   -9.999256178e-01
    1.553157325e-01   -9.517540465e-01   -4.509604862e-01    8.116715301e-01    7.030912026e-01   -5.932692798e-01   -8.873793081e-01    3.176213455e-01    9.860424919e-01   -1.132552173e-02   -9.895605553e-01   -2.960631232e-01    8.975940336e-01    5.748840727e-01   -7.190169520e-01   -7.982333618e-01    4.710605534e-01    9.445595916e-01   -1.776506238e-01   -9.997434651e-01
    1.535942169e-01   -9.528176331e-01   -4.462887732e-01    8.157228838e-01    6.968694083e-01   -6.016526617e-01   -8.816901471e-01    3.308076464e-01    9.833104299e-01   -2.874605551e-02   -9.921408857e-01   -2.760281492e-01    9.073482308e-01    5.547550311e-01   -7.369339017e-01   -7.811326022e-01    4.969790011e-01    9.337988031e-01   -2.101268093e-01   -9.983473286e-01
    1.518722350e-01   -9.538696485e-01   -4.416048658e-01    8.197346126e-01    6.905947212e-01   -6.099702850e-01   -8.758698221e-01    3.439296701e-01    9.803365575e-01   -4.615786207e-02   -9.943567528e-01   -2.558725028e-01    9.166368951e-01    5.342958907e-01   -7.543474730e-01   -7.634247640e-01    5.224614227e-01    9.221195319e-01   -2.423727142e-01   -9.957389035e-01
    1.501497920e-01   -9.549100799e-01   -4.369088918e-01    8.237065215e-01    6.842676175e-01   -6.182212406e-01   -8.699191989e-01    3.569848670e-01    9.771216060e-01   -6.355565525e-02   -9.962073428e-01   -2.356049954e-01    9.254552607e-01    5.135188252e-01   -7.712457711e-01   -7.451236094e-01    5.474854612e-01    9.095332656e-01   -2.743529999e-01   -9.919213574e-01
    1.484268932e-01   -9.559389148e-01   -4.322009795e-01    8.276384176e-01    6.778885774e-01   -6.264046266e-01   -8.638391626e-01    3.699707005e-01    9.736663659e-01   -8.093415313e-02   -9.976919757e-01   -2.152344874e-01    9.337988031e-01    4.924361978e-01   -7.876172533e-01   -7.262433616e-01    5.720291616e-01    8.960523841e-01   -3.060326187e-01   -9.868993257e-01
    1.467035437e-01   -9.569561405e-01   -4.274812576e-01    8.315301098e-01    6.714580852e-01   -6.345195488e-01   -8.576306179e-01    3.828846472e-01    9.699716870e-01   -9.828807966e-02   -9.988101062e-01   -1.947698844e-01    9.416632417e-01    4.710605534e-01   -8.034507367e-01   -7.067986939e-01    5.960709906e-01    8.816901471e-01   -3.373768526e-01   -9.806789068e-01
    1.449797488e-01   -9.579617449e-01   -4.227498551e-01    8.353814093e-01    6.649766288e-01   -6.425651201e-01   -8.512944882e-01    3.957241979e-01    9.660384778e-01   -1.156121662e-01   -9.995613235e-01   -1.742201330e-01    9.490445413e-01    4.494046114e-01   -8.187354059e-01   -6.868047183e-01    6.195898548e-01    8.664606814e-01   -3.683513510e-01   -9.732676540e-01
    1.432555138e-01   -9.589557156e-01   -4.180069012e-01    8.391921288e-01    6.584447003e-01   -6.505404611e-01   -8.448317163e-01    4.084868580e-01    9.618677057e-01   -1.329011533e-01   -9.999453517e-01   -1.535942169e-01    9.559389148e-01    4.274812576e-01   -8.334608204e-01   -6.662769737e-01    6.425651201e-01    8.503789665e-01   -3.989221686e-01   -9.646745669e-01
    1.415308438e-01   -9.599380405e-01   -4.132525255e-01    8.429620832e-01    6.518627954e-01   -6.584447003e-01   -8.382432634e-01    4.211701475e-01    9.574603962e-01   -1.501497920e-01   -9.999620497e-01   -1.329011533e-01    9.623428249e-01    4.053035374e-01   -8.476169217e-01   -6.452314136e-01    6.649766288e-01    8.334608204e-01   -4.290558025e-01   -9.549100799e-01
    1.398057441e-01   -9.609087078e-01   -4.084868580e-01    8.466910895e-01    6.452314136e-01   -6.662769737e-01   -8.315301098e-01    4.337716021e-01    9.528176331e-01   -1.673528457e-01   -9.996114113e-01   -1.121499887e-01    9.682529861e-01    3.828846472e-01   -8.611940401e-01   -6.236843944e-01    6.868047183e-01    8.157228838e-01   -4.587192288e-01   -9.439860501e-01
    1.380802200e-01   -9.618677057e-01   -4.037100289e-01    8.503789665e-01    6.385510584e-01   -6.740364252e-01   -8.246932542e-01    4.462887732e-01    9.479405582e-01   -1.845050916e-01   -9.988935655e-01   -9.134979498e-02    9.736663659e-01    3.602379270e-01   -8.741829015e-01   -6.016526617e-01    7.080302376e-01    7.971826037e-01   -4.878799390e-01   -9.319157424e-01
    1.363542767e-01   -9.628150225e-01   -3.989221686e-01    8.540255350e-01    6.318222367e-01   -6.817222068e-01   -8.177337135e-01    4.587192288e-01    9.428303708e-01   -2.016013223e-01   -9.978087758e-01   -7.050966545e-02    9.785801869e-01    3.373768526e-01   -8.865746335e-01   -5.791533383e-01    7.286345645e-01    7.778582163e-01   -5.165059756e-01   -9.187138137e-01
    1.346279194e-01   -9.637506467e-01   -3.941234080e-01    8.576306179e-01    6.250454593e-01   -6.893334785e-01   -8.106525232e-01    4.710605534e-01    9.374883276e-01   -2.186363475e-01   -9.963574408e-01   -4.963871087e-02    9.829919280e-01    3.143150269e-01   -8.983607719e-01   -5.562039100e-01    7.485996216e-01    7.577687290e-01   -5.445659669e-01   -9.043962951e-01
    1.329011533e-01   -9.646745669e-01   -3.893138783e-01    8.611940401e-01    6.182212406e-01   -6.968694083e-01   -8.034507367e-01    4.833103493e-01    9.319157424e-01   -2.356049954e-01   -9.945400936e-01   -2.874605551e-02    9.868993257e-01    2.910661727e-01   -9.095332656e-01   -5.328222126e-01    7.679078925e-01    7.369339017e-01   -5.720291616e-01   -8.889805723e-01
    1.311739838e-01   -9.655867720e-01   -3.844937108e-01    8.647156284e-01    6.113500984e-01   -7.043291727e-01   -7.961294253e-01    4.954662360e-01    9.261139853e-01   -2.525021143e-01   -9.923574018e-01   -7.840833102e-03    9.903003752e-01    2.676441238e-01   -9.200844833e-01   -5.090264179e-01    7.865424372e-01    7.153742276e-01   -5.988654625e-01   -8.724853645e-01
    1.294464160e-01   -9.664872508e-01   -3.796630373e-01    8.681952119e-01    6.044325544e-01   -7.117119562e-01   -7.886896782e-01    5.075258519e-01    9.200844833e-01   -2.693225744e-01   -9.898101673e-01    1.306781712e-02    9.931933315e-01    2.440628171e-01   -9.300072176e-01   -4.848350194e-01    8.044869064e-01    6.931109128e-01   -6.250454593e-01   -8.549307019e-01
    1.277184552e-01   -9.673759924e-01   -3.748219898e-01    8.716326214e-01    5.974691335e-01   -7.190169520e-01   -7.811326022e-01    5.194868535e-01    9.138287190e-01   -2.860612690e-01   -9.868993257e-01    3.397075442e-02    9.955767103e-01    2.203362844e-01   -9.392946905e-01   -4.602668181e-01    8.217255566e-01    6.701658554e-01   -6.505404611e-01   -8.363379008e-01
    1.259901066e-01   -9.682529861e-01   -3.699707005e-01    8.750276901e-01    5.904603644e-01   -7.262433616e-01   -7.734593214e-01    5.313469169e-01    9.073482308e-01   -3.027131163e-01   -9.836259464e-01    5.485884057e-02    9.974492888e-01    1.964786439e-01   -9.479405582e-01   -4.353409078e-01    8.382432634e-01    6.465616240e-01   -6.753225276e-01   -8.167295385e-01
    1.242613755e-01   -9.691182211e-01   -3.651093019e-01    8.783802530e-01    5.834067789e-01   -7.333903953e-01   -7.656709775e-01    5.431037376e-01    9.006446125e-01   -3.192730608e-01   -9.799912319e-01    7.572294383e-02    9.988101062e-01    1.725040915e-01   -9.559389148e-01   -4.100766605e-01    8.540255350e-01    6.223214359e-01   -6.993644997e-01   -7.961294253e-01
    1.225322672e-01   -9.699716870e-01   -3.602379270e-01    8.816901471e-01    5.763089124e-01   -7.404572719e-01   -7.577687290e-01    5.547550311e-01    8.937195124e-01   -3.357360750e-01   -9.759965172e-01    9.655394293e-02    9.996584643e-01    1.484268932e-01   -9.632842969e-01   -3.844937108e-01    8.690585246e-01    5.974691335e-01   -7.226400296e-01   -7.745625759e-01
    1.208027868e-01   -9.708133734e-01   -3.553567089e-01    8.849572119e-01    5.691673037e-01   -7.474432189e-01   -7.497537514e-01    5.662985337e-01    8.865746335e-01   -3.520971608e-01   -9.716432700e-01    1.173427311e-01    9.999939279e-01    1.242613755e-01   -9.699716870e-01   -3.586119414e-01    8.833290432e-01    5.720291616e-01   -7.451236094e-01   -7.520551787e-01
    1.190729397e-01   -9.716432700e-01   -3.504657808e-01    8.881812885e-01    5.619824948e-01   -7.543474730e-01   -7.416272372e-01    5.777320024e-01    8.792117330e-01   -3.683513510e-01   -9.669330894e-01    1.380802200e-01    9.998163249e-01    1.000219180e-01   -9.759965172e-01   -3.324514669e-01    8.968245703e-01    5.460265429e-01   -7.667905990e-01   -7.286345645e-01
    1.173427311e-01   -9.724613669e-01   -3.455652765e-01    8.913622203e-01    5.547550311e-01   -7.611692794e-01   -7.333903953e-01    5.890532155e-01    8.716326214e-01   -3.844937108e-01   -9.618677057e-01    1.587573437e-01    9.991257463e-01    7.572294383e-02   -9.813546722e-01   -3.060326187e-01    9.095332656e-01    5.194868535e-01   -7.876172533e-01   -7.043291727e-01
    1.156121662e-01   -9.732676540e-01   -3.406553298e-01    8.944998528e-01    5.474854612e-01   -7.679078925e-01   -7.250444510e-01    6.002599733e-01    8.638391626e-01   -4.005193396e-01   -9.564489796e-01    1.793650628e-01    9.979225465e-01    5.137891185e-02   -9.860424919e-01   -2.793759288e-01    9.214439792e-01    4.924361978e-01   -8.075807481e-01   -6.791685172e-01
    1.138812503e-01   -9.740621216e-01   -3.357360750e-01    8.975940336e-01    5.401743367e-01   -7.745625759e-01   -7.165906459e-01    6.113500984e-01    8.558332731e-01   -4.164233720e-01   -9.506789017e-01    1.998943680e-01    9.962073428e-01    2.700430761e-02   -9.900567742e-01   -2.525021143e-01    9.325462612e-01    4.649011828e-01   -8.266592052e-01   -6.531831505e-01
    1.121499887e-01   -9.748447601e-01   -3.308076464e-01    9.006446125e-01    5.328222126e-01   -7.811326022e-01   -7.080302376e-01    6.223214359e-01    8.476169217e-01   -4.322009795e-01   -9.445595916e-01    2.203362844e-01    9.939810152e-01    2.613634839e-03   -9.933947770e-01   -2.254320609e-01    9.428303708e-01    4.369088918e-01   -8.448317163e-01   -6.264046266e-01
    1.104183866e-01   -9.756155598e-01   -3.258701787e-01    9.036514411e-01    5.254296470e-01   -7.876172533e-01   -6.993644997e-01    6.331718539e-01    8.391921288e-01   -4.478473721e-01   -9.380932973e-01    2.406818754e-01    9.912447060e-01   -2.177859313e-02   -9.960542203e-01   -1.981868068e-01    9.522872854e-01    4.084868580e-01   -8.620783658e-01   -5.988654625e-01
    1.086864492e-01   -9.763745115e-01   -3.209238068e-01    9.066143735e-01    5.179972009e-01   -7.940158205e-01   -6.905947212e-01    6.438992443e-01    8.305609663e-01   -4.633577997e-01   -9.312823942e-01    2.609222464e-01    9.879998192e-01   -4.615786207e-02   -9.980332874e-01   -1.707875264e-01    9.609087078e-01    3.796630373e-01   -8.783802530e-01   -5.705990989e-01
    1.069541819e-01   -9.771216060e-01   -3.159686658e-01    9.095332656e-01    5.105254385e-01   -8.003276044e-01   -6.817222068e-01    6.545015226e-01    8.217255566e-01   -4.787275533e-01   -9.241293842e-01    2.810485488e-01    9.842480195e-01   -7.050966545e-02   -9.993306266e-01   -1.432555138e-01    9.686870741e-01    3.504657808e-01   -8.937195124e-01   -5.416398594e-01
    1.052215898e-01   -9.778568341e-01   -3.110048912e-01    9.124079759e-01    5.030149268e-01   -8.065519152e-01   -6.727482764e-01    6.649766288e-01    8.126880726e-01   -4.939519668e-01   -9.166368951e-01    3.010519839e-01    9.799912319e-01   -9.481951307e-02   -9.999453517e-01   -1.156121662e-01    9.756155598e-01    3.209238068e-01   -9.080793335e-01   -5.120229091e-01
    1.034886783e-01   -9.785801869e-01   -3.060326187e-01    9.152383645e-01    4.954662360e-01   -8.126880726e-01   -6.636742651e-01    6.753225276e-01    8.034507367e-01   -5.090264179e-01   -9.088076792e-01    3.209238068e-01    9.752316404e-01   -1.190729397e-01   -9.998770427e-01   -8.787896753e-02    9.816880863e-01    2.910661727e-01   -9.214439792e-01   -4.817842118e-01
    1.017554526e-01   -9.792916557e-01   -3.010519839e-01    9.180242940e-01    4.878799390e-01   -8.187354059e-01   -6.545015226e-01    6.855372086e-01    7.940158205e-01   -5.239463302e-01   -9.006446125e-01    3.406553298e-01    9.699716870e-01   -1.432555138e-01   -9.991257463e-01   -6.007747129e-02    9.868993257e-01    2.609222464e-01   -9.337988031e-01   -4.509604862e-01
    1.000219180e-01   -9.799912319e-01   -2.960631232e-01    9.207656290e-01    4.802566116e-01   -8.246932542e-01   -6.452314136e-01    6.956186871e-01    7.843856442e-01   -5.387071740e-01   -8.921506937e-01    3.602379270e-01    9.642140705e-01   -1.673528457e-01   -9.976919757e-01   -3.222928420e-02    9.912447060e-01    2.305216776e-01   -9.451302654e-01   -4.195891613e-01
    9.828807966e-02   -9.806789068e-01   -2.910661727e-01    9.234622365e-01    4.725968324e-01   -8.305609663e-01   -6.358653172e-01    7.055650044e-01    7.745625759e-01   -5.533044680e-01   -8.833290432e-01    3.796630373e-01    9.579617449e-01   -1.913505968e-01   -9.955767103e-01   -4.356049249e-03    9.947204148e-01    1.998943680e-01   -9.554259477e-01   -3.877083313e-01
    9.655394293e-02   -9.813546722e-01   -2.860612690e-01    9.261139853e-01    4.649011828e-01   -8.363379008e-01   -6.264046266e-01    7.153742276e-01    7.645490314e-01   -5.677337805e-01   -8.741829015e-01    3.989221686e-01    9.512179181e-01   -2.152344874e-01   -9.927813949e-01    2.352057113e-02    9.973234027e-01    1.690704427e-01   -9.646745669e-01   -3.553567089e-01
    9.481951307e-02   -9.820185199e-01   -2.810485488e-01    9.287207468e-01    4.571702468e-01   -8.420234264e-01   -6.168507494e-01    7.250444510e-01    7.543474730e-01   -5.819907308e-01   -8.647156284e-01    4.180069012e-01    9.439860501e-01   -2.389903060e-01   -9.893079390e-01    5.137891185e-02    9.990513858e-01    1.380802200e-01   -9.728659873e-01   -3.225735784e-01
    9.308479533e-02   -9.826704418e-01   -2.760281492e-01    9.312823942e-01    4.494046114e-01   -8.476169217e-01   -6.072051067e-01    7.345737955e-01    7.439604095e-01   -5.960709906e-01   -8.549307019e-01    4.369088918e-01    9.362698514e-01   -2.626039168e-01   -9.851587151e-01    7.919732205e-02    9.999028481e-01    1.069541819e-01   -9.799912319e-01   -2.893987484e-01
    9.134979498e-02   -9.833104299e-01   -2.710002073e-01    9.337988031e-01    4.416048658e-01   -8.531177752e-01   -5.974691335e-01    7.439604095e-01    7.333903953e-01   -6.099702850e-01   -8.448317163e-01    4.556198769e-01    9.280732809e-01   -2.860612690e-01   -9.803365575e-01    1.069541819e-01    9.998770427e-01    7.572294383e-02   -9.860424919e-01   -2.558725028e-01
    8.961451729e-02   -9.839384766e-01   -2.659648605e-01    9.362698514e-01    4.337716021e-01   -8.585253859e-01   -5.876442782e-01    7.532024692e-01    7.226400296e-01   -6.236843944e-01   -8.344223815e-01    4.741316765e-01    9.194005442e-01   -3.093484046e-01   -9.748447601e-01    1.346279194e-01    9.989739921e-01    4.441722482e-02   -9.910131358e-01   -2.220355524e-01
    8.787896753e-02   -9.845545741e-01   -2.609222464e-01    9.386954189e-01    4.259054149e-01   -8.638391626e-01   -5.777320024e-01    7.622981789e-01    7.117119562e-01   -6.372091551e-01   -8.237065215e-01    4.924361978e-01    9.102560907e-01   -3.324514669e-01   -9.686870741e-01    1.621970271e-01    9.971944886e-01    1.306781712e-02   -9.948977161e-01   -1.879289853e-01
    8.614315096e-02   -9.851587151e-01   -2.558725028e-01    9.410753878e-01    4.180069012e-01   -8.690585246e-01   -5.677337805e-01    7.712457711e-01    7.006088623e-01   -6.505404611e-01   -8.126880726e-01    5.105254385e-01    9.006446125e-01   -3.553567089e-01   -9.618677057e-01    1.896400789e-01    9.945400936e-01   -1.829444407e-02   -9.976919757e-01   -1.535942169e-01
    8.440707286e-02   -9.857508921e-01   -2.508157676e-01    9.434096426e-01    4.100766605e-01   -8.741829015e-01   -5.576511002e-01    7.800435074e-01    6.893334785e-01   -6.636742651e-01   -8.013710826e-01    5.283914904e-01    8.905710406e-01   -3.780505010e-01   -9.543913130e-01    2.169357468e-01    9.910131358e-01   -4.963871087e-02   -9.993928523e-01   -1.190729397e-01
    8.267073849e-02   -9.863310980e-01   -2.457521790e-01    9.456980697e-01    4.021152947e-01   -8.792117330e-01   -5.474854612e-01    7.886896782e-01    6.778885774e-01   -6.766065796e-01   -7.897597087e-01    5.460265429e-01    8.800405437e-01   -4.005193396e-01   -9.462630029e-01    2.440628171e-01    9.866167096e-01   -8.093415313e-02   -9.999984820e-01   -8.440707286e-02
    8.093415313e-02   -9.868993257e-01   -2.406818754e-01    9.479405582e-01    3.941234080e-01   -8.841444697e-01   -5.372383758e-01    7.971826037e-01    6.662769737e-01   -6.893334785e-01   -7.778582163e-01    5.634228865e-01    8.690585246e-01   -4.227498551e-01   -9.374883276e-01    2.710002073e-01    9.813546722e-01   -1.121499887e-01   -9.995082009e-01   -4.963871087e-02
    7.919732205e-02   -9.874555684e-01   -2.356049954e-01    9.501369990e-01    3.861016072e-01   -8.889805723e-01   -5.269113685e-01    8.055206336e-01    6.545015226e-01   -7.018510979e-01   -7.656709775e-01    5.805729159e-01    8.576306179e-01   -4.447288194e-01   -9.280732809e-01    2.977269824e-01    9.752316404e-01   -1.432555138e-01   -9.979225465e-01   -1.481007283e-02
    7.746025053e-02   -9.879998192e-01   -2.305216776e-01    9.522872854e-01    3.780505010e-01   -8.937195124e-01   -5.165059756e-01    8.137021478e-01    6.425651201e-01   -7.141556375e-01   -7.532024692e-01    5.974691335e-01    8.457626868e-01   -4.664431543e-01   -9.180242940e-01    3.242223707e-01    9.682529861e-01   -1.742201330e-01   -9.952432564e-01    2.003654902e-02
    7.572294383e-02   -9.885320716e-01   -2.254320609e-01    9.543913130e-01    3.699707005e-01   -8.983607719e-01   -5.060237450e-01    8.217255566e-01    6.304707013e-01   -7.262433616e-01   -7.404572719e-01    6.141041528e-01    8.334608204e-01   -4.878799390e-01   -9.073482308e-01    3.504657808e-01    9.604248321e-01   -2.050133896e-01   -9.914732669e-01    5.485884057e-02
    7.398540723e-02   -9.890523190e-01   -2.203362844e-01    9.564489796e-01    3.618628189e-01   -9.029038435e-01   -4.954662360e-01    8.295893010e-01    6.182212406e-01   -7.381106006e-01   -7.274400673e-01    6.304707013e-01    8.207313305e-01   -5.090264179e-01   -8.960523841e-01    3.764368168e-01    9.517540465e-01   -2.356049954e-01   -9.866167096e-01    8.961451729e-02
    7.224764601e-02   -9.895605553e-01   -2.152344874e-01    9.584601852e-01    3.537274718e-01   -9.073482308e-01   -4.848350194e-01    8.372918531e-01    6.058197502e-01   -7.497537514e-01   -7.141556375e-01    6.465616240e-01    8.075807481e-01   -5.298700080e-01   -8.841444697e-01    4.021152947e-01    9.422482366e-01   -2.659648605e-01   -9.806789068e-01    1.242613755e-01
    7.050966545e-02   -9.900567742e-01   -2.101268093e-01    9.604248321e-01    3.455652765e-01   -9.116934480e-01   -4.741316765e-01    8.448317163e-01    5.932692798e-01   -7.611692794e-01   -7.006088623e-01    6.623698864e-01    7.940158205e-01   -5.503983067e-01   -8.716326214e-01    4.274812576e-01    9.319157424e-01   -2.960631232e-01   -9.736663659e-01    1.587573437e-01
    6.877147081e-02   -9.905409696e-01   -2.050133896e-01    9.623428249e-01    3.373768526e-01   -9.159390202e-01   -4.633577997e-01    8.522074254e-01    5.805729159e-01   -7.723537187e-01   -6.868047183e-01    6.778885774e-01    7.800435074e-01   -5.705990989e-01   -8.585253859e-01    4.525149918e-01    9.207656290e-01   -3.258701787e-01   -9.655867720e-01    1.930605337e-01
    6.703306738e-02   -9.910131358e-01   -1.998943680e-01    9.642140705e-01    3.291628215e-01   -9.200844833e-01   -4.525149918e-01    8.594175474e-01    5.677337805e-01   -7.833036739e-01   -6.727482764e-01    6.931109128e-01    7.656709775e-01   -5.904603644e-01   -8.448317163e-01    4.771970416e-01    9.088076792e-01   -3.553567089e-01   -9.564489796e-01    2.271292911e-01
    6.529446043e-02   -9.914732669e-01   -1.947698844e-01    9.660384778e-01    3.209238068e-01   -9.241293842e-01   -4.416048658e-01    8.664606814e-01    5.547550311e-01   -7.940158205e-01   -6.584447003e-01    7.080302376e-01    7.509056050e-01   -6.099702850e-01   -8.305609663e-01    5.015082247e-01    8.960523841e-01   -3.844937108e-01   -9.462630029e-01    2.609222464e-01
    6.355565525e-02   -9.919213574e-01   -1.896400789e-01    9.678159584e-01    3.126604337e-01   -9.280732809e-01   -4.306290447e-01    8.733354587e-01    5.416398594e-01   -8.044869064e-01   -6.438992443e-01    7.226400296e-01    7.357549655e-01   -6.291172518e-01   -8.157228838e-01    5.254296470e-01    8.825109348e-01   -4.132525255e-01   -9.350400049e-01    2.943983651e-01
    6.181665711e-02   -9.923574018e-01   -1.845050916e-01    9.695464258e-01    3.043733295e-01   -9.319157424e-01   -4.195891613e-01    8.800405437e-01    5.283914904e-01   -8.147137526e-01   -6.291172518e-01    7.369339017e-01    7.202268324e-01   -6.478898714e-01   -8.003276044e-01    5.489427172e-01    8.681952119e-01   -4.416048658e-01   -9.227922850e-01    3.275169973e-01
    6.007747129e-02   -9.927813949e-01   -1.793650628e-01    9.712297961e-01    2.960631232e-01   -9.356563485e-01   -4.084868580e-01    8.865746335e-01    5.150131822e-01   -8.246932542e-01   -6.141041528e-01    7.509056050e-01    7.043291727e-01   -6.662769737e-01   -7.843856442e-01    5.720291616e-01    8.531177752e-01   -4.695228443e-01   -9.095332656e-01    3.602379270e-01
    5.833810308e-02   -9.931933315e-01   -1.742201330e-01    9.728659873e-01    2.877304455e-01   -9.392946905e-01   -3.973237864e-01    8.929364585e-01    5.015082247e-01   -8.344223815e-01   -5.988654625e-01    7.645490314e-01    6.880701429e-01   -6.842676175e-01   -7.679078925e-01    5.946710379e-01    8.372918531e-01   -4.969790011e-01   -8.952774775e-01    3.925214215e-01
    5.659855774e-02   -9.935932065e-01   -1.690704427e-01    9.744549201e-01    2.793759288e-01   -9.428303708e-01   -3.861016072e-01    8.991247826e-01    4.878799390e-01   -8.438981808e-01   -5.834067789e-01    7.778582163e-01    6.714580852e-01   -7.018510979e-01   -7.509056050e-01    6.168507494e-01    8.207313305e-01   -5.239463302e-01   -8.800405437e-01    4.243282791e-01
    5.485884057e-02   -9.939810152e-01   -1.639161327e-01    9.759965172e-01    2.710002073e-01   -9.462630029e-01   -3.748219898e-01    9.051384033e-01    4.741316765e-01   -8.531177752e-01   -5.677337805e-01    7.908273413e-01    6.545015226e-01   -7.190169520e-01   -7.333903953e-01    6.385510584e-01    8.034507367e-01   -5.503983067e-01   -8.638391626e-01    4.556198769e-01
    5.311895685e-02   -9.943567528e-01   -1.587573437e-01    9.774907039e-01    2.626039168e-01   -9.495922116e-01   -3.634866122e-01    9.109761523e-01    4.602668181e-01   -8.620783658e-01   -5.518522251e-01    8.034507367e-01    6.372091551e-01   -7.357549655e-01   -7.153742276e-01    6.597551000e-01    7.854652330e-01   -5.763089124e-01   -8.466910895e-01    4.863582175e-01
    5.137891185e-02   -9.947204148e-01   -1.535942169e-01    9.789374074e-01    2.541876944e-01   -9.528176331e-01   -3.520971608e-01    9.166368951e-01    4.462887732e-01   -8.707772320e-01   -5.357679465e-01    8.157228838e-01    6.195898548e-01   -7.520551787e-01   -6.968694083e-01    6.804463949e-01    7.667905990e-01   -6.016526617e-01   -8.286151172e-01    5.165059756e-01
    4.963871087e-02   -9.950719968e-01   -1.484268932e-01    9.803365575e-01    2.457521790e-01   -9.559389148e-01   -3.406553298e-01    9.221195319e-01    4.322009795e-01   -8.792117330e-01   -5.194868535e-01    8.276384176e-01    6.016526617e-01   -7.679078925e-01   -6.778885774e-01    7.006088623e-01    7.474432189e-01   -6.264046266e-01   -8.096310552e-01    5.460265429e-01
    4.789835918e-02   -9.954114944e-01   -1.432555138e-01    9.816880863e-01    2.372980109e-01   -9.589557156e-01   -3.291628215e-01    9.274229974e-01    4.180069012e-01   -8.873793081e-01   -5.030149268e-01    8.391921288e-01    5.834067789e-01   -7.833036739e-01   -6.584447003e-01    7.202268324e-01    7.274400673e-01   -6.505404611e-01   -7.897597087e-01    5.748840727e-01
    4.615786207e-02   -9.957389035e-01   -1.380802200e-01    9.829919280e-01    2.288258317e-01   -9.618677057e-01   -3.176213455e-01    9.325462612e-01    4.037100289e-01   -8.952774775e-01   -4.863582175e-01    8.503789665e-01    5.648615676e-01   -7.982333618e-01   -6.385510584e-01    7.392850585e-01    7.067986939e-01   -6.740364252e-01   -7.690228546e-01    6.030435235e-01
    4.441722482e-02   -9.960542203e-01   -1.329011533e-01    9.842480195e-01    2.203362844e-01   -9.646745669e-01   -3.060326187e-01    9.374883276e-01    3.893138783e-01   -9.029038435e-01   -4.695228443e-01    8.611940401e-01    5.460265429e-01   -8.126880726e-01   -6.182212406e-01    7.577687290e-01    6.855372086e-01   -6.968694083e-01   -7.474432189e-01    6.304707013e-01
    4.267645272e-02   -9.963574408e-01   -1.277184552e-01    9.854562995e-01    2.118300135e-01   -9.673759924e-01   -2.943983651e-01    9.422482366e-01    3.748219898e-01   -9.102560907e-01   -4.525149918e-01    8.716326214e-01    5.269113685e-01   -8.266592052e-01   -5.974691335e-01    7.756634788e-01    6.636742651e-01   -7.190169520e-01   -7.250444510e-01    6.571323015e-01
    4.093555106e-02   -9.966485613e-01   -1.225322672e-01    9.866167096e-01    2.033076646e-01   -9.699716870e-01   -2.827203156e-01    9.468250632e-01    3.602379270e-01   -9.173319871e-01   -4.353409078e-01    8.816901471e-01    5.075258519e-01   -8.401384463e-01   -5.763089124e-01    7.929554005e-01    6.412290450e-01   -7.404572719e-01   -7.018510979e-01    6.829959490e-01
    3.919452511e-02   -9.969275784e-01   -1.173427311e-01    9.877291932e-01    1.947698844e-01   -9.724613669e-01   -2.710002073e-01    9.512179181e-01    3.455652765e-01   -9.241293842e-01   -4.180069012e-01    8.913622203e-01    4.878799390e-01   -8.531177752e-01   -5.547550311e-01    8.096310552e-01    6.182212406e-01   -7.611692794e-01   -6.778885774e-01    7.080302376e-01
    3.745338016e-02   -9.971944886e-01   -1.121499887e-01    9.887936963e-01    1.862173211e-01   -9.748447601e-01   -2.592397839e-01    9.554259477e-01    3.308076464e-01   -9.306462186e-01   -4.005193396e-01    9.006446125e-01    4.679837097e-01   -8.655894689e-01   -5.328222126e-01    8.256774831e-01    5.946710379e-01   -7.811326022e-01   -6.531831505e-01    7.322047685e-01
    3.571212150e-02   -9.974492888e-01   -1.069541819e-01    9.898101673e-01    1.776506238e-01   -9.771216060e-01   -2.474407948e-01    9.594483345e-01    3.159686658e-01   -9.368805117e-01   -3.828846472e-01    9.095332656e-01    4.478473721e-01   -8.775461061e-01   -5.105254385e-01    8.410822131e-01    5.705990989e-01   -8.003276044e-01   -6.277618922e-01    7.554901865e-01
    3.397075442e-02   -9.976919757e-01   -1.017554526e-01    9.907785567e-01    1.690704427e-01   -9.792916557e-01   -2.356049954e-01    9.632842969e-01    3.010519839e-01   -9.428303708e-01   -3.651093019e-01    9.180242940e-01    4.274812576e-01   -8.889805723e-01   -4.878799390e-01    8.558332731e-01    5.460265429e-01   -8.187354059e-01   -6.016526617e-01    7.778582163e-01
    3.222928420e-02   -9.979225465e-01   -9.655394293e-02    9.916988175e-01    1.604774290e-01   -9.813546722e-01   -2.237341463e-01    9.669330894e-01    2.860612690e-01   -9.484939896e-01   -3.471998337e-01    9.261139853e-01    4.068958154e-01   -8.998860636e-01   -4.649011828e-01    8.699191989e-01    5.209749289e-01   -8.363379008e-01   -5.748840727e-01    7.992816965e-01
    3.048771614e-02   -9.981409983e-01   -9.134979498e-02    9.925709051e-01    1.518722350e-01   -9.833104299e-01   -2.118300135e-01    9.703940033e-01    2.710002073e-01   -9.538696485e-01   -3.291628215e-01    9.337988031e-01    3.861016072e-01   -9.102560907e-01   -4.416048658e-01    8.833290432e-01    4.954662360e-01   -8.531177752e-01   -5.474854612e-01    8.197346126e-01
    2.874605551e-02   -9.983473286e-01   -8.614315096e-02    9.933947770e-01    1.432555138e-01   -9.851587151e-01   -1.998943680e-01    9.736663659e-01    2.558725028e-01   -9.589557156e-01   -3.110048912e-01    9.410753878e-01    3.651093019e-01   -9.200844833e-01   -4.180069012e-01    8.960523841e-01    4.695228443e-01   -8.690585246e-01   -5.194868535e-01    8.391921288e-01
    2.700430761e-02   -9.985415347e-01   -8.093415313e-02    9.941703932e-01    1.346279194e-01   -9.868993257e-01   -1.879289853e-01    9.767495415e-01    2.406818754e-01   -9.637506467e-01   -2.927327133e-01    9.479405582e-01    3.439296701e-01   -9.293653930e-01   -3.941234080e-01    9.080793335e-01    4.431675153e-01   -8.841444697e-01   -4.909189338e-01    8.576306179e-01
    2.526247772e-02   -9.987236144e-01   -7.572294383e-02    9.948977161e-01    1.259901066e-01   -9.885320716e-01   -1.759356455e-01    9.796429309e-01    2.254320609e-01   -9.682529861e-01   -2.743529999e-01    9.543913130e-01    3.225735784e-01   -9.380932973e-01   -3.699707005e-01    9.194005442e-01    4.164233720e-01   -8.983607719e-01   -4.618130099e-01    8.750276901e-01
    2.352057113e-02   -9.988935655e-01   -7.050966545e-02    9.955767103e-01    1.173427311e-01   -9.900567742e-01   -1.639161327e-01    9.823459720e-01    2.101268093e-01   -9.724613669e-01   -2.558725028e-01    9.604248321e-01    3.010519839e-01   -9.462630029e-01   -3.455652765e-01    9.300072176e-01    3.893138783e-01   -9.116934480e-01   -4.322009795e-01    8.913622203e-01
    2.177859313e-02   -9.990513858e-01   -6.529446043e-02    9.962073428e-01    1.086864492e-01   -9.914732669e-01   -1.518722350e-01    9.848581396e-01    1.947698844e-01   -9.763745115e-01   -2.372980109e-01    9.660384778e-01    2.793759288e-01   -9.538696485e-01   -3.209238068e-01    9.398911105e-01    3.618628189e-01   -9.241293842e-01   -4.021152947e-01    9.066143735e-01
    2.003654902e-02   -9.991970734e-01   -6.007747129e-02    9.967895830e-01    1.000219180e-01   -9.927813949e-01   -1.398057441e-01    9.871789456e-01    1.793650628e-01   -9.799912319e-01   -2.186363475e-01    9.712297961e-01    2.575565343e-01   -9.609087078e-01   -2.960631232e-01    9.490445413e-01    3.340942781e-01   -9.356563485e-01   -3.715889267e-01    9.207656290e-01
    1.829444407e-02   -9.993306266e-01   -5.485884057e-02    9.973234027e-01    9.134979498e-02   -9.939810152e-01   -1.277184552e-01    9.893079390e-01    1.639161327e-01   -9.833104299e-01   -1.998943680e-01    9.759965172e-01    2.356049954e-01   -9.673759924e-01   -2.710002073e-01    9.574603962e-01    3.060326187e-01   -9.462630029e-01   -3.406553298e-01    9.337988031e-01
    1.655228357e-02   -9.994520438e-01   -4.963871087e-02    9.978087758e-01    8.267073849e-02   -9.950719968e-01   -1.156121662e-01    9.912447060e-01    1.484268932e-01   -9.863310980e-01   -1.810789572e-01    9.803365575e-01    2.135325746e-01   -9.732676540e-01   -2.457521790e-01    9.651321345e-01    2.777024606e-01   -9.559389148e-01   -3.093484046e-01    9.456980697e-01
    1.481007283e-02   -9.995613235e-01   -4.441722482e-02    9.982456788e-01    7.398540723e-02   -9.960542203e-01   -1.034886783e-01    9.929888706e-01    1.329011533e-01   -9.890523190e-01   -1.621970271e-01    9.842480195e-01    1.913505968e-01   -9.785801869e-01   -2.203362844e-01    9.720537941e-01    2.491286594e-01   -9.646745669e-01   -2.777024606e-01    9.564489796e-01
    1.306781712e-02   -9.996584643e-01   -3.919452511e-02    9.986340905e-01    6.529446043e-02   -9.969275784e-01   -9.134979498e-02    9.945400936e-01    1.173427311e-01   -9.914732669e-01   -1.432555138e-01    9.877291932e-01    1.690704427e-01   -9.833104299e-01   -1.947698844e-01    9.782199955e-01    2.203362844e-01   -9.724613669e-01   -2.457521790e-01    9.660384778e-01
    1.132552173e-02   -9.997434651e-01   -3.397075442e-02    9.989739921e-01    5.659855774e-02   -9.976919757e-01   -7.919732205e-02    9.958980737e-01    1.017554526e-01   -9.935932065e-01   -1.242613755e-01    9.907785567e-01    1.467035437e-01   -9.874555684e-01   -1.690704427e-01    9.836259464e-01    1.913505968e-01   -9.792916557e-01   -2.135325746e-01    9.744549201e-01
    9.583191966e-03   -9.998163249e-01   -2.874605551e-02    9.992653669e-01    4.789835918e-02   -9.983473286e-01   -6.703306738e-02    9.970625471e-01    8.614315096e-02   -9.954114944e-01   -1.052215898e-01    9.933947770e-01    1.242613755e-01   -9.910131358e-01   -1.432555138e-01    9.882674456e-01    1.621970271e-01   -9.851587151e-01   -1.810789572e-01    9.816880863e-01
    7.840833102e-03   -9.998770427e-01   -2.352057113e-02    9.995082009e-01    3.919452511e-02   -9.988935655e-01   -5.485884057e-02    9.980332874e-01    7.050966545e-02   -9.969275784e-01   -8.614315096e-02    9.955767103e-01    1.017554526e-01   -9.939810152e-01   -1.173427311e-01    9.921408857e-01    1.329011533e-01   -9.900567742e-01   -1.484268932e-01    9.877291932e-01
    6.098450433e-03   -9.999256178e-01   -1.829444407e-02    9.997024823e-01    3.048771614e-02   -9.993306266e-01   -4.267645272e-02    9.988101062e-01    5.485884057e-02   -9.981409983e-01   -6.703306738e-02    9.973234027e-01    7.919732205e-02   -9.963574408e-01   -9.134979498e-02    9.952432564e-01    1.034886783e-01   -9.939810152e-01   -1.156121662e-01    9.925709051e-01
    4.356049249e-03   -9.999620497e-01   -1.306781712e-02    9.998482016e-01    2.177859313e-02   -9.996584643e-01   -3.048771614e-02    9.993928523e-01    3.919452511e-02   -9.990513858e-01   -4.789835918e-02    9.986340905e-01    5.659855774e-02   -9.981409983e-01   -6.529446043e-02    9.975721466e-01    7.398540723e-02   -9.969275784e-01   -8.267073849e-02    9.962073428e-01
    2.613634839e-03   -9.999863378e-01   -7.840833102e-03    9.999453517e-01    1.306781712e-02   -9.998770427e-01   -1.829444407e-02    9.997814127e-01    2.352057113e-02   -9.996584643e-01   -2.874605551e-02    9.995082009e-01    3.397075442e-02   -9.993306266e-01   -3.919452511e-02    9.991257463e-01    4.441722482e-02   -9.988935655e-01   -4.963871087e-02    9.986340905e-01
    8.712124948e-04   -9.999984820e-01   -2.613634839e-03    9.999939279e-01    4.356049249e-03   -9.999863378e-01   -6.098450433e-03    9.999757117e-01    7.840833102e-03   -9.999620497e-01   -9.583191966e-03    9.999453517e-01    1.132552173e-02   -9.999256178e-01   -1.306781712e-02    9.999028481e-01    1.481007283e-02   -9.998770427e-01   -1.655228357e-02    9.998482016e-01
   -8.712124948e-04   -9.999984820e-01    2.613634839e-03    9.999939279e-01   -4.356049249e-03   -9.999863378e-01    6.098450433e-03    9.999757117e-01   -7.840833102e-03   -9.999620497e-01    9.583191966e-03    9.999453517e-01   -1.132552173e-02   -9.999256178e-01    1.306781712e-02    9.999028481e-01   -1.481007283e-02   -9.998770427e-01    1.655228357e-02    9.998482016e-01
   -2.613634839e-03   -9.999863378e-01    7.840833102e-03    9.999453517e-01   -1.306781712e-02   -9.998770427e-01    1.829444407e-02    9.997814127e-01   -2.352057113e-02   -9.996584643e-01    2.874605551e-02    9.995082009e-01   -3.397075442e-02   -9.993306266e-01    3.919452511e-02    9.991257463e-01   -4.441722482e-02   -9.988935655e-01    4.963871087e-02    9.986340905e-01
   -4.356049249e-03   -9.999620497e-01    1.306781712e-02    9.998482016e-01   -2.177859313e-02   -9.996584643e-01    3.048771614e-02    9.993928523e-01   -3.919452511e-02   -9.990513858e-01    4.789835918e-02    9.986340905e-01   -5.659855774e-02   -9.981409983e-01    6.529446043e-02    9.975721466e-01   -7.398540723e-02   -9.969275784e-01    8.267073849e-02    9.962073428e-01
   -6.098450433e-03   -9.999256178e-01    1.829444407e-02    9.997024823e-01   -3.048771614e-02   -9.993306266e-01    4.267645272e-02    9.988101062e-01   -5.485884057e-02   -9.981409983e-01    6.703306738e-02    9.973234027e-01   -7.919732205e-02   -9.963574408e-01    9.134979498e-02    9.952432564e-01   -1.034886783e-01   -9.939810152e-01    1.156121662e-01    9.925709051e-01
   -7.840833102e-03   -9.998770427e-01    2.352057113e-02    9.995082009e-01   -3.919452511e-02   -9.988935655e-01    5.485884057e-02    9.980332874e-01   -7.050966545e-02   -9.969275784e-01    8.614315096e-02    9.955767103e-01   -1.017554526e-01   -9.939810152e-01    1.173427311e-01    9.921408857e-01   -1.329011533e-01   -9.900567742e-01    1.484268932e-01    9.877291932e-01
   -9.583191966e-03   -9.998163249e-01    2.874605551e-02    9.992653669e-01   -4.789835918e-02   -9.983473286e-01    6.703306738e-02    9.970625471e-01   -8.614315096e-02   -9.954114944e-01    1.052215898e-01    9.933947770e-01   -1.242613755e-01   -9.910131358e-01    1.432555138e-01    9.882674456e-01   -1.621970271e-01   -9.851587151e-01    1.810789572e-01    9.816880863e-01
   -1.132552173e-02   -9.997434651e-01    3.397075442e-02    9.989739921e-01   -5.659855774e-02   -9.976919757e-01    7.919732205e-02    9.958980737e-01   -1.017554526e-01   -9.935932065e-01    1.242613755e-01    9.907785567e-01   -1.467035437e-01   -9.874555684e-01    1.690704427e-01    9.836259464e-01   -1.913505968e-01   -9.792916557e-01    2.135325746e-01    9.744549201e-01
   -1.306781712e-02   -9.996584643e-01    3.919452511e-02    9.986340905e-01   -6.529446043e-02   -9.969275784e-01    9.134979498e-02    9.945400936e-01   -1.173427311e-01   -9.914732669e-01    1.432555138e-01    9.877291932e-01   -1.690704427e-01   -9.833104299e-01    1.947698844e-01    9.782199955e-01   -2.203362844e-01   -9.724613669e-01    2.457521790e-01    9.660384778e-01
   -1.481007283e-02   -9.995613235e-01    4.441722482e-02    9.982456788e-01   -7.398540723e-02   -9.960542203e-01    1.034886783e-01    9.929888706e-01   -1.329011533e-01   -9.890523190e-01    1.621970271e-01    9.842480195e-01   -1.913505968e-01   -9.785801869e-01    2.203362844e-01    9.720537941e-01   -2.491286594e-01   -9.646745669e-01    2.777024606e-01    9.564489796e-01
   -1.655228357e-02   -9.994520438e-01    4.963871087e-02    9.978087758e-01   -8.267073849e-02   -9.950719968e-01    1.156121662e-01    9.912447060e-01   -1.484268932e-01   -9.863310980e-01    1.810789572e-01    9.803365575e-01   -2.135325746e-01   -9.732676540e-01    2.457521790e-01    9.651321345e-01   -2.777024606e-01   -9.559389148e-01    3.093484046e-01    9.456980697e-01
   -1.829444407e-02   -9.993306266e-01    5.485884057e-02    9.973234027e-01   -9.134979498e-02   -9.939810152e-01    1.277184552e-01    9.893079390e-01   -1.639161327e-01   -9.833104299e-01    1.998943680e-01    9.759965172e-01   -2.356049954e-01   -9.673759924e-01    2.710002073e-01    9.574603962e-01   -3.060326187e-01   -9.462630029e-01    3.406553298e-01    9.337988031e-01
   -2.003654902e-02   -9.991970734e-01    6.007747129e-02    9.967895830e-01   -1.000219180e-01   -9.927813949e-01    1.398057441e-01    9.871789456e-01   -1.793650628e-01   -9.799912319e-01    2.186363475e-01    9.712297961e-01   -2.575565343e-01   -9.609087078e-01    2.960631232e-01    9.490445413e-01   -3.340942781e-01   -9.356563485e-01    3.715889267e-01    9.207656290e-01
   -2.177859313e-02   -9.990513858e-01    6.529446043e-02    9.962073428e-01   -1.086864492e-01   -9.914732669e-01    1.518722350e-01    9.848581396e-01   -1.947698844e-01   -9.763745115e-01    2.372980109e-01    9.660384778e-01   -2.793759288e-01   -9.538696485e-01    3.209238068e-01    9.398911105e-01   -3.618628189e-01   -9.241293842e-01    4.021152947e-01    9.066143735e-01
   -2.352057113e-02   -9.988935655e-01    7.050966545e-02    9.955767103e-01   -1.173427311e-01   -9.900567742e-01    1.639161327e-01    9.823459720e-01   -2.101268093e-01   -9.724613669e-01    2.558725028e-01    9.604248321e-01   -3.010519839e-01   -9.462630029e-01    3.455652765e-01    9.300072176e-01   -3.893138783e-01   -9.116934480e-01    4.322009795e-01    8.913622203e-01
   -2.526247772e-02   -9.987236144e-01    7.572294383e-02    9.948977161e-01   -1.259901066e-01   -9.885320716e-01    1.759356455e-01    9.796429309e-01   -2.254320609e-01   -9.682529861e-01    2.743529999e-01    9.543913130e-01   -3.225735784e-01   -9.380932973e-01    3.699707005e-01    9.194005442e-01   -4.164233720e-01   -8.983607719e-01    4.618130099e-01    8.750276901e-01
   -2.700430761e-02   -9.985415347e-01    8.093415313e-02    9.941703932e-01   -1.346279194e-01   -9.868993257e-01    1.879289853e-01    9.767495415e-01   -2.406818754e-01   -9.637506467e-01    2.927327133e-01    9.479405582e-01   -3.439296701e-01   -9.293653930e-01    3.941234080e-01    9.080793335e-01   -4.431675153e-01   -8.841444697e-01    4.909189338e-01    8.576306179e-01
   -2.874605551e-02   -9.983473286e-01    8.614315096e-02    9.933947770e-01   -1.432555138e-01   -9.851587151e-01    1.998943680e-01    9.736663659e-01   -2.558725028e-01   -9.589557156e-01    3.110048912e-01    9.410753878e-01   -3.651093019e-01   -9.200844833e-01    4.180069012e-01    8.960523841e-01   -4.695228443e-01   -8.690585246e-01    5.194868535e-01    8.391921288e-01
   -3.048771614e-02   -9.981409983e-01    9.134979498e-02    9.925709051e-01   -1.518722350e-01   -9.833104299e-01    2.118300135e-01    9.703940033e-01   -2.710002073e-01   -9.538696485e-01    3.291628215e-01    9.337988031e-01   -3.861016072e-01   -9.102560907e-01    4.416048658e-01    8.833290432e-01   -4.954662360e-01   -8.531177752e-01    5.474854612e-01    8.197346126e-01
   -3.222928420e-02   -9.979225465e-01    9.655394293e-02    9.916988175e-01   -1.604774290e-01   -9.813546722e-01    2.237341463e-01    9.669330894e-01   -2.860612690e-01   -9.484939896e-01    3.471998337e-01    9.261139853e-01   -4.068958154e-01   -8.998860636e-01    4.649011828e-01    8.699191989e-01   -5.209749289e-01   -8.363379008e-01    5.748840727e-01    7.992816965e-01
   -3.397075442e-02   -9.976919757e-01    1.017554526e-01    9.907785567e-01   -1.690704427e-01   -9.792916557e-01    2.356049954e-01    9.632842969e-01   -3.010519839e-01   -9.428303708e-01    3.651093019e-01    9.180242940e-01   -4.274812576e-01   -8.889805723e-01    4.878799390e-01    8.558332731e-01   -5.460265429e-01   -8.187354059e-01    6.016526617e-01    7.778582163e-01
   -3.571212150e-02   -9.974492888e-01    1.069541819e-01    9.898101673e-01   -1.776506238e-01   -9.771216060e-01    2.474407948e-01    9.594483345e-01   -3.159686658e-01   -9.368805117e-01    3.828846472e-01    9.095332656e-01   -4.478473721e-01   -8.775461061e-01    5.105254385e-01    8.410822131e-01   -5.705990989e-01   -8.003276044e-01    6.277618922e-01    7.554901865e-01
   -3.745338016e-02   -9.971944886e-01    1.121499887e-01    9.887936963e-01   -1.862173211e-01   -9.748447601e-01    2.592397839e-01    9.554259477e-01   -3.308076464e-01   -9.306462186e-01    4.005193396e-01    9.006446125e-01   -4.679837097e-01   -8.655894689e-01    5.328222126e-01    8.256774831e-01   -5.946710379e-01   -7.811326022e-01    6.531831505e-01    7.322047685e-01
   -3.919452511e-02   -9.969275784e-01    1.173427311e-01    9.877291932e-01   -1.947698844e-01   -9.724613669e-01    2.710002073e-01    9.512179181e-01   -3.455652765e-01   -9.241293842e-01    4.180069012e-01    8.913622203e-01   -4.878799390e-01   -8.531177752e-01    5.547550311e-01    8.096310552e-01   -6.182212406e-01   -7.611692794e-01    6.778885774e-01    7.080302376e-01
   -4.093555106e-02   -9.966485613e-01    1.225322672e-01    9.866167096e-01   -2.033076646e-01   -9.699716870e-01    2.827203156e-01    9.468250632e-01   -3.602379270e-01   -9.173319871e-01    4.353409078e-01    8.816901471e-01   -5.075258519e-01   -8.401384463e-01    5.763089124e-01    7.929554005e-01   -6.412290450e-01   -7.404572719e-01    7.018510979e-01    6.829959490e-01
   -4.267645272e-02   -9.963574408e-01    1.277184552e-01    9.854562995e-01   -2.118300135e-01   -9.673759924e-01    2.943983651e-01    9.422482366e-01   -3.748219898e-01   -9.102560907e-01    4.525149918e-01    8.716326214e-01   -5.269113685e-01   -8.266592052e-01    5.974691335e-01    7.756634788e-01   -6.636742651e-01   -7.190169520e-01    7.250444510e-01    6.571323015e-01
   -4.441722482e-02   -9.960542203e-01    1.329011533e-01    9.842480195e-01   -2.203362844e-01   -9.646745669e-01    3.060326187e-01    9.374883276e-01   -3.893138783e-01   -9.029038435e-01    4.695228443e-01    8.611940401e-01   -5.460265429e-01   -8.126880726e-01    6.182212406e-01    7.577687290e-01   -6.855372086e-01   -6.968694083e-01    7.474432189e-01    6.304707013e-01
   -4.615786207e-02   -9.957389035e-01    1.380802200e-01    9.829919280e-01   -2.288258317e-01   -9.618677057e-01    3.176213455e-01    9.325462612e-01   -4.037100289e-01   -8.952774775e-01    4.863582175e-01    8.503789665e-01   -5.648615676e-01   -7.982333618e-01    6.385510584e-01    7.392850585e-01   -7.067986939e-01   -6.740364252e-01    7.690228546e-01    6.030435235e-01
   -4.789835918e-02   -9.954114944e-01    1.432555138e-01    9.816880863e-01   -2.372980109e-01   -9.589557156e-01    3.291628215e-01    9.274229974e-01   -4.180069012e-01   -8.873793081e-01    5.030149268e-01    8.391921288e-01   -5.834067789e-01   -7.833036739e-01    6.584447003e-01    7.202268324e-01   -7.274400673e-01   -6.505404611e-01    7.897597087e-01    5.748840727e-01
   -4.963871087e-02   -9.950719968e-01    1.484268932e-01    9.803365575e-01   -2.457521790e-01   -9.559389148e-01    3.406553298e-01    9.221195319e-01   -4.322009795e-01   -8.792117330e-01    5.194868535e-01    8.276384176e-01   -6.016526617e-01   -7.679078925e-01    6.778885774e-01    7.006088623e-01   -7.474432189e-01   -6.264046266e-01    8.096310552e-01    5.460265429e-01
   -5.137891185e-02   -9.947204148e-01    1.535942169e-01    9.789374074e-01   -2.541876944e-01   -9.528176331e-01    3.520971608e-01    9.166368951e-01   -4.462887732e-01   -8.707772320e-01    5.357679465e-01    8.157228838e-01   -6.195898548e-01   -7.520551787e-01    6.968694083e-01    6.804463949e-01   -7.667905990e-01   -6.016526617e-01    8.286151172e-01    5.165059756e-01
   -5.311895685e-02   -9.943567528e-01    1.587573437e-01    9.774907039e-01   -2.626039168e-01   -9.495922116e-01    3.634866122e-01    9.109761523e-01   -4.602668181e-01   -8.620783658e-01    5.518522251e-01    8.034507367e-01   -6.372091551e-01   -7.357549655e-01    7.153742276e-01    6.597551000e-01   -7.854652330e-01   -5.763089124e-01    8.466910895e-01    4.863582175e-01
   -5.485884057e-02   -9.939810152e-01    1.639161327e-01    9.759965172e-01   -2.710002073e-01   -9.462630029e-01    3.748219898e-01    9.051384033e-01   -4.741316765e-01   -8.531177752e-01    5.677337805e-01    7.908273413e-01   -6.545015226e-01   -7.190169520e-01    7.333903953e-01    6.385510584e-01   -8.034507367e-01   -5.503983067e-01    8.638391626e-01    4.556198769e-01
   -5.659855774e-02   -9.935932065e-01    1.690704427e-01    9.744549201e-01   -2.793759288e-01   -9.428303708e-01    3.861016072e-01    8.991247826e-01   -4.878799390e-01   -8.438981808e-01    5.834067789e-01    7.778582163e-01   -6.714580852e-01   -7.018510979e-01    7.509056050e-01    6.168507494e-01   -8.207313305e-01   -5.239463302e-01    8.800405437e-01    4.243282791e-01
   -5.833810308e-02   -9.931933315e-01    1.742201330e-01    9.728659873e-01   -2.877304455e-01   -9.392946905e-01    3.973237864e-01    8.929364585e-01   -5.015082247e-01   -8.344223815e-01    5.988654625e-01    7.645490314e-01   -6.880701429e-01   -6.842676175e-01    7.679078925e-01    5.946710379e-01   -8.372918531e-01   -4.969790011e-01    8.952774775e-01    3.925214215e-01
   -6.007747129e-02   -9.927813949e-01    1.793650628e-01    9.712297961e-01   -2.960631232e-01   -9.356563485e-01    4.084868580e-01    8.865746335e-01   -5.150131822e-01   -8.246932542e-01    6.141041528e-01    7.509056050e-01   -7.043291727e-01   -6.662769737e-01    7.843856442e-01    5.720291616e-01   -8.531177752e-01   -4.695228443e-01    9.095332656e-01    3.602379270e-01
   -6.181665711e-02   -9.923574018e-01    1.845050916e-01    9.695464258e-01   -3.043733295e-01   -9.319157424e-01    4.195891613e-01    8.800405437e-01   -5.283914904e-01   -8.147137526e-01    6.291172518e-01    7.369339017e-01   -7.202268324e-01   -6.478898714e-01    8.003276044e-01    5.489427172e-01   -8.681952119e-01   -4.416048658e-01    9.227922850e-01    3.275169973e-01
   -6.355565525e-02   -9.919213574e-01    1.896400789e-01    9.678159584e-01   -3.126604337e-01   -9.280732809e-01    4.306290447e-01    8.733354587e-01   -5.416398594e-01   -8.044869064e-01    6.438992443e-01    7.226400296e-01   -7.357549655e-01   -6.291172518e-01    8.157228838e-01    5.254296470e-01   -8.825109348e-01   -4.132525255e-01    9.350400049e-01    2.943983651e-01
   -6.529446043e-02   -9.914732669e-01    1.947698844e-01    9.660384778e-01   -3.209238068e-01   -9.241293842e-01    4.416048658e-01    8.664606814e-01   -5.547550311e-01   -7.940158205e-01    6.584447003e-01    7.080302376e-01   -7.509056050e-01   -6.099702850e-01    8.305609663e-01    5.015082247e-01   -8.960523841e-01   -3.844937108e-01    9.462630029e-01    2.609222464e-01
   -6.703306738e-02   -9.910131358e-01    1.998943680e-01    9.642140705e-01   -3.291628215e-01   -9.200844833e-01    4.525149918e-01    8.594175474e-01   -5.677337805e-01   -7.833036739e-01    6.727482764e-01    6.931109128e-01   -7.656709775e-01   -5.904603644e-01    8.448317163e-01    4.771970416e-01   -9.088076792e-01   -3.553567089e-01    9.564489796e-01    2.271292911e-01
   -6.877147081e-02   -9.905409696e-01    2.050133896e-01    9.623428249e-01   -3.373768526e-01   -9.159390202e-01    4.633577997e-01    8.522074254e-01   -5.805729159e-01   -7.723537187e-01    6.868047183e-01    6.778885774e-01   -7.800435074e-01   -5.705990989e-01    8.585253859e-01    4.525149918e-01   -9.207656290e-01   -3.258701787e-01    9.655867720e-01    1.930605337e-01
   -7.050966545e-02   -9.900567742e-01    2.101268093e-01    9.604248321e-01   -3.455652765e-01   -9.116934480e-01    4.741316765e-01    8.448317163e-01   -5.932692798e-01   -7.611692794e-01    7.006088623e-01    6.623698864e-01   -7.940158205e-01   -5.503983067e-01    8.716326214e-01    4.274812576e-01   -9.319157424e-01   -2.960631232e-01    9.736663659e-01    1.587573437e-01
   -7.224764601e-02   -9.895605553e-01    2.152344874e-01    9.584601852e-01   -3.537274718e-01   -9.073482308e-01    4.848350194e-01    8.372918531e-01   -6.058197502e-01   -7.497537514e-01    7.141556375e-01    6.465616240e-01   -8.075807481e-01   -5.298700080e-01    8.841444697e-01    4.021152947e-01   -9.422482366e-01   -2.659648605e-01    9.806789068e-01    1.242613755e-01
   -7.398540723e-02   -9.890523190e-01    2.203362844e-01    9.564489796e-01   -3.618628189e-01   -9.029038435e-01    4.954662360e-01    8.295893010e-01   -6.182212406e-01   -7.381106006e-01    7.274400673e-01    6.304707013e-01   -8.207313305e-01   -5.090264179e-01    8.960523841e-01    3.764368168e-01   -9.517540465e-01   -2.356049954e-01    9.866167096e-01    8.961451729e-02
   -7.572294383e-02   -9.885320716e-01    2.254320609e-01    9.543913130e-01   -3.699707005e-01   -8.983607719e-01    5.060237450e-01    8.217255566e-01   -6.304707013e-01   -7.262433616e-01    7.404572719e-01    6.141041528e-01   -8.334608204e-01   -4.878799390e-01    9.073482308e-01    3.504657808e-01   -9.604248321e-01   -2.050133896e-01    9.914732669e-01    5.485884057e-02
   -7.746025053e-02   -9.879998192e-01    2.305216776e-01    9.522872854e-01   -3.780505010e-01   -8.937195124e-01    5.165059756e-01    8.137021478e-01   -6.425651201e-01   -7.141556375e-01    7.532024692e-01    5.974691335e-01   -8.457626868e-01   -4.664431543e-01    9.180242940e-01    3.242223707e-01   -9.682529861e-01   -1.742201330e-01    9.952432564e-01    2.003654902e-02
   -7.919732205e-02   -9.874555684e-01    2.356049954e-01    9.501369990e-01   -3.861016072e-01   -8.889805723e-01    5.269113685e-01    8.055206336e-01   -6.545015226e-01   -7.018510979e-01    7.656709775e-01    5.805729159e-01   -8.576306179e-01   -4.447288194e-01    9.280732809e-01    2.977269824e-01   -9.752316404e-01   -1.432555138e-01    9.979225465e-01   -1.481007283e-02
   -8.093415313e-02   -9.868993257e-01    2.406818754e-01    9.479405582e-01   -3.941234080e-01   -8.841444697e-01    5.372383758e-01    7.971826037e-01   -6.662769737e-01   -6.893334785e-01    7.778582163e-01    5.634228865e-01   -8.690585246e-01   -4.227498551e-01    9.374883276e-01    2.710002073e-01   -9.813546722e-01   -1.121499887e-01    9.995082009e-01   -4.963871087e-02
   -8.267073849e-02   -9.863310980e-01    2.457521790e-01    9.456980697e-01   -4.021152947e-01   -8.792117330e-01    5.474854612e-01    7.886896782e-01   -6.778885774e-01   -6.766065796e-01    7.897597087e-01    5.460265429e-01   -8.800405437e-01   -4.005193396e-01    9.462630029e-01    2.440628171e-01   -9.866167096e-01   -8.093415313e-02    9.999984820e-01   -8.440707286e-02
   -8.440707286e-02   -9.857508921e-01    2.508157676e-01    9.434096426e-01   -4.100766605e-01   -8.741829015e-01    5.576511002e-01    7.800435074e-01   -6.893334785e-01   -6.636742651e-01    8.013710826e-01    5.283914904e-01   -8.905710406e-01   -3.780505010e-01    9.543913130e-01    2.169357468e-01   -9.910131358e-01   -4.963871087e-02    9.993928523e-01   -1.190729397e-01
   -8.614315096e-02   -9.851587151e-01    2.558725028e-01    9.410753878e-01   -4.180069012e-01   -8.690585246e-01    5.677337805e-01    7.712457711e-01   -7.006088623e-01   -6.505404611e-01    8.126880726e-01    5.105254385e-01   -9.006446125e-01   -3.553567089e-01    9.618677057e-01    1.896400789e-01   -9.945400936e-01   -1.829444407e-02    9.976919757e-01   -1.535942169e-01
   -8.787896753e-02   -9.845545741e-01    2.609222464e-01    9.386954189e-01   -4.259054149e-01   -8.638391626e-01    5.777320024e-01    7.622981789e-01   -7.117119562e-01   -6.372091551e-01    8.237065215e-01    4.924361978e-01   -9.102560907e-01   -3.324514669e-01    9.686870741e-01    1.621970271e-01   -9.971944886e-01    1.306781712e-02    9.948977161e-01   -1.879289853e-01
   -8.961451729e-02   -9.839384766e-01    2.659648605e-01    9.362698514e-01   -4.337716021e-01   -8.585253859e-01    5.876442782e-01    7.532024692e-01   -7.226400296e-01   -6.236843944e-01    8.344223815e-01    4.741316765e-01   -9.194005442e-01   -3.093484046e-01    9.748447601e-01    1.346279194e-01   -9.989739921e-01    4.441722482e-02    9.910131358e-01   -2.220355524e-01
   -9.134979498e-02   -9.833104299e-01    2.710002073e-01    9.337988031e-01   -4.416048658e-01   -8.531177752e-01    5.974691335e-01    7.439604095e-01   -7.333903953e-01   -6.099702850e-01    8.448317163e-01    4.556198769e-01   -9.280732809e-01   -2.860612690e-01    9.803365575e-01    1.069541819e-01   -9.998770427e-01    7.572294383e-02    9.860424919e-01   -2.558725028e-01
   -9.308479533e-02   -9.826704418e-01    2.760281492e-01    9.312823942e-01   -4.494046114e-01   -8.476169217e-01    6.072051067e-01    7.345737955e-01   -7.439604095e-01   -5.960709906e-01    8.549307019e-01    4.369088918e-01   -9.362698514e-01   -2.626039168e-01    9.851587151e-01    7.919732205e-02   -9.999028481e-01    1.069541819e-01    9.799912319e-01   -2.893987484e-01
   -9.481951307e-02   -9.820185199e-01    2.810485488e-01    9.287207468e-01   -4.571702468e-01   -8.420234264e-01    6.168507494e-01    7.250444510e-01   -7.543474730e-01   -5.819907308e-01    8.647156284e-01    4.180069012e-01   -9.439860501e-01   -2.389903060e-01    9.893079390e-01    5.137891185e-02   -9.990513858e-01    1.380802200e-01    9.728659873e-01   -3.225735784e-01
   -9.655394293e-02   -9.813546722e-01    2.860612690e-01    9.261139853e-01   -4.649011828e-01   -8.363379008e-01    6.264046266e-01    7.153742276e-01   -7.645490314e-01   -5.677337805e-01    8.741829015e-01    3.989221686e-01   -9.512179181e-01   -2.152344874e-01    9.927813949e-01    2.352057113e-02   -9.973234027e-01    1.690704427e-01    9.646745669e-01   -3.553567089e-01
   -9.828807966e-02   -9.806789068e-01    2.910661727e-01    9.234622365e-01   -4.725968324e-01   -8.305609663e-01    6.358653172e-01    7.055650044e-01   -7.745625759e-01   -5.533044680e-01    8.833290432e-01    3.796630373e-01   -9.579617449e-01   -1.913505968e-01    9.955767103e-01   -4.356049249e-03   -9.947204148e-01    1.998943680e-01    9.554259477e-01   -3.877083313e-01
   -1.000219180e-01   -9.799912319e-01    2.960631232e-01    9.207656290e-01   -4.802566116e-01   -8.246932542e-01    6.452314136e-01    6.956186871e-01   -7.843856442e-01   -5.387071740e-01    8.921506937e-01    3.602379270e-01   -9.642140705e-01   -1.673528457e-01    9.976919757e-01   -3.222928420e-02   -9.912447060e-01    2.305216776e-01    9.451302654e-01   -4.195891613e-01
   -1.017554526e-01   -9.792916557e-01    3.010519839e-01    9.180242940e-01   -4.878799390e-01   -8.187354059e-01    6.545015226e-01    6.855372086e-01   -7.940158205e-01   -5.239463302e-01    9.006446125e-01    3.406553298e-01   -9.699716870e-01   -1.432555138e-01    9.991257463e-01   -6.007747129e-02   -9.868993257e-01    2.609222464e-01    9.337988031e-01   -4.509604862e-01
   -1.034886783e-01   -9.785801869e-01    3.060326187e-01    9.152383645e-01   -4.954662360e-01   -8.126880726e-01    6.636742651e-01    6.753225276e-01   -8.034507367e-01   -5.090264179e-01    9.088076792e-01    3.209238068e-01   -9.752316404e-01   -1.190729397e-01    9.998770427e-01   -8.787896753e-02   -9.816880863e-01    2.910661727e-01    9.214439792e-01   -4.817842118e-01
   -1.052215898e-01   -9.778568341e-01    3.110048912e-01    9.124079759e-01   -5.030149268e-01   -8.065519152e-01    6.727482764e-01    6.649766288e-01   -8.126880726e-01   -4.939519668e-01    9.166368951e-01    3.010519839e-01   -9.799912319e-01   -9.481951307e-02    9.999453517e-01   -1.156121662e-01   -9.756155598e-01    3.209238068e-01    9.080793335e-01   -5.120229091e-01
   -1.069541819e-01   -9.771216060e-01    3.159686658e-01    9.095332656e-01   -5.105254385e-01   -8.003276044e-01    6.817222068e-01    6.545015226e-01   -8.217255566e-01   -4.787275533e-01    9.241293842e-01    2.810485488e-01   -9.842480195e-01   -7.050966545e-02    9.993306266e-01   -1.432555138e-01   -9.686870741e-01    3.504657808e-01    8.937195124e-01   -5.416398594e-01
   -1.086864492e-01   -9.763745115e-01    3.209238068e-01    9.066143735e-01   -5.179972009e-01   -7.940158205e-01    6.905947212e-01    6.438992443e-01   -8.305609663e-01   -4.633577997e-01    9.312823942e-01    2.609222464e-01   -9.879998192e-01   -4.615786207e-02    9.980332874e-01   -1.707875264e-01   -9.609087078e-01    3.796630373e-01    8.783802530e-01   -5.705990989e-01
   -1.104183866e-01   -9.756155598e-01    3.258701787e-01    9.036514411e-01   -5.254296470e-01   -7.876172533e-01    6.993644997e-01    6.331718539e-01   -8.391921288e-01   -4.478473721e-01    9.380932973e-01    2.406818754e-01   -9.912447060e-01   -2.177859313e-02    9.960542203e-01   -1.981868068e-01   -9.522872854e-01    4.084868580e-01    8.620783658e-01   -5.988654625e-01
   -1.121499887e-01   -9.748447601e-01    3.308076464e-01    9.006446125e-01   -5.328222126e-01   -7.811326022e-01    7.080302376e-01    6.223214359e-01   -8.476169217e-01   -4.322009795e-01    9.445595916e-01    2.203362844e-01   -9.939810152e-01    2.613634839e-03    9.933947770e-01   -2.254320609e-01   -9.428303708e-01    4.369088918e-01    8.448317163e-01   -6.264046266e-01
   -1.138812503e-01   -9.740621216e-01    3.357360750e-01    8.975940336e-01   -5.401743367e-01   -7.745625759e-01    7.165906459e-01    6.113500984e-01   -8.558332731e-01   -4.164233720e-01    9.506789017e-01    1.998943680e-01   -9.962073428e-01    2.700430761e-02    9.900567742e-01   -2.525021143e-01   -9.325462612e-01    4.649011828e-01    8.266592052e-01   -6.531831505e-01
   -1.156121662e-01   -9.732676540e-01    3.406553298e-01    8.944998528e-01   -5.474854612e-01   -7.679078925e-01    7.250444510e-01    6.002599733e-01   -8.638391626e-01   -4.005193396e-01    9.564489796e-01    1.793650628e-01   -9.979225465e-01    5.137891185e-02    9.860424919e-01   -2.793759288e-01   -9.214439792e-01    4.924361978e-01    8.075807481e-01   -6.791685172e-01
   -1.173427311e-01   -9.724613669e-01    3.455652765e-01    8.913622203e-01   -5.547550311e-01   -7.611692794e-01    7.333903953e-01    5.890532155e-01   -8.716326214e-01   -3.844937108e-01    9.618677057e-01    1.587573437e-01   -9.991257463e-01    7.572294383e-02    9.813546722e-01   -3.060326187e-01   -9.095332656e-01    5.194868535e-01    7.876172533e-01   -7.043291727e-01
   -1.190729397e-01   -9.716432700e-01    3.504657808e-01    8.881812885e-01   -5.619824948e-01   -7.543474730e-01    7.416272372e-01    5.777320024e-01   -8.792117330e-01   -3.683513510e-01    9.669330894e-01    1.380802200e-01   -9.998163249e-01    1.000219180e-01    9.759965172e-01   -3.324514669e-01   -8.968245703e-01    5.460265429e-01    7.667905990e-01   -7.286345645e-01
   -1.208027868e-01   -9.708133734e-01    3.553567089e-01    8.849572119e-01   -5.691673037e-01   -7.474432189e-01    7.497537514e-01    5.662985337e-01   -8.865746335e-01   -3.520971608e-01    9.716432700e-01    1.173427311e-01   -9.999939279e-01    1.242613755e-01    9.699716870e-01   -3.586119414e-01   -8.833290432e-01    5.720291616e-01    7.451236094e-01   -7.520551787e-01
   -1.225322672e-01   -9.699716870e-01    3.602379270e-01    8.816901471e-01   -5.763089124e-01   -7.404572719e-01    7.577687290e-01    5.547550311e-01   -8.937195124e-01   -3.357360750e-01    9.759965172e-01    9.655394293e-02   -9.996584643e-01    1.484268932e-01    9.632842969e-01   -3.844937108e-01   -8.690585246e-01    5.974691335e-01    7.226400296e-01   -7.745625759e-01
   -1.242613755e-01   -9.691182211e-01    3.651093019e-01    8.783802530e-01   -5.834067789e-01   -7.333903953e-01    7.656709775e-01    5.431037376e-01   -9.006446125e-01   -3.192730608e-01    9.799912319e-01    7.572294383e-02   -9.988101062e-01    1.725040915e-01    9.559389148e-01   -4.100766605e-01   -8.540255350e-01    6.223214359e-01    6.993644997e-01   -7.961294253e-01
   -1.259901066e-01   -9.682529861e-01    3.699707005e-01    8.750276901e-01   -5.904603644e-01   -7.262433616e-01    7.734593214e-01    5.313469169e-01   -9.073482308e-01   -3.027131163e-01    9.836259464e-01    5.485884057e-02   -9.974492888e-01    1.964786439e-01    9.479405582e-01   -4.353409078e-01   -8.382432634e-01    6.465616240e-01    6.753225276e-01   -8.167295385e-01
   -1.277184552e-01   -9.673759924e-01    3.748219898e-01    8.716326214e-01   -5.974691335e-01   -7.190169520e-01    7.811326022e-01    5.194868535e-01   -9.138287190e-01   -2.860612690e-01    9.868993257e-01    3.397075442e-02   -9.955767103e-01    2.203362844e-01    9.392946905e-01   -4.602668181e-01   -8.217255566e-01    6.701658554e-01    6.505404611e-01   -8.363379008e-01
   -1.294464160e-01   -9.664872508e-01    3.796630373e-01    8.681952119e-01   -6.044325544e-01   -7.117119562e-01    7.886896782e-01    5.075258519e-01   -9.200844833e-01   -2.693225744e-01    9.898101673e-01    1.306781712e-02   -9.931933315e-01    2.440628171e-01    9.300072176e-01   -4.848350194e-01   -8.044869064e-01    6.931109128e-01    6.250454593e-01   -8.549307019e-01
   -1.311739838e-01   -9.655867720e-01    3.844937108e-01    8.647156284e-01   -6.113500984e-01   -7.043291727e-01    7.961294253e-01    4.954662360e-01   -9.261139853e-01   -2.525021143e-01    9.923574018e-01   -7.840833102e-03   -9.903003752e-01    2.676441238e-01    9.200844833e-01   -5.090264179e-01   -7.865424372e-01    7.153742276e-01    5.988654625e-01   -8.724853645e-01
   -1.329011533e-01   -9.646745669e-01    3.893138783e-01    8.611940401e-01   -6.182212406e-01   -6.968694083e-01    8.034507367e-01    4.833103493e-01   -9.319157424e-01   -2.356049954e-01    9.945400936e-01   -2.874605551e-02   -9.868993257e-01    2.910661727e-01    9.095332656e-01   -5.328222126e-01   -7.679078925e-01    7.369339017e-01    5.720291616e-01   -8.889805723e-01
   -1.346279194e-01   -9.637506467e-01    3.941234080e-01    8.576306179e-01   -6.250454593e-01   -6.893334785e-01    8.106525232e-01    4.710605534e-01   -9.374883276e-01   -2.186363475e-01    9.963574408e-01   -4.963871087e-02   -9.829919280e-01    3.143150269e-01    8.983607719e-01   -5.562039100e-01   -7.485996216e-01    7.577687290e-01    5.445659669e-01   -9.043962951e-01
   -1.363542767e-01   -9.628150225e-01    3.989221686e-01    8.540255350e-01   -6.318222367e-01   -6.817222068e-01    8.177337135e-01    4.587192288e-01   -9.428303708e-01   -2.016013223e-01    9.978087758e-01   -7.050966545e-02   -9.785801869e-01    3.373768526e-01    8.865746335e-01   -5.791533383e-01   -7.286345645e-01    7.778582163e-01    5.165059756e-01   -9.187138137e-01
   -1.380802200e-01   -9.618677057e-01    4.037100289e-01    8.503789665e-01   -6.385510584e-01   -6.740364252e-01    8.246932542e-01    4.462887732e-01   -9.479405582e-01   -1.845050916e-01    9.988935655e-01   -9.134979498e-02   -9.736663659e-01    3.602379270e-01    8.741829015e-01   -6.016526617e-01   -7.080302376e-01    7.971826037e-01    4.878799390e-01   -9.319157424e-01
   -1.398057441e-01   -9.609087078e-01    4.084868580e-01    8.466910895e-01   -6.452314136e-01   -6.662769737e-01    8.315301098e-01    4.337716021e-01   -9.528176331e-01   -1.673528457e-01    9.996114113e-01   -1.121499887e-01   -9.682529861e-01    3.828846472e-01    8.611940401e-01   -6.236843944e-01   -6.868047183e-01    8.157228838e-01    4.587192288e-01   -9.439860501e-01
   -1.415308438e-01   -9.599380405e-01    4.132525255e-01    8.429620832e-01   -6.518627954e-01   -6.584447003e-01    8.382432634e-01    4.211701475e-01   -9.574603962e-01   -1.501497920e-01    9.999620497e-01   -1.329011533e-01   -9.623428249e-01    4.053035374e-01    8.476169217e-01   -6.452314136e-01   -6.649766288e-01    8.334608204e-01    4.290558025e-01   -9.549100799e-01
   -1.432555138e-01   -9.589557156e-01    4.180069012e-01    8.391921288e-01   -6.584447003e-01   -6.505404611e-01    8.448317163e-01    4.084868580e-01   -9.618677057e-01   -1.329011533e-01    9.999453517e-01   -1.535942169e-01   -9.559389148e-01    4.274812576e-01    8.334608204e-01   -6.662769737e-01   -6.425651201e-01    8.503789665e-01    3.989221686e-01   -9.646745669e-01
   -1.449797488e-01   -9.579617449e-01    4.227498551e-01    8.353814093e-01   -6.649766288e-01   -6.425651201e-01    8.512944882e-01    3.957241979e-01   -9.660384778e-01   -1.156121662e-01    9.995613235e-01   -1.742201330e-01   -9.490445413e-01    4.494046114e-01    8.187354059e-01   -6.868047183e-01   -6.195898548e-01    8.664606814e-01    3.683513510e-01   -9.732676540e-01
   -1.467035437e-01   -9.569561405e-01    4.274812576e-01    8.315301098e-01   -6.714580852e-01   -6.345195488e-01    8.576306179e-01    3.828846472e-01   -9.699716870e-01   -9.828807966e-02    9.988101062e-01   -1.947698844e-01   -9.416632417e-01    4.710605534e-01    8.034507367e-01   -7.067986939e-01   -5.960709906e-01    8.816901471e-01    3.373768526e-01   -9.806789068e-01
   -1.484268932e-01   -9.559389148e-01    4.322009795e-01    8.276384176e-01   -6.778885774e-01   -6.264046266e-01    8.638391626e-01    3.699707005e-01   -9.736663659e-01   -8.093415313e-02    9.976919757e-01   -2.152344874e-01   -9.337988031e-01    4.924361978e-01    7.876172533e-01   -7.262433616e-01   -5.720291616e-01    8.960523841e-01    3.060326187e-01   -9.868993257e-01
   -1.501497920e-01   -9.549100799e-01    4.369088918e-01    8.237065215e-01   -6.842676175e-01   -6.182212406e-01    8.699191989e-01    3.569848670e-01   -9.771216060e-01   -6.355565525e-02    9.962073428e-01   -2.356049954e-01   -9.254552607e-01    5.135188252e-01    7.712457711e-01   -7.451236094e-01   -5.474854612e-01    9.095332656e-01    2.743529999e-01   -9.919213574e-01
   -1.518722350e-01   -9.538696485e-01    4.416048658e-01    8.197346126e-01   -6.905947212e-01   -6.099702850e-01    8.758698221e-01    3.439296701e-01   -9.803365575e-01   -4.615786207e-02    9.943567528e-01   -2.558725028e-01   -9.166368951e-01    5.342958907e-01    7.543474730e-01   -7.634247640e-01   -5.224614227e-01    9.221195319e-01    2.423727142e-01   -9.957389035e-01
   -1.535942169e-01   -9.528176331e-01    4.462887732e-01    8.157228838e-01   -6.968694083e-01   -6.016526617e-01    8.816901471e-01    3.308076464e-01   -9.833104299e-01   -2.874605551e-02    9.921408857e-01   -2.760281492e-01   -9.073482308e-01    5.547550311e-01    7.369339017e-01   -7.811326022e-01   -4.969790011e-01    9.337988031e-01    2.101268093e-01   -9.983473286e-01
   -1.553157325e-01   -9.517540465e-01    4.509604862e-01    8.116715301e-01   -7.030912026e-01   -5.932692798e-01    8.873793081e-01    3.176213455e-01   -9.860424919e-01   -1.132552173e-02    9.895605553e-01   -2.960631232e-01   -8.975940336e-01    5.748840727e-01    7.190169520e-01   -7.982333618e-01   -4.710605534e-01    9.445595916e-01    1.776506238e-01   -9.997434651e-01
   -1.570367765e-01   -9.506789017e-01    4.556198769e-01    8.075807481e-01   -7.092596317e-01   -5.848210556e-01    8.929364585e-01    3.043733295e-01   -9.885320716e-01    6.098450433e-03    9.866167096e-01   -3.159686658e-01   -8.873793081e-01    5.946710379e-01    7.006088623e-01   -8.147137526e-01   -4.447288194e-01    9.543913130e-01    1.449797488e-01   -9.999256178e-01
   -1.587573437e-01   -9.495922116e-01    4.602668181e-01    8.034507367e-01   -7.153742276e-01   -5.763089124e-01    8.983607719e-01    2.910661727e-01   -9.907785567e-01    2.352057113e-02    9.833104299e-01   -3.357360750e-01   -8.767092950e-01    6.141041528e-01    6.817222068e-01   -8.305609663e-01   -4.180069012e-01    9.632842969e-01    1.121499887e-01   -9.988935655e-01
   -1.604774290e-01   -9.484939896e-01    4.649011828e-01    7.992816965e-01   -7.214345262e-01   -5.677337805e-01    9.036514411e-01    2.777024606e-01   -9.927813949e-01    4.093555106e-02    9.796429309e-01   -3.553567089e-01   -8.655894689e-01    6.331718539e-01    6.623698864e-01   -8.457626868e-01   -3.909182433e-01    9.712297961e-01    7.919732205e-02   -9.966485613e-01
   -1.621970271e-01   -9.473842488e-01    4.695228443e-01    7.950738299e-01   -7.274400673e-01   -5.590965973e-01    9.088076792e-01    2.642847899e-01   -9.945400936e-01    5.833810308e-02    9.756155598e-01   -3.748219898e-01   -8.540255350e-01    6.518627954e-01    6.425651201e-01   -8.603070997e-01   -3.634866122e-01    9.782199955e-01    4.615786207e-02   -9.931933315e-01
   -1.639161327e-01   -9.462630029e-01    4.741316765e-01    7.908273413e-01   -7.333903953e-01   -5.503983067e-01    9.138287190e-01    2.508157676e-01   -9.960542203e-01    7.572294383e-02    9.712297961e-01   -3.941234080e-01   -8.420234264e-01    6.701658554e-01    6.223214359e-01   -8.741829015e-01   -3.357360750e-01    9.842480195e-01    1.306781712e-02   -9.885320716e-01
   -1.656347406e-01   -9.451302654e-01    4.787275533e-01    7.865424372e-01   -7.392850585e-01   -5.416398594e-01    9.187138137e-01    2.372980109e-01   -9.973234027e-01    9.308479533e-02    9.664872508e-01   -4.132525255e-01   -8.295893010e-01    6.880701429e-01    6.016526617e-01   -8.873793081e-01   -3.076909787e-01    9.893079390e-01   -2.003654902e-02   -9.826704418e-01
   -1.673528457e-01   -9.439860501e-01    4.833103493e-01    7.822193255e-01   -7.451236094e-01   -5.328222126e-01    9.234622365e-01    2.237341463e-01   -9.983473286e-01    1.104183866e-01    9.613896662e-01   -4.322009795e-01   -8.167295385e-01    7.055650044e-01    5.805729159e-01   -8.998860636e-01   -2.793759288e-01    9.933947770e-01   -5.311895685e-02   -9.756155598e-01
   -1.690704427e-01   -9.428303708e-01    4.878799390e-01    7.778582163e-01   -7.509056050e-01   -5.239463302e-01    9.280732809e-01    2.101268093e-01   -9.991257463e-01    1.277184552e-01    9.559389148e-01   -4.509604862e-01   -8.034507367e-01    7.226400296e-01    5.590965973e-01   -9.116934480e-01   -2.508157676e-01    9.965045138e-01   -8.614315096e-02   -9.673759924e-01
   -1.707875264e-01   -9.416632417e-01    4.924361978e-01    7.734593214e-01   -7.566306063e-01   -5.150131822e-01    9.325462612e-01    1.964786439e-01   -9.996584643e-01    1.449797488e-01    9.501369990e-01   -4.695228443e-01   -7.897597087e-01    7.392850585e-01    5.372383758e-01   -9.227922850e-01   -2.220355524e-01    9.986340905e-01   -1.190729397e-01   -9.579617449e-01
   -1.725040915e-01   -9.404846768e-01    4.969790011e-01    7.690228546e-01   -7.622981789e-01   -5.060237450e-01    9.368805117e-01    1.827923019e-01   -9.999453517e-01    1.621970271e-01    9.439860501e-01   -4.878799390e-01   -7.756634788e-01    7.554901865e-01    5.150131822e-01   -9.331739487e-01   -1.930605337e-01    9.997814127e-01   -1.518722350e-01   -9.473842488e-01
   -1.742201330e-01   -9.392946905e-01    5.015082247e-01    7.645490314e-01   -7.679078925e-01   -4.969790011e-01    9.410753878e-01    1.690704427e-01   -9.999863378e-01    1.793650628e-01    9.374883276e-01   -5.060237450e-01   -7.611692794e-01    7.712457711e-01    4.924361978e-01   -9.428303708e-01   -1.639161327e-01    9.999453517e-01   -1.845050916e-01   -9.356563485e-01
   -1.759356455e-01   -9.380932973e-01    5.060237450e-01    7.600380689e-01   -7.734593214e-01   -4.878799390e-01    9.451302654e-01    1.553157325e-01   -9.997814127e-01    1.964786439e-01    9.306462186e-01   -5.239463302e-01   -7.462845471e-01    7.865424372e-01    4.695228443e-01   -9.517540465e-01   -1.346279194e-01    9.991257463e-01   -2.169357468e-01   -9.227922850e-01
   -1.776506238e-01   -9.368805117e-01    5.105254385e-01    7.554901865e-01   -7.789520443e-01   -4.787275533e-01    9.490445413e-01    1.415308438e-01   -9.993306266e-01    2.135325746e-01    9.234622365e-01   -5.416398594e-01   -7.310169187e-01    8.013710826e-01    4.462887732e-01   -9.599380405e-01   -1.052215898e-01    9.973234027e-01   -2.491286594e-01   -9.088076792e-01
   -1.793650628e-01   -9.356563485e-01    5.150131822e-01    7.509056050e-01   -7.843856442e-01   -4.695228443e-01    9.528176331e-01    1.277184552e-01   -9.986340905e-01    2.305216776e-01    9.159390202e-01   -5.590965973e-01   -7.153742276e-01    8.157228838e-01    4.227498551e-01   -9.673759924e-01   -7.572294383e-02    9.945400936e-01   -2.810485488e-01   -8.937195124e-01
   -1.810789572e-01   -9.344208225e-01    5.194868535e-01    7.462845471e-01   -7.897597087e-01   -4.602668181e-01    9.564489796e-01    1.138812503e-01   -9.976919757e-01    2.474407948e-01    9.080793335e-01   -5.763089124e-01   -6.993644997e-01    8.295893010e-01    3.989221686e-01   -9.740621216e-01   -4.615786207e-02    9.907785567e-01   -3.126604337e-01   -8.775461061e-01
   -1.827923019e-01   -9.331739487e-01    5.239463302e-01    7.416272372e-01   -7.950738299e-01   -4.509604862e-01    9.599380405e-01    1.000219180e-01   -9.965045138e-01    2.642847899e-01    8.998860636e-01   -5.932692798e-01   -6.829959490e-01    8.429620832e-01    3.748219898e-01   -9.799912319e-01   -1.655228357e-02    9.860424919e-01   -3.439296701e-01   -8.603070997e-01
   -1.845050916e-01   -9.319157424e-01    5.283914904e-01    7.369339017e-01   -8.003276044e-01   -4.416048658e-01    9.632842969e-01    8.614315096e-02   -9.950719968e-01    2.810485488e-01    8.913622203e-01   -6.099702850e-01   -6.662769737e-01    8.558332731e-01    3.504657808e-01   -9.851587151e-01    1.306781712e-02    9.803365575e-01   -3.748219898e-01   -8.420234264e-01
   -1.862173211e-01   -9.306462186e-01    5.328222126e-01    7.322047685e-01   -8.055206336e-01   -4.322009795e-01    9.664872508e-01    7.224764601e-02   -9.933947770e-01    2.977269824e-01    8.825109348e-01   -6.264046266e-01   -6.492161518e-01    8.681952119e-01    3.258701787e-01   -9.895605553e-01    4.267645272e-02    9.736663659e-01   -4.053035374e-01   -8.227172879e-01
   -1.879289853e-01   -9.293653930e-01    5.372383758e-01    7.274400673e-01   -8.106525232e-01   -4.227498551e-01    9.695464258e-01    5.833810308e-02   -9.914732669e-01    3.143150269e-01    8.733354587e-01   -6.425651201e-01   -6.318222367e-01    8.800405437e-01    3.010519839e-01   -9.931933315e-01    7.224764601e-02    9.660384778e-01   -4.353409078e-01   -8.024121277e-01
   -1.896400789e-01   -9.280732809e-01    5.416398594e-01    7.226400296e-01   -8.157228838e-01   -4.132525255e-01    9.724613669e-01    4.441722482e-02   -9.893079390e-01    3.308076464e-01    8.638391626e-01   -6.584447003e-01   -6.141041528e-01    8.913622203e-01    2.760281492e-01   -9.960542203e-01    1.017554526e-01    9.574603962e-01   -4.649011828e-01   -7.811326022e-01
   -1.913505968e-01   -9.267698982e-01    5.460265429e-01    7.178048886e-01   -8.207313305e-01   -4.037100289e-01    9.752316404e-01    3.048771614e-02   -9.868993257e-01    3.471998337e-01    8.540255350e-01   -6.740364252e-01   -5.960709906e-01    9.021535047e-01    2.508157676e-01   -9.981409983e-01    1.311739838e-01    9.479405582e-01   -4.939519668e-01   -7.589045510e-01
   -1.930605337e-01   -9.254552607e-01    5.503983067e-01    7.129348791e-01   -8.256774831e-01   -3.941234080e-01    9.778568341e-01    1.655228357e-02   -9.842480195e-01    3.634866122e-01    8.438981808e-01   -6.893334785e-01   -5.777320024e-01    9.124079759e-01    2.254320609e-01   -9.994520438e-01    1.604774290e-01    9.374883276e-01   -5.224614227e-01   -7.357549655e-01
   -1.947698844e-01   -9.241293842e-01    5.547550311e-01    7.080302376e-01   -8.305609663e-01   -3.844937108e-01    9.803365575e-01    2.613634839e-03   -9.813546722e-01    3.796630373e-01    8.334608204e-01   -7.043291727e-01   -5.590965973e-01    9.221195319e-01    1.998943680e-01   -9.999863378e-01    1.896400789e-01    9.261139853e-01   -5.503983067e-01   -7.117119562e-01
   -1.964786439e-01   -9.227922850e-01    5.590965973e-01    7.030912026e-01   -8.353814093e-01   -3.748219898e-01    9.826704418e-01   -1.132552173e-02   -9.782199955e-01    3.957241979e-01    8.227172879e-01   -7.190169520e-01   -5.401743367e-01    9.312823942e-01    1.742201330e-01   -9.997434651e-01    2.186363475e-01    9.138287190e-01   -5.777320024e-01   -6.868047183e-01
   -1.981868068e-01   -9.214439792e-01    5.634228865e-01    6.981180138e-01   -8.401384463e-01   -3.651093019e-01    9.848581396e-01   -2.526247772e-02   -9.748447601e-01    4.116652179e-01    8.116715301e-01   -7.333903953e-01   -5.209749289e-01    9.398911105e-01    1.484268932e-01   -9.987236144e-01    2.474407948e-01    9.006446125e-01   -6.044325544e-01   -6.610634967e-01
   -1.998943680e-01   -9.200844833e-01    5.677337805e-01    6.931109128e-01   -8.448317163e-01   -3.553567089e-01    9.868993257e-01   -3.919452511e-02   -9.712297961e-01    4.274812576e-01    8.003276044e-01   -7.474432189e-01   -5.015082247e-01    9.479405582e-01    1.225322672e-01   -9.969275784e-01    2.760281492e-01    8.865746335e-01   -6.304707013e-01   -6.345195488e-01
   -2.016013223e-01   -9.187138137e-01    5.720291616e-01    6.880701429e-01   -8.494608629e-01   -3.455652765e-01    9.887936963e-01   -5.311895685e-02   -9.673759924e-01    4.431675153e-01    7.886896782e-01   -7.611692794e-01   -4.817842118e-01    9.554259477e-01    9.655394293e-02   -9.943567528e-01    3.043733295e-01    8.716326214e-01   -6.558179076e-01   -6.072051067e-01
   -2.033076646e-01   -9.173319871e-01    5.763089124e-01    6.829959490e-01   -8.540255350e-01   -3.357360750e-01    9.905409696e-01   -6.703306738e-02   -9.632842969e-01    4.587192288e-01    7.767620267e-01   -7.745625759e-01   -4.618130099e-01    9.623428249e-01    7.050966545e-02   -9.910131358e-01    3.324514669e-01    8.558332731e-01   -6.804463949e-01   -5.791533383e-01
   -2.050133896e-01   -9.159390202e-01    5.805729159e-01    6.778885774e-01   -8.585253859e-01   -3.258701787e-01    9.921408857e-01   -8.093415313e-02   -9.589557156e-01    4.741316765e-01    7.645490314e-01   -7.876172533e-01   -4.416048658e-01    9.686870741e-01    4.441722482e-02   -9.868993257e-01    3.602379270e-01    8.391921288e-01   -7.043291727e-01   -5.503983067e-01
   -2.067184921e-01   -9.145349300e-01    5.848210556e-01    6.727482764e-01   -8.629600742e-01   -3.159686658e-01    9.935932065e-01   -9.481951307e-02   -9.543913130e-01    4.894001793e-01    7.520551787e-01   -8.003276044e-01   -4.211701475e-01    9.744549201e-01    1.829444407e-02   -9.820185199e-01    3.877083313e-01    8.217255566e-01   -7.274400673e-01   -5.209749289e-01
   -2.084229671e-01   -9.131197336e-01    5.890532155e-01    6.675752957e-01   -8.673292633e-01   -3.060326187e-01    9.948977161e-01   -1.086864492e-01   -9.495922116e-01    5.045201018e-01    7.392850585e-01   -8.126880726e-01   -4.005193396e-01    9.796429309e-01   -7.840833102e-03   -9.763745115e-01    4.148385785e-01    8.034507367e-01   -7.497537514e-01   -4.909189338e-01
   -2.101268093e-01   -9.116934480e-01    5.932692798e-01    6.623698864e-01   -8.716326214e-01   -2.960631232e-01    9.960542203e-01   -1.225322672e-01   -9.445595916e-01    5.194868535e-01    7.262433616e-01   -8.246932542e-01   -3.796630373e-01    9.842480195e-01   -3.397075442e-02   -9.699716870e-01    4.416048658e-01    7.843856442e-01   -7.712457711e-01   -4.602668181e-01
   -2.118300135e-01   -9.102560907e-01    5.974691335e-01    6.571323015e-01   -8.758698221e-01   -2.860612690e-01    9.970625471e-01   -1.363542767e-01   -9.392946905e-01    5.342958907e-01    7.129348791e-01   -8.363379008e-01   -3.586119414e-01    9.882674456e-01   -6.007747129e-02   -9.628150225e-01    4.679837097e-01    7.645490314e-01   -7.918925730e-01   -4.290558025e-01
   -2.135325746e-01   -9.088076792e-01    6.016526617e-01    6.518627954e-01   -8.800405437e-01   -2.760281492e-01    9.979225465e-01   -1.501497920e-01   -9.337988031e-01    5.489427172e-01    6.993644997e-01   -8.476169217e-01   -3.373768526e-01    9.916988175e-01   -8.614315096e-02   -9.549100799e-01    4.939519668e-01    7.439604095e-01   -8.116715301e-01   -3.973237864e-01
   -2.152344874e-01   -9.073482308e-01    6.058197502e-01    6.465616240e-01   -8.841444697e-01   -2.659648605e-01    9.986340905e-01   -1.639161327e-01   -9.280732809e-01    5.634228865e-01    6.855372086e-01   -8.585253859e-01   -3.159686658e-01    9.945400936e-01   -1.121499887e-01   -9.462630029e-01    5.194868535e-01    7.226400296e-01   -8.305609663e-01   -3.651093019e-01
   -2.169357468e-01   -9.058777635e-01    6.099702850e-01    6.412290450e-01   -8.881812885e-01   -2.558725028e-01    9.991970734e-01   -1.776506238e-01   -9.221195319e-01    5.777320024e-01    6.714580852e-01   -8.690585246e-01   -2.943983651e-01    9.967895830e-01   -1.380802200e-01   -9.368805117e-01    5.445659669e-01    7.006088623e-01   -8.485401804e-01   -3.324514669e-01
   -2.186363475e-01   -9.043962951e-01    6.141041528e-01    6.358653172e-01   -8.921506937e-01   -2.457521790e-01    9.996114113e-01   -1.913505968e-01   -9.159390202e-01    5.918657206e-01    6.571323015e-01   -8.792117330e-01   -2.726770175e-01    9.984459473e-01   -1.639161327e-01   -9.267698982e-01    5.691673037e-01    6.778885774e-01   -8.655894689e-01   -2.993899376e-01
   -2.203362844e-01   -9.029038435e-01    6.182212406e-01    6.304707013e-01   -8.960523841e-01   -2.356049954e-01    9.998770427e-01   -2.050133896e-01   -9.095332656e-01    6.058197502e-01    6.425651201e-01   -8.889805723e-01   -2.508157676e-01    9.995082009e-01   -1.896400789e-01   -9.159390202e-01    5.932692798e-01    6.545015226e-01   -8.816901471e-01   -2.659648605e-01
   -2.220355524e-01   -9.014004269e-01    6.223214359e-01    6.250454593e-01   -8.998860636e-01   -2.254320609e-01    9.999939279e-01   -2.186363475e-01   -9.029038435e-01    6.195898548e-01    6.277618922e-01   -8.983607719e-01   -2.288258317e-01    9.999757117e-01   -2.152344874e-01   -9.043962951e-01    6.168507494e-01    6.304707013e-01   -8.968245703e-01   -2.322168236e-01
   -2.237341463e-01   -8.998860636e-01    6.264046266e-01    6.195898548e-01   -9.036514411e-01   -2.152344874e-01    9.999620497e-01   -2.322168236e-01   -8.960523841e-01    6.331718539e-01    6.127280557e-01   -9.073482308e-01   -2.067184921e-01    9.998482016e-01   -2.406818754e-01   -8.921506937e-01    6.398910231e-01    6.058197502e-01   -9.109761523e-01   -1.981868068e-01
   -2.254320609e-01   -8.983607719e-01    6.304707013e-01    6.141041528e-01   -9.073482308e-01   -2.050133896e-01    9.997814127e-01   -2.457521790e-01   -8.889805723e-01    6.465616240e-01    5.974691335e-01   -9.159390202e-01   -1.845050916e-01    9.991257463e-01   -2.659648605e-01   -8.792117330e-01    6.623698864e-01    5.805729159e-01   -9.241293842e-01   -1.639161327e-01
   -2.271292911e-01   -8.968245703e-01    6.345195488e-01    6.085886197e-01   -9.109761523e-01   -1.947698844e-01    9.994520438e-01   -2.592397839e-01   -8.816901471e-01    6.597551000e-01    5.819907308e-01   -9.241293842e-01   -1.621970271e-01    9.978087758e-01   -2.910661727e-01   -8.655894689e-01    6.842676175e-01    5.547550311e-01   -9.362698514e-01   -1.294464160e-01
   -2.288258317e-01   -8.952774775e-01    6.385510584e-01    6.030435235e-01   -9.145349300e-01   -1.845050916e-01    9.989739921e-01   -2.726770175e-01   -8.741829015e-01    6.727482764e-01    5.662985337e-01   -9.319157424e-01   -1.398057441e-01    9.958980737e-01   -3.159686658e-01   -8.512944882e-01    7.055650044e-01    5.283914904e-01   -9.473842488e-01   -9.481951307e-02
   -2.305216776e-01   -8.937195124e-01    6.425651201e-01    5.974691335e-01   -9.180242940e-01   -1.742201330e-01    9.983473286e-01   -2.860612690e-01   -8.664606814e-01    6.855372086e-01    5.503983067e-01   -9.392946905e-01   -1.173427311e-01    9.933947770e-01   -3.406553298e-01   -8.363379008e-01    7.262433616e-01    5.015082247e-01   -9.574603962e-01   -6.007747129e-02
   -2.322168236e-01   -8.921506937e-01    6.465616240e-01    5.918657206e-01   -9.214439792e-01   -1.639161327e-01    9.975721466e-01   -2.993899376e-01   -8.585253859e-01    6.981180138e-01    5.342958907e-01   -9.462630029e-01   -9.481951307e-02    9.903003752e-01   -3.651093019e-01   -8.207313305e-01    7.462845471e-01    4.741316765e-01   -9.664872508e-01   -2.526247772e-02
   -2.339112646e-01   -8.905710406e-01    6.505404611e-01    5.862335568e-01   -9.247937263e-01   -1.535942169e-01    9.966485613e-01   -3.126604337e-01   -8.503789665e-01    7.104868725e-01    5.179972009e-01   -9.528176331e-01   -7.224764601e-02    9.866167096e-01   -3.893138783e-01   -8.044869064e-01    7.656709775e-01    4.462887732e-01   -9.744549201e-01    9.583191966e-03
   -2.356049954e-01   -8.889805723e-01    6.545015226e-01    5.805729159e-01   -9.280732809e-01   -1.432555138e-01    9.955767103e-01   -3.258701787e-01   -8.420234264e-01    7.226400296e-01    5.015082247e-01   -9.589557156e-01   -4.963871087e-02    9.823459720e-01   -4.132525255e-01   -7.876172533e-01    7.843856442e-01    4.180069012e-01   -9.813546722e-01    4.441722482e-02
   -2.372980109e-01   -8.873793081e-01    6.584447003e-01    5.748840727e-01   -9.312823942e-01   -1.329011533e-01    9.943567528e-01   -3.390166058e-01   -8.334608204e-01    7.345737955e-01    4.848350194e-01   -9.646745669e-01   -2.700430761e-02    9.774907039e-01   -4.369088918e-01   -7.701354820e-01    8.024121277e-01    3.893138783e-01   -9.871789456e-01    7.919732205e-02
   -2.389903060e-01   -8.857672673e-01    6.623698864e-01    5.691673037e-01   -9.344208225e-01   -1.225322672e-01    9.929888706e-01   -3.520971608e-01   -8.246932542e-01    7.462845471e-01    4.679837097e-01   -9.699716870e-01   -4.356049249e-03    9.720537941e-01   -4.602668181e-01   -7.520551787e-01    8.197346126e-01    3.602379270e-01   -9.919213574e-01    1.138812503e-01
   -2.406818754e-01   -8.841444697e-01    6.662769737e-01    5.634228865e-01   -9.374883276e-01   -1.121499887e-01    9.914732669e-01   -3.651093019e-01   -8.157228838e-01    7.577687290e-01    4.509604862e-01   -9.748447601e-01    1.829444407e-02    9.660384778e-01   -4.833103493e-01   -7.333903953e-01    8.363379008e-01    3.308076464e-01   -9.955767103e-01    1.484268932e-01
   -2.423727142e-01   -8.825109348e-01    6.701658554e-01    5.576511002e-01   -9.404846768e-01   -1.017554526e-01    9.898101673e-01   -3.780505010e-01   -8.065519152e-01    7.690228546e-01    4.337716021e-01   -9.792916557e-01    4.093555106e-02    9.594483345e-01   -5.060237450e-01   -7.141556375e-01    8.522074254e-01    3.010519839e-01   -9.981409983e-01    1.827923019e-01
   -2.440628171e-01   -8.808666826e-01    6.740364252e-01    5.518522251e-01   -9.434096426e-01   -9.134979498e-02    9.879998192e-01   -3.909182433e-01   -7.971826037e-01    7.800435074e-01    4.164233720e-01   -9.833104299e-01    6.355565525e-02    9.522872854e-01   -5.283914904e-01   -6.943658540e-01    8.673292633e-01    2.710002073e-01   -9.996114113e-01    2.169357468e-01
   -2.457521790e-01   -8.792117330e-01    6.778885774e-01    5.460265429e-01   -9.462630029e-01   -8.093415313e-02    9.860424919e-01   -4.037100289e-01   -7.876172533e-01    7.908273413e-01    3.989221686e-01   -9.868993257e-01    8.614315096e-02    9.445595916e-01   -5.503983067e-01   -6.740364252e-01    8.816901471e-01    2.406818754e-01   -9.999863378e-01    2.508157676e-01
   -2.474407948e-01   -8.775461061e-01    6.817222068e-01    5.401743367e-01   -9.490445413e-01   -7.050966545e-02    9.839384766e-01   -4.164233720e-01   -7.778582163e-01    8.013710826e-01    3.812744210e-01   -9.900567742e-01    1.086864492e-01    9.362698514e-01   -5.720291616e-01   -6.531831505e-01    8.952774775e-01    2.101268093e-01   -9.992653669e-01    2.843912240e-01
   -2.491286594e-01   -8.758698221e-01    6.855372086e-01    5.342958907e-01   -9.517540465e-01   -6.007747129e-02    9.816880863e-01   -4.290558025e-01   -7.679078925e-01    8.116715301e-01    3.634866122e-01   -9.927813949e-01    1.311739838e-01    9.274229974e-01   -5.932692798e-01   -6.318222367e-01    9.080793335e-01    1.793650628e-01   -9.974492888e-01    3.176213455e-01
   -2.508157676e-01   -8.741829015e-01    6.893334785e-01    5.283914904e-01   -9.543913130e-01   -4.963871087e-02    9.792916557e-01   -4.416048658e-01   -7.577687290e-01    8.217255566e-01    3.455652765e-01   -9.950719968e-01    1.535942169e-01    9.180242940e-01   -6.141041528e-01   -6.099702850e-01    9.200844833e-01    1.484268932e-01   -9.945400936e-01    3.504657808e-01
   -2.525021143e-01   -8.724853645e-01    6.931109128e-01    5.224614227e-01   -9.569561405e-01   -3.919452511e-02    9.767495415e-01   -4.540681236e-01   -7.474432189e-01    8.315301098e-01    3.275169973e-01   -9.969275784e-01    1.759356455e-01    9.080793335e-01   -6.345195488e-01   -5.876442782e-01    9.312823942e-01    1.173427311e-01   -9.905409696e-01    3.828846472e-01
   -2.541876944e-01   -8.707772320e-01    6.968694083e-01    5.165059756e-01   -9.594483345e-01   -2.874605551e-02    9.740621216e-01   -4.664431543e-01   -7.369339017e-01    8.410822131e-01    3.093484046e-01   -9.983473286e-01    1.981868068e-01    8.975940336e-01   -6.545015226e-01   -5.648615676e-01    9.416632417e-01    8.614315096e-02   -9.854562995e-01    4.148385785e-01
   -2.558725028e-01   -8.690585246e-01    7.006088623e-01    5.105254385e-01   -9.618677057e-01   -1.829444407e-02    9.712297961e-01   -4.787275533e-01   -7.262433616e-01    8.503789665e-01    2.910661727e-01   -9.993306266e-01    2.203362844e-01    8.865746335e-01   -6.740364252e-01   -5.416398594e-01    9.512179181e-01    5.485884057e-02   -9.792916557e-01    4.462887732e-01
   -2.575565343e-01   -8.673292633e-01    7.043291727e-01    5.045201018e-01   -9.642140705e-01   -7.840833102e-03    9.682529861e-01   -4.909189338e-01   -7.153742276e-01    8.594175474e-01    2.726770175e-01   -9.998770427e-01    2.423727142e-01    8.750276901e-01   -6.931109128e-01   -5.179972009e-01    9.599380405e-01    2.352057113e-02   -9.720537941e-01    4.771970416e-01
   -2.592397839e-01   -8.655894689e-01    7.080302376e-01    4.984902573e-01   -9.664872508e-01    2.613634839e-03    9.651321345e-01   -5.030149268e-01   -7.043291727e-01    8.681952119e-01    2.541876944e-01   -9.999863378e-01    2.642847899e-01    8.629600742e-01   -7.117119562e-01   -4.939519668e-01    9.678159584e-01   -7.840833102e-03   -9.637506467e-01    5.075258519e-01
   -2.609222464e-01   -8.638391626e-01    7.117119562e-01    4.924361978e-01   -9.686870741e-01    1.306781712e-02    9.618677057e-01   -5.150131822e-01   -6.931109128e-01    8.767092950e-01    2.356049954e-01   -9.996584643e-01    2.860612690e-01    8.503789665e-01   -7.298268495e-01   -4.695228443e-01    9.748447601e-01   -3.919452511e-02   -9.543913130e-01    5.372383758e-01
   -2.626039168e-01   -8.620783658e-01    7.153742276e-01    4.863582175e-01   -9.708133734e-01    2.352057113e-02    9.584601852e-01   -5.269113685e-01   -6.817222068e-01    8.849572119e-01    2.169357468e-01   -9.988935655e-01    3.076909787e-01    8.372918531e-01   -7.474432189e-01   -4.447288194e-01    9.810182787e-01   -7.050966545e-02   -9.439860501e-01    5.662985337e-01
   -2.642847899e-01   -8.603070997e-01    7.190169520e-01    4.802566116e-01   -9.728659873e-01    3.397075442e-02    9.549100799e-01   -5.387071740e-01   -6.701658554e-01    8.929364585e-01    1.981868068e-01   -9.976919757e-01    3.291628215e-01    8.237065215e-01   -7.645490314e-01   -4.195891613e-01    9.863310980e-01   -1.017554526e-01   -9.325462612e-01    5.946710379e-01
   -2.659648605e-01   -8.585253859e-01    7.226400296e-01    4.741316765e-01   -9.748447601e-01    4.441722482e-02    9.512179181e-01   -5.503983067e-01   -6.584447003e-01    9.006446125e-01    1.793650628e-01   -9.960542203e-01    3.504657808e-01    8.096310552e-01   -7.811326022e-01   -3.941234080e-01    9.907785567e-01   -1.329011533e-01   -9.200844833e-01    6.223214359e-01
   -2.676441238e-01   -8.567332460e-01    7.262433616e-01    4.679837097e-01   -9.767495415e-01    5.485884057e-02    9.473842488e-01   -5.619824948e-01   -6.465616240e-01    9.080793335e-01    1.604774290e-01   -9.939810152e-01    3.715889267e-01    7.950738299e-01   -7.971826037e-01   -3.683513510e-01    9.943567528e-01   -1.639161327e-01   -9.066143735e-01    6.492161518e-01
   -2.693225744e-01   -8.549307019e-01    7.298268495e-01    4.618130099e-01   -9.785801869e-01    6.529446043e-02    9.434096426e-01   -5.734574877e-01   -6.345195488e-01    9.152383645e-01    1.415308438e-01   -9.914732669e-01    3.925214215e-01    7.800435074e-01   -8.126880726e-01   -3.422930196e-01    9.970625471e-01   -1.947698844e-01   -8.921506937e-01    6.753225276e-01
   -2.710002073e-01   -8.531177752e-01    7.333903953e-01    4.556198769e-01   -9.803365575e-01    7.572294383e-02    9.392946905e-01   -5.848210556e-01   -6.223214359e-01    9.221195319e-01    1.225322672e-01   -9.885320716e-01    4.132525255e-01    7.645490314e-01   -8.276384176e-01   -3.159686658e-01    9.988935655e-01   -2.254320609e-01   -8.767092950e-01    7.006088623e-01
   -2.726770175e-01   -8.512944882e-01    7.369339017e-01    4.494046114e-01   -9.820185199e-01    8.614315096e-02    9.350400049e-01   -5.960709906e-01   -6.099702850e-01    9.287207468e-01    1.034886783e-01   -9.851587151e-01    4.337716021e-01    7.485996216e-01   -8.420234264e-01   -2.893987484e-01    9.998482016e-01   -2.558725028e-01   -8.603070997e-01    7.250444510e-01
   -2.743529999e-01   -8.494608629e-01    7.404572719e-01    4.431675153e-01   -9.836259464e-01    9.655394293e-02    9.306462186e-01   -6.072051067e-01   -5.974691335e-01    9.350400049e-01    8.440707286e-02   -9.813546722e-01    4.540681236e-01    7.322047685e-01   -8.558332731e-01   -2.626039168e-01    9.999256178e-01   -2.860612690e-01   -8.429620832e-01    7.485996216e-01
   -2.760281492e-01   -8.476169217e-01    7.439604095e-01    4.369088918e-01   -9.851587151e-01    1.069541819e-01    9.261139853e-01   -6.182212406e-01   -5.848210556e-01    9.410753878e-01    6.529446043e-02   -9.771216060e-01    4.741316765e-01    7.153742276e-01   -8.690585246e-01   -2.356049954e-01    9.991257463e-01   -3.159686658e-01   -8.246932542e-01    7.712457711e-01
   -2.777024606e-01   -8.457626868e-01    7.474432189e-01    4.306290447e-01   -9.866167096e-01    1.173427311e-01    9.214439792e-01   -6.291172518e-01   -5.720291616e-01    9.468250632e-01    4.615786207e-02   -9.724613669e-01    4.939519668e-01    6.981180138e-01   -8.816901471e-01   -2.084229671e-01    9.974492888e-01   -3.455652765e-01   -8.055206336e-01    7.929554005e-01
   -2.793759288e-01   -8.438981808e-01    7.509056050e-01    4.243282791e-01   -9.879998192e-01    1.277184552e-01    9.166368951e-01   -6.398910231e-01   -5.590965973e-01    9.522872854e-01    2.700430761e-02   -9.673759924e-01    5.135188252e-01    6.804463949e-01   -8.937195124e-01   -1.810789572e-01    9.948977161e-01   -3.748219898e-01   -7.854652330e-01    8.137021478e-01
   -2.810485488e-01   -8.420234264e-01    7.543474730e-01    4.180069012e-01   -9.893079390e-01    1.380802200e-01    9.116934480e-01   -6.505404611e-01   -5.460265429e-01    9.574603962e-01    7.840833102e-03   -9.618677057e-01    5.328222126e-01    6.623698864e-01   -9.051384033e-01   -1.535942169e-01    9.914732669e-01   -4.037100289e-01   -7.645490314e-01    8.334608204e-01
   -2.827203156e-01   -8.401384463e-01    7.577687290e-01    4.116652179e-01   -9.905409696e-01    1.484268932e-01    9.066143735e-01   -6.610634967e-01   -5.328222126e-01    9.623428249e-01   -1.132552173e-02   -9.559389148e-01    5.518522251e-01    6.438992443e-01   -9.159390202e-01   -1.259901066e-01    9.871789456e-01   -4.322009795e-01   -7.427949510e-01    8.522074254e-01
   -2.843912240e-01   -8.382432634e-01    7.611692794e-01    4.053035374e-01   -9.916988175e-01    1.587573437e-01    9.014004269e-01   -6.714580852e-01   -5.194868535e-01    9.669330894e-01   -3.048771614e-02   -9.495922116e-01    5.705990989e-01    6.250454593e-01   -9.261139853e-01   -9.828807966e-02    9.820185199e-01   -4.602668181e-01   -7.202268324e-01    8.699191989e-01
   -2.860612690e-01   -8.363379008e-01    7.645490314e-01    3.989221686e-01   -9.927813949e-01    1.690704427e-01    8.960523841e-01   -6.817222068e-01   -5.060237450e-01    9.712297961e-01   -4.963871087e-02   -9.428303708e-01    5.890532155e-01    6.058197502e-01   -9.356563485e-01   -7.050966545e-02    9.759965172e-01   -4.878799390e-01   -6.968694083e-01    8.865746335e-01
   -2.877304455e-01   -8.344223815e-01    7.679078925e-01    3.925214215e-01   -9.937886195e-01    1.793650628e-01    8.905710406e-01   -6.918538673e-01   -4.924361978e-01    9.752316404e-01   -6.877147081e-02   -9.356563485e-01    6.072051067e-01    5.862335568e-01   -9.445595916e-01   -4.267645272e-02    9.691182211e-01   -5.150131822e-01   -6.727482764e-01    9.021535047e-01
   -2.893987484e-01   -8.324967289e-01    7.712457711e-01    3.861016072e-01   -9.947204148e-01    1.896400789e-01    8.849572119e-01   -7.018510979e-01   -4.787275533e-01    9.789374074e-01   -8.787896753e-02   -9.280732809e-01    6.250454593e-01    5.662985337e-01   -9.528176331e-01   -1.481007283e-02    9.613896662e-01   -5.416398594e-01   -6.478898714e-01    9.166368951e-01
   -2.910661727e-01   -8.305609663e-01    7.745625759e-01    3.796630373e-01   -9.955767103e-01    1.998943680e-01    8.792117330e-01   -7.117119562e-01   -4.649011828e-01    9.823459720e-01   -1.069541819e-01   -9.200844833e-01    6.425651201e-01    5.460265429e-01   -9.604248321e-01    1.306781712e-02    9.528176331e-01   -5.677337805e-01   -6.223214359e-01    9.300072176e-01
   -2.927327133e-01   -8.286151172e-01    7.778582163e-01    3.732060248e-01   -9.963574408e-01    2.101268093e-01    8.733354587e-01   -7.214345262e-01   -4.509604862e-01    9.854562995e-01   -1.259901066e-01   -9.116934480e-01    6.597551000e-01    5.254296470e-01   -9.673759924e-01    4.093555106e-02    9.434096426e-01   -5.932692798e-01   -5.960709906e-01    9.422482366e-01
   -2.943983651e-01   -8.266592052e-01    7.811326022e-01    3.667308832e-01   -9.970625471e-01    2.203362844e-01    8.673292633e-01   -7.310169187e-01   -4.369088918e-01    9.882674456e-01   -1.449797488e-01   -9.029038435e-01    6.766065796e-01    5.045201018e-01   -9.736663659e-01    6.877147081e-02    9.331739487e-01   -6.182212406e-01   -5.691673037e-01    9.533450880e-01
   -2.960631232e-01   -8.246932542e-01    7.843856442e-01    3.602379270e-01   -9.976919757e-01    2.305216776e-01    8.611940401e-01   -7.404572719e-01   -4.227498551e-01    9.907785567e-01   -1.639161327e-01   -8.937195124e-01    6.931109128e-01    4.833103493e-01   -9.792916557e-01    9.655394293e-02    9.221195319e-01   -6.425651201e-01   -5.416398594e-01    9.632842969e-01
   -2.977269824e-01   -8.227172879e-01    7.876172533e-01    3.537274718e-01   -9.982456788e-01    2.406818754e-01    8.549307019e-01   -7.497537514e-01   -4.084868580e-01    9.929888706e-01   -1.827923019e-01   -8.841444697e-01    7.092596317e-01    4.618130099e-01   -9.842480195e-01    1.242613755e-01    9.102560907e-01   -6.662769737e-01   -5.135188252e-01    9.720537941e-01
   -2.993899376e-01   -8.207313305e-01    7.908273413e-01    3.471998337e-01   -9.987236144e-01    2.508157676e-01    8.485401804e-01   -7.589045510e-01   -3.941234080e-01    9.948977161e-01   -2.016013223e-01   -8.741829015e-01    7.250444510e-01    4.400408755e-01   -9.885320716e-01    1.518722350e-01    8.975940336e-01   -6.893334785e-01   -4.848350194e-01    9.796429309e-01
   -3.010519839e-01   -8.187354059e-01    7.940158205e-01    3.406553298e-01   -9.991257463e-01    2.609222464e-01    8.420234264e-01   -7.679078925e-01   -3.796630373e-01    9.965045138e-01   -2.203362844e-01   -8.638391626e-01    7.404572719e-01    4.180069012e-01   -9.921408857e-01    1.793650628e-01    8.841444697e-01   -7.117119562e-01   -4.556198769e-01    9.860424919e-01
   -3.027131163e-01   -8.167295385e-01    7.971826037e-01    3.340942781e-01   -9.994520438e-01    2.710002073e-01    8.353814093e-01   -7.767620267e-01   -3.651093019e-01    9.978087758e-01   -2.389903060e-01   -8.531177752e-01    7.554901865e-01    3.957241979e-01   -9.950719968e-01    2.067184921e-01    8.699191989e-01   -7.333903953e-01   -4.259054149e-01    9.912447060e-01
   -3.043733295e-01   -8.147137526e-01    8.003276044e-01    3.275169973e-01   -9.997024823e-01    2.810485488e-01    8.286151172e-01   -7.854652330e-01   -3.504657808e-01    9.988101062e-01   -2.575565343e-01   -8.420234264e-01    7.701354820e-01    3.732060248e-01   -9.973234027e-01    2.339112646e-01    8.549307019e-01   -7.543474730e-01   -3.957241979e-01    9.952432564e-01
   -3.060326187e-01   -8.126880726e-01    8.034507367e-01    3.209238068e-01   -9.998770427e-01    2.910661727e-01    8.217255566e-01   -7.940158205e-01   -3.357360750e-01    9.995082009e-01   -2.760281492e-01   -8.305609663e-01    7.843856442e-01    3.504657808e-01   -9.988935655e-01    2.609222464e-01    8.391921288e-01   -7.745625759e-01   -3.651093019e-01    9.980332874e-01
   -3.076909787e-01   -8.106525232e-01    8.065519152e-01    3.143150269e-01   -9.999757117e-01    3.010519839e-01    8.147137526e-01   -8.024121277e-01   -3.209238068e-01    9.999028481e-01   -2.943983651e-01   -8.187354059e-01    7.982333618e-01    3.275169973e-01   -9.997814127e-01    2.877304455e-01    8.227172879e-01   -7.940158205e-01   -3.340942781e-01    9.996114113e-01
   -3.093484046e-01   -8.086071292e-01    8.096310552e-01    3.076909787e-01   -9.999984820e-01    3.110048912e-01    8.075807481e-01   -8.106525232e-01   -3.060326187e-01    9.999939279e-01   -3.126604337e-01   -8.065519152e-01    8.116715301e-01    3.043733295e-01   -9.999863378e-01    3.143150269e-01    8.055206336e-01   -8.126880726e-01   -3.027131163e-01    9.999757117e-01
   -3.110048912e-01   -8.065519152e-01    8.126880726e-01    3.010519839e-01   -9.999453517e-01    3.209238068e-01    8.003276044e-01   -8.187354059e-01   -2.910661727e-01    9.997814127e-01   -3.308076464e-01   -7.940158205e-01    8.246932542e-01    2.810485488e-01   -9.995082009e-01    3.406553298e-01    7.876172533e-01   -8.305609663e-01   -2.710002073e-01    9.991257463e-01
   -3.126604337e-01   -8.044869064e-01    8.157228838e-01    2.943983651e-01   -9.998163249e-01    3.308076464e-01    7.929554005e-01   -8.266592052e-01   -2.760281492e-01    9.992653669e-01   -3.488333368e-01   -7.811326022e-01    8.372918531e-01    2.575565343e-01   -9.983473286e-01    3.667308832e-01    7.690228546e-01   -8.476169217e-01   -2.389903060e-01    9.970625471e-01
   -3.143150269e-01   -8.024121277e-01    8.187354059e-01    2.877304455e-01   -9.996114113e-01    3.406553298e-01    7.854652330e-01   -8.344223815e-01   -2.609222464e-01    9.984459473e-01   -3.667308832e-01   -7.679078925e-01    8.494608629e-01    2.339112646e-01   -9.965045138e-01    3.925214215e-01    7.497537514e-01   -8.638391626e-01   -2.067184921e-01    9.937886195e-01
   -3.159686658e-01   -8.003276044e-01    8.217255566e-01    2.810485488e-01   -9.993306266e-01    3.504657808e-01    7.778582163e-01   -8.420234264e-01   -2.457521790e-01    9.973234027e-01   -3.844937108e-01   -7.543474730e-01    8.611940401e-01    2.101268093e-01   -9.939810152e-01    4.180069012e-01    7.298268495e-01   -8.792117330e-01   -1.742201330e-01    9.893079390e-01
   -3.176213455e-01   -7.982333618e-01    8.246932542e-01    2.743529999e-01   -9.989739921e-01    3.602379270e-01    7.701354820e-01   -8.494608629e-01   -2.305216776e-01    9.958980737e-01   -4.021152947e-01   -7.404572719e-01    8.724853645e-01    1.862173211e-01   -9.907785567e-01    4.431675153e-01    7.092596317e-01   -8.937195124e-01   -1.415308438e-01    9.836259464e-01
   -3.192730608e-01   -7.961294253e-01    8.276384176e-01    2.676441238e-01   -9.985415347e-01    3.699707005e-01    7.622981789e-01   -8.567332460e-01   -2.152344874e-01    9.941703932e-01   -4.195891613e-01   -7.262433616e-01    8.833290432e-01    1.621970271e-01   -9.868993257e-01    4.679837097e-01    6.880701429e-01   -9.073482308e-01   -1.086864492e-01    9.767495415e-01
   -3.209238068e-01   -7.940158205e-01    8.305609663e-01    2.609222464e-01   -9.980332874e-01    3.796630373e-01    7.543474730e-01   -8.638391626e-01   -1.998943680e-01    9.921408857e-01   -4.369088918e-01   -7.117119562e-01    8.937195124e-01    1.380802200e-01   -9.823459720e-01    4.924361978e-01    6.662769737e-01   -9.200844833e-01   -7.572294383e-02    9.686870741e-01
   -3.225735784e-01   -7.918925730e-01    8.334608204e-01    2.541876944e-01   -9.974492888e-01    3.893138783e-01    7.462845471e-01   -8.707772320e-01   -1.845050916e-01    9.898101673e-01   -4.540681236e-01   -6.968694083e-01    9.036514411e-01    1.138812503e-01   -9.771216060e-01    5.165059756e-01    6.438992443e-01   -9.319157424e-01   -4.267645272e-02    9.594483345e-01
   -3.242223707e-01   -7.897597087e-01    8.363379008e-01    2.474407948e-01   -9.967895830e-01    3.989221686e-01    7.381106006e-01   -8.775461061e-01   -1.690704427e-01    9.871789456e-01   -4.710605534e-01   -6.817222068e-01    9.131197336e-01    8.961451729e-02   -9.712297961e-01    5.401743367e-01    6.209565880e-01   -9.428303708e-01   -9.583191966e-03    9.490445413e-01
   -3.258701787e-01   -7.876172533e-01    8.391921288e-01    2.406818754e-01   -9.960542203e-01    4.084868580e-01    7.298268495e-01   -8.841444697e-01   -1.535942169e-01    9.842480195e-01   -4.878799390e-01   -6.662769737e-01    9.221195319e-01    6.529446043e-02   -9.646745669e-01    5.634228865e-01    5.974691335e-01   -9.528176331e-01    2.352057113e-02    9.374883276e-01
   -3.275169973e-01   -7.854652330e-01    8.420234264e-01    2.339112646e-01   -9.952432564e-01    4.180069012e-01    7.214345262e-01   -8.905710406e-01   -1.380802200e-01    9.810182787e-01   -5.045201018e-01   -6.505404611e-01    9.306462186e-01    4.093555106e-02   -9.574603962e-01    5.862335568e-01    5.734574877e-01   -9.618677057e-01    5.659855774e-02    9.247937263e-01
   -3.291628215e-01   -7.833036739e-01    8.448317163e-01    2.271292911e-01   -9.943567528e-01    4.274812576e-01    7.129348791e-01   -8.968245703e-01   -1.225322672e-01    9.774907039e-01   -5.209749289e-01   -6.345195488e-01    9.386954189e-01    1.655228357e-02   -9.495922116e-01    6.085886197e-01    5.489427172e-01   -9.699716870e-01    8.961451729e-02    9.109761523e-01
   -3.308076464e-01   -7.811326022e-01    8.476169217e-01    2.203362844e-01   -9.933947770e-01    4.369088918e-01    7.043291727e-01   -9.029038435e-01   -1.069541819e-01    9.736663659e-01   -5.372383758e-01   -6.182212406e-01    9.462630029e-01   -7.840833102e-03   -9.410753878e-01    6.304707013e-01    5.239463302e-01   -9.771216060e-01    1.225322672e-01    8.960523841e-01
   -3.324514669e-01   -7.789520443e-01    8.503789665e-01    2.135325746e-01   -9.923574018e-01    4.462887732e-01    6.956186871e-01   -9.088076792e-01   -9.134979498e-02    9.695464258e-01   -5.533044680e-01   -6.016526617e-01    9.533450880e-01   -3.222928420e-02   -9.319157424e-01    6.518627954e-01    4.984902573e-01   -9.833104299e-01    1.553157325e-01    8.800405437e-01
   -3.340942781e-01   -7.767620267e-01    8.531177752e-01    2.067184921e-01   -9.912447060e-01    4.556198769e-01    6.868047183e-01   -9.145349300e-01   -7.572294383e-02    9.651321345e-01   -5.691673037e-01   -5.848210556e-01    9.599380405e-01   -5.659855774e-02   -9.221195319e-01    6.727482764e-01    4.725968324e-01   -9.885320716e-01    1.879289853e-01    8.629600742e-01
   -3.357360750e-01   -7.745625759e-01    8.558332731e-01    1.998943680e-01   -9.900567742e-01    4.649011828e-01    6.778885774e-01   -9.200844833e-01   -6.007747129e-02    9.604248321e-01   -5.848210556e-01   -5.677337805e-01    9.660384778e-01   -8.093415313e-02   -9.116934480e-01    6.931109128e-01    4.462887732e-01   -9.927813949e-01    2.203362844e-01    8.448317163e-01
   -3.373768526e-01   -7.723537187e-01    8.585253859e-01    1.930605337e-01   -9.887936963e-01    4.741316765e-01    6.688715909e-01   -9.254552607e-01   -4.441722482e-02    9.554259477e-01   -6.002599733e-01   -5.503983067e-01    9.716432700e-01   -1.052215898e-01   -9.006446125e-01    7.129348791e-01    4.195891613e-01   -9.960542203e-01    2.525021143e-01    8.256774831e-01
   -3.390166058e-01   -7.701354820e-01    8.611940401e-01    1.862173211e-01   -9.874555684e-01    4.833103493e-01    6.597551000e-01   -9.306462186e-01   -2.874605551e-02    9.501369990e-01   -6.154783854e-01   -5.328222126e-01    9.767495415e-01   -1.294464160e-01   -8.889805723e-01    7.322047685e-01    3.925214215e-01   -9.983473286e-01    2.843912240e-01    8.055206336e-01
   -3.406553298e-01   -7.679078925e-01    8.638391626e-01    1.793650628e-01   -9.860424919e-01    4.924361978e-01    6.505404611e-01   -9.356563485e-01   -1.306781712e-02    9.445595916e-01   -6.304707013e-01   -5.150131822e-01    9.813546722e-01   -1.535942169e-01   -8.767092950e-01    7.509056050e-01    3.651093019e-01   -9.996584643e-01    3.159686658e-01    7.843856442e-01
   -3.422930196e-01   -7.656709775e-01    8.664606814e-01    1.725040915e-01   -9.845545741e-01    5.015082247e-01    6.412290450e-01   -9.404846768e-01    2.613634839e-03    9.386954189e-01   -6.452314136e-01   -4.969790011e-01    9.854562995e-01   -1.776506238e-01   -8.638391626e-01    7.690228546e-01    3.373768526e-01   -9.999863378e-01    3.471998337e-01    7.622981789e-01
   -3.439296701e-01   -7.634247640e-01    8.690585246e-01    1.656347406e-01   -9.829919280e-01    5.105254385e-01    6.318222367e-01   -9.451302654e-01    1.829444407e-02    9.325462612e-01   -6.597551000e-01   -4.787275533e-01    9.890523190e-01   -2.016013223e-01   -8.503789665e-01    7.865424372e-01    3.093484046e-01   -9.993306266e-01    3.780505010e-01    7.392850585e-01
   -3.455652765e-01   -7.611692794e-01    8.716326214e-01    1.587573437e-01   -9.813546722e-01    5.194868535e-01    6.223214359e-01   -9.495922116e-01    3.397075442e-02    9.261139853e-01   -6.740364252e-01   -4.602668181e-01    9.921408857e-01   -2.254320609e-01   -8.363379008e-01    8.034507367e-01    2.810485488e-01   -9.976919757e-01    4.084868580e-01    7.153742276e-01
   -3.471998337e-01   -7.589045510e-01    8.741829015e-01    1.518722350e-01   -9.796429309e-01    5.283914904e-01    6.127280557e-01   -9.538696485e-01    4.963871087e-02    9.194005442e-01   -6.880701429e-01   -4.416048658e-01    9.947204148e-01   -2.491286594e-01   -8.217255566e-01    8.197346126e-01    2.525021143e-01   -9.950719968e-01    4.384755493e-01    6.905947212e-01
   -3.488333368e-01   -7.566306063e-01    8.767092950e-01    1.449797488e-01   -9.778568341e-01    5.372383758e-01    6.030435235e-01   -9.579617449e-01    6.529446043e-02    9.124079759e-01   -7.018510979e-01   -4.227498551e-01    9.967895830e-01   -2.726770175e-01   -8.065519152e-01    8.353814093e-01    2.237341463e-01   -9.914732669e-01    4.679837097e-01    6.649766288e-01
   -3.504657808e-01   -7.543474730e-01    8.792117330e-01    1.380802200e-01   -9.759965172e-01    5.460265429e-01    5.932692798e-01   -9.618677057e-01    8.093415313e-02    9.051384033e-01   -7.153742276e-01   -4.037100289e-01    9.983473286e-01   -2.960631232e-01   -7.908273413e-01    8.503789665e-01    1.947698844e-01   -9.868993257e-01    4.969790011e-01    6.385510584e-01
   -3.520971608e-01   -7.520551787e-01    8.816901471e-01    1.311739838e-01   -9.740621216e-01    5.547550311e-01    5.834067789e-01   -9.655867720e-01    9.655394293e-02    8.975940336e-01   -7.286345645e-01   -3.844937108e-01    9.993928523e-01   -3.192730608e-01   -7.745625759e-01    8.647156284e-01    1.656347406e-01   -9.813546722e-01    5.254296470e-01    6.113500984e-01
   -3.537274718e-01   -7.497537514e-01    8.841444697e-01    1.242613755e-01   -9.720537941e-01    5.634228865e-01    5.734574877e-01   -9.691182211e-01    1.121499887e-01    8.897771572e-01   -7.416272372e-01   -3.651093019e-01    9.999256178e-01   -3.422930196e-01   -7.577687290e-01    8.783802530e-01    1.363542767e-01   -9.748447601e-01    5.533044680e-01    5.834067789e-01
   -3.553567089e-01   -7.474432189e-01    8.865746335e-01    1.173427311e-01   -9.699716870e-01    5.720291616e-01    5.634228865e-01   -9.724613669e-01    1.277184552e-01    8.816901471e-01   -7.543474730e-01   -3.455652765e-01    9.999453517e-01   -3.651093019e-01   -7.404572719e-01    8.913622203e-01    1.069541819e-01   -9.673759924e-01    5.805729159e-01    5.547550311e-01
   -3.569848670e-01   -7.451236094e-01    8.889805723e-01    1.104183866e-01   -9.678159584e-01    5.805729159e-01    5.533044680e-01   -9.756155598e-01    1.432555138e-01    8.733354587e-01   -7.667905990e-01   -3.258701787e-01    9.994520438e-01   -3.877083313e-01   -7.226400296e-01    9.036514411e-01    7.746025053e-02   -9.589557156e-01    6.072051067e-01    5.254296470e-01
   -3.586119414e-01   -7.427949510e-01    8.913622203e-01    1.034886783e-01   -9.655867720e-01    5.890532155e-01    5.431037376e-01   -9.785801869e-01    1.587573437e-01    8.647156284e-01   -7.789520443e-01   -3.060326187e-01    9.984459473e-01   -4.100766605e-01   -7.043291727e-01    9.152383645e-01    4.789835918e-02   -9.495922116e-01    6.331718539e-01    4.954662360e-01
   -3.602379270e-01   -7.404572719e-01    8.937195124e-01    9.655394293e-02   -9.632842969e-01    5.974691335e-01    5.328222126e-01   -9.813546722e-01    1.742201330e-01    8.558332731e-01   -7.908273413e-01   -2.860612690e-01    9.969275784e-01   -4.322009795e-01   -6.855372086e-01    9.261139853e-01    1.829444407e-02   -9.392946905e-01    6.584447003e-01    4.649011828e-01
   -3.618628189e-01   -7.381106006e-01    8.960523841e-01    8.961451729e-02   -9.609087078e-01    6.058197502e-01    5.224614227e-01   -9.839384766e-01    1.896400789e-01    8.466910895e-01   -8.024121277e-01   -2.659648605e-01    9.948977161e-01   -4.540681236e-01   -6.662769737e-01    9.362698514e-01   -1.132552173e-02   -9.280732809e-01    6.829959490e-01    4.337716021e-01
   -3.634866122e-01   -7.357549655e-01    8.983607719e-01    8.267073849e-02   -9.584601852e-01    6.141041528e-01    5.120229091e-01   -9.863310980e-01    2.050133896e-01    8.372918531e-01   -8.137021478e-01   -2.457521790e-01    9.923574018e-01   -4.756650811e-01   -6.465616240e-01    9.456980697e-01   -4.093555106e-02   -9.159390202e-01    7.067986939e-01    4.021152947e-01
   -3.651093019e-01   -7.333903953e-01    9.006446125e-01    7.572294383e-02   -9.559389148e-01    6.223214359e-01    5.015082247e-01   -9.885320716e-01    2.203362844e-01    8.276384176e-01   -8.246932542e-01   -2.254320609e-01    9.893079390e-01   -4.969790011e-01   -6.264046266e-01    9.543913130e-01   -7.050966545e-02   -9.029038435e-01    7.298268495e-01    3.699707005e-01
   -3.667308832e-01   -7.310169187e-01    9.029038435e-01    6.877147081e-02   -9.533450880e-01    6.304707013e-01    4.909189338e-01   -9.905409696e-01    2.356049954e-01    8.177337135e-01   -8.353814093e-01   -2.050133896e-01    9.857508921e-01   -5.179972009e-01   -6.058197502e-01    9.623428249e-01   -1.000219180e-01   -8.889805723e-01    7.520551787e-01    3.373768526e-01
   -3.683513510e-01   -7.286345645e-01    9.051384033e-01    6.181665711e-02   -9.506789017e-01    6.385510584e-01    4.802566116e-01   -9.923574018e-01    2.508157676e-01    8.075807481e-01   -8.457626868e-01   -1.845050916e-01    9.816880863e-01   -5.387071740e-01   -5.848210556e-01    9.695464258e-01   -1.294464160e-01   -8.741829015e-01    7.734593214e-01    3.043733295e-01
   -3.699707005e-01   -7.262433616e-01    9.073482308e-01    5.485884057e-02   -9.479405582e-01    6.465616240e-01    4.695228443e-01   -9.939810152e-01    2.659648605e-01    7.971826037e-01   -8.558332731e-01   -1.639161327e-01    9.771216060e-01   -5.590965973e-01   -5.634228865e-01    9.759965172e-01   -1.587573437e-01   -8.585253859e-01    7.940158205e-01    2.710002073e-01
   -3.715889267e-01   -7.238433391e-01    9.095332656e-01    4.789835918e-02   -9.451302654e-01    6.545015226e-01    4.587192288e-01   -9.954114944e-01    2.810485488e-01    7.865424372e-01   -8.655894689e-01   -1.432555138e-01    9.720537941e-01   -5.791533383e-01   -5.416398594e-01    9.816880863e-01   -1.879289853e-01   -8.420234264e-01    8.137021478e-01    2.372980109e-01
   -3.732060248e-01   -7.214345262e-01    9.116934480e-01    4.093555106e-02   -9.422482366e-01    6.623698864e-01    4.478473721e-01   -9.966485613e-01    2.960631232e-01    7.756634788e-01   -8.750276901e-01   -1.225322672e-01    9.664872508e-01   -5.988654625e-01   -5.194868535e-01    9.866167096e-01   -2.169357468e-01   -8.246932542e-01    8.324967289e-01    2.033076646e-01
   -3.748219898e-01   -7.190169520e-01    9.138287190e-01    3.397075442e-02   -9.392946905e-01    6.701658554e-01    4.369088918e-01   -9.976919757e-01    3.110048912e-01    7.645490314e-01   -8.841444697e-01   -1.017554526e-01    9.604248321e-01   -6.182212406e-01   -4.969790011e-01    9.907785567e-01   -2.457521790e-01   -8.065519152e-01    8.503789665e-01    1.690704427e-01
   -3.764368168e-01   -7.165906459e-01    9.159390202e-01    2.700430761e-02   -9.362698514e-01    6.778885774e-01    4.259054149e-01   -9.985415347e-01    3.258701787e-01    7.532024692e-01   -8.929364585e-01   -8.093415313e-02    9.538696485e-01   -6.372091551e-01   -4.741316765e-01    9.941703932e-01   -2.743529999e-01   -7.876172533e-01    8.673292633e-01    1.346279194e-01
   -3.780505010e-01   -7.141556375e-01    9.180242940e-01    2.003654902e-02   -9.331739487e-01    6.855372086e-01    4.148385785e-01   -9.991970734e-01    3.406553298e-01    7.416272372e-01   -9.014004269e-01   -6.007747129e-02    9.468250632e-01   -6.558179076e-01   -4.509604862e-01    9.967895830e-01   -3.027131163e-01   -7.679078925e-01    8.833290432e-01    1.000219180e-01
   -3.796630373e-01   -7.117119562e-01    9.200844833e-01    1.306781712e-02   -9.300072176e-01    6.931109128e-01    4.037100289e-01   -9.996584643e-01    3.553567089e-01    7.298268495e-01   -9.095332656e-01   -3.919452511e-02    9.392946905e-01   -6.740364252e-01   -4.274812576e-01    9.986340905e-01   -3.308076464e-01   -7.474432189e-01    8.983607719e-01    6.529446043e-02
   -3.812744210e-01   -7.092596317e-01    9.221195319e-01    6.098450433e-03   -9.267698982e-01    7.006088623e-01    3.925214215e-01   -9.999256178e-01    3.699707005e-01    7.178048886e-01   -9.173319871e-01   -1.829444407e-02    9.312823942e-01   -6.918538673e-01   -4.037100289e-01    9.997024823e-01   -3.586119414e-01   -7.262433616e-01    9.124079759e-01    3.048771614e-02
   -3.828846472e-01   -7.067986939e-01    9.241293842e-01   -8.712124948e-04   -9.234622365e-01    7.080302376e-01    3.812744210e-01   -9.999984820e-01    3.844937108e-01    7.055650044e-01   -9.247937263e-01    2.613634839e-03    9.227922850e-01   -7.092596317e-01   -3.796630373e-01    9.999939279e-01   -3.861016072e-01   -7.043291727e-01    9.254552607e-01   -4.356049249e-03
   -3.844937108e-01   -7.043291727e-01    9.261139853e-01   -7.840833102e-03   -9.200844833e-01    7.153742276e-01    3.699707005e-01   -9.998770427e-01    3.989221686e-01    6.931109128e-01   -9.319157424e-01    2.352057113e-02    9.138287190e-01   -7.262433616e-01   -3.553567089e-01    9.995082009e-01   -4.132525255e-01   -6.817222068e-01    9.374883276e-01   -3.919452511e-02
   -3.861016072e-01   -7.018510979e-01    9.280732809e-01   -1.481007283e-02   -9.166368951e-01    7.226400296e-01    3.586119414e-01   -9.995613235e-01    4.132525255e-01    6.804463949e-01   -9.386954189e-01    4.441722482e-02    9.043962951e-01   -7.427949510e-01   -3.308076464e-01    9.982456788e-01   -4.400408755e-01   -6.584447003e-01    9.484939896e-01   -7.398540723e-02
   -3.877083313e-01   -6.993644997e-01    9.300072176e-01   -2.177859313e-02   -9.131197336e-01    7.298268495e-01    3.471998337e-01   -9.990513858e-01    4.274812576e-01    6.675752957e-01   -9.451302654e-01    6.529446043e-02    8.944998528e-01   -7.589045510e-01   -3.060326187e-01    9.962073428e-01   -4.664431543e-01   -6.345195488e-01    9.584601852e-01   -1.086864492e-01
   -3.893138783e-01   -6.968694083e-01    9.319157424e-01   -2.874605551e-02   -9.095332656e-01    7.369339017e-01    3.357360750e-01   -9.983473286e-01    4.416048658e-01    6.545015226e-01   -9.512179181e-01    8.614315096e-02    8.841444697e-01   -7.745625759e-01   -2.810485488e-01    9.933947770e-01   -4.924361978e-01   -6.099702850e-01    9.673759924e-01   -1.432555138e-01
   -3.909182433e-01   -6.943658540e-01    9.337988031e-01   -3.571212150e-02   -9.058777635e-01    7.439604095e-01    3.242223707e-01   -9.974492888e-01    4.556198769e-01    6.412290450e-01   -9.569561405e-01    1.069541819e-01    8.733354587e-01   -7.897597087e-01   -2.558725028e-01    9.898101673e-01   -5.179972009e-01   -5.848210556e-01    9.752316404e-01   -1.776506238e-01
   -3.925214215e-01   -6.918538673e-01    9.356563485e-01   -4.267645272e-02   -9.021535047e-01    7.509056050e-01    3.126604337e-01   -9.963574408e-01    4.695228443e-01    6.277618922e-01   -9.623428249e-01    1.277184552e-01    8.620783658e-01   -8.044869064e-01   -2.305216776e-01    9.854562995e-01   -5.431037376e-01   -5.590965973e-01    9.820185199e-01   -2.118300135e-01
   -3.941234080e-01   -6.893334785e-01    9.374883276e-01   -4.963871087e-02   -8.983607719e-01    7.577687290e-01    3.010519839e-01   -9.950719968e-01    4.833103493e-01    6.141041528e-01   -9.673759924e-01    1.484268932e-01    8.503789665e-01   -8.187354059e-01   -2.050133896e-01    9.803365575e-01   -5.677337805e-01   -5.328222126e-01    9.877291932e-01   -2.457521790e-01
   -3.957241979e-01   -6.868047183e-01    9.392946905e-01   -5.659855774e-02   -8.944998528e-01    7.645490314e-01    2.893987484e-01   -9.935932065e-01    4.969790011e-01    6.002599733e-01   -9.720537941e-01    1.690704427e-01    8.382432634e-01   -8.324967289e-01   -1.793650628e-01    9.744549201e-01   -5.918657206e-01   -5.060237450e-01    9.923574018e-01   -2.793759288e-01
   -3.973237864e-01   -6.842676175e-01    9.410753878e-01   -6.355565525e-02   -8.905710406e-01    7.712457711e-01    2.777024606e-01   -9.919213574e-01    5.105254385e-01    5.862335568e-01   -9.763745115e-01    1.896400789e-01    8.256774831e-01   -8.457626868e-01   -1.535942169e-01    9.678159584e-01   -6.154783854e-01   -4.787275533e-01    9.958980737e-01   -3.126604337e-01
   -3.989221686e-01   -6.817222068e-01    9.428303708e-01   -7.050966545e-02   -8.865746335e-01    7.778582163e-01    2.659648605e-01   -9.900567742e-01    5.239463302e-01    5.720291616e-01   -9.803365575e-01    2.101268093e-01    8.126880726e-01   -8.585253859e-01   -1.277184552e-01    9.604248321e-01   -6.385510584e-01   -4.509604862e-01    9.983473286e-01   -3.455652765e-01
   -4.005193396e-01   -6.791685172e-01    9.445595916e-01   -7.746025053e-02   -8.825109348e-01    7.843856442e-01    2.541876944e-01   -9.879998192e-01    5.372383758e-01    5.576511002e-01   -9.839384766e-01    2.305216776e-01    7.992816965e-01   -8.707772320e-01   -1.017554526e-01    9.522872854e-01   -6.610634967e-01   -4.227498551e-01    9.997024823e-01   -3.780505010e-01
   -4.021152947e-01   -6.766065796e-01    9.462630029e-01   -8.440707286e-02   -8.783802530e-01    7.908273413e-01    2.423727142e-01   -9.857508921e-01    5.503983067e-01    5.431037376e-01   -9.871789456e-01    2.508157676e-01    7.854652330e-01   -8.825109348e-01   -7.572294383e-02    9.434096426e-01   -6.829959490e-01   -3.941234080e-01    9.999620497e-01   -4.100766605e-01
   -4.037100289e-01   -6.740364252e-01    9.479405582e-01   -9.134979498e-02   -8.741829015e-01    7.971826037e-01    2.305216776e-01   -9.833104299e-01    5.634228865e-01    5.283914904e-01   -9.900567742e-01    2.710002073e-01    7.712457711e-01   -8.937195124e-01   -4.963871087e-02    9.337988031e-01   -7.043291727e-01   -3.651093019e-01    9.991257463e-01   -4.416048658e-01
   -4.053035374e-01   -6.714580852e-01    9.495922116e-01   -9.828807966e-02   -8.699191989e-01    8.034507367e-01    2.186363475e-01   -9.806789068e-01    5.763089124e-01    5.135188252e-01   -9.925709051e-01    2.910661727e-01    7.566306063e-01   -9.043962951e-01   -2.352057113e-02    9.234622365e-01   -7.250444510e-01   -3.357360750e-01    9.971944886e-01   -4.725968324e-01
   -4.068958154e-01   -6.688715909e-01    9.512179181e-01   -1.052215898e-01   -8.655894689e-01    8.096310552e-01    2.067184921e-01   -9.778568341e-01    5.890532155e-01    4.984902573e-01   -9.947204148e-01    3.110048912e-01    7.416272372e-01   -9.145349300e-01    2.613634839e-03    9.124079759e-01   -7.451236094e-01   -3.060326187e-01    9.941703932e-01   -5.030149268e-01
   -4.084868580e-01   -6.662769737e-01    9.528176331e-01   -1.121499887e-01   -8.611940401e-01    8.157228838e-01    1.947698844e-01   -9.748447601e-01    6.016526617e-01    4.833103493e-01   -9.965045138e-01    3.308076464e-01    7.262433616e-01   -9.241293842e-01    2.874605551e-02    9.006446125e-01   -7.645490314e-01   -2.760281492e-01    9.900567742e-01   -5.328222126e-01
   -4.100766605e-01   -6.636742651e-01    9.543913130e-01   -1.190729397e-01   -8.567332460e-01    8.217255566e-01    1.827923019e-01   -9.716432700e-01    6.141041528e-01    4.679837097e-01   -9.979225465e-01    3.504657808e-01    7.104868725e-01   -9.331739487e-01    5.485884057e-02    8.881812885e-01   -7.833036739e-01   -2.457521790e-01    9.848581396e-01   -5.619824948e-01
   -4.116652179e-01   -6.610634967e-01    9.559389148e-01   -1.259901066e-01   -8.522074254e-01    8.276384176e-01    1.707875264e-01   -9.682529861e-01    6.264046266e-01    4.525149918e-01   -9.989739921e-01    3.699707005e-01    6.943658540e-01   -9.416632417e-01    8.093415313e-02    8.750276901e-01   -8.013710826e-01   -2.152344874e-01    9.785801869e-01   -5.904603644e-01
   -4.132525255e-01   -6.584447003e-01    9.574603962e-01   -1.329011533e-01   -8.476169217e-01    8.334608204e-01    1.587573437e-01   -9.646745669e-01    6.385510584e-01    4.369088918e-01   -9.996584643e-01    3.893138783e-01    6.778885774e-01   -9.495922116e-01    1.069541819e-01    8.611940401e-01   -8.187354059e-01   -1.845050916e-01    9.712297961e-01   -6.182212406e-01
   -4.148385785e-01   -6.558179076e-01    9.589557156e-01   -1.398057441e-01   -8.429620832e-01    8.391921288e-01    1.467035437e-01   -9.609087078e-01    6.505404611e-01    4.211701475e-01   -9.999757117e-01    4.084868580e-01    6.610634967e-01   -9.569561405e-01    1.329011533e-01    8.466910895e-01   -8.353814093e-01   -1.535942169e-01    9.628150225e-01   -6.452314136e-01
   -4.164233720e-01   -6.531831505e-01    9.604248321e-01   -1.467035437e-01   -8.382432634e-01    8.448317163e-01    1.346279194e-01   -9.569561405e-01    6.623698864e-01    4.053035374e-01   -9.999256178e-01    4.274812576e-01    6.438992443e-01   -9.637506467e-01    1.587573437e-01    8.315301098e-01   -8.512944882e-01   -1.225322672e-01    9.533450880e-01   -6.714580852e-01
   -4.180069012e-01   -6.505404611e-01    9.618677057e-01   -1.535942169e-01   -8.334608204e-01    8.503789665e-01    1.225322672e-01   -9.528176331e-01    6.740364252e-01    3.893138783e-01   -9.995082009e-01    4.462887732e-01    6.264046266e-01   -9.699716870e-01    1.845050916e-01    8.157228838e-01   -8.664606814e-01   -9.134979498e-02    9.428303708e-01   -6.968694083e-01
   -4.195891613e-01   -6.478898714e-01    9.632842969e-01   -1.604774290e-01   -8.286151172e-01    8.558332731e-01    1.104183866e-01   -9.484939896e-01    6.855372086e-01    3.732060248e-01   -9.987236144e-01    4.649011828e-01    6.085886197e-01   -9.756155598e-01    2.101268093e-01    7.992816965e-01   -8.808666826e-01   -6.007747129e-02    9.312823942e-01   -7.214345262e-01
   -4.211701475e-01   -6.452314136e-01    9.646745669e-01   -1.673528457e-01   -8.237065215e-01    8.611940401e-01    9.828807966e-02   -9.439860501e-01    6.968694083e-01    3.569848670e-01   -9.975721466e-01    4.833103493e-01    5.904603644e-01   -9.806789068e-01    2.356049954e-01    7.822193255e-01   -8.944998528e-01   -2.874605551e-02    9.187138137e-01   -7.451236094e-01
   -4.227498551e-01   -6.425651201e-01    9.660384778e-01   -1.742201330e-01   -8.187354059e-01    8.664606814e-01    8.614315096e-02   -9.392946905e-01    7.080302376e-01    3.406553298e-01   -9.960542203e-01    5.015082247e-01    5.720291616e-01   -9.851587151e-01    2.609222464e-01    7.645490314e-01   -9.073482308e-01    2.613634839e-03    9.051384033e-01   -7.679078925e-01
   -4.243282791e-01   -6.398910231e-01    9.673759924e-01   -1.810789572e-01   -8.137021478e-01    8.716326214e-01    7.398540723e-02   -9.344208225e-01    7.190169520e-01    3.242223707e-01   -9.941703932e-01    5.194868535e-01    5.533044680e-01   -9.890523190e-01    2.860612690e-01    7.462845471e-01   -9.194005442e-01    3.397075442e-02    8.905710406e-01   -7.897597087e-01
   -4.259054149e-01   -6.372091551e-01    9.686870741e-01   -1.879289853e-01   -8.086071292e-01    8.767092950e-01    6.181665711e-02   -9.293653930e-01    7.298268495e-01    3.076909787e-01   -9.919213574e-01    5.372383758e-01    5.342958907e-01   -9.923574018e-01    3.110048912e-01    7.274400673e-01   -9.306462186e-01    6.529446043e-02    8.750276901e-01   -8.106525232e-01
   -4.274812576e-01   -6.345195488e-01    9.699716870e-01   -1.947698844e-01   -8.034507367e-01    8.816901471e-01    4.963871087e-02   -9.241293842e-01    7.404572719e-01    2.910661727e-01   -9.893079390e-01    5.547550311e-01    5.150131822e-01   -9.950719968e-01    3.357360750e-01    7.080302376e-01   -9.410753878e-01    9.655394293e-02    8.585253859e-01   -8.305609663e-01
   -4.290558025e-01   -6.318222367e-01    9.712297961e-01   -2.016013223e-01   -7.982333618e-01    8.865746335e-01    3.745338016e-02   -9.187138137e-01    7.509056050e-01    2.743529999e-01   -9.863310980e-01    5.720291616e-01    4.954662360e-01   -9.971944886e-01    3.602379270e-01    6.880701429e-01   -9.506789017e-01    1.277184552e-01    8.410822131e-01   -8.494608629e-01
   -4.306290447e-01   -6.291172518e-01    9.724613669e-01   -2.084229671e-01   -7.929554005e-01    8.913622203e-01    2.526247772e-02   -9.131197336e-01    7.611692794e-01    2.575565343e-01   -9.829919280e-01    5.890532155e-01    4.756650811e-01   -9.987236144e-01    3.844937108e-01    6.675752957e-01   -9.594483345e-01    1.587573437e-01    8.227172879e-01   -8.673292633e-01
   -4.322009795e-01   -6.264046266e-01    9.736663659e-01   -2.152344874e-01   -7.876172533e-01    8.960523841e-01    1.306781712e-02   -9.073482308e-01    7.712457711e-01    2.406818754e-01   -9.792916557e-01    6.058197502e-01    4.556198769e-01   -9.996584643e-01    4.084868580e-01    6.465616240e-01   -9.673759924e-01    1.896400789e-01    8.034507367e-01   -8.841444697e-01
   -4.337716021e-01   -6.236843944e-01    9.748447601e-01   -2.220355524e-01   -7.822193255e-01    9.006446125e-01    8.712124948e-04   -9.014004269e-01    7.811326022e-01    2.237341463e-01   -9.752316404e-01    6.223214359e-01    4.353409078e-01   -9.999984820e-01    4.322009795e-01    6.250454593e-01   -9.744549201e-01    2.203362844e-01    7.833036739e-01   -8.998860636e-01
   -4.353409078e-01   -6.209565880e-01    9.759965172e-01   -2.288258317e-01   -7.767620267e-01    9.051384033e-01   -1.132552173e-02   -8.952774775e-01    7.908273413e-01    2.067184921e-01   -9.708133734e-01    6.385510584e-01    4.148385785e-01   -9.997434651e-01    4.556198769e-01    6.030435235e-01   -9.806789068e-01    2.508157676e-01    7.622981789e-01   -9.145349300e-01
   -4.369088918e-01   -6.182212406e-01    9.771216060e-01   -2.356049954e-01   -7.712457711e-01    9.095332656e-01   -2.352057113e-02   -8.889805723e-01    8.003276044e-01    1.896400789e-01   -9.660384778e-01    6.545015226e-01    3.941234080e-01   -9.988935655e-01    4.787275533e-01    5.805729159e-01   -9.860424919e-01    2.810485488e-01    7.404572719e-01   -9.280732809e-01
   -4.384755493e-01   -6.154783854e-01    9.782199955e-01   -2.423727142e-01   -7.656709775e-01    9.138287190e-01   -3.571212150e-02   -8.825109348e-01    8.096310552e-01    1.725040915e-01   -9.609087078e-01    6.701658554e-01    3.732060248e-01   -9.974492888e-01    5.015082247e-01    5.576511002e-01   -9.905409696e-01    3.110048912e-01    7.178048886e-01   -9.404846768e-01
   -4.400408755e-01   -6.127280557e-01    9.792916557e-01   -2.491286594e-01   -7.600380689e-01    9.180242940e-01   -4.789835918e-02   -8.758698221e-01    8.187354059e-01    1.553157325e-01   -9.554259477e-01    6.855372086e-01    3.520971608e-01   -9.954114944e-01    5.239463302e-01    5.342958907e-01   -9.941703932e-01    3.406553298e-01    6.943658540e-01   -9.517540465e-01
   -4.416048658e-01   -6.099702850e-01    9.803365575e-01   -2.558725028e-01   -7.543474730e-01    9.221195319e-01   -6.007747129e-02   -8.690585246e-01    8.276384176e-01    1.380802200e-01   -9.495922116e-01    7.006088623e-01    3.308076464e-01   -9.927813949e-01    5.460265429e-01    5.105254385e-01   -9.969275784e-01    3.699707005e-01    6.701658554e-01   -9.618677057e-01
   -4.431675153e-01   -6.072051067e-01    9.813546722e-01   -2.626039168e-01   -7.485996216e-01    9.261139853e-01   -7.224764601e-02   -8.620783658e-01    8.363379008e-01    1.208027868e-01   -9.434096426e-01    7.153742276e-01    3.093484046e-01   -9.895605553e-01    5.677337805e-01    4.863582175e-01   -9.988101062e-01    3.989221686e-01    6.452314136e-01   -9.708133734e-01
   -4.447288194e-01   -6.044325544e-01    9.823459720e-01   -2.693225744e-01   -7.427949510e-01    9.300072176e-01   -8.440707286e-02   -8.549307019e-01    8.448317163e-01    1.034886783e-01   -9.368805117e-01    7.298268495e-01    2.877304455e-01   -9.857508921e-01    5.890532155e-01    4.618130099e-01   -9.998163249e-01    4.274812576e-01    6.195898548e-01   -9.785801869e-01
   -4.462887732e-01   -6.016526617e-01    9.833104299e-01   -2.760281492e-01   -7.369339017e-01    9.337988031e-01   -9.655394293e-02   -8.476169217e-01    8.531177752e-01    8.614315096e-02   -9.300072176e-01    7.439604095e-01    2.659648605e-01   -9.813546722e-01    6.099702850e-01    4.369088918e-01   -9.999453517e-01    4.556198769e-01    5.932692798e-01   -9.851587151e-01
   -4.478473721e-01   -5.988654625e-01    9.842480195e-01   -2.827203156e-01   -7.310169187e-01    9.374883276e-01   -1.086864492e-01   -8.401384463e-01    8.611940401e-01    6.877147081e-02   -9.227922850e-01    7.577687290e-01    2.440628171e-01   -9.763745115e-01    6.304707013e-01    4.116652179e-01   -9.991970734e-01    4.833103493e-01    5.662985337e-01   -9.905409696e-01
   -4.494046114e-01   -5.960709906e-01    9.851587151e-01   -2.893987484e-01   -7.250444510e-01    9.410753878e-01   -1.208027868e-01   -8.324967289e-01    8.690585246e-01    5.137891185e-02   -9.152383645e-01    7.712457711e-01    2.220355524e-01   -9.708133734e-01    6.505404611e-01    3.861016072e-01   -9.975721466e-01    5.105254385e-01    5.387071740e-01   -9.947204148e-01
   -4.509604862e-01   -5.932692798e-01    9.860424919e-01   -2.960631232e-01   -7.190169520e-01    9.445595916e-01   -1.329011533e-01   -8.246932542e-01    8.767092950e-01    3.397075442e-02   -9.073482308e-01    7.843856442e-01    1.998943680e-01   -9.646745669e-01    6.701658554e-01    3.602379270e-01   -9.950719968e-01    5.372383758e-01    5.105254385e-01   -9.976919757e-01
   -4.525149918e-01   -5.904603644e-01    9.868993257e-01   -3.027131163e-01   -7.129348791e-01    9.479405582e-01   -1.449797488e-01   -8.167295385e-01    8.841444697e-01    1.655228357e-02   -8.991247826e-01    7.971826037e-01    1.776506238e-01   -9.579617449e-01    6.893334785e-01    3.340942781e-01   -9.916988175e-01    5.634228865e-01    4.817842118e-01   -9.994520438e-01
   -4.540681236e-01   -5.876442782e-01    9.877291932e-01   -3.093484046e-01   -7.067986939e-01    9.512179181e-01   -1.570367765e-01   -8.086071292e-01    8.913622203e-01   -8.712124948e-04   -8.905710406e-01    8.096310552e-01    1.553157325e-01   -9.506789017e-01    7.080302376e-01    3.076909787e-01   -9.874555684e-01    5.890532155e-01    4.525149918e-01   -9.999984820e-01
   -4.556198769e-01   -5.848210556e-01    9.885320716e-01   -3.159686658e-01   -7.006088623e-01    9.543913130e-01   -1.690704427e-01   -8.003276044e-01    8.983607719e-01   -1.829444407e-02   -8.816901471e-01    8.217255566e-01    1.329011533e-01   -9.428303708e-01    7.262433616e-01    2.810485488e-01   -9.823459720e-01    6.141041528e-01    4.227498551e-01   -9.993306266e-01
   -4.571702468e-01   -5.819907308e-01    9.893079390e-01   -3.225735784e-01   -6.943658540e-01    9.574603962e-01   -1.810789572e-01   -7.918925730e-01    9.051384033e-01   -3.571212150e-02   -8.724853645e-01    8.334608204e-01    1.104183866e-01   -9.344208225e-01    7.439604095e-01    2.541876944e-01   -9.763745115e-01    6.385510584e-01    3.925214215e-01   -9.974492888e-01
   -4.587192288e-01   -5.791533383e-01    9.900567742e-01   -3.291628215e-01   -6.880701429e-01    9.604248321e-01   -1.930605337e-01   -7.833036739e-01    9.116934480e-01   -5.311895685e-02   -8.629600742e-01    8.448317163e-01    8.787896753e-02   -9.254552607e-01    7.611692794e-01    2.271292911e-01   -9.695464258e-01    6.623698864e-01    3.618628189e-01   -9.943567528e-01
   -4.602668181e-01   -5.763089124e-01    9.907785567e-01   -3.357360750e-01   -6.817222068e-01    9.632842969e-01   -2.050133896e-01   -7.745625759e-01    9.180242940e-01   -7.050966545e-02   -8.531177752e-01    8.558332731e-01    6.529446043e-02   -9.159390202e-01    7.778582163e-01    1.998943680e-01   -9.618677057e-01    6.855372086e-01    3.308076464e-01   -9.900567742e-01
   -4.618130099e-01   -5.734574877e-01    9.914732669e-01   -3.422930196e-01   -6.753225276e-01    9.660384778e-01   -2.169357468e-01   -7.656709775e-01    9.241293842e-01   -8.787896753e-02   -8.429620832e-01    8.664606814e-01    4.267645272e-02   -9.058777635e-01    7.940158205e-01    1.725040915e-01   -9.533450880e-01    7.080302376e-01    2.993899376e-01   -9.845545741e-01
   -4.633577997e-01   -5.705990989e-01    9.921408857e-01   -3.488333368e-01   -6.688715909e-01    9.686870741e-01   -2.288258317e-01   -7.566306063e-01    9.300072176e-01   -1.052215898e-01   -8.324967289e-01    8.767092950e-01    2.003654902e-02   -8.952774775e-01    8.096310552e-01    1.449797488e-01   -9.439860501e-01    7.298268495e-01    2.676441238e-01   -9.778568341e-01
   -4.649011828e-01   -5.677337805e-01    9.927813949e-01   -3.553567089e-01   -6.623698864e-01    9.712297961e-01   -2.406818754e-01   -7.474432189e-01    9.356563485e-01   -1.225322672e-01   -8.217255566e-01    8.865746335e-01   -2.613634839e-03   -8.841444697e-01    8.246932542e-01    1.173427311e-01   -9.337988031e-01    7.509056050e-01    2.356049954e-01   -9.699716870e-01
   -4.664431543e-01   -5.648615676e-01    9.933947770e-01   -3.618628189e-01   -6.558179076e-01    9.736663659e-01   -2.525021143e-01   -7.381106006e-01    9.410753878e-01   -1.398057441e-01   -8.106525232e-01    8.960523841e-01   -2.526247772e-02   -8.724853645e-01    8.391921288e-01    8.961451729e-02   -9.227922850e-01    7.712457711e-01    2.033076646e-01   -9.609087078e-01
   -4.679837097e-01   -5.619824948e-01    9.939810152e-01   -3.683513510e-01   -6.492161518e-01    9.759965172e-01   -2.642847899e-01   -7.286345645e-01    9.462630029e-01   -1.570367765e-01   -7.992816965e-01    9.051384033e-01   -4.789835918e-02   -8.603070997e-01    8.531177752e-01    6.181665711e-02   -9.109761523e-01    7.908273413e-01    1.707875264e-01   -9.506789017e-01
   -4.695228443e-01   -5.590965973e-01    9.945400936e-01   -3.748219898e-01   -6.425651201e-01    9.782199955e-01   -2.760281492e-01   -7.190169520e-01    9.512179181e-01   -1.742201330e-01   -7.876172533e-01    9.138287190e-01   -7.050966545e-02   -8.476169217e-01    8.664606814e-01    3.397075442e-02   -8.983607719e-01    8.096310552e-01    1.380802200e-01   -9.392946905e-01
   -4.710605534e-01   -5.562039100e-01    9.950719968e-01   -3.812744210e-01   -6.358653172e-01    9.803365575e-01   -2.877304455e-01   -7.092596317e-01    9.559389148e-01   -1.913505968e-01   -7.756634788e-01    9.221195319e-01   -9.308479533e-02   -8.344223815e-01    8.792117330e-01    6.098450433e-03   -8.849572119e-01    8.276384176e-01    1.052215898e-01   -9.267698982e-01
   -4.725968324e-01   -5.533044680e-01    9.955767103e-01   -3.877083313e-01   -6.291172518e-01    9.823459720e-01   -2.993899376e-01   -6.993644997e-01    9.604248321e-01   -2.084229671e-01   -7.634247640e-01    9.300072176e-01   -1.156121662e-01   -8.207313305e-01    8.913622203e-01   -2.177859313e-02   -8.707772320e-01    8.448317163e-01    7.224764601e-02   -9.131197336e-01
   -4.741316765e-01   -5.503983067e-01    9.960542203e-01   -3.941234080e-01   -6.223214359e-01    9.842480195e-01   -3.110048912e-01   -6.893334785e-01    9.646745669e-01   -2.254320609e-01   -7.509056050e-01    9.374883276e-01   -1.380802200e-01   -8.065519152e-01    9.029038435e-01   -4.963871087e-02   -8.558332731e-01    8.611940401e-01    3.919452511e-02   -8.983607719e-01
   -4.756650811e-01   -5.474854612e-01    9.965045138e-01   -4.005193396e-01   -6.154783854e-01    9.860424919e-01   -3.225735784e-01   -6.791685172e-01    9.686870741e-01   -2.423727142e-01   -7.381106006e-01    9.445595916e-01   -1.604774290e-01   -7.918925730e-01    9.138287190e-01   -7.746025053e-02   -8.401384463e-01    8.767092950e-01    6.098450433e-03   -8.825109348e-01
   -4.771970416e-01   -5.445659669e-01    9.969275784e-01   -4.068958154e-01   -6.085886197e-01    9.877291932e-01   -3.340942781e-01   -6.688715909e-01    9.724613669e-01   -2.592397839e-01   -7.250444510e-01    9.512179181e-01   -1.827923019e-01   -7.767620267e-01    9.241293842e-01   -1.052215898e-01   -8.237065215e-01    8.913622203e-01   -2.700430761e-02   -8.655894689e-01
   -4.787275533e-01   -5.416398594e-01    9.973234027e-01   -4.132525255e-01   -6.016526617e-01    9.893079390e-01   -3.455652765e-01   -6.584447003e-01    9.759965172e-01   -2.760281492e-01   -7.117119562e-01    9.574603962e-01   -2.050133896e-01   -7.611692794e-01    9.337988031e-01   -1.329011533e-01   -8.065519152e-01    9.051384033e-01   -6.007747129e-02   -8.476169217e-01
   -4.802566116e-01   -5.387071740e-01    9.976919757e-01   -4.195891613e-01   -5.946710379e-01    9.907785567e-01   -3.569848670e-01   -6.478898714e-01    9.792916557e-01   -2.927327133e-01   -6.981180138e-01    9.632842969e-01   -2.271292911e-01   -7.451236094e-01    9.428303708e-01   -1.604774290e-01   -7.886896782e-01    9.180242940e-01   -9.308479533e-02   -8.286151172e-01
   -4.817842118e-01   -5.357679465e-01    9.980332874e-01   -4.259054149e-01   -5.876442782e-01    9.921408857e-01   -3.683513510e-01   -6.372091551e-01    9.823459720e-01   -3.093484046e-01   -6.842676175e-01    9.686870741e-01   -2.491286594e-01   -7.286345645e-01    9.512179181e-01   -1.879289853e-01   -7.701354820e-01    9.300072176e-01   -1.259901066e-01   -8.086071292e-01
   -4.833103493e-01   -5.328222126e-01    9.983473286e-01   -4.322009795e-01   -5.805729159e-01    9.933947770e-01   -3.796630373e-01   -6.264046266e-01    9.851587151e-01   -3.258701787e-01   -6.701658554e-01    9.736663659e-01   -2.710002073e-01   -7.117119562e-01    9.589557156e-01   -2.152344874e-01   -7.509056050e-01    9.410753878e-01   -1.587573437e-01   -7.876172533e-01
   -4.848350194e-01   -5.298700080e-01    9.986340905e-01   -4.384755493e-01   -5.734574877e-01    9.945400936e-01   -3.909182433e-01   -6.154783854e-01    9.877291932e-01   -3.422930196e-01   -6.558179076e-01    9.782199955e-01   -2.927327133e-01   -6.943658540e-01    9.660384778e-01   -2.423727142e-01   -7.310169187e-01    9.512179181e-01   -1.913505968e-01   -7.656709775e-01
   -4.863582175e-01   -5.269113685e-01    9.988935655e-01   -4.447288194e-01   -5.662985337e-01    9.955767103e-01   -4.021152947e-01   -6.044325544e-01    9.900567742e-01   -3.586119414e-01   -6.412290450e-01    9.823459720e-01   -3.143150269e-01   -6.766065796e-01    9.724613669e-01   -2.693225744e-01   -7.104868725e-01    9.604248321e-01   -2.237341463e-01   -7.427949510e-01
   -4.878799390e-01   -5.239463302e-01    9.991257463e-01   -4.509604862e-01   -5.590965973e-01    9.965045138e-01   -4.132525255e-01   -5.932692798e-01    9.921408857e-01   -3.748219898e-01   -6.264046266e-01    9.860424919e-01   -3.357360750e-01   -6.584447003e-01    9.782199955e-01   -2.960631232e-01   -6.893334785e-01    9.686870741e-01   -2.558725028e-01   -7.190169520e-01
   -4.894001793e-01   -5.209749289e-01    9.993306266e-01   -4.571702468e-01   -5.518522251e-01    9.973234027e-01   -4.243282791e-01   -5.819907308e-01    9.939810152e-01   -3.909182433e-01   -6.113500984e-01    9.893079390e-01   -3.569848670e-01   -6.398910231e-01    9.833104299e-01   -3.225735784e-01   -6.675752957e-01    9.759965172e-01   -2.877304455e-01   -6.943658540e-01
   -4.909189338e-01   -5.179972009e-01    9.995082009e-01   -4.633577997e-01   -5.445659669e-01    9.980332874e-01   -4.353409078e-01   -5.705990989e-01    9.955767103e-01   -4.068958154e-01   -5.960709906e-01    9.921408857e-01   -3.780505010e-01   -6.209565880e-01    9.877291932e-01   -3.488333368e-01   -6.452314136e-01    9.823459720e-01   -3.192730608e-01   -6.688715909e-01
   -4.924361978e-01   -5.150131822e-01    9.996584643e-01   -4.695228443e-01   -5.372383758e-01    9.986340905e-01   -4.462887732e-01   -5.590965973e-01    9.969275784e-01   -4.227498551e-01   -5.805729159e-01    9.945400936e-01   -3.989221686e-01   -6.016526617e-01    9.914732669e-01   -3.748219898e-01   -6.223214359e-01    9.877291932e-01   -3.504657808e-01   -6.425651201e-01
   -4.939519668e-01   -5.120229091e-01    9.997814127e-01   -4.756650811e-01   -5.298700080e-01    9.991257463e-01   -4.571702468e-01   -5.474854612e-01    9.980332874e-01   -4.384755493e-01   -5.648615676e-01    9.965045138e-01   -4.195891613e-01   -5.819907308e-01    9.945400936e-01   -4.005193396e-01   -5.988654625e-01    9.921408857e-01   -3.812744210e-01   -6.154783854e-01
   -4.954662360e-01   -5.090264179e-01    9.998770427e-01   -4.817842118e-01   -5.224614227e-01    9.995082009e-01   -4.679837097e-01   -5.357679465e-01    9.988935655e-01   -4.540681236e-01   -5.489427172e-01    9.980332874e-01   -4.400408755e-01   -5.619824948e-01    9.969275784e-01   -4.259054149e-01   -5.748840727e-01    9.955767103e-01   -4.116652179e-01   -5.876442782e-01
   -4.969790011e-01   -5.060237450e-01    9.999453517e-01   -4.878799390e-01   -5.150131822e-01    9.997814127e-01   -4.787275533e-01   -5.239463302e-01    9.995082009e-01   -4.695228443e-01   -5.328222126e-01    9.991257463e-01   -4.602668181e-01   -5.416398594e-01    9.986340905e-01   -4.509604862e-01   -5.503983067e-01    9.980332874e-01   -4.416048658e-01   -5.590965973e-01
   -4.984902573e-01   -5.030149268e-01    9.999863378e-01   -4.939519668e-01   -5.075258519e-01    9.999453517e-01   -4.894001793e-01   -5.120229091e-01    9.998770427e-01   -4.848350194e-01   -5.165059756e-01    9.997814127e-01   -4.802566116e-01   -5.209749289e-01    9.996584643e-01   -4.756650811e-01   -5.254296470e-01    9.995082009e-01   -4.710605534e-01   -5.298700080e-01
   -5.000000000e-01   -5.000000000e-01    1.000000000e+00   -5.000000000e-01   -5.000000000e-01    1.000000000e+00   -5.000000000e-01   -5.000000000e-01    1.000000000e+00   -5.000000000e-01   -5.000000000e-01    1.000000000e+00   -5.000000000e-01   -5.000000000e-01    1.000000000e+00   -5.000000000e-01   -5.000000000e-01    1.000000000e+00   -5.000000000e-01   -5.000000000e-01
   -5.015082247e-01   -4.969790011e-01    9.999863378e-01   -5.060237450e-01   -4.924361978e-01    9.999453517e-01   -5.105254385e-01   -4.878799390e-01    9.998770427e-01   -5.150131822e-01   -4.833103493e-01    9.997814127e-01   -5.194868535e-01   -4.787275533e-01    9.996584643e-01   -5.239463302e-01   -4.741316765e-01    9.995082009e-01   -5.283914904e-01   -4.695228443e-01
   -5.030149268e-01   -4.939519668e-01    9.999453517e-01   -5.120229091e-01   -4.848350194e-01    9.997814127e-01   -5.209749289e-01   -4.756650811e-01    9.995082009e-01   -5.298700080e-01   -4.664431543e-01    9.991257463e-01   -5.387071740e-01   -4.571702468e-01    9.986340905e-01   -5.474854612e-01   -4.478473721e-01    9.980332874e-01   -5.562039100e-01   -4.384755493e-01
   -5.045201018e-01   -4.909189338e-01    9.998770427e-01   -5.179972009e-01   -4.771970416e-01    9.995082009e-01   -5.313469169e-01   -4.633577997e-01    9.988935655e-01   -5.445659669e-01   -4.494046114e-01    9.980332874e-01   -5.576511002e-01   -4.353409078e-01    9.969275784e-01   -5.705990989e-01   -4.211701475e-01    9.955767103e-01   -5.834067789e-01   -4.068958154e-01
   -5.060237450e-01   -4.878799390e-01    9.997814127e-01   -5.239463302e-01   -4.695228443e-01    9.991257463e-01   -5.416398594e-01   -4.509604862e-01    9.980332874e-01   -5.590965973e-01   -4.322009795e-01    9.965045138e-01   -5.763089124e-01   -4.132525255e-01    9.945400936e-01   -5.932692798e-01   -3.941234080e-01    9.921408857e-01   -6.099702850e-01   -3.748219898e-01
   -5.075258519e-01   -4.848350194e-01    9.996584643e-01   -5.298700080e-01   -4.618130099e-01    9.986340905e-01   -5.518522251e-01   -4.384755493e-01    9.969275784e-01   -5.734574877e-01   -4.148385785e-01    9.945400936e-01   -5.946710379e-01   -3.909182433e-01    9.914732669e-01   -6.154783854e-01   -3.667308832e-01    9.877291932e-01   -6.358653172e-01   -3.422930196e-01
   -5.090264179e-01   -4.817842118e-01    9.995082009e-01   -5.357679465e-01   -4.540681236e-01    9.980332874e-01   -5.619824948e-01   -4.259054149e-01    9.955767103e-01   -5.876442782e-01   -3.973237864e-01    9.921408857e-01   -6.127280557e-01   -3.683513510e-01    9.877291932e-01   -6.372091551e-01   -3.390166058e-01    9.823459720e-01   -6.610634967e-01   -3.093484046e-01
   -5.105254385e-01   -4.787275533e-01    9.993306266e-01   -5.416398594e-01   -4.462887732e-01    9.973234027e-01   -5.720291616e-01   -4.132525255e-01    9.939810152e-01   -6.016526617e-01   -3.796630373e-01    9.893079390e-01   -6.304707013e-01   -3.455652765e-01    9.833104299e-01   -6.584447003e-01   -3.110048912e-01    9.759965172e-01   -6.855372086e-01   -2.760281492e-01
   -5.120229091e-01   -4.756650811e-01    9.991257463e-01   -5.474854612e-01   -4.384755493e-01    9.965045138e-01   -5.819907308e-01   -4.005193396e-01    9.921408857e-01   -6.154783854e-01   -3.618628189e-01    9.860424919e-01   -6.478898714e-01   -3.225735784e-01    9.782199955e-01   -6.791685172e-01   -2.827203156e-01    9.686870741e-01   -7.092596317e-01   -2.423727142e-01
   -5.135188252e-01   -4.725968324e-01    9.988935655e-01   -5.533044680e-01   -4.306290447e-01    9.955767103e-01   -5.918657206e-01   -3.877083313e-01    9.900567742e-01   -6.291172518e-01   -3.439296701e-01    9.823459720e-01   -6.649766288e-01   -2.993899376e-01    9.724613669e-01   -6.993644997e-01   -2.541876944e-01    9.604248321e-01   -7.322047685e-01   -2.084229671e-01
   -5.150131822e-01   -4.695228443e-01    9.986340905e-01   -5.590965973e-01   -4.227498551e-01    9.945400936e-01   -6.016526617e-01   -3.748219898e-01    9.877291932e-01   -6.425651201e-01   -3.258701787e-01    9.782199955e-01   -6.817222068e-01   -2.760281492e-01    9.660384778e-01   -7.190169520e-01   -2.254320609e-01    9.512179181e-01   -7.543474730e-01   -1.742201330e-01
   -5.165059756e-01   -4.664431543e-01    9.983473286e-01   -5.648615676e-01   -4.148385785e-01    9.933947770e-01   -6.113500984e-01   -3.618628189e-01    9.851587151e-01   -6.558179076e-01   -3.076909787e-01    9.736663659e-01   -6.981180138e-01   -2.525021143e-01    9.589557156e-01   -7.381106006e-01   -1.964786439e-01    9.410753878e-01   -7.756634788e-01   -1.398057441e-01
   -5.179972009e-01   -4.633577997e-01    9.980332874e-01   -5.705990989e-01   -4.068958154e-01    9.921408857e-01   -6.209565880e-01   -3.488333368e-01    9.823459720e-01   -6.688715909e-01   -2.893987484e-01    9.686870741e-01   -7.141556375e-01   -2.288258317e-01    9.512179181e-01   -7.566306063e-01   -1.673528457e-01    9.300072176e-01   -7.961294253e-01   -1.052215898e-01
   -5.194868535e-01   -4.602668181e-01    9.976919757e-01   -5.763089124e-01   -3.989221686e-01    9.907785567e-01   -6.304707013e-01   -3.357360750e-01    9.792916557e-01   -6.817222068e-01   -2.710002073e-01    9.632842969e-01   -7.298268495e-01   -2.050133896e-01    9.428303708e-01   -7.745625759e-01   -1.380802200e-01    9.180242940e-01   -8.157228838e-01   -7.050966545e-02
   -5.209749289e-01   -4.571702468e-01    9.973234027e-01   -5.819907308e-01   -3.909182433e-01    9.893079390e-01   -6.398910231e-01   -3.225735784e-01    9.759965172e-01   -6.943658540e-01   -2.525021143e-01    9.574603962e-01   -7.451236094e-01   -1.810789572e-01    9.337988031e-01   -7.918925730e-01   -1.086864492e-01    9.051384033e-01   -8.344223815e-01   -3.571212150e-02
   -5.224614227e-01   -4.540681236e-01    9.969275784e-01   -5.876442782e-01   -3.828846472e-01    9.877291932e-01   -6.492161518e-01   -3.093484046e-01    9.724613669e-01   -7.067986939e-01   -2.339112646e-01    9.512179181e-01   -7.600380689e-01   -1.570367765e-01    9.241293842e-01   -8.086071292e-01   -7.919732205e-02    8.913622203e-01   -8.522074254e-01   -8.712124948e-04
   -5.239463302e-01   -4.509604862e-01    9.965045138e-01   -5.932692798e-01   -3.748219898e-01    9.860424919e-01   -6.584447003e-01   -2.960631232e-01    9.686870741e-01   -7.190169520e-01   -2.152344874e-01    9.445595916e-01   -7.745625759e-01   -1.329011533e-01    9.138287190e-01   -8.246932542e-01   -4.963871087e-02    8.767092950e-01   -8.690585246e-01    3.397075442e-02
   -5.254296470e-01   -4.478473721e-01    9.960542203e-01   -5.988654625e-01   -3.667308832e-01    9.842480195e-01   -6.675752957e-01   -2.827203156e-01    9.646745669e-01   -7.310169187e-01   -1.964786439e-01    9.374883276e-01   -7.886896782e-01   -1.086864492e-01    9.029038435e-01   -8.401384463e-01   -2.003654902e-02    8.611940401e-01   -8.849572119e-01    6.877147081e-02
   -5.269113685e-01   -4.447288194e-01    9.955767103e-01   -6.044325544e-01   -3.586119414e-01    9.823459720e-01   -6.766065796e-01   -2.693225744e-01    9.604248321e-01   -7.427949510e-01   -1.776506238e-01    9.300072176e-01   -8.024121277e-01   -8.440707286e-02    8.913622203e-01   -8.549307019e-01    9.583191966e-03    8.448317163e-01   -8.998860636e-01    1.034886783e-01
   -5.283914904e-01   -4.416048658e-01    9.950719968e-01   -6.099702850e-01   -3.504657808e-01    9.803365575e-01   -6.855372086e-01   -2.558725028e-01    9.559389148e-01   -7.543474730e-01   -1.587573437e-01    9.221195319e-01   -8.157228838e-01   -6.007747129e-02    8.792117330e-01   -8.690585246e-01    3.919452511e-02    8.276384176e-01   -9.138287190e-01    1.380802200e-01
   -5.298700080e-01   -4.384755493e-01    9.945400936e-01   -6.154783854e-01   -3.422930196e-01    9.782199955e-01   -6.943658540e-01   -2.423727142e-01    9.512179181e-01   -7.656709775e-01   -1.398057441e-01    9.138287190e-01   -8.286151172e-01   -3.571212150e-02    8.664606814e-01   -8.825109348e-01    6.877147081e-02    8.096310552e-01   -9.267698982e-01    1.725040915e-01
   -5.313469169e-01   -4.353409078e-01    9.939810152e-01   -6.209565880e-01   -3.340942781e-01    9.759965172e-01   -7.030912026e-01   -2.288258317e-01    9.462630029e-01   -7.767620267e-01   -1.208027868e-01    9.051384033e-01   -8.410822131e-01   -1.132552173e-02    8.531177752e-01   -8.952774775e-01    9.828807966e-02    7.908273413e-01   -9.386954189e-01    2.067184921e-01
   -5.328222126e-01   -4.322009795e-01    9.933947770e-01   -6.264046266e-01   -3.258701787e-01    9.736663659e-01   -7.117119562e-01   -2.152344874e-01    9.410753878e-01   -7.876172533e-01   -1.017554526e-01    8.960523841e-01   -8.531177752e-01    1.306781712e-02    8.391921288e-01   -9.073482308e-01    1.277184552e-01    7.712457711e-01   -9.495922116e-01    2.406818754e-01
   -5.342958907e-01   -4.290558025e-01    9.927813949e-01   -6.318222367e-01   -3.176213455e-01    9.712297961e-01   -7.202268324e-01   -2.016013223e-01    9.356563485e-01   -7.982333618e-01   -8.267073849e-02    8.865746335e-01   -8.647156284e-01    3.745338016e-02    8.246932542e-01   -9.187138137e-01    1.570367765e-01    7.509056050e-01   -9.594483345e-01    2.743529999e-01
   -5.357679465e-01   -4.259054149e-01    9.921408857e-01   -6.372091551e-01   -3.093484046e-01    9.686870741e-01   -7.286345645e-01   -1.879289853e-01    9.300072176e-01   -8.086071292e-01   -6.355565525e-02    8.767092950e-01   -8.758698221e-01    6.181665711e-02    8.096310552e-01   -9.293653930e-01    1.862173211e-01    7.298268495e-01   -9.682529861e-01    3.076909787e-01
   -5.372383758e-01   -4.227498551e-01    9.914732669e-01   -6.425651201e-01   -3.010519839e-01    9.660384778e-01   -7.369339017e-01   -1.742201330e-01    9.241293842e-01   -8.187354059e-01   -4.441722482e-02    8.664606814e-01   -8.865746335e-01    8.614315096e-02    7.940158205e-01   -9.392946905e-01    2.152344874e-01    7.080302376e-01   -9.759965172e-01    3.406553298e-01
   -5.387071740e-01   -4.195891613e-01    9.907785567e-01   -6.478898714e-01   -2.927327133e-01    9.632842969e-01   -7.451236094e-01   -1.604774290e-01    9.180242940e-01   -8.286151172e-01   -2.526247772e-02    8.558332731e-01   -8.968245703e-01    1.104183866e-01    7.778582163e-01   -9.484939896e-01    2.440628171e-01    6.855372086e-01   -9.826704418e-01    3.732060248e-01
   -5.401743367e-01   -4.164233720e-01    9.900567742e-01   -6.531831505e-01   -2.843912240e-01    9.604248321e-01   -7.532024692e-01   -1.467035437e-01    9.116934480e-01   -8.382432634e-01   -6.098450433e-03    8.448317163e-01   -9.066143735e-01    1.346279194e-01    7.611692794e-01   -9.569561405e-01    2.726770175e-01    6.623698864e-01   -9.882674456e-01    4.053035374e-01
   -5.416398594e-01   -4.132525255e-01    9.893079390e-01   -6.584447003e-01   -2.760281492e-01    9.574603962e-01   -7.611692794e-01   -1.329011533e-01    9.051384033e-01   -8.476169217e-01    1.306781712e-02    8.334608204e-01   -9.159390202e-01    1.587573437e-01    7.439604095e-01   -9.646745669e-01    3.010519839e-01    6.385510584e-01   -9.927813949e-01    4.369088918e-01
   -5.431037376e-01   -4.100766605e-01    9.885320716e-01   -6.636742651e-01   -2.676441238e-01    9.543913130e-01   -7.690228546e-01   -1.190729397e-01    8.983607719e-01   -8.567332460e-01    3.222928420e-02    8.217255566e-01   -9.247937263e-01    1.827923019e-01    7.262433616e-01   -9.716432700e-01    3.291628215e-01    6.141041528e-01   -9.962073428e-01    4.679837097e-01
   -5.445659669e-01   -4.068958154e-01    9.877291932e-01   -6.688715909e-01   -2.592397839e-01    9.512179181e-01   -7.767620267e-01   -1.052215898e-01    8.913622203e-01   -8.655894689e-01    5.137891185e-02    8.096310552e-01   -9.331739487e-01    2.067184921e-01    7.080302376e-01   -9.778568341e-01    3.569848670e-01    5.890532155e-01   -9.985415347e-01    4.984902573e-01
   -5.460265429e-01   -4.037100289e-01    9.868993257e-01   -6.740364252e-01   -2.508157676e-01    9.479405582e-01   -7.843856442e-01   -9.134979498e-02    8.841444697e-01   -8.741829015e-01    7.050966545e-02    7.971826037e-01   -9.410753878e-01    2.305216776e-01    6.893334785e-01   -9.833104299e-01    3.844937108e-01    5.634228865e-01   -9.997814127e-01    5.283914904e-01
   -5.474854612e-01   -4.005193396e-01    9.860424919e-01   -6.791685172e-01   -2.423727142e-01    9.445595916e-01   -7.918925730e-01   -7.746025053e-02    8.767092950e-01   -8.825109348e-01    8.961451729e-02    7.843856442e-01   -9.484939896e-01    2.541876944e-01    6.701658554e-01   -9.879998192e-01    4.116652179e-01    5.372383758e-01   -9.999256178e-01    5.576511002e-01
   -5.489427172e-01   -3.973237864e-01    9.851587151e-01   -6.842676175e-01   -2.339112646e-01    9.410753878e-01   -7.992816965e-01   -6.355565525e-02    8.690585246e-01   -8.905710406e-01    1.086864492e-01    7.712457711e-01   -9.554259477e-01    2.777024606e-01    6.505404611e-01   -9.919213574e-01    4.384755493e-01    5.105254385e-01   -9.989739921e-01    5.862335568e-01
   -5.503983067e-01   -3.941234080e-01    9.842480195e-01   -6.893334785e-01   -2.254320609e-01    9.374883276e-01   -8.065519152e-01   -4.963871087e-02    8.611940401e-01   -8.983607719e-01    1.277184552e-01    7.577687290e-01   -9.618677057e-01    3.010519839e-01    6.304707013e-01   -9.950719968e-01    4.649011828e-01    4.833103493e-01   -9.969275784e-01    6.141041528e-01
   -5.518522251e-01   -3.909182433e-01    9.833104299e-01   -6.943658540e-01   -2.169357468e-01    9.337988031e-01   -8.137021478e-01   -3.571212150e-02    8.531177752e-01   -9.058777635e-01    1.467035437e-01    7.439604095e-01   -9.678159584e-01    3.242223707e-01    6.099702850e-01   -9.974492888e-01    4.909189338e-01    4.556198769e-01   -9.937886195e-01    6.412290450e-01
   -5.533044680e-01   -3.877083313e-01    9.823459720e-01   -6.993644997e-01   -2.084229671e-01    9.300072176e-01   -8.207313305e-01   -2.177859313e-02    8.448317163e-01   -9.131197336e-01    1.656347406e-01    7.298268495e-01   -9.732676540e-01    3.471998337e-01    5.890532155e-01   -9.990513858e-01    5.165059756e-01    4.274812576e-01   -9.895605553e-01    6.675752957e-01
   -5.547550311e-01   -3.844937108e-01    9.813546722e-01   -7.043291727e-01   -1.998943680e-01    9.261139853e-01   -8.276384176e-01   -7.840833102e-03    8.363379008e-01   -9.200844833e-01    1.845050916e-01    7.153742276e-01   -9.782199955e-01    3.699707005e-01    5.677337805e-01   -9.998770427e-01    5.416398594e-01    3.989221686e-01   -9.842480195e-01    6.931109128e-01
   -5.562039100e-01   -3.812744210e-01    9.803365575e-01   -7.092596317e-01   -1.913505968e-01    9.221195319e-01   -8.344223815e-01    6.098450433e-03    8.276384176e-01   -9.267698982e-01    2.033076646e-01    7.006088623e-01   -9.826704418e-01    3.925214215e-01    5.460265429e-01   -9.999256178e-01    5.662985337e-01    3.699707005e-01   -9.778568341e-01    7.178048886e-01
   -5.576511002e-01   -3.780505010e-01    9.792916557e-01   -7.141556375e-01   -1.827923019e-01    9.180242940e-01   -8.410822131e-01    2.003654902e-02    8.187354059e-01   -9.331739487e-01    2.220355524e-01    6.855372086e-01   -9.866167096e-01    4.148385785e-01    5.239463302e-01   -9.991970734e-01    5.904603644e-01    3.406553298e-01   -9.703940033e-01    7.416272372e-01
   -5.590965973e-01   -3.748219898e-01    9.782199955e-01   -7.190169520e-01   -1.742201330e-01    9.138287190e-01   -8.476169217e-01    3.397075442e-02    8.096310552e-01   -9.392946905e-01    2.406818754e-01    6.701658554e-01   -9.900567742e-01    4.369088918e-01    5.015082247e-01   -9.976919757e-01    6.141041528e-01    3.110048912e-01   -9.618677057e-01    7.645490314e-01
   -5.605403970e-01   -3.715889267e-01    9.771216060e-01   -7.238433391e-01   -1.656347406e-01    9.095332656e-01   -8.540255350e-01    4.789835918e-02    8.003276044e-01   -9.451302654e-01    2.592397839e-01    6.545015226e-01   -9.929888706e-01    4.587192288e-01    4.787275533e-01   -9.954114944e-01    6.372091551e-01    2.810485488e-01   -9.522872854e-01    7.865424372e-01
   -5.619824948e-01   -3.683513510e-01    9.759965172e-01   -7.286345645e-01   -1.570367765e-01    9.051384033e-01   -8.603070997e-01    6.181665711e-02    7.908273413e-01   -9.506789017e-01    2.777024606e-01    6.385510584e-01   -9.954114944e-01    4.802566116e-01    4.556198769e-01   -9.923574018e-01    6.597551000e-01    2.508157676e-01   -9.416632417e-01    8.075807481e-01
   -5.634228865e-01   -3.651093019e-01    9.748447601e-01   -7.333903953e-01   -1.484268932e-01    9.006446125e-01   -8.664606814e-01    7.572294383e-02    7.811326022e-01   -9.559389148e-01    2.960631232e-01    6.223214359e-01   -9.973234027e-01    5.015082247e-01    4.322009795e-01   -9.885320716e-01    6.817222068e-01    2.203362844e-01   -9.300072176e-01    8.276384176e-01
   -5.648615676e-01   -3.618628189e-01    9.736663659e-01   -7.381106006e-01   -1.398057441e-01    8.960523841e-01   -8.724853645e-01    8.961451729e-02    7.712457711e-01   -9.609087078e-01    3.143150269e-01    6.058197502e-01   -9.987236144e-01    5.224614227e-01    4.084868580e-01   -9.839384766e-01    7.030912026e-01    1.896400789e-01   -9.173319871e-01    8.466910895e-01
   -5.662985337e-01   -3.586119414e-01    9.724613669e-01   -7.427949510e-01   -1.311739838e-01    8.913622203e-01   -8.783802530e-01    1.034886783e-01    7.611692794e-01   -9.655867720e-01    3.324514669e-01    5.890532155e-01   -9.996114113e-01    5.431037376e-01    3.844937108e-01   -9.785801869e-01    7.238433391e-01    1.587573437e-01   -9.036514411e-01    8.647156284e-01
   -5.677337805e-01   -3.553567089e-01    9.712297961e-01   -7.474432189e-01   -1.225322672e-01    8.865746335e-01   -8.841444697e-01    1.173427311e-01    7.509056050e-01   -9.699716870e-01    3.504657808e-01    5.720291616e-01   -9.999863378e-01    5.634228865e-01    3.602379270e-01   -9.724613669e-01    7.439604095e-01    1.277184552e-01   -8.889805723e-01    8.816901471e-01
   -5.691673037e-01   -3.520971608e-01    9.699716870e-01   -7.520551787e-01   -1.138812503e-01    8.816901471e-01   -8.897771572e-01    1.311739838e-01    7.404572719e-01   -9.740621216e-01    3.683513510e-01    5.547550311e-01   -9.998482016e-01    5.834067789e-01    3.357360750e-01   -9.655867720e-01    7.634247640e-01    9.655394293e-02   -8.733354587e-01    8.975940336e-01
   -5.705990989e-01   -3.488333368e-01    9.686870741e-01   -7.566306063e-01   -1.052215898e-01    8.767092950e-01   -8.952774775e-01    1.449797488e-01    7.298268495e-01   -9.778568341e-01    3.861016072e-01    5.372383758e-01   -9.991970734e-01    6.030435235e-01    3.110048912e-01   -9.579617449e-01    7.822193255e-01    6.529446043e-02   -8.567332460e-01    9.124079759e-01
   -5.720291616e-01   -3.455652765e-01    9.673759924e-01   -7.611692794e-01   -9.655394293e-02    8.716326214e-01   -9.006446125e-01    1.587573437e-01    7.190169520e-01   -9.813546722e-01    4.037100289e-01    5.194868535e-01   -9.980332874e-01    6.223214359e-01    2.860612690e-01   -9.495922116e-01    8.003276044e-01    3.397075442e-02   -8.391921288e-01    9.261139853e-01
   -5.734574877e-01   -3.422930196e-01    9.660384778e-01   -7.656709775e-01   -8.787896753e-02    8.664606814e-01   -9.058777635e-01    1.725040915e-01    7.080302376e-01   -9.845545741e-01    4.211701475e-01    5.015082247e-01   -9.963574408e-01    6.412290450e-01    2.609222464e-01   -9.404846768e-01    8.177337135e-01    2.613634839e-03   -8.207313305e-01    9.386954189e-01
   -5.748840727e-01   -3.390166058e-01    9.646745669e-01   -7.701354820e-01   -7.919732205e-02    8.611940401e-01   -9.109761523e-01    1.862173211e-01    6.968694083e-01   -9.874555684e-01    4.384755493e-01    4.833103493e-01   -9.941703932e-01    6.597551000e-01    2.356049954e-01   -9.306462186e-01    8.344223815e-01   -2.874605551e-02   -8.013710826e-01    9.501369990e-01
   -5.763089124e-01   -3.357360750e-01    9.632842969e-01   -7.745625759e-01   -7.050966545e-02    8.558332731e-01   -9.159390202e-01    1.998943680e-01    6.855372086e-01   -9.900567742e-01    4.556198769e-01    4.649011828e-01   -9.914732669e-01    6.778885774e-01    2.101268093e-01   -9.200844833e-01    8.503789665e-01   -6.007747129e-02   -7.811326022e-01    9.604248321e-01
   -5.777320024e-01   -3.324514669e-01    9.618677057e-01   -7.789520443e-01   -6.181665711e-02    8.503789665e-01   -9.207656290e-01    2.135325746e-01    6.740364252e-01   -9.923574018e-01    4.725968324e-01    4.462887732e-01   -9.882674456e-01    6.956186871e-01    1.845050916e-01   -9.088076792e-01    8.655894689e-01   -9.134979498e-02   -7.600380689e-01    9.695464258e-01
   -5.791533383e-01   -3.291628215e-01    9.604248321e-01   -7.833036739e-01   -5.311895685e-02    8.448317163e-01   -9.254552607e-01    2.271292911e-01    6.623698864e-01   -9.943567528e-01    4.894001793e-01    4.274812576e-01   -9.845545741e-01    7.129348791e-01    1.587573437e-01   -8.968245703e-01    8.800405437e-01   -1.225322672e-01   -7.381106006e-01    9.774907039e-01
   -5.805729159e-01   -3.258701787e-01    9.589557156e-01   -7.876172533e-01   -4.441722482e-02    8.391921288e-01   -9.300072176e-01    2.406818754e-01    6.505404611e-01   -9.960542203e-01    5.060237450e-01    4.084868580e-01   -9.803365575e-01    7.298268495e-01    1.329011533e-01   -8.841444697e-01    8.937195124e-01   -1.535942169e-01   -7.153742276e-01    9.842480195e-01
   -5.819907308e-01   -3.225735784e-01    9.574603962e-01   -7.918925730e-01   -3.571212150e-02    8.334608204e-01   -9.344208225e-01    2.541876944e-01    6.385510584e-01   -9.974492888e-01    5.224614227e-01    3.893138783e-01   -9.756155598e-01    7.462845471e-01    1.069541819e-01   -8.707772320e-01    9.066143735e-01   -1.845050916e-01   -6.918538673e-01    9.898101673e-01
   -5.834067789e-01   -3.192730608e-01    9.559389148e-01   -7.961294253e-01   -2.700430761e-02    8.276384176e-01   -9.386954189e-01    2.676441238e-01    6.264046266e-01   -9.985415347e-01    5.387071740e-01    3.699707005e-01   -9.703940033e-01    7.622981789e-01    8.093415313e-02   -8.567332460e-01    9.187138137e-01   -2.152344874e-01   -6.675752957e-01    9.941703932e-01
   -5.848210556e-01   -3.159686658e-01    9.543913130e-01   -8.003276044e-01   -1.829444407e-02    8.217255566e-01   -9.428303708e-01    2.810485488e-01    6.141041528e-01   -9.993306266e-01    5.547550311e-01    3.504657808e-01   -9.646745669e-01    7.778582163e-01    5.485884057e-02   -8.420234264e-01    9.300072176e-01   -2.457521790e-01   -6.425651201e-01    9.973234027e-01
   -5.862335568e-01   -3.126604337e-01    9.528176331e-01   -8.044869064e-01   -9.583191966e-03    8.157228838e-01   -9.468250632e-01    2.943983651e-01    6.016526617e-01   -9.998163249e-01    5.705990989e-01    3.308076464e-01   -9.584601852e-01    7.929554005e-01    2.874605551e-02   -8.266592052e-01    9.404846768e-01   -2.760281492e-01   -6.168507494e-01    9.992653669e-01
   -5.876442782e-01   -3.093484046e-01    9.512179181e-01   -8.086071292e-01   -8.712124948e-04    8.096310552e-01   -9.506789017e-01    3.076909787e-01    5.890532155e-01   -9.999984820e-01    5.862335568e-01    3.110048912e-01   -9.517540465e-01    8.075807481e-01    2.613634839e-03   -8.106525232e-01    9.501369990e-01   -3.060326187e-01   -5.904603644e-01    9.999939279e-01
   -5.890532155e-01   -3.060326187e-01    9.495922116e-01   -8.126880726e-01    7.840833102e-03    8.034507367e-01   -9.543913130e-01    3.209238068e-01    5.763089124e-01   -9.998770427e-01    6.016526617e-01    2.910661727e-01   -9.445595916e-01    8.217255566e-01   -2.352057113e-02   -7.940158205e-01    9.589557156e-01   -3.357360750e-01   -5.634228865e-01    9.995082009e-01
   -5.904603644e-01   -3.027131163e-01    9.479405582e-01   -8.167295385e-01    1.655228357e-02    7.971826037e-01   -9.579617449e-01    3.340942781e-01    5.634228865e-01   -9.994520438e-01    6.168507494e-01    2.710002073e-01   -9.368805117e-01    8.353814093e-01   -4.963871087e-02   -7.767620267e-01    9.669330894e-01   -3.651093019e-01   -5.357679465e-01    9.978087758e-01
   -5.918657206e-01   -2.993899376e-01    9.462630029e-01   -8.207313305e-01    2.526247772e-02    7.908273413e-01   -9.613896662e-01    3.471998337e-01    5.503983067e-01   -9.987236144e-01    6.318222367e-01    2.508157676e-01   -9.287207468e-01    8.485401804e-01   -7.572294383e-02   -7.589045510e-01    9.740621216e-01   -3.941234080e-01   -5.075258519e-01    9.948977161e-01
   -5.932692798e-01   -2.960631232e-01    9.445595916e-01   -8.246932542e-01    3.397075442e-02    7.843856442e-01   -9.646745669e-01    3.602379270e-01    5.372383758e-01   -9.976919757e-01    6.465616240e-01    2.305216776e-01   -9.200844833e-01    8.611940401e-01   -1.017554526e-01   -7.404572719e-01    9.803365575e-01   -4.227498551e-01   -4.787275533e-01    9.907785567e-01
   -5.946710379e-01   -2.927327133e-01    9.428303708e-01   -8.286151172e-01    4.267645272e-02    7.778582163e-01   -9.678159584e-01    3.732060248e-01    5.239463302e-01   -9.963574408e-01    6.610634967e-01    2.101268093e-01   -9.109761523e-01    8.733354587e-01   -1.277184552e-01   -7.214345262e-01    9.857508921e-01   -4.509604862e-01   -4.494046114e-01    9.854562995e-01
   -5.960709906e-01   -2.893987484e-01    9.410753878e-01   -8.324967289e-01    5.137891185e-02    7.712457711e-01   -9.708133734e-01    3.861016072e-01    5.105254385e-01   -9.947204148e-01    6.753225276e-01    1.896400789e-01   -9.014004269e-01    8.849572119e-01   -1.535942169e-01   -7.018510979e-01    9.903003752e-01   -4.787275533e-01   -4.195891613e-01    9.789374074e-01
   -5.974691335e-01   -2.860612690e-01    9.392946905e-01   -8.363379008e-01    6.007747129e-02    7.645490314e-01   -9.736663659e-01    3.989221686e-01    4.969790011e-01   -9.927813949e-01    6.893334785e-01    1.690704427e-01   -8.913622203e-01    8.960523841e-01   -1.793650628e-01   -6.817222068e-01    9.939810152e-01   -5.060237450e-01   -3.893138783e-01    9.712297961e-01
   -5.988654625e-01   -2.827203156e-01    9.374883276e-01   -8.401384463e-01    6.877147081e-02    7.577687290e-01   -9.763745115e-01    4.116652179e-01    4.833103493e-01   -9.905409696e-01    7.030912026e-01    1.484268932e-01   -8.808666826e-01    9.066143735e-01   -2.050133896e-01   -6.610634967e-01    9.967895830e-01   -5.328222126e-01   -3.586119414e-01    9.623428249e-01
   -6.002599733e-01   -2.793759288e-01    9.356563485e-01   -8.438981808e-01    7.746025053e-02    7.509056050e-01   -9.789374074e-01    4.243282791e-01    4.695228443e-01   -9.879998192e-01    7.165906459e-01    1.277184552e-01   -8.699191989e-01    9.166368951e-01   -2.305216776e-01   -6.398910231e-01    9.987236144e-01   -5.590965973e-01   -3.275169973e-01    9.522872854e-01
   -6.016526617e-01   -2.760281492e-01    9.337988031e-01   -8.476169217e-01    8.614315096e-02    7.439604095e-01   -9.813546722e-01    4.369088918e-01    4.556198769e-01   -9.851587151e-01    7.298268495e-01    1.069541819e-01   -8.585253859e-01    9.261139853e-01   -2.558725028e-01   -6.182212406e-01    9.997814127e-01   -5.848210556e-01   -2.960631232e-01    9.410753878e-01
   -6.030435235e-01   -2.726770175e-01    9.319157424e-01   -8.512944882e-01    9.481951307e-02    7.369339017e-01   -9.836259464e-01    4.494046114e-01    4.416048658e-01   -9.820185199e-01    7.427949510e-01    8.614315096e-02   -8.466910895e-01    9.350400049e-01   -2.810485488e-01   -5.960709906e-01    9.999620497e-01   -6.099702850e-01   -2.642847899e-01    9.287207468e-01
   -6.044325544e-01   -2.693225744e-01    9.300072176e-01   -8.549307019e-01    1.034886783e-01    7.298268495e-01   -9.857508921e-01    4.618130099e-01    4.274812576e-01   -9.785801869e-01    7.554901865e-01    6.529446043e-02   -8.344223815e-01    9.434096426e-01   -3.060326187e-01   -5.734574877e-01    9.992653669e-01   -6.345195488e-01   -2.322168236e-01    9.152383645e-01
   -6.058197502e-01   -2.659648605e-01    9.280732809e-01   -8.585253859e-01    1.121499887e-01    7.226400296e-01   -9.877291932e-01    4.741316765e-01    4.132525255e-01   -9.748447601e-01    7.679078925e-01    4.441722482e-02   -8.217255566e-01    9.512179181e-01   -3.308076464e-01   -5.503983067e-01    9.976919757e-01   -6.584447003e-01   -1.998943680e-01    9.006446125e-01
   -6.072051067e-01   -2.626039168e-01    9.261139853e-01   -8.620783658e-01    1.208027868e-01    7.153742276e-01   -9.895605553e-01    4.863582175e-01    3.989221686e-01   -9.708133734e-01    7.800435074e-01    2.352057113e-02   -8.086071292e-01    9.584601852e-01   -3.553567089e-01   -5.269113685e-01    9.952432564e-01   -6.817222068e-01   -1.673528457e-01    8.849572119e-01
   -6.085886197e-01   -2.592397839e-01    9.241293842e-01   -8.655894689e-01    1.294464160e-01    7.080302376e-01   -9.912447060e-01    4.984902573e-01    3.844937108e-01   -9.664872508e-01    7.918925730e-01    2.613634839e-03   -7.950738299e-01    9.651321345e-01   -3.796630373e-01   -5.030149268e-01    9.919213574e-01   -7.043291727e-01   -1.346279194e-01    8.681952119e-01
   -6.099702850e-01   -2.558725028e-01    9.221195319e-01   -8.690585246e-01    1.380802200e-01    7.006088623e-01   -9.927813949e-01    5.105254385e-01    3.699707005e-01   -9.618677057e-01    8.034507367e-01   -1.829444407e-02   -7.811326022e-01    9.712297961e-01   -4.037100289e-01   -4.787275533e-01    9.877291932e-01   -7.262433616e-01   -1.017554526e-01    8.503789665e-01
   -6.113500984e-01   -2.525021143e-01    9.200844833e-01   -8.724853645e-01    1.467035437e-01    6.931109128e-01   -9.941703932e-01    5.224614227e-01    3.553567089e-01   -9.569561405e-01    8.147137526e-01   -3.919452511e-02   -7.667905990e-01    9.767495415e-01   -4.274812576e-01   -4.540681236e-01    9.826704418e-01   -7.474432189e-01   -6.877147081e-02    8.315301098e-01
   -6.127280557e-01   -2.491286594e-01    9.180242940e-01   -8.758698221e-01    1.553157325e-01    6.855372086e-01   -9.954114944e-01    5.342958907e-01    3.406553298e-01   -9.517540465e-01    8.256774831e-01   -6.007747129e-02   -7.520551787e-01    9.816880863e-01   -4.509604862e-01   -4.290558025e-01    9.767495415e-01   -7.679078925e-01   -3.571212150e-02    8.116715301e-01
   -6.141041528e-01   -2.457521790e-01    9.159390202e-01   -8.792117330e-01    1.639161327e-01    6.778885774e-01   -9.965045138e-01    5.460265429e-01    3.258701787e-01   -9.462630029e-01    8.363379008e-01   -8.093415313e-02   -7.369339017e-01    9.860424919e-01   -4.741316765e-01   -4.037100289e-01    9.699716870e-01   -7.876172533e-01   -2.613634839e-03    7.908273413e-01
   -6.154783854e-01   -2.423727142e-01    9.138287190e-01   -8.825109348e-01    1.725040915e-01    6.701658554e-01   -9.974492888e-01    5.576511002e-01    3.110048912e-01   -9.404846768e-01    8.466910895e-01   -1.017554526e-01   -7.214345262e-01    9.898101673e-01   -4.969790011e-01   -3.780505010e-01    9.623428249e-01   -8.065519152e-01    3.048771614e-02    7.690228546e-01
   -6.168507494e-01   -2.389903060e-01    9.116934480e-01   -8.857672673e-01    1.810789572e-01    6.623698864e-01   -9.982456788e-01    5.691673037e-01    2.960631232e-01   -9.344208225e-01    8.567332460e-01   -1.225322672e-01   -7.055650044e-01    9.929888706e-01   -5.194868535e-01   -3.520971608e-01    9.538696485e-01   -8.246932542e-01    6.355565525e-02    7.462845471e-01
   -6.182212406e-01   -2.356049954e-01    9.095332656e-01   -8.889805723e-01    1.896400789e-01    6.545015226e-01   -9.988935655e-01    5.805729159e-01    2.810485488e-01   -9.280732809e-01    8.664606814e-01   -1.432555138e-01   -6.893334785e-01    9.955767103e-01   -5.416398594e-01   -3.258701787e-01    9.445595916e-01   -8.420234264e-01    9.655394293e-02    7.226400296e-01
   -6.195898548e-01   -2.322168236e-01    9.073482308e-01   -8.921506937e-01    1.981868068e-01    6.465616240e-01   -9.993928523e-01    5.918657206e-01    2.659648605e-01   -9.214439792e-01    8.758698221e-01   -1.639161327e-01   -6.727482764e-01    9.975721466e-01   -5.634228865e-01   -2.993899376e-01    9.344208225e-01   -8.585253859e-01    1.294464160e-01    6.981180138e-01
   -6.209565880e-01   -2.288258317e-01    9.051384033e-01   -8.952774775e-01    2.067184921e-01    6.385510584e-01   -9.997434651e-01    6.030435235e-01    2.508157676e-01   -9.145349300e-01    8.849572119e-01   -1.845050916e-01   -6.558179076e-01    9.989739921e-01   -5.848210556e-01   -2.726770175e-01    9.234622365e-01   -8.741829015e-01    1.621970271e-01    6.727482764e-01
   -6.223214359e-01   -2.254320609e-01    9.029038435e-01   -8.983607719e-01    2.152344874e-01    6.304707013e-01   -9.999453517e-01    6.141041528e-01    2.356049954e-01   -9.073482308e-01    8.937195124e-01   -2.050133896e-01   -6.385510584e-01    9.997814127e-01   -6.058197502e-01   -2.457521790e-01    9.116934480e-01   -8.889805723e-01    1.947698844e-01    6.465616240e-01
   -6.236843944e-01   -2.220355524e-01    9.006446125e-01   -9.014004269e-01    2.237341463e-01    6.223214359e-01   -9.999984820e-01    6.250454593e-01    2.203362844e-01   -8.998860636e-01    9.021535047e-01   -2.254320609e-01   -6.209565880e-01    9.999939279e-01   -6.264046266e-01   -2.186363475e-01    8.991247826e-01   -9.029038435e-01    2.271292911e-01    6.195898548e-01
   -6.250454593e-01   -2.186363475e-01    8.983607719e-01   -9.043962951e-01    2.322168236e-01    6.141041528e-01   -9.999028481e-01    6.358653172e-01    2.050133896e-01   -8.921506937e-01    9.102560907e-01   -2.457521790e-01   -6.030435235e-01    9.996114113e-01   -6.465616240e-01   -1.913505968e-01    8.857672673e-01   -9.159390202e-01    2.592397839e-01    5.918657206e-01
   -6.264046266e-01   -2.152344874e-01    8.960523841e-01   -9.073482308e-01    2.406818754e-01    6.058197502e-01   -9.996584643e-01    6.465616240e-01    1.896400789e-01   -8.841444697e-01    9.180242940e-01   -2.659648605e-01   -5.848210556e-01    9.986340905e-01   -6.662769737e-01   -1.639161327e-01    8.716326214e-01   -9.280732809e-01    2.910661727e-01    5.634228865e-01
   -6.277618922e-01   -2.118300135e-01    8.937195124e-01   -9.102560907e-01    2.491286594e-01    5.974691335e-01   -9.992653669e-01    6.571323015e-01    1.742201330e-01   -8.758698221e-01    9.254552607e-01   -2.860612690e-01   -5.662985337e-01    9.970625471e-01   -6.855372086e-01   -1.363542767e-01    8.567332460e-01   -9.392946905e-01    3.225735784e-01    5.342958907e-01
   -6.291172518e-01   -2.084229671e-01    8.913622203e-01   -9.131197336e-01    2.575565343e-01    5.890532155e-01   -9.987236144e-01    6.675752957e-01    1.587573437e-01   -8.673292633e-01    9.325462612e-01   -3.060326187e-01   -5.474854612e-01    9.948977161e-01   -7.043291727e-01   -1.086864492e-01    8.410822131e-01   -9.495922116e-01    3.537274718e-01    5.045201018e-01
   -6.304707013e-01   -2.050133896e-01    8.889805723e-01   -9.159390202e-01    2.659648605e-01    5.805729159e-01   -9.980332874e-01    6.778885774e-01    1.432555138e-01   -8.585253859e-01    9.392946905e-01   -3.258701787e-01   -5.283914904e-01    9.921408857e-01   -7.226400296e-01   -8.093415313e-02    8.246932542e-01   -9.589557156e-01    3.844937108e-01    4.741316765e-01
   -6.318222367e-01   -2.016013223e-01    8.865746335e-01   -9.187138137e-01    2.743529999e-01    5.720291616e-01   -9.971944886e-01    6.880701429e-01    1.277184552e-01   -8.494608629e-01    9.456980697e-01   -3.455652765e-01   -5.090264179e-01    9.887936963e-01   -7.404572719e-01   -5.311895685e-02    8.075807481e-01   -9.673759924e-01    4.148385785e-01    4.431675153e-01
   -6.331718539e-01   -1.981868068e-01    8.841444697e-01   -9.214439792e-01    2.827203156e-01    5.634228865e-01   -9.962073428e-01    6.981180138e-01    1.121499887e-01   -8.401384463e-01    9.517540465e-01   -3.651093019e-01   -4.894001793e-01    9.848581396e-01   -7.577687290e-01   -2.526247772e-02    7.897597087e-01   -9.748447601e-01    4.447288194e-01    4.116652179e-01
   -6.345195488e-01   -1.947698844e-01    8.816901471e-01   -9.241293842e-01    2.910661727e-01    5.547550311e-01   -9.950719968e-01    7.080302376e-01    9.655394293e-02   -8.305609663e-01    9.574603962e-01   -3.844937108e-01   -4.695228443e-01    9.803365575e-01   -7.745625759e-01    2.613634839e-03    7.712457711e-01   -9.813546722e-01    4.741316765e-01    3.796630373e-01
   -6.358653172e-01   -1.913505968e-01    8.792117330e-01   -9.267698982e-01    2.993899376e-01    5.460265429e-01   -9.937886195e-01    7.178048886e-01    8.093415313e-02   -8.207313305e-01    9.628150225e-01   -4.037100289e-01   -4.494046114e-01    9.752316404e-01   -7.908273413e-01    3.048771614e-02    7.520551787e-01   -9.868993257e-01    5.030149268e-01    3.471998337e-01
   -6.372091551e-01   -1.879289853e-01    8.767092950e-01   -9.293653930e-01    3.076909787e-01    5.372383758e-01   -9.923574018e-01    7.274400673e-01    6.529446043e-02   -8.106525232e-01    9.678159584e-01   -4.227498551e-01   -4.290558025e-01    9.695464258e-01   -8.065519152e-01    5.833810308e-02    7.322047685e-01   -9.914732669e-01    5.313469169e-01    3.143150269e-01
   -6.385510584e-01   -1.845050916e-01    8.741829015e-01   -9.319157424e-01    3.159686658e-01    5.283914904e-01   -9.907785567e-01    7.369339017e-01    4.963871087e-02   -8.003276044e-01    9.724613669e-01   -4.416048658e-01   -4.084868580e-01    9.632842969e-01   -8.217255566e-01    8.614315096e-02    7.117119562e-01   -9.950719968e-01    5.590965973e-01    2.810485488e-01
   -6.398910231e-01   -1.810789572e-01    8.716326214e-01   -9.344208225e-01    3.242223707e-01    5.194868535e-01   -9.890523190e-01    7.462845471e-01    3.397075442e-02   -7.897597087e-01    9.767495415e-01   -4.602668181e-01   -3.877083313e-01    9.564489796e-01   -8.363379008e-01    1.138812503e-01    6.905947212e-01   -9.976919757e-01    5.862335568e-01    2.474407948e-01
   -6.412290450e-01   -1.776506238e-01    8.690585246e-01   -9.368805117e-01    3.324514669e-01    5.105254385e-01   -9.871789456e-01    7.554901865e-01    1.829444407e-02   -7.789520443e-01    9.806789068e-01   -4.787275533e-01   -3.667308832e-01    9.490445413e-01   -8.503789665e-01    1.415308438e-01    6.688715909e-01   -9.993306266e-01    6.127280557e-01    2.135325746e-01
   -6.425651201e-01   -1.742201330e-01    8.664606814e-01   -9.392946905e-01    3.406553298e-01    5.015082247e-01   -9.851587151e-01    7.645490314e-01    2.613634839e-03   -7.679078925e-01    9.842480195e-01   -4.969790011e-01   -3.455652765e-01    9.410753878e-01   -8.638391626e-01    1.690704427e-01    6.465616240e-01   -9.999863378e-01    6.385510584e-01    1.793650628e-01
   -6.438992443e-01   -1.707875264e-01    8.638391626e-01   -9.416632417e-01    3.488333368e-01    4.924361978e-01   -9.829919280e-01    7.734593214e-01   -1.306781712e-02   -7.566306063e-01    9.874555684e-01   -5.150131822e-01   -3.242223707e-01    9.325462612e-01   -8.767092950e-01    1.964786439e-01    6.236843944e-01   -9.996584643e-01    6.636742651e-01    1.449797488e-01
   -6.452314136e-01   -1.673528457e-01    8.611940401e-01   -9.439860501e-01    3.569848670e-01    4.833103493e-01   -9.806789068e-01    7.822193255e-01   -2.874605551e-02   -7.451236094e-01    9.903003752e-01   -5.328222126e-01   -3.027131163e-01    9.234622365e-01   -8.889805723e-01    2.237341463e-01    6.002599733e-01   -9.983473286e-01    6.880701429e-01    1.104183866e-01
   -6.465616240e-01   -1.639161327e-01    8.585253859e-01   -9.462630029e-01    3.651093019e-01    4.741316765e-01   -9.782199955e-01    7.908273413e-01   -4.441722482e-02   -7.333903953e-01    9.927813949e-01   -5.503983067e-01   -2.810485488e-01    9.138287190e-01   -9.006446125e-01    2.508157676e-01    5.763089124e-01   -9.960542203e-01    7.117119562e-01    7.572294383e-02
   -6.478898714e-01   -1.604774290e-01    8.558332731e-01   -9.484939896e-01    3.732060248e-01    4.649011828e-01   -9.756155598e-01    7.992816965e-01   -6.007747129e-02   -7.214345262e-01    9.948977161e-01   -5.677337805e-01   -2.592397839e-01    9.036514411e-01   -9.116934480e-01    2.777024606e-01    5.518522251e-01   -9.927813949e-01    7.345737955e-01    4.093555106e-02
   -6.492161518e-01   -1.570367765e-01    8.531177752e-01   -9.506789017e-01    3.812744210e-01    4.556198769e-01   -9.728659873e-01    8.075807481e-01   -7.572294383e-02   -7.092596317e-01    9.966485613e-01   -5.848210556e-01   -2.372980109e-01    8.929364585e-01   -9.221195319e-01    3.043733295e-01    5.269113685e-01   -9.885320716e-01    7.566306063e-01    6.098450433e-03
   -6.505404611e-01   -1.535942169e-01    8.503789665e-01   -9.528176331e-01    3.893138783e-01    4.462887732e-01   -9.699716870e-01    8.157228838e-01   -9.134979498e-02   -6.968694083e-01    9.980332874e-01   -6.016526617e-01   -2.152344874e-01    8.816901471e-01   -9.319157424e-01    3.308076464e-01    5.015082247e-01   -9.833104299e-01    7.778582163e-01   -2.874605551e-02
   -6.518627954e-01   -1.501497920e-01    8.476169217e-01   -9.549100799e-01    3.973237864e-01    4.369088918e-01   -9.669330894e-01    8.237065215e-01   -1.069541819e-01   -6.842676175e-01    9.990513858e-01   -6.182212406e-01   -1.930605337e-01    8.699191989e-01   -9.410753878e-01    3.569848670e-01    4.756650811e-01   -9.771216060e-01    7.982333618e-01   -6.355565525e-02
   -6.531831505e-01   -1.467035437e-01    8.448317163e-01   -9.569561405e-01    4.053035374e-01    4.274812576e-01   -9.637506467e-01    8.315301098e-01   -1.225322672e-01   -6.714580852e-01    9.997024823e-01   -6.345195488e-01   -1.707875264e-01    8.576306179e-01   -9.495922116e-01    3.828846472e-01    4.494046114e-01   -9.699716870e-01    8.177337135e-01   -9.828807966e-02
   -6.545015226e-01   -1.432555138e-01    8.420234264e-01   -9.589557156e-01    4.132525255e-01    4.180069012e-01   -9.604248321e-01    8.391921288e-01   -1.380802200e-01   -6.584447003e-01    9.999863378e-01   -6.505404611e-01   -1.484268932e-01    8.448317163e-01   -9.574603962e-01    4.084868580e-01    4.227498551e-01   -9.618677057e-01    8.363379008e-01   -1.329011533e-01
   -6.558179076e-01   -1.398057441e-01    8.391921288e-01   -9.609087078e-01    4.211701475e-01    4.084868580e-01   -9.569561405e-01    8.466910895e-01   -1.535942169e-01   -6.452314136e-01    9.999028481e-01   -6.662769737e-01   -1.259901066e-01    8.315301098e-01   -9.646745669e-01    4.337716021e-01    3.957241979e-01   -9.528176331e-01    8.540255350e-01   -1.673528457e-01
   -6.571323015e-01   -1.363542767e-01    8.363379008e-01   -9.628150225e-01    4.290558025e-01    3.989221686e-01   -9.533450880e-01    8.540255350e-01   -1.690704427e-01   -6.318222367e-01    9.994520438e-01   -6.817222068e-01   -1.034886783e-01    8.177337135e-01   -9.712297961e-01    4.587192288e-01    3.683513510e-01   -9.428303708e-01    8.707772320e-01   -2.016013223e-01
   -6.584447003e-01   -1.329011533e-01    8.334608204e-01   -9.646745669e-01    4.369088918e-01    3.893138783e-01   -9.495922116e-01    8.611940401e-01   -1.845050916e-01   -6.182212406e-01    9.986340905e-01   -6.968694083e-01   -8.093415313e-02    8.034507367e-01   -9.771216060e-01    4.833103493e-01    3.406553298e-01   -9.319157424e-01    8.865746335e-01   -2.356049954e-01
   -6.597551000e-01   -1.294464160e-01    8.305609663e-01   -9.664872508e-01    4.447288194e-01    3.796630373e-01   -9.456980697e-01    8.681952119e-01   -1.998943680e-01   -6.044325544e-01    9.974492888e-01   -7.117119562e-01   -5.833810308e-02    7.886896782e-01   -9.823459720e-01    5.075258519e-01    3.126604337e-01   -9.200844833e-01    9.014004269e-01   -2.693225744e-01
   -6.610634967e-01   -1.259901066e-01    8.276384176e-01   -9.682529861e-01    4.525149918e-01    3.699707005e-01   -9.416632417e-01    8.750276901e-01   -2.152344874e-01   -5.904603644e-01    9.958980737e-01   -7.262433616e-01   -3.571212150e-02    7.734593214e-01   -9.868993257e-01    5.313469169e-01    2.843912240e-01   -9.073482308e-01    9.152383645e-01   -3.027131163e-01
   -6.623698864e-01   -1.225322672e-01    8.246932542e-01   -9.699716870e-01    4.602668181e-01    3.602379270e-01   -9.374883276e-01    8.816901471e-01   -2.305216776e-01   -5.763089124e-01    9.939810152e-01   -7.404572719e-01   -1.306781712e-02    7.577687290e-01   -9.907785567e-01    5.547550311e-01    2.558725028e-01   -8.937195124e-01    9.280732809e-01   -3.357360750e-01
   -6.636742651e-01   -1.190729397e-01    8.217255566e-01   -9.716432700e-01    4.679837097e-01    3.504657808e-01   -9.331739487e-01    8.881812885e-01   -2.457521790e-01   -5.619824948e-01    9.916988175e-01   -7.543474730e-01    9.583191966e-03    7.416272372e-01   -9.939810152e-01    5.777320024e-01    2.271292911e-01   -8.792117330e-01    9.398911105e-01   -3.683513510e-01
   -6.649766288e-01   -1.156121662e-01    8.187354059e-01   -9.732676540e-01    4.756650811e-01    3.406553298e-01   -9.287207468e-01    8.944998528e-01   -2.609222464e-01   -5.474854612e-01    9.890523190e-01   -7.679078925e-01    3.222928420e-02    7.250444510e-01   -9.965045138e-01    6.002599733e-01    1.981868068e-01   -8.638391626e-01    9.506789017e-01   -4.005193396e-01
   -6.662769737e-01   -1.121499887e-01    8.157228838e-01   -9.748447601e-01    4.833103493e-01    3.308076464e-01   -9.241293842e-01    9.006446125e-01   -2.760281492e-01   -5.328222126e-01    9.860424919e-01   -7.811326022e-01    5.485884057e-02    7.080302376e-01   -9.983473286e-01    6.223214359e-01    1.690704427e-01   -8.476169217e-01    9.604248321e-01   -4.322009795e-01
   -6.675752957e-01   -1.086864492e-01    8.126880726e-01   -9.763745115e-01    4.909189338e-01    3.209238068e-01   -9.194005442e-01    9.066143735e-01   -2.910661727e-01   -5.179972009e-01    9.826704418e-01   -7.940158205e-01    7.746025053e-02    6.905947212e-01   -9.995082009e-01    6.438992443e-01    1.398057441e-01   -8.305609663e-01    9.691182211e-01   -4.633577997e-01
   -6.688715909e-01   -1.052215898e-01    8.096310552e-01   -9.778568341e-01    4.984902573e-01    3.110048912e-01   -9.145349300e-01    9.124079759e-01   -3.060326187e-01   -5.030149268e-01    9.789374074e-01   -8.065519152e-01    1.000219180e-01    6.727482764e-01   -9.999863378e-01    6.649766288e-01    1.104183866e-01   -8.126880726e-01    9.767495415e-01   -4.939519668e-01
   -6.701658554e-01   -1.017554526e-01    8.065519152e-01   -9.792916557e-01    5.060237450e-01    3.010519839e-01   -9.095332656e-01    9.180242940e-01   -3.209238068e-01   -4.878799390e-01    9.748447601e-01   -8.187354059e-01    1.225322672e-01    6.545015226e-01   -9.997814127e-01    6.855372086e-01    8.093415313e-02   -7.940158205e-01    9.833104299e-01   -5.239463302e-01
   -6.714580852e-01   -9.828807966e-02    8.034507367e-01   -9.806789068e-01    5.135188252e-01    2.910661727e-01   -9.043962951e-01    9.234622365e-01   -3.357360750e-01   -4.725968324e-01    9.703940033e-01   -8.305609663e-01    1.449797488e-01    6.358653172e-01   -9.988935655e-01    7.055650044e-01    5.137891185e-02   -7.745625759e-01    9.887936963e-01   -5.533044680e-01
   -6.727482764e-01   -9.481951307e-02    8.003276044e-01   -9.820185199e-01    5.209749289e-01    2.810485488e-01   -8.991247826e-01    9.287207468e-01   -3.504657808e-01   -4.571702468e-01    9.655867720e-01   -8.420234264e-01    1.673528457e-01    6.168507494e-01   -9.973234027e-01    7.250444510e-01    2.177859313e-02   -7.543474730e-01    9.931933315e-01   -5.819907308e-01
   -6.740364252e-01   -9.134979498e-02    7.971826037e-01   -9.833104299e-01    5.283914904e-01    2.710002073e-01   -8.937195124e-01    9.337988031e-01   -3.651093019e-01   -4.416048658e-01    9.604248321e-01   -8.531177752e-01    1.896400789e-01    5.974691335e-01   -9.950719968e-01    7.439604095e-01   -7.840833102e-03   -7.333903953e-01    9.965045138e-01   -6.099702850e-01
   -6.753225276e-01   -8.787896753e-02    7.940158205e-01   -9.845545741e-01    5.357679465e-01    2.609222464e-01   -8.881812885e-01    9.386954189e-01   -3.796630373e-01   -4.259054149e-01    9.549100799e-01   -8.638391626e-01    2.118300135e-01    5.777320024e-01   -9.921408857e-01    7.622981789e-01   -3.745338016e-02   -7.117119562e-01    9.987236144e-01   -6.372091551e-01
   -6.766065796e-01   -8.440707286e-02    7.908273413e-01   -9.857508921e-01    5.431037376e-01    2.508157676e-01   -8.825109348e-01    9.434096426e-01   -3.941234080e-01   -4.100766605e-01    9.490445413e-01   -8.741829015e-01    2.339112646e-01    5.576511002e-01   -9.885320716e-01    7.800435074e-01   -6.703306738e-02   -6.893334785e-01    9.998482016e-01   -6.636742651e-01
   -6.778885774e-01   -8.093415313e-02    7.876172533e-01   -9.868993257e-01    5.503983067e-01    2.406818754e-01   -8.767092950e-01    9.479405582e-01   -4.084868580e-01   -3.941234080e-01    9.428303708e-01   -8.841444697e-01    2.558725028e-01    5.372383758e-01   -9.842480195e-01    7.971826037e-01   -9.655394293e-02   -6.662769737e-01    9.998770427e-01   -6.893334785e-01
   -6.791685172e-01   -7.746025053e-02    7.843856442e-01   -9.879998192e-01    5.576511002e-01    2.305216776e-01   -8.707772320e-01    9.522872854e-01   -4.227498551e-01   -3.780505010e-01    9.362698514e-01   -8.937195124e-01    2.777024606e-01    5.165059756e-01   -9.792916557e-01    8.137021478e-01   -1.259901066e-01   -6.425651201e-01    9.988101062e-01   -7.141556375e-01
   -6.804463949e-01   -7.398540723e-02    7.811326022e-01   -9.890523190e-01    5.648615676e-01    2.203362844e-01   -8.647156284e-01    9.564489796e-01   -4.369088918e-01   -3.618628189e-01    9.293653930e-01   -9.029038435e-01    2.993899376e-01    4.954662360e-01   -9.736663659e-01    8.295893010e-01   -1.553157325e-01   -6.182212406e-01    9.966485613e-01   -7.381106006e-01
   -6.817222068e-01   -7.050966545e-02    7.778582163e-01   -9.900567742e-01    5.720291616e-01    2.101268093e-01   -8.585253859e-01    9.604248321e-01   -4.509604862e-01   -3.455652765e-01    9.221195319e-01   -9.116934480e-01    3.209238068e-01    4.741316765e-01   -9.673759924e-01    8.448317163e-01   -1.845050916e-01   -5.932692798e-01    9.933947770e-01   -7.611692794e-01
   -6.829959490e-01   -6.703306738e-02    7.745625759e-01   -9.910131358e-01    5.791533383e-01    1.998943680e-01   -8.522074254e-01    9.642140705e-01   -4.649011828e-01   -3.291628215e-01    9.145349300e-01   -9.200844833e-01    3.422930196e-01    4.525149918e-01   -9.604248321e-01    8.594175474e-01   -2.135325746e-01   -5.677337805e-01    9.890523190e-01   -7.833036739e-01
   -6.842676175e-01   -6.355565525e-02    7.712457711e-01   -9.919213574e-01    5.862335568e-01    1.896400789e-01   -8.457626868e-01    9.678159584e-01   -4.787275533e-01   -3.126604337e-01    9.066143735e-01   -9.280732809e-01    3.634866122e-01    4.306290447e-01   -9.528176331e-01    8.733354587e-01   -2.423727142e-01   -5.416398594e-01    9.836259464e-01   -8.044869064e-01
   -6.855372086e-01   -6.007747129e-02    7.679078925e-01   -9.927813949e-01    5.932692798e-01    1.793650628e-01   -8.391921288e-01    9.712297961e-01   -4.924361978e-01   -2.960631232e-01    8.983607719e-01   -9.356563485e-01    3.844937108e-01    4.084868580e-01   -9.445595916e-01    8.865746335e-01   -2.710002073e-01   -5.150131822e-01    9.771216060e-01   -8.246932542e-01
   -6.868047183e-01   -5.659855774e-02    7.645490314e-01   -9.935932065e-01    6.002599733e-01    1.690704427e-01   -8.324967289e-01    9.744549201e-01   -5.060237450e-01   -2.793759288e-01    8.897771572e-01   -9.428303708e-01    4.053035374e-01    3.861016072e-01   -9.356563485e-01    8.991247826e-01   -2.993899376e-01   -4.878799390e-01    9.695464258e-01   -8.438981808e-01
   -6.880701429e-01   -5.311895685e-02    7.611692794e-01   -9.943567528e-01    6.072051067e-01    1.587573437e-01   -8.256774831e-01    9.774907039e-01   -5.194868535e-01   -2.626039168e-01    8.808666826e-01   -9.495922116e-01    4.259054149e-01    3.634866122e-01   -9.261139853e-01    9.109761523e-01   -3.275169973e-01   -4.602668181e-01    9.609087078e-01   -8.620783658e-01
   -6.893334785e-01   -4.963871087e-02    7.577687290e-01   -9.950719968e-01    6.141041528e-01    1.484268932e-01   -8.187354059e-01    9.803365575e-01   -5.328222126e-01   -2.457521790e-01    8.716326214e-01   -9.559389148e-01    4.462887732e-01    3.406553298e-01   -9.159390202e-01    9.221195319e-01   -3.553567089e-01   -4.322009795e-01    9.512179181e-01   -8.792117330e-01
   -6.905947212e-01   -4.615786207e-02    7.543474730e-01   -9.957389035e-01    6.209565880e-01    1.380802200e-01   -8.116715301e-01    9.829919280e-01   -5.460265429e-01   -2.288258317e-01    8.620783658e-01   -9.618677057e-01    4.664431543e-01    3.176213455e-01   -9.051384033e-01    9.325462612e-01   -3.828846472e-01   -4.037100289e-01    9.404846768e-01   -8.952774775e-01
   -6.918538673e-01   -4.267645272e-02    7.509056050e-01   -9.963574408e-01    6.277618922e-01    1.277184552e-01   -8.044869064e-01    9.854562995e-01   -5.590965973e-01   -2.118300135e-01    8.522074254e-01   -9.673759924e-01    4.863582175e-01    2.943983651e-01   -8.937195124e-01    9.422482366e-01   -4.100766605e-01   -3.748219898e-01    9.287207468e-01   -9.102560907e-01
   -6.931109128e-01   -3.919452511e-02    7.474432189e-01   -9.969275784e-01    6.345195488e-01    1.173427311e-01   -7.971826037e-01    9.877291932e-01   -5.720291616e-01   -1.947698844e-01    8.420234264e-01   -9.724613669e-01    5.060237450e-01    2.710002073e-01   -8.816901471e-01    9.512179181e-01   -4.369088918e-01   -3.455652765e-01    9.159390202e-01   -9.241293842e-01
   -6.943658540e-01   -3.571212150e-02    7.439604095e-01   -9.974492888e-01    6.412290450e-01    1.069541819e-01   -7.897597087e-01    9.898101673e-01   -5.848210556e-01   -1.776506238e-01    8.315301098e-01   -9.771216060e-01    5.254296470e-01    2.474407948e-01   -8.690585246e-01    9.594483345e-01   -4.633577997e-01   -3.159686658e-01    9.021535047e-01   -9.368805117e-01
   -6.956186871e-01   -3.222928420e-02    7.404572719e-01   -9.979225465e-01    6.478898714e-01    9.655394293e-02   -7.822193255e-01    9.916988175e-01   -5.974691335e-01   -1.604774290e-01    8.207313305e-01   -9.813546722e-01    5.445659669e-01    2.237341463e-01   -8.558332731e-01    9.669330894e-01   -4.894001793e-01   -2.860612690e-01    8.873793081e-01   -9.484939896e-01
   -6.968694083e-01   -2.874605551e-02    7.369339017e-01   -9.983473286e-01    6.545015226e-01    8.614315096e-02   -7.745625759e-01    9.933947770e-01   -6.099702850e-01   -1.432555138e-01    8.096310552e-01   -9.851587151e-01    5.634228865e-01    1.998943680e-01   -8.420234264e-01    9.736663659e-01   -5.150131822e-01   -2.558725028e-01    8.716326214e-01   -9.589557156e-01
   -6.981180138e-01   -2.526247772e-02    7.333903953e-01   -9.987236144e-01    6.610634967e-01    7.572294383e-02   -7.667905990e-01    9.948977161e-01   -6.223214359e-01   -1.259901066e-01    7.982333618e-01   -9.885320716e-01    5.819907308e-01    1.759356455e-01   -8.276384176e-01    9.796429309e-01   -5.401743367e-01   -2.254320609e-01    8.549307019e-01   -9.682529861e-01
   -6.993644997e-01   -2.177859313e-02    7.298268495e-01   -9.990513858e-01    6.675752957e-01    6.529446043e-02   -7.589045510e-01    9.962073428e-01   -6.345195488e-01   -1.086864492e-01    7.865424372e-01   -9.914732669e-01    6.002599733e-01    1.518722350e-01   -8.126880726e-01    9.848581396e-01   -5.648615676e-01   -1.947698844e-01    8.372918531e-01   -9.763745115e-01
   -7.006088623e-01   -1.829444407e-02    7.262433616e-01   -9.993306266e-01    6.740364252e-01    5.485884057e-02   -7.509056050e-01    9.973234027e-01   -6.465616240e-01   -9.134979498e-02    7.745625759e-01   -9.939810152e-01    6.182212406e-01    1.277184552e-01   -7.971826037e-01    9.893079390e-01   -5.890532155e-01   -1.639161327e-01    8.187354059e-01   -9.833104299e-01
   -7.018510979e-01   -1.481007283e-02    7.226400296e-01   -9.995613235e-01    6.804463949e-01    4.441722482e-02   -7.427949510e-01    9.982456788e-01   -6.584447003e-01   -7.398540723e-02    7.622981789e-01   -9.960542203e-01    6.358653172e-01    1.034886783e-01   -7.811326022e-01    9.929888706e-01   -6.127280557e-01   -1.329011533e-01    7.992816965e-01   -9.890523190e-01
   -7.030912026e-01   -1.132552173e-02    7.190169520e-01   -9.997434651e-01    6.868047183e-01    3.397075442e-02   -7.345737955e-01    9.989739921e-01   -6.701658554e-01   -5.659855774e-02    7.497537514e-01   -9.976919757e-01    6.531831505e-01    7.919732205e-02   -7.645490314e-01    9.958980737e-01   -6.358653172e-01   -1.017554526e-01    7.789520443e-01   -9.935932065e-01
   -7.043291727e-01   -7.840833102e-03    7.153742276e-01   -9.998770427e-01    6.931109128e-01    2.352057113e-02   -7.262433616e-01    9.995082009e-01   -6.817222068e-01   -3.919452511e-02    7.369339017e-01   -9.988935655e-01    6.701658554e-01    5.485884057e-02   -7.474432189e-01    9.980332874e-01   -6.584447003e-01   -7.050966545e-02    7.577687290e-01   -9.969275784e-01
   -7.055650044e-01   -4.356049249e-03    7.117119562e-01   -9.999620497e-01    6.993644997e-01    1.306781712e-02   -7.178048886e-01    9.998482016e-01   -6.931109128e-01   -2.177859313e-02    7.238433391e-01   -9.996584643e-01    6.868047183e-01    3.048771614e-02   -7.298268495e-01    9.993928523e-01   -6.804463949e-01   -3.919452511e-02    7.357549655e-01   -9.990513858e-01
   -7.067986939e-01   -8.712124948e-04    7.080302376e-01   -9.999984820e-01    7.055650044e-01    2.613634839e-03   -7.092596317e-01    9.999939279e-01   -7.043291727e-01   -4.356049249e-03    7.104868725e-01   -9.999863378e-01    7.030912026e-01    6.098450433e-03   -7.117119562e-01    9.999757117e-01   -7.018510979e-01   -7.840833102e-03    7.129348791e-01   -9.999620497e-01
   -7.080302376e-01    2.613634839e-03    7.043291727e-01   -9.999863378e-01    7.117119562e-01   -7.840833102e-03   -7.006088623e-01    9.999453517e-01   -7.153742276e-01    1.306781712e-02    6.968694083e-01   -9.998770427e-01    7.190169520e-01   -1.829444407e-02   -6.931109128e-01    9.997814127e-01   -7.226400296e-01    2.352057113e-02    6.893334785e-01   -9.996584643e-01
   -7.092596317e-01    6.098450433e-03    7.006088623e-01   -9.999256178e-01    7.178048886e-01   -1.829444407e-02   -6.918538673e-01    9.997024823e-01   -7.262433616e-01    3.048771614e-02    6.829959490e-01   -9.993306266e-01    7.345737955e-01   -4.267645272e-02   -6.740364252e-01    9.988101062e-01   -7.427949510e-01    5.485884057e-02    6.649766288e-01   -9.981409983e-01
   -7.104868725e-01    9.583191966e-03    6.968694083e-01   -9.998163249e-01    7.238433391e-01   -2.874605551e-02   -6.829959490e-01    9.992653669e-01   -7.369339017e-01    4.789835918e-02    6.688715909e-01   -9.983473286e-01    7.497537514e-01   -6.703306738e-02   -6.545015226e-01    9.970625471e-01   -7.622981789e-01    8.614315096e-02    6.398910231e-01   -9.954114944e-01
   -7.117119562e-01    1.306781712e-02    6.931109128e-01   -9.996584643e-01    7.298268495e-01   -3.919452511e-02   -6.740364252e-01    9.986340905e-01   -7.474432189e-01    6.529446043e-02    6.545015226e-01   -9.969275784e-01    7.645490314e-01   -9.134979498e-02   -6.345195488e-01    9.945400936e-01   -7.811326022e-01    1.173427311e-01    6.141041528e-01   -9.914732669e-01
   -7.129348791e-01    1.655228357e-02    6.893334785e-01   -9.994520438e-01    7.357549655e-01   -4.963871087e-02   -6.649766288e-01    9.978087758e-01   -7.577687290e-01    8.267073849e-02    6.398910231e-01   -9.950719968e-01    7.789520443e-01   -1.156121662e-01   -6.141041528e-01    9.912447060e-01   -7.992816965e-01    1.484268932e-01    5.876442782e-01   -9.863310980e-01
   -7.141556375e-01    2.003654902e-02    6.855372086e-01   -9.991970734e-01    7.416272372e-01   -6.007747129e-02   -6.558179076e-01    9.967895830e-01   -7.679078925e-01    1.000219180e-01    6.250454593e-01   -9.927813949e-01    7.929554005e-01   -1.398057441e-01   -5.932692798e-01    9.871789456e-01   -8.167295385e-01    1.793650628e-01    5.605403970e-01   -9.799912319e-01
   -7.153742276e-01    2.352057113e-02    6.817222068e-01   -9.988935655e-01    7.474432189e-01   -7.050966545e-02   -6.465616240e-01    9.955767103e-01   -7.778582163e-01    1.173427311e-01    6.099702850e-01   -9.900567742e-01    8.065519152e-01   -1.639161327e-01   -5.720291616e-01    9.823459720e-01   -8.334608204e-01    2.101268093e-01    5.328222126e-01   -9.724613669e-01
   -7.165906459e-01    2.700430761e-02    6.778885774e-01   -9.985415347e-01    7.532024692e-01   -8.093415313e-02   -6.372091551e-01    9.941703932e-01   -7.876172533e-01    1.346279194e-01    5.946710379e-01   -9.868993257e-01    8.197346126e-01   -1.879289853e-01   -5.503983067e-01    9.767495415e-01   -8.494608629e-01    2.406818754e-01    5.045201018e-01   -9.637506467e-01
   -7.178048886e-01    3.048771614e-02    6.740364252e-01   -9.981409983e-01    7.589045510e-01   -9.134979498e-02   -6.277618922e-01    9.925709051e-01   -7.971826037e-01    1.518722350e-01    5.791533383e-01   -9.833104299e-01    8.324967289e-01   -2.118300135e-01   -5.283914904e-01    9.703940033e-01   -8.647156284e-01    2.710002073e-01    4.756650811e-01   -9.538696485e-01
   -7.190169520e-01    3.397075442e-02    6.701658554e-01   -9.976919757e-01    7.645490314e-01   -1.017554526e-01   -6.182212406e-01    9.907785567e-01   -8.065519152e-01    1.690704427e-01    5.634228865e-01   -9.792916557e-01    8.448317163e-01   -2.356049954e-01   -5.060237450e-01    9.632842969e-01   -8.792117330e-01    3.010519839e-01    4.462887732e-01   -9.428303708e-01
   -7.202268324e-01    3.745338016e-02    6.662769737e-01   -9.971944886e-01    7.701354820e-01   -1.121499887e-01   -6.085886197e-01    9.887936963e-01   -8.157228838e-01    1.862173211e-01    5.474854612e-01   -9.748447601e-01    8.567332460e-01   -2.592397839e-01   -4.833103493e-01    9.554259477e-01   -8.929364585e-01    3.308076464e-01    4.164233720e-01   -9.306462186e-01
   -7.214345262e-01    4.093555106e-02    6.623698864e-01   -9.966485613e-01    7.756634788e-01   -1.225322672e-01   -5.988654625e-01    9.866167096e-01   -8.246932542e-01    2.033076646e-01    5.313469169e-01   -9.699716870e-01    8.681952119e-01   -2.827203156e-01   -4.602668181e-01    9.468250632e-01   -9.058777635e-01    3.602379270e-01    3.861016072e-01   -9.173319871e-01
   -7.226400296e-01    4.441722482e-02    6.584447003e-01   -9.960542203e-01    7.811326022e-01   -1.329011533e-01   -5.890532155e-01    9.842480195e-01   -8.334608204e-01    2.203362844e-01    5.150131822e-01   -9.646745669e-01    8.792117330e-01   -3.060326187e-01   -4.369088918e-01    9.374883276e-01   -9.180242940e-01    3.893138783e-01    3.553567089e-01   -9.029038435e-01
   -7.238433391e-01    4.789835918e-02    6.545015226e-01   -9.954114944e-01    7.865424372e-01   -1.432555138e-01   -5.791533383e-01    9.816880863e-01   -8.420234264e-01    2.372980109e-01    4.984902573e-01   -9.589557156e-01    8.897771572e-01   -3.291628215e-01   -4.132525255e-01    9.274229974e-01   -9.293653930e-01    4.180069012e-01    3.242223707e-01   -8.873793081e-01
   -7.250444510e-01    5.137891185e-02    6.505404611e-01   -9.947204148e-01    7.918925730e-01   -1.535942169e-01   -5.691673037e-01    9.789374074e-01   -8.503789665e-01    2.541876944e-01    4.817842118e-01   -9.528176331e-01    8.998860636e-01   -3.520971608e-01   -3.893138783e-01    9.166368951e-01   -9.398911105e-01    4.462887732e-01    2.927327133e-01   -8.707772320e-01
   -7.262433616e-01    5.485884057e-02    6.465616240e-01   -9.939810152e-01    7.971826037e-01   -1.639161327e-01   -5.590965973e-01    9.759965172e-01   -8.585253859e-01    2.710002073e-01    4.649011828e-01   -9.462630029e-01    9.095332656e-01   -3.748219898e-01   -3.651093019e-01    9.051384033e-01   -9.495922116e-01    4.741316765e-01    2.609222464e-01   -8.531177752e-01
   -7.274400673e-01    5.833810308e-02    6.425651201e-01   -9.931933315e-01    8.024121277e-01   -1.742201330e-01   -5.489427172e-01    9.728659873e-01   -8.664606814e-01    2.877304455e-01    4.478473721e-01   -9.392946905e-01    9.187138137e-01   -3.973237864e-01   -3.406553298e-01    8.929364585e-01   -9.584601852e-01    5.015082247e-01    2.288258317e-01   -8.344223815e-01
   -7.286345645e-01    6.181665711e-02    6.385510584e-01   -9.923574018e-01    8.075807481e-01   -1.845050916e-01   -5.387071740e-01    9.695464258e-01   -8.741829015e-01    3.043733295e-01    4.306290447e-01   -9.319157424e-01    9.274229974e-01   -4.195891613e-01   -3.159686658e-01    8.800405437e-01   -9.664872508e-01    5.283914904e-01    1.964786439e-01   -8.147137526e-01
   -7.298268495e-01    6.529446043e-02    6.345195488e-01   -9.914732669e-01    8.126880726e-01   -1.947698844e-01   -5.283914904e-01    9.660384778e-01   -8.816901471e-01    3.209238068e-01    4.132525255e-01   -9.241293842e-01    9.356563485e-01   -4.416048658e-01   -2.910661727e-01    8.664606814e-01   -9.736663659e-01    5.547550311e-01    1.639161327e-01   -7.940158205e-01
   -7.310169187e-01    6.877147081e-02    6.304707013e-01   -9.905409696e-01    8.177337135e-01   -2.050133896e-01   -5.179972009e-01    9.623428249e-01   -8.889805723e-01    3.373768526e-01    3.957241979e-01   -9.159390202e-01    9.434096426e-01   -4.633577997e-01   -2.659648605e-01    8.522074254e-01   -9.799912319e-01    5.805729159e-01    1.311739838e-01   -7.723537187e-01
   -7.322047685e-01    7.224764601e-02    6.264046266e-01   -9.895605553e-01    8.227172879e-01   -2.152344874e-01   -5.075258519e-01    9.584601852e-01   -8.960523841e-01    3.537274718e-01    3.780505010e-01   -9.073482308e-01    9.506789017e-01   -4.848350194e-01   -2.406818754e-01    8.372918531e-01   -9.854562995e-01    6.058197502e-01    9.828807966e-02   -7.497537514e-01
   -7.333903953e-01    7.572294383e-02    6.223214359e-01   -9.885320716e-01    8.276384176e-01   -2.254320609e-01   -4.969790011e-01    9.543913130e-01   -9.029038435e-01    3.699707005e-01    3.602379270e-01   -8.983607719e-01    9.574603962e-01   -5.060237450e-01   -2.152344874e-01    8.217255566e-01   -9.900567742e-01    6.304707013e-01    6.529446043e-02   -7.262433616e-01
   -7.345737955e-01    7.919732205e-02    6.182212406e-01   -9.874555684e-01    8.324967289e-01   -2.356049954e-01   -4.863582175e-01    9.501369990e-01   -9.095332656e-01    3.861016072e-01    3.422930196e-01   -8.889805723e-01    9.637506467e-01   -5.269113685e-01   -1.896400789e-01    8.055206336e-01   -9.937886195e-01    6.545015226e-01    3.222928420e-02   -7.018510979e-01
   -7.357549655e-01    8.267073849e-02    6.141041528e-01   -9.863310980e-01    8.372918531e-01   -2.457521790e-01   -4.756650811e-01    9.456980697e-01   -9.159390202e-01    4.021152947e-01    3.242223707e-01   -8.792117330e-01    9.695464258e-01   -5.474854612e-01   -1.639161327e-01    7.886896782e-01   -9.966485613e-01    6.778885774e-01   -8.712124948e-04   -6.766065796e-01
   -7.369339017e-01    8.614315096e-02    6.099702850e-01   -9.851587151e-01    8.420234264e-01   -2.558725028e-01   -4.649011828e-01    9.410753878e-01   -9.221195319e-01    4.180069012e-01    3.060326187e-01   -8.690585246e-01    9.748447601e-01   -5.677337805e-01   -1.380802200e-01    7.712457711e-01   -9.986340905e-01    7.006088623e-01   -3.397075442e-02   -6.505404611e-01
   -7.381106006e-01    8.961451729e-02    6.058197502e-01   -9.839384766e-01    8.466910895e-01   -2.659648605e-01   -4.540681236e-01    9.362698514e-01   -9.280732809e-01    4.337716021e-01    2.877304455e-01   -8.585253859e-01    9.796429309e-01   -5.876442782e-01   -1.121499887e-01    7.532024692e-01   -9.997434651e-01    7.226400296e-01   -6.703306738e-02   -6.236843944e-01
   -7.392850585e-01    9.308479533e-02    6.016526617e-01   -9.826704418e-01    8.512944882e-01   -2.760281492e-01   -4.431675153e-01    9.312823942e-01   -9.337988031e-01    4.494046114e-01    2.693225744e-01   -8.476169217e-01    9.839384766e-01   -6.072051067e-01   -8.614315096e-02    7.345737955e-01   -9.999757117e-01    7.439604095e-01   -1.000219180e-01   -5.960709906e-01
   -7.404572719e-01    9.655394293e-02    5.974691335e-01   -9.813546722e-01    8.558332731e-01   -2.860612690e-01   -4.322009795e-01    9.261139853e-01   -9.392946905e-01    4.649011828e-01    2.508157676e-01   -8.363379008e-01    9.877291932e-01   -6.264046266e-01   -6.007747129e-02    7.153742276e-01   -9.993306266e-01    7.645490314e-01   -1.329011533e-01   -5.677337805e-01
   -7.416272372e-01    1.000219180e-01    5.932692798e-01   -9.799912319e-01    8.603070997e-01   -2.960631232e-01   -4.211701475e-01    9.207656290e-01   -9.445595916e-01    4.802566116e-01    2.322168236e-01   -8.246932542e-01    9.910131358e-01   -6.452314136e-01   -3.397075442e-02    6.956186871e-01   -9.978087758e-01    7.843856442e-01   -1.656347406e-01   -5.387071740e-01
   -7.427949510e-01    1.034886783e-01    5.890532155e-01   -9.785801869e-01    8.647156284e-01   -3.060326187e-01   -4.100766605e-01    9.152383645e-01   -9.495922116e-01    4.954662360e-01    2.135325746e-01   -8.126880726e-01    9.937886195e-01   -6.636742651e-01   -7.840833102e-03    6.753225276e-01   -9.954114944e-01    8.034507367e-01   -1.981868068e-01   -5.090264179e-01
   -7.439604095e-01    1.069541819e-01    5.848210556e-01   -9.771216060e-01    8.690585246e-01   -3.159686658e-01   -3.989221686e-01    9.095332656e-01   -9.543913130e-01    5.105254385e-01    1.947698844e-01   -8.003276044e-01    9.960542203e-01   -6.817222068e-01    1.829444407e-02    6.545015226e-01   -9.921408857e-01    8.217255566e-01   -2.305216776e-01   -4.787275533e-01
   -7.451236094e-01    1.104183866e-01    5.805729159e-01   -9.756155598e-01    8.733354587e-01   -3.258701787e-01   -3.877083313e-01    9.036514411e-01   -9.589557156e-01    5.254296470e-01    1.759356455e-01   -7.876172533e-01    9.978087758e-01   -6.993644997e-01    4.441722482e-02    6.331718539e-01   -9.879998192e-01    8.391921288e-01   -2.626039168e-01   -4.478473721e-01
   -7.462845471e-01    1.138812503e-01    5.763089124e-01   -9.740621216e-01    8.775461061e-01   -3.357360750e-01   -3.764368168e-01    8.975940336e-01   -9.632842969e-01    5.401743367e-01    1.570367765e-01   -7.745625759e-01    9.990513858e-01   -7.165906459e-01    7.050966545e-02    6.113500984e-01   -9.829919280e-01    8.558332731e-01   -2.943983651e-01   -4.164233720e-01
   -7.474432189e-01    1.173427311e-01    5.720291616e-01   -9.724613669e-01    8.816901471e-01   -3.455652765e-01   -3.651093019e-01    8.913622203e-01   -9.673759924e-01    5.547550311e-01    1.380802200e-01   -7.611692794e-01    9.997814127e-01   -7.333903953e-01    9.655394293e-02    5.890532155e-01   -9.771216060e-01    8.716326214e-01   -3.258701787e-01   -3.844937108e-01
   -7.485996216e-01    1.208027868e-01    5.677337805e-01   -9.708133734e-01    8.857672673e-01   -3.553567089e-01   -3.537274718e-01    8.849572119e-01   -9.712297961e-01    5.691673037e-01    1.190729397e-01   -7.474432189e-01    9.999984820e-01   -7.497537514e-01    1.225322672e-01    5.662985337e-01   -9.703940033e-01    8.865746335e-01   -3.569848670e-01   -3.520971608e-01
   -7.497537514e-01    1.242613755e-01    5.634228865e-01   -9.691182211e-01    8.897771572e-01   -3.651093019e-01   -3.422930196e-01    8.783802530e-01   -9.748447601e-01    5.834067789e-01    1.000219180e-01   -7.333903953e-01    9.997024823e-01   -7.656709775e-01    1.484268932e-01    5.431037376e-01   -9.628150225e-01    9.006446125e-01   -3.877083313e-01   -3.192730608e-01
   -7.509056050e-01    1.277184552e-01    5.590965973e-01   -9.673759924e-01    8.937195124e-01   -3.748219898e-01   -3.308076464e-01    8.716326214e-01   -9.782199955e-01    5.974691335e-01    8.093415313e-02   -7.190169520e-01    9.988935655e-01   -7.811326022e-01    1.742201330e-01    5.194868535e-01   -9.543913130e-01    9.138287190e-01   -4.180069012e-01   -2.860612690e-01
   -7.520551787e-01    1.311739838e-01    5.547550311e-01   -9.655867720e-01    8.975940336e-01   -3.844937108e-01   -3.192730608e-01    8.647156284e-01   -9.813546722e-01    6.113500984e-01    6.181665711e-02   -7.043291727e-01    9.975721466e-01   -7.961294253e-01    1.998943680e-01    4.954662360e-01   -9.451302654e-01    9.261139853e-01   -4.478473721e-01   -2.525021143e-01
   -7.532024692e-01    1.346279194e-01    5.503983067e-01   -9.637506467e-01    9.014004269e-01   -3.941234080e-01   -3.076909787e-01    8.576306179e-01   -9.842480195e-01    6.250454593e-01    4.267645272e-02   -6.893334785e-01    9.957389035e-01   -8.106525232e-01    2.254320609e-01    4.710605534e-01   -9.350400049e-01    9.374883276e-01   -4.771970416e-01   -2.186363475e-01
   -7.543474730e-01    1.380802200e-01    5.460265429e-01   -9.618677057e-01    9.051384033e-01   -4.037100289e-01   -2.960631232e-01    8.503789665e-01   -9.868993257e-01    6.385510584e-01    2.352057113e-02   -6.740364252e-01    9.933947770e-01   -8.246932542e-01    2.508157676e-01    4.462887732e-01   -9.241293842e-01    9.479405582e-01   -5.060237450e-01   -1.845050916e-01
   -7.554901865e-01    1.415308438e-01    5.416398594e-01   -9.599380405e-01    9.088076792e-01   -4.132525255e-01   -2.843912240e-01    8.429620832e-01   -9.893079390e-01    6.518627954e-01    4.356049249e-03   -6.584447003e-01    9.905409696e-01   -8.382432634e-01    2.760281492e-01    4.211701475e-01   -9.124079759e-01    9.574603962e-01   -5.342958907e-01   -1.501497920e-01
   -7.566306063e-01    1.449797488e-01    5.372383758e-01   -9.579617449e-01    9.124079759e-01   -4.227498551e-01   -2.726770175e-01    8.353814093e-01   -9.914732669e-01    6.649766288e-01   -1.481007283e-02   -6.425651201e-01    9.871789456e-01   -8.512944882e-01    3.010519839e-01    3.957241979e-01   -8.998860636e-01    9.660384778e-01   -5.619824948e-01   -1.156121662e-01
   -7.577687290e-01    1.484268932e-01    5.328222126e-01   -9.559389148e-01    9.159390202e-01   -4.322009795e-01   -2.609222464e-01    8.276384176e-01   -9.933947770e-01    6.778885774e-01   -3.397075442e-02   -6.264046266e-01    9.833104299e-01   -8.638391626e-01    3.258701787e-01    3.699707005e-01   -8.865746335e-01    9.736663659e-01   -5.890532155e-01   -8.093415313e-02
   -7.589045510e-01    1.518722350e-01    5.283914904e-01   -9.538696485e-01    9.194005442e-01   -4.416048658e-01   -2.491286594e-01    8.197346126e-01   -9.950719968e-01    6.905947212e-01   -5.311895685e-02   -6.099702850e-01    9.789374074e-01   -8.758698221e-01    3.504657808e-01    3.439296701e-01   -8.724853645e-01    9.803365575e-01   -6.154783854e-01   -4.615786207e-02
   -7.600380689e-01    1.553157325e-01    5.239463302e-01   -9.517540465e-01    9.227922850e-01   -4.509604862e-01   -2.372980109e-01    8.116715301e-01   -9.965045138e-01    7.030912026e-01   -7.224764601e-02   -5.932692798e-01    9.740621216e-01   -8.873793081e-01    3.748219898e-01    3.176213455e-01   -8.576306179e-01    9.860424919e-01   -6.412290450e-01   -1.132552173e-02
   -7.611692794e-01    1.587573437e-01    5.194868535e-01   -9.495922116e-01    9.261139853e-01   -4.602668181e-01   -2.254320609e-01    8.034507367e-01   -9.976919757e-01    7.153742276e-01   -9.134979498e-02   -5.763089124e-01    9.686870741e-01   -8.983607719e-01    3.989221686e-01    2.910661727e-01   -8.420234264e-01    9.907785567e-01   -6.662769737e-01    2.352057113e-02
   -7.622981789e-01    1.621970271e-01    5.150131822e-01   -9.473842488e-01    9.293653930e-01   -4.695228443e-01   -2.135325746e-01    7.950738299e-01   -9.986340905e-01    7.274400673e-01   -1.104183866e-01   -5.590965973e-01    9.628150225e-01   -9.088076792e-01    4.227498551e-01    2.642847899e-01   -8.256774831e-01    9.945400936e-01   -6.905947212e-01    5.833810308e-02
   -7.634247640e-01    1.656347406e-01    5.105254385e-01   -9.451302654e-01    9.325462612e-01   -4.787275533e-01   -2.016013223e-01    7.865424372e-01   -9.993306266e-01    7.392850585e-01   -1.294464160e-01   -5.416398594e-01    9.564489796e-01   -9.187138137e-01    4.462887732e-01    2.372980109e-01   -8.086071292e-01    9.973234027e-01   -7.141556375e-01    9.308479533e-02
   -7.645490314e-01    1.690704427e-01    5.060237450e-01   -9.428303708e-01    9.356563485e-01   -4.878799390e-01   -1.896400789e-01    7.778582163e-01   -9.997814127e-01    7.509056050e-01   -1.484268932e-01   -5.239463302e-01    9.495922116e-01   -9.280732809e-01    4.695228443e-01    2.101268093e-01   -7.908273413e-01    9.991257463e-01   -7.369339017e-01    1.277184552e-01
   -7.656709775e-01    1.725040915e-01    5.015082247e-01   -9.404846768e-01    9.386954189e-01   -4.969790011e-01   -1.776506238e-01    7.690228546e-01   -9.999863378e-01    7.622981789e-01   -1.673528457e-01   -5.060237450e-01    9.422482366e-01   -9.368805117e-01    4.924361978e-01    1.827923019e-01   -7.723537187e-01    9.999453517e-01   -7.589045510e-01    1.621970271e-01
   -7.667905990e-01    1.759356455e-01    4.969790011e-01   -9.380932973e-01    9.416632417e-01   -5.060237450e-01   -1.656347406e-01    7.600380689e-01   -9.999453517e-01    7.734593214e-01   -1.862173211e-01   -4.878799390e-01    9.344208225e-01   -9.451302654e-01    5.150131822e-01    1.553157325e-01   -7.532024692e-01    9.997814127e-01   -7.800435074e-01    1.964786439e-01
   -7.679078925e-01    1.793650628e-01    4.924361978e-01   -9.356563485e-01    9.445595916e-01   -5.150131822e-01   -1.535942169e-01    7.509056050e-01   -9.996584643e-01    7.843856442e-01   -2.050133896e-01   -4.695228443e-01    9.261139853e-01   -9.528176331e-01    5.372383758e-01    1.277184552e-01   -7.333903953e-01    9.986340905e-01   -8.003276044e-01    2.305216776e-01
   -7.690228546e-01    1.827923019e-01    4.878799390e-01   -9.331739487e-01    9.473842488e-01   -5.239463302e-01   -1.415308438e-01    7.416272372e-01   -9.991257463e-01    7.950738299e-01   -2.237341463e-01   -4.509604862e-01    9.173319871e-01   -9.599380405e-01    5.590965973e-01    1.000219180e-01   -7.129348791e-01    9.965045138e-01   -8.197346126e-01    2.642847899e-01
   -7.701354820e-01    1.862173211e-01    4.833103493e-01   -9.306462186e-01    9.501369990e-01   -5.328222126e-01   -1.294464160e-01    7.322047685e-01   -9.983473286e-01    8.055206336e-01   -2.423727142e-01   -4.322009795e-01    9.080793335e-01   -9.664872508e-01    5.805729159e-01    7.224764601e-02   -6.918538673e-01    9.933947770e-01   -8.382432634e-01    2.977269824e-01
   -7.712457711e-01    1.896400789e-01    4.787275533e-01   -9.280732809e-01    9.528176331e-01   -5.416398594e-01   -1.173427311e-01    7.226400296e-01   -9.973234027e-01    8.157228838e-01   -2.609222464e-01   -4.132525255e-01    8.983607719e-01   -9.724613669e-01    6.016526617e-01    4.441722482e-02   -6.701658554e-01    9.893079390e-01   -8.558332731e-01    3.308076464e-01
   -7.723537187e-01    1.930605337e-01    4.741316765e-01   -9.254552607e-01    9.554259477e-01   -5.503983067e-01   -1.052215898e-01    7.129348791e-01   -9.960542203e-01    8.256774831e-01   -2.793759288e-01   -3.941234080e-01    8.881812885e-01   -9.778568341e-01    6.223214359e-01    1.655228357e-02   -6.478898714e-01    9.842480195e-01   -8.724853645e-01    3.634866122e-01
   -7.734593214e-01    1.964786439e-01    4.695228443e-01   -9.227922850e-01    9.579617449e-01   -5.590965973e-01   -9.308479533e-02    7.030912026e-01   -9.945400936e-01    8.353814093e-01   -2.977269824e-01   -3.748219898e-01    8.775461061e-01   -9.826704418e-01    6.425651201e-01   -1.132552173e-02   -6.250454593e-01    9.782199955e-01   -8.881812885e-01    3.957241979e-01
   -7.745625759e-01    1.998943680e-01    4.649011828e-01   -9.200844833e-01    9.604248321e-01   -5.677337805e-01   -8.093415313e-02    6.931109128e-01   -9.927813949e-01    8.448317163e-01   -3.159686658e-01   -3.553567089e-01    8.664606814e-01   -9.868993257e-01    6.623698864e-01   -3.919452511e-02   -6.016526617e-01    9.712297961e-01   -9.029038435e-01    4.274812576e-01
   -7.756634788e-01    2.033076646e-01    4.602668181e-01   -9.173319871e-01    9.628150225e-01   -5.763089124e-01   -6.877147081e-02    6.829959490e-01   -9.907785567e-01    8.540255350e-01   -3.340942781e-01   -3.357360750e-01    8.549307019e-01   -9.905409696e-01    6.817222068e-01   -6.703306738e-02   -5.777320024e-01    9.632842969e-01   -9.166368951e-01    4.587192288e-01
   -7.767620267e-01    2.067184921e-01    4.556198769e-01   -9.145349300e-01    9.651321345e-01   -5.848210556e-01   -5.659855774e-02    6.727482764e-01   -9.885320716e-01    8.629600742e-01   -3.520971608e-01   -3.159686658e-01    8.429620832e-01   -9.935932065e-01    7.006088623e-01   -9.481951307e-02   -5.533044680e-01    9.543913130e-01   -9.293653930e-01    4.894001793e-01
   -7.778582163e-01    2.101268093e-01    4.509604862e-01   -9.116934480e-01    9.673759924e-01   -5.932692798e-01   -4.441722482e-02    6.623698864e-01   -9.860424919e-01    8.716326214e-01   -3.699707005e-01   -2.960631232e-01    8.305609663e-01   -9.960542203e-01    7.190169520e-01   -1.225322672e-01   -5.283914904e-01    9.445595916e-01   -9.410753878e-01    5.194868535e-01
   -7.789520443e-01    2.135325746e-01    4.462887732e-01   -9.088076792e-01    9.695464258e-01   -6.016526617e-01   -3.222928420e-02    6.518627954e-01   -9.833104299e-01    8.800405437e-01   -3.877083313e-01   -2.760281492e-01    8.177337135e-01   -9.979225465e-01    7.369339017e-01   -1.501497920e-01   -5.030149268e-01    9.337988031e-01   -9.517540465e-01    5.489427172e-01
   -7.800435074e-01    2.169357468e-01    4.416048658e-01   -9.058777635e-01    9.716432700e-01   -6.099702850e-01   -2.003654902e-02    6.412290450e-01   -9.803365575e-01    8.881812885e-01   -4.053035374e-01   -2.558725028e-01    8.044869064e-01   -9.991970734e-01    7.543474730e-01   -1.776506238e-01   -4.771970416e-01    9.221195319e-01   -9.613896662e-01    5.777320024e-01
   -7.811326022e-01    2.203362844e-01    4.369088918e-01   -9.029038435e-01    9.736663659e-01   -6.182212406e-01   -7.840833102e-03    6.304707013e-01   -9.771216060e-01    8.960523841e-01   -4.227498551e-01   -2.356049954e-01    7.908273413e-01   -9.998770427e-01    7.712457711e-01   -2.050133896e-01   -4.509604862e-01    9.095332656e-01   -9.699716870e-01    6.058197502e-01
   -7.822193255e-01    2.237341463e-01    4.322009795e-01   -8.998860636e-01    9.756155598e-01   -6.264046266e-01    4.356049249e-03    6.195898548e-01   -9.736663659e-01    9.036514411e-01   -4.400408755e-01   -2.152344874e-01    7.767620267e-01   -9.999620497e-01    7.876172533e-01   -2.322168236e-01   -4.243282791e-01    8.960523841e-01   -9.774907039e-01    6.331718539e-01
   -7.833036739e-01    2.271292911e-01    4.274812576e-01   -8.968245703e-01    9.774907039e-01   -6.345195488e-01    1.655228357e-02    6.085886197e-01   -9.699716870e-01    9.109761523e-01   -4.571702468e-01   -1.947698844e-01    7.622981789e-01   -9.994520438e-01    8.034507367e-01   -2.592397839e-01   -3.973237864e-01    8.816901471e-01   -9.839384766e-01    6.597551000e-01
   -7.843856442e-01    2.305216776e-01    4.227498551e-01   -8.937195124e-01    9.792916557e-01   -6.425651201e-01    2.874605551e-02    5.974691335e-01   -9.660384778e-01    9.180242940e-01   -4.741316765e-01   -1.742201330e-01    7.474432189e-01   -9.983473286e-01    8.187354059e-01   -2.860612690e-01   -3.699707005e-01    8.664606814e-01   -9.893079390e-01    6.855372086e-01
   -7.854652330e-01    2.339112646e-01    4.180069012e-01   -8.905710406e-01    9.810182787e-01   -6.505404611e-01    4.093555106e-02    5.862335568e-01   -9.618677057e-01    9.247937263e-01   -4.909189338e-01   -1.535942169e-01    7.322047685e-01   -9.966485613e-01    8.334608204e-01   -3.126604337e-01   -3.422930196e-01    8.503789665e-01   -9.935932065e-01    7.104868725e-01
   -7.865424372e-01    2.372980109e-01    4.132525255e-01   -8.873793081e-01    9.826704418e-01   -6.584447003e-01    5.311895685e-02    5.748840727e-01   -9.574603962e-01    9.312823942e-01   -5.075258519e-01   -1.329011533e-01    7.165906459e-01   -9.943567528e-01    8.476169217e-01   -3.390166058e-01   -3.143150269e-01    8.334608204e-01   -9.967895830e-01    7.345737955e-01
   -7.876172533e-01    2.406818754e-01    4.084868580e-01   -8.841444697e-01    9.842480195e-01   -6.662769737e-01    6.529446043e-02    5.634228865e-01   -9.528176331e-01    9.374883276e-01   -5.239463302e-01   -1.121499887e-01    7.006088623e-01   -9.914732669e-01    8.611940401e-01   -3.651093019e-01   -2.860612690e-01    8.157228838e-01   -9.988935655e-01    7.577687290e-01
   -7.886896782e-01    2.440628171e-01    4.037100289e-01   -8.808666826e-01    9.857508921e-01   -6.740364252e-01    7.746025053e-02    5.518522251e-01   -9.479405582e-01    9.434096426e-01   -5.401743367e-01   -9.134979498e-02    6.842676175e-01   -9.879998192e-01    8.741829015e-01   -3.909182433e-01   -2.575565343e-01    7.971826037e-01   -9.999028481e-01    7.800435074e-01
   -7.897597087e-01    2.474407948e-01    3.989221686e-01   -8.775461061e-01    9.871789456e-01   -6.817222068e-01    8.961451729e-02    5.401743367e-01   -9.428303708e-01    9.490445413e-01   -5.562039100e-01   -7.050966545e-02    6.675752957e-01   -9.839384766e-01    8.865746335e-01   -4.164233720e-01   -2.288258317e-01    7.778582163e-01   -9.998163249e-01    8.013710826e-01
   -7.908273413e-01    2.508157676e-01    3.941234080e-01   -8.741829015e-01    9.885320716e-01   -6.893334785e-01    1.017554526e-01    5.283914904e-01   -9.374883276e-01    9.543913130e-01   -5.720291616e-01   -4.963871087e-02    6.505404611e-01   -9.792916557e-01    8.983607719e-01   -4.416048658e-01   -1.998943680e-01    7.577687290e-01   -9.986340905e-01    8.217255566e-01
   -7.918925730e-01    2.541876944e-01    3.893138783e-01   -8.707772320e-01    9.898101673e-01   -6.968694083e-01    1.138812503e-01    5.165059756e-01   -9.319157424e-01    9.594483345e-01   -5.876442782e-01   -2.874605551e-02    6.331718539e-01   -9.740621216e-01    9.095332656e-01   -4.664431543e-01   -1.707875264e-01    7.369339017e-01   -9.963574408e-01    8.410822131e-01
   -7.929554005e-01    2.575565343e-01    3.844937108e-01   -8.673292633e-01    9.910131358e-01   -7.043291727e-01    1.259901066e-01    5.045201018e-01   -9.261139853e-01    9.642140705e-01   -6.030435235e-01   -7.840833102e-03    6.154783854e-01   -9.682529861e-01    9.200844833e-01   -4.909189338e-01   -1.415308438e-01    7.153742276e-01   -9.929888706e-01    8.594175474e-01
   -7.940158205e-01    2.609222464e-01    3.796630373e-01   -8.638391626e-01    9.921408857e-01   -7.117119562e-01    1.380802200e-01    4.924361978e-01   -9.200844833e-01    9.686870741e-01   -6.182212406e-01    1.306781712e-02    5.974691335e-01   -9.618677057e-01    9.300072176e-01   -5.150131822e-01   -1.121499887e-01    6.931109128e-01   -9.885320716e-01    8.767092950e-01
   -7.950738299e-01    2.642847899e-01    3.748219898e-01   -8.603070997e-01    9.931933315e-01   -7.190169520e-01    1.501497920e-01    4.802566116e-01   -9.138287190e-01    9.728659873e-01   -6.331718539e-01    3.397075442e-02    5.791533383e-01   -9.549100799e-01    9.392946905e-01   -5.387071740e-01   -8.267073849e-02    6.701658554e-01   -9.829919280e-01    8.929364585e-01
   -7.961294253e-01    2.676441238e-01    3.699707005e-01   -8.567332460e-01    9.941703932e-01   -7.262433616e-01    1.621970271e-01    4.679837097e-01   -9.073482308e-01    9.767495415e-01   -6.478898714e-01    5.485884057e-02    5.605403970e-01   -9.473842488e-01    9.479405582e-01   -5.619824948e-01   -5.311895685e-02    6.465616240e-01   -9.763745115e-01    9.080793335e-01
   -7.971826037e-01    2.710002073e-01    3.651093019e-01   -8.531177752e-01    9.950719968e-01   -7.333903953e-01    1.742201330e-01    4.556198769e-01   -9.006446125e-01    9.803365575e-01   -6.623698864e-01    7.572294383e-02    5.416398594e-01   -9.392946905e-01    9.559389148e-01   -5.848210556e-01   -2.352057113e-02    6.223214359e-01   -9.686870741e-01    9.221195319e-01
   -7.982333618e-01    2.743529999e-01    3.602379270e-01   -8.494608629e-01    9.958980737e-01   -7.404572719e-01    1.862173211e-01    4.431675153e-01   -8.937195124e-01    9.836259464e-01   -6.766065796e-01    9.655394293e-02    5.224614227e-01   -9.306462186e-01    9.632842969e-01   -6.072051067e-01    6.098450433e-03    5.974691335e-01   -9.599380405e-01    9.350400049e-01
   -7.992816965e-01    2.777024606e-01    3.553567089e-01   -8.457626868e-01    9.966485613e-01   -7.474432189e-01    1.981868068e-01    4.306290447e-01   -8.865746335e-01    9.866167096e-01   -6.905947212e-01    1.173427311e-01    5.030149268e-01   -9.214439792e-01    9.699716870e-01   -6.291172518e-01    3.571212150e-02    5.720291616e-01   -9.501369990e-01    9.468250632e-01
   -8.003276044e-01    2.810485488e-01    3.504657808e-01   -8.420234264e-01    9.973234027e-01   -7.543474730e-01    2.101268093e-01    4.180069012e-01   -8.792117330e-01    9.893079390e-01   -7.043291727e-01    1.380802200e-01    4.833103493e-01   -9.116934480e-01    9.759965172e-01   -6.505404611e-01    6.529446043e-02    5.460265429e-01   -9.392946905e-01    9.574603962e-01
   -8.013710826e-01    2.843912240e-01    3.455652765e-01   -8.382432634e-01    9.979225465e-01   -7.611692794e-01    2.220355524e-01    4.053035374e-01   -8.716326214e-01    9.916988175e-01   -7.178048886e-01    1.587573437e-01    4.633577997e-01   -9.014004269e-01    9.813546722e-01   -6.714580852e-01    9.481951307e-02    5.194868535e-01   -9.274229974e-01    9.669330894e-01
   -8.024121277e-01    2.877304455e-01    3.406553298e-01   -8.344223815e-01    9.984459473e-01   -7.679078925e-01    2.339112646e-01    3.925214215e-01   -8.638391626e-01    9.937886195e-01   -7.310169187e-01    1.793650628e-01    4.431675153e-01   -8.905710406e-01    9.860424919e-01   -6.918538673e-01    1.242613755e-01    4.924361978e-01   -9.145349300e-01    9.752316404e-01
   -8.034507367e-01    2.910661727e-01    3.357360750e-01   -8.305609663e-01    9.988935655e-01   -7.745625759e-01    2.457521790e-01    3.796630373e-01   -8.558332731e-01    9.955767103e-01   -7.439604095e-01    1.998943680e-01    4.227498551e-01   -8.792117330e-01    9.900567742e-01   -7.117119562e-01    1.535942169e-01    4.649011828e-01   -9.006446125e-01    9.823459720e-01
   -8.044869064e-01    2.943983651e-01    3.308076464e-01   -8.266592052e-01    9.992653669e-01   -7.811326022e-01    2.575565343e-01    3.667308832e-01   -8.476169217e-01    9.970625471e-01   -7.566306063e-01    2.203362844e-01    4.021152947e-01   -8.673292633e-01    9.933947770e-01   -7.310169187e-01    1.827923019e-01    4.369088918e-01   -8.857672673e-01    9.882674456e-01
   -8.055206336e-01    2.977269824e-01    3.258701787e-01   -8.227172879e-01    9.995613235e-01   -7.876172533e-01    2.693225744e-01    3.537274718e-01   -8.391921288e-01    9.982456788e-01   -7.690228546e-01    2.406818754e-01    3.812744210e-01   -8.549307019e-01    9.960542203e-01   -7.497537514e-01    2.118300135e-01    4.084868580e-01   -8.699191989e-01    9.929888706e-01
   -8.065519152e-01    3.010519839e-01    3.209238068e-01   -8.187354059e-01    9.997814127e-01   -7.940158205e-01    2.810485488e-01    3.406553298e-01   -8.305609663e-01    9.991257463e-01   -7.811326022e-01    2.609222464e-01    3.602379270e-01   -8.420234264e-01    9.980332874e-01   -7.679078925e-01    2.406818754e-01    3.796630373e-01   -8.531177752e-01    9.965045138e-01
   -8.075807481e-01    3.043733295e-01    3.159686658e-01   -8.147137526e-01    9.999256178e-01   -8.003276044e-01    2.927327133e-01    3.275169973e-01   -8.217255566e-01    9.997024823e-01   -7.929554005e-01    2.810485488e-01    3.390166058e-01   -8.286151172e-01    9.993306266e-01   -7.854652330e-01    2.693225744e-01    3.504657808e-01   -8.353814093e-01    9.988101062e-01
   -8.086071292e-01    3.076909787e-01    3.110048912e-01   -8.106525232e-01    9.999939279e-01   -8.065519152e-01    3.043733295e-01    3.143150269e-01   -8.126880726e-01    9.999757117e-01   -8.044869064e-01    3.010519839e-01    3.176213455e-01   -8.147137526e-01    9.999453517e-01   -8.024121277e-01    2.977269824e-01    3.209238068e-01   -8.167295385e-01    9.999028481e-01
   -8.096310552e-01    3.110048912e-01    3.060326187e-01   -8.065519152e-01    9.999863378e-01   -8.126880726e-01    3.159686658e-01    3.010519839e-01   -8.034507367e-01    9.999453517e-01   -8.157228838e-01    3.209238068e-01    2.960631232e-01   -8.003276044e-01    9.998770427e-01   -8.187354059e-01    3.258701787e-01    2.910661727e-01   -7.971826037e-01    9.997814127e-01
   -8.106525232e-01    3.143150269e-01    3.010519839e-01   -8.024121277e-01    9.999028481e-01   -8.187354059e-01    3.275169973e-01    2.877304455e-01   -7.940158205e-01    9.996114113e-01   -8.266592052e-01    3.406553298e-01    2.743529999e-01   -7.854652330e-01    9.991257463e-01   -8.344223815e-01    3.537274718e-01    2.609222464e-01   -7.767620267e-01    9.984459473e-01
   -8.116715301e-01    3.176213455e-01    2.960631232e-01   -7.982333618e-01    9.997434651e-01   -8.246932542e-01    3.390166058e-01    2.743529999e-01   -7.843856442e-01    9.989739921e-01   -8.372918531e-01    3.602379270e-01    2.525021143e-01   -7.701354820e-01    9.976919757e-01   -8.494608629e-01    3.812744210e-01    2.305216776e-01   -7.554901865e-01    9.958980737e-01
   -8.126880726e-01    3.209238068e-01    2.910661727e-01   -7.940158205e-01    9.995082009e-01   -8.305609663e-01    3.504657808e-01    2.609222464e-01   -7.745625759e-01    9.980332874e-01   -8.476169217e-01    3.796630373e-01    2.305216776e-01   -7.543474730e-01    9.955767103e-01   -8.638391626e-01    4.084868580e-01    1.998943680e-01   -7.333903953e-01    9.921408857e-01
   -8.137021478e-01    3.242223707e-01    2.860612690e-01   -7.897597087e-01    9.991970734e-01   -8.363379008e-01    3.618628189e-01    2.474407948e-01   -7.645490314e-01    9.967895830e-01   -8.576306179e-01    3.989221686e-01    2.084229671e-01   -7.381106006e-01    9.927813949e-01   -8.775461061e-01    4.353409078e-01    1.690704427e-01   -7.104868725e-01    9.871789456e-01
   -8.147137526e-01    3.275169973e-01    2.810485488e-01   -7.854652330e-01    9.988101062e-01   -8.420234264e-01    3.732060248e-01    2.339112646e-01   -7.543474730e-01    9.952432564e-01   -8.673292633e-01    4.180069012e-01    1.862173211e-01   -7.214345262e-01    9.893079390e-01   -8.905710406e-01    4.618130099e-01    1.380802200e-01   -6.868047183e-01    9.810182787e-01
   -8.157228838e-01    3.308076464e-01    2.760281492e-01   -7.811326022e-01    9.983473286e-01   -8.476169217e-01    3.844937108e-01    2.203362844e-01   -7.439604095e-01    9.933947770e-01   -8.767092950e-01    4.369088918e-01    1.639161327e-01   -7.043291727e-01    9.851587151e-01   -9.029038435e-01    4.878799390e-01    1.069541819e-01   -6.623698864e-01    9.736663659e-01
   -8.167295385e-01    3.340942781e-01    2.710002073e-01   -7.767620267e-01    9.978087758e-01   -8.531177752e-01    3.957241979e-01    2.067184921e-01   -7.333903953e-01    9.912447060e-01   -8.857672673e-01    4.556198769e-01    1.415308438e-01   -6.868047183e-01    9.803365575e-01   -9.145349300e-01    5.135188252e-01    7.572294383e-02   -6.372091551e-01    9.651321345e-01
   -8.177337135e-01    3.373768526e-01    2.659648605e-01   -7.723537187e-01    9.971944886e-01   -8.585253859e-01    4.068958154e-01    1.930605337e-01   -7.226400296e-01    9.887936963e-01   -8.944998528e-01    4.741316765e-01    1.190729397e-01   -6.688715909e-01    9.748447601e-01   -9.254552607e-01    5.387071740e-01    4.441722482e-02   -6.113500984e-01    9.554259477e-01
   -8.187354059e-01    3.406553298e-01    2.609222464e-01   -7.679078925e-01    9.965045138e-01   -8.638391626e-01    4.180069012e-01    1.793650628e-01   -7.117119562e-01    9.860424919e-01   -9.029038435e-01    4.924361978e-01    9.655394293e-02   -6.505404611e-01    9.686870741e-01   -9.356563485e-01    5.634228865e-01    1.306781712e-02   -5.848210556e-01    9.445595916e-01
   -8.197346126e-01    3.439296701e-01    2.558725028e-01   -7.634247640e-01    9.957389035e-01   -8.690585246e-01    4.290558025e-01    1.656347406e-01   -7.006088623e-01    9.829919280e-01   -9.109761523e-01    5.105254385e-01    7.398540723e-02   -6.318222367e-01    9.618677057e-01   -9.451302654e-01    5.876442782e-01   -1.829444407e-02   -5.576511002e-01    9.325462612e-01
   -8.207313305e-01    3.471998337e-01    2.508157676e-01   -7.589045510e-01    9.948977161e-01   -8.741829015e-01    4.400408755e-01    1.518722350e-01   -6.893334785e-01    9.796429309e-01   -9.187138137e-01    5.283914904e-01    5.137891185e-02   -6.127280557e-01    9.543913130e-01   -9.538696485e-01    6.113500984e-01   -4.963871087e-02   -5.298700080e-01    9.194005442e-01
   -8.217255566e-01    3.504657808e-01    2.457521790e-01   -7.543474730e-01    9.939810152e-01   -8.792117330e-01    4.509604862e-01    1.380802200e-01   -6.778885774e-01    9.759965172e-01   -9.261139853e-01    5.460265429e-01    2.874605551e-02   -5.932692798e-01    9.462630029e-01   -9.618677057e-01    6.345195488e-01   -8.093415313e-02   -5.015082247e-01    9.051384033e-01
   -8.227172879e-01    3.537274718e-01    2.406818754e-01   -7.497537514e-01    9.929888706e-01   -8.841444697e-01    4.618130099e-01    1.242613755e-01   -6.662769737e-01    9.720537941e-01   -9.331739487e-01    5.634228865e-01    6.098450433e-03   -5.734574877e-01    9.374883276e-01   -9.691182211e-01    6.571323015e-01   -1.121499887e-01   -4.725968324e-01    8.897771572e-01
   -8.237065215e-01    3.569848670e-01    2.356049954e-01   -7.451236094e-01    9.919213574e-01   -8.889805723e-01    4.725968324e-01    1.104183866e-01   -6.545015226e-01    9.678159584e-01   -9.398911105e-01    5.805729159e-01   -1.655228357e-02   -5.533044680e-01    9.280732809e-01   -9.756155598e-01    6.791685172e-01   -1.432555138e-01   -4.431675153e-01    8.733354587e-01
   -8.246932542e-01    3.602379270e-01    2.305216776e-01   -7.404572719e-01    9.907785567e-01   -8.937195124e-01    4.833103493e-01    9.655394293e-02   -6.425651201e-01    9.632842969e-01   -9.462630029e-01    5.974691335e-01   -3.919452511e-02   -5.328222126e-01    9.180242940e-01   -9.813546722e-01    7.006088623e-01   -1.742201330e-01   -4.132525255e-01    8.558332731e-01
   -8.256774831e-01    3.634866122e-01    2.254320609e-01   -7.357549655e-01    9.895605553e-01   -8.983607719e-01    4.939519668e-01    8.267073849e-02   -6.304707013e-01    9.584601852e-01   -9.522872854e-01    6.141041528e-01   -6.181665711e-02   -5.120229091e-01    9.073482308e-01   -9.863310980e-01    7.214345262e-01   -2.050133896e-01   -3.828846472e-01    8.372918531e-01
   -8.266592052e-01    3.667308832e-01    2.203362844e-01   -7.310169187e-01    9.882674456e-01   -9.029038435e-01    5.045201018e-01    6.877147081e-02   -6.182212406e-01    9.533450880e-01   -9.579617449e-01    6.304707013e-01   -8.440707286e-02   -4.909189338e-01    8.960523841e-01   -9.905409696e-01    7.416272372e-01   -2.356049954e-01   -3.520971608e-01    8.177337135e-01
   -8.276384176e-01    3.699707005e-01    2.152344874e-01   -7.262433616e-01    9.868993257e-01   -9.073482308e-01    5.150131822e-01    5.485884057e-02   -6.058197502e-01    9.479405582e-01   -9.632842969e-01    6.465616240e-01   -1.069541819e-01   -4.695228443e-01    8.841444697e-01   -9.939810152e-01    7.611692794e-01   -2.659648605e-01   -3.209238068e-01    7.971826037e-01
   -8.286151172e-01    3.732060248e-01    2.101268093e-01   -7.214345262e-01    9.854562995e-01   -9.116934480e-01    5.254296470e-01    4.093555106e-02   -5.932692798e-01    9.422482366e-01   -9.682529861e-01    6.623698864e-01   -1.294464160e-01   -4.478473721e-01    8.716326214e-01   -9.966485613e-01    7.800435074e-01   -2.960631232e-01   -2.893987484e-01    7.756634788e-01
   -8.295893010e-01    3.764368168e-01    2.050133896e-01   -7.165906459e-01    9.839384766e-01   -9.159390202e-01    5.357679465e-01    2.700430761e-02   -5.805729159e-01    9.362698514e-01   -9.728659873e-01    6.778885774e-01   -1.518722350e-01   -4.259054149e-01    8.585253859e-01   -9.985415347e-01    7.982333618e-01   -3.258701787e-01   -2.575565343e-01    7.532024692e-01
   -8.305609663e-01    3.796630373e-01    1.998943680e-01   -7.117119562e-01    9.823459720e-01   -9.200844833e-01    5.460265429e-01    1.306781712e-02   -5.677337805e-01    9.300072176e-01   -9.771216060e-01    6.931109128e-01   -1.742201330e-01   -4.037100289e-01    8.448317163e-01   -9.996584643e-01    8.157228838e-01   -3.553567089e-01   -2.254320609e-01    7.298268495e-01
   -8.315301098e-01    3.828846472e-01    1.947698844e-01   -7.067986939e-01    9.806789068e-01   -9.241293842e-01    5.562039100e-01   -8.712124948e-04   -5.547550311e-01    9.234622365e-01   -9.810182787e-01    7.080302376e-01   -1.964786439e-01   -3.812744210e-01    8.305609663e-01   -9.999984820e-01    8.324967289e-01   -3.844937108e-01   -1.930605337e-01    7.055650044e-01
   -8.324967289e-01    3.861016072e-01    1.896400789e-01   -7.018510979e-01    9.789374074e-01   -9.280732809e-01    5.662985337e-01   -1.481007283e-02   -5.416398594e-01    9.166368951e-01   -9.845545741e-01    7.226400296e-01   -2.186363475e-01   -3.586119414e-01    8.157228838e-01   -9.995613235e-01    8.485401804e-01   -4.132525255e-01   -1.604774290e-01    6.804463949e-01
   -8.334608204e-01    3.893138783e-01    1.845050916e-01   -6.968694083e-01    9.771216060e-01   -9.319157424e-01    5.763089124e-01   -2.874605551e-02   -5.283914904e-01    9.095332656e-01   -9.877291932e-01    7.369339017e-01   -2.406818754e-01   -3.357360750e-01    8.003276044e-01   -9.983473286e-01    8.638391626e-01   -4.416048658e-01   -1.277184552e-01    6.545015226e-01
   -8.344223815e-01    3.925214215e-01    1.793650628e-01   -6.918538673e-01    9.752316404e-01   -9.356563485e-01    5.862335568e-01   -4.267645272e-02   -5.150131822e-01    9.021535047e-01   -9.905409696e-01    7.509056050e-01   -2.626039168e-01   -3.126604337e-01    7.843856442e-01   -9.963574408e-01    8.783802530e-01   -4.695228443e-01   -9.481951307e-02    6.277618922e-01
   -8.353814093e-01    3.957241979e-01    1.742201330e-01   -6.868047183e-01    9.732676540e-01   -9.392946905e-01    5.960709906e-01   -5.659855774e-02   -5.015082247e-01    8.944998528e-01   -9.929888706e-01    7.645490314e-01   -2.843912240e-01   -2.893987484e-01    7.679078925e-01   -9.935932065e-01    8.921506937e-01   -4.969790011e-01   -6.181665711e-02    6.002599733e-01
   -8.363379008e-01    3.989221686e-01    1.690704427e-01   -6.817222068e-01    9.712297961e-01   -9.428303708e-01    6.058197502e-01   -7.050966545e-02   -4.878799390e-01    8.865746335e-01   -9.950719968e-01    7.778582163e-01   -3.060326187e-01   -2.659648605e-01    7.509056050e-01   -9.900567742e-01    9.051384033e-01   -5.239463302e-01   -2.874605551e-02    5.720291616e-01
   -8.372918531e-01    4.021152947e-01    1.639161327e-01   -6.766065796e-01    9.691182211e-01   -9.462630029e-01    6.154783854e-01   -8.440707286e-02   -4.741316765e-01    8.783802530e-01   -9.967895830e-01    7.908273413e-01   -3.275169973e-01   -2.423727142e-01    7.333903953e-01   -9.857508921e-01    9.173319871e-01   -5.503983067e-01    4.356049249e-03    5.431037376e-01
   -8.382432634e-01    4.053035374e-01    1.587573437e-01   -6.714580852e-01    9.669330894e-01   -9.495922116e-01    6.250454593e-01   -9.828807966e-02   -4.602668181e-01    8.699191989e-01   -9.981409983e-01    8.034507367e-01   -3.488333368e-01   -2.186363475e-01    7.153742276e-01   -9.806789068e-01    9.287207468e-01   -5.763089124e-01    3.745338016e-02    5.135188252e-01
   -8.391921288e-01    4.084868580e-01    1.535942169e-01   -6.662769737e-01    9.646745669e-01   -9.528176331e-01    6.345195488e-01   -1.121499887e-01   -4.462887732e-01    8.611940401e-01   -9.991257463e-01    8.157228838e-01   -3.699707005e-01   -1.947698844e-01    6.968694083e-01   -9.748447601e-01    9.392946905e-01   -6.016526617e-01    7.050966545e-02    4.833103493e-01
   -8.401384463e-01    4.116652179e-01    1.484268932e-01   -6.610634967e-01    9.623428249e-01   -9.559389148e-01    6.438992443e-01   -1.259901066e-01   -4.322009795e-01    8.522074254e-01   -9.997434651e-01    8.276384176e-01   -3.909182433e-01   -1.707875264e-01    6.778885774e-01   -9.682529861e-01    9.490445413e-01   -6.264046266e-01    1.034886783e-01    4.525149918e-01
   -8.410822131e-01    4.148385785e-01    1.432555138e-01   -6.558179076e-01    9.599380405e-01   -9.589557156e-01    6.531831505e-01   -1.398057441e-01   -4.180069012e-01    8.429620832e-01   -9.999939279e-01    8.391921288e-01   -4.116652179e-01   -1.467035437e-01    6.584447003e-01   -9.609087078e-01    9.579617449e-01   -6.505404611e-01    1.363542767e-01    4.211701475e-01
   -8.420234264e-01    4.180069012e-01    1.380802200e-01   -6.505404611e-01    9.574603962e-01   -9.618677057e-01    6.623698864e-01   -1.535942169e-01   -4.037100289e-01    8.334608204e-01   -9.998770427e-01    8.503789665e-01   -4.322009795e-01   -1.225322672e-01    6.385510584e-01   -9.528176331e-01    9.660384778e-01   -6.740364252e-01    1.690704427e-01    3.893138783e-01
   -8.429620832e-01    4.211701475e-01    1.329011533e-01   -6.452314136e-01    9.549100799e-01   -9.646745669e-01    6.714580852e-01   -1.673528457e-01   -3.893138783e-01    8.237065215e-01   -9.993928523e-01    8.611940401e-01   -4.525149918e-01   -9.828807966e-02    6.182212406e-01   -9.439860501e-01    9.732676540e-01   -6.968694083e-01    2.016013223e-01    3.569848670e-01
   -8.438981808e-01    4.243282791e-01    1.277184552e-01   -6.398910231e-01    9.522872854e-01   -9.673759924e-01    6.804463949e-01   -1.810789572e-01   -3.748219898e-01    8.137021478e-01   -9.985415347e-01    8.716326214e-01   -4.725968324e-01   -7.398540723e-02    5.974691335e-01   -9.344208225e-01    9.796429309e-01   -7.190169520e-01    2.339112646e-01    3.242223707e-01
   -8.448317163e-01    4.274812576e-01    1.225322672e-01   -6.345195488e-01    9.495922116e-01   -9.699716870e-01    6.893334785e-01   -1.947698844e-01   -3.602379270e-01    8.034507367e-01   -9.973234027e-01    8.816901471e-01   -4.924361978e-01   -4.963871087e-02    5.763089124e-01   -9.241293842e-01    9.851587151e-01   -7.404572719e-01    2.659648605e-01    2.910661727e-01
   -8.457626868e-01    4.306290447e-01    1.173427311e-01   -6.291172518e-01    9.468250632e-01   -9.724613669e-01    6.981180138e-01   -2.084229671e-01   -3.455652765e-01    7.929554005e-01   -9.957389035e-01    8.913622203e-01   -5.120229091e-01   -2.526247772e-02    5.547550311e-01   -9.131197336e-01    9.898101673e-01   -7.611692794e-01    2.977269824e-01    2.575565343e-01
   -8.466910895e-01    4.337716021e-01    1.121499887e-01   -6.236843944e-01    9.439860501e-01   -9.748447601e-01    7.067986939e-01   -2.220355524e-01   -3.308076464e-01    7.822193255e-01   -9.937886195e-01    9.006446125e-01   -5.313469169e-01   -8.712124948e-04    5.328222126e-01   -9.014004269e-01    9.935932065e-01   -7.811326022e-01    3.291628215e-01    2.237341463e-01
   -8.476169217e-01    4.369088918e-01    1.069541819e-01   -6.182212406e-01    9.410753878e-01   -9.771216060e-01    7.153742276e-01   -2.356049954e-01   -3.159686658e-01    7.712457711e-01   -9.914732669e-01    9.095332656e-01   -5.503983067e-01    2.352057113e-02    5.105254385e-01   -8.889805723e-01    9.965045138e-01   -8.003276044e-01    3.602379270e-01    1.896400789e-01
   -8.485401804e-01    4.400408755e-01    1.017554526e-01   -6.127280557e-01    9.380932973e-01   -9.792916557e-01    7.238433391e-01   -2.491286594e-01   -3.010519839e-01    7.600380689e-01   -9.887936963e-01    9.180242940e-01   -5.691673037e-01    4.789835918e-02    4.878799390e-01   -8.758698221e-01    9.985415347e-01   -8.187354059e-01    3.909182433e-01    1.553157325e-01
   -8.494608629e-01    4.431675153e-01    9.655394293e-02   -6.072051067e-01    9.350400049e-01   -9.813546722e-01    7.322047685e-01   -2.626039168e-01   -2.860612690e-01    7.485996216e-01   -9.857508921e-01    9.261139853e-01   -5.876442782e-01    7.224764601e-02    4.649011828e-01   -8.620783658e-01    9.997024823e-01   -8.363379008e-01    4.211701475e-01    1.208027868e-01
   -8.503789665e-01    4.462887732e-01    9.134979498e-02   -6.016526617e-01    9.319157424e-01   -9.833104299e-01    7.404572719e-01   -2.760281492e-01   -2.710002073e-01    7.369339017e-01   -9.823459720e-01    9.337988031e-01   -6.058197502e-01    9.655394293e-02    4.416048658e-01   -8.476169217e-01    9.999863378e-01   -8.531177752e-01    4.509604862e-01    8.614315096e-02
   -8.512944882e-01    4.494046114e-01    8.614315096e-02   -5.960709906e-01    9.287207468e-01   -9.851587151e-01    7.485996216e-01   -2.893987484e-01   -2.558725028e-01    7.250444510e-01   -9.785801869e-01    9.410753878e-01   -6.236843944e-01    1.208027868e-01    4.180069012e-01   -8.324967289e-01    9.993928523e-01   -8.690585246e-01    4.802566116e-01    5.137891185e-02
   -8.522074254e-01    4.525149918e-01    8.093415313e-02   -5.904603644e-01    9.254552607e-01   -9.868993257e-01    7.566306063e-01   -3.027131163e-01   -2.406818754e-01    7.129348791e-01   -9.744549201e-01    9.479405582e-01   -6.412290450e-01    1.449797488e-01    3.941234080e-01   -8.167295385e-01    9.979225465e-01   -8.841444697e-01    5.090264179e-01    1.655228357e-02
   -8.531177752e-01    4.556198769e-01    7.572294383e-02   -5.848210556e-01    9.221195319e-01   -9.885320716e-01    7.645490314e-01   -3.159686658e-01   -2.254320609e-01    7.006088623e-01   -9.699716870e-01    9.543913130e-01   -6.584447003e-01    1.690704427e-01    3.699707005e-01   -8.003276044e-01    9.955767103e-01   -8.983607719e-01    5.372383758e-01   -1.829444407e-02
   -8.540255350e-01    4.587192288e-01    7.050966545e-02   -5.791533383e-01    9.187138137e-01   -9.900567742e-01    7.723537187e-01   -3.291628215e-01   -2.101268093e-01    6.880701429e-01   -9.651321345e-01    9.604248321e-01   -6.753225276e-01    1.930605337e-01    3.455652765e-01   -7.833036739e-01    9.923574018e-01   -9.116934480e-01    5.648615676e-01   -5.311895685e-02
   -8.549307019e-01    4.618130099e-01    6.529446043e-02   -5.734574877e-01    9.152383645e-01   -9.914732669e-01    7.800435074e-01   -3.422930196e-01   -1.947698844e-01    6.753225276e-01   -9.599380405e-01    9.660384778e-01   -6.918538673e-01    2.169357468e-01    3.209238068e-01   -7.656709775e-01    9.882674456e-01   -9.241293842e-01    5.918657206e-01   -8.787896753e-02
   -8.558332731e-01    4.649011828e-01    6.007747129e-02   -5.677337805e-01    9.116934480e-01   -9.927813949e-01    7.876172533e-01   -3.553567089e-01   -1.793650628e-01    6.623698864e-01   -9.543913130e-01    9.712297961e-01   -7.080302376e-01    2.406818754e-01    2.960631232e-01   -7.474432189e-01    9.833104299e-01   -9.356563485e-01    6.182212406e-01   -1.225322672e-01
   -8.567332460e-01    4.679837097e-01    5.485884057e-02   -5.619824948e-01    9.080793335e-01   -9.939810152e-01    7.950738299e-01   -3.683513510e-01   -1.639161327e-01    6.492161518e-01   -9.484939896e-01    9.759965172e-01   -7.238433391e-01    2.642847899e-01    2.710002073e-01   -7.286345645e-01    9.774907039e-01   -9.462630029e-01    6.438992443e-01   -1.570367765e-01
   -8.576306179e-01    4.710605534e-01    4.963871087e-02   -5.562039100e-01    9.043962951e-01   -9.950719968e-01    8.024121277e-01   -3.812744210e-01   -1.484268932e-01    6.358653172e-01   -9.422482366e-01    9.803365575e-01   -7.392850585e-01    2.877304455e-01    2.457521790e-01   -7.092596317e-01    9.708133734e-01   -9.559389148e-01    6.688715909e-01   -1.913505968e-01
   -8.585253859e-01    4.741316765e-01    4.441722482e-02   -5.503983067e-01    9.006446125e-01   -9.960542203e-01    8.096310552e-01   -3.941234080e-01   -1.329011533e-01    6.223214359e-01   -9.356563485e-01    9.842480195e-01   -7.543474730e-01    3.110048912e-01    2.203362844e-01   -6.893334785e-01    9.632842969e-01   -9.646745669e-01    6.931109128e-01   -2.254320609e-01
   -8.594175474e-01    4.771970416e-01    3.919452511e-02   -5.445659669e-01    8.968245703e-01   -9.969275784e-01    8.167295385e-01   -4.068958154e-01   -1.173427311e-01    6.085886197e-01   -9.287207468e-01    9.877291932e-01   -7.690228546e-01    3.340942781e-01    1.947698844e-01   -6.688715909e-01    9.549100799e-01   -9.724613669e-01    7.165906459e-01   -2.592397839e-01
   -8.603070997e-01    4.802566116e-01    3.397075442e-02   -5.387071740e-01    8.929364585e-01   -9.976919757e-01    8.237065215e-01   -4.195891613e-01   -1.017554526e-01    5.946710379e-01   -9.214439792e-01    9.907785567e-01   -7.833036739e-01    3.569848670e-01    1.690704427e-01   -6.478898714e-01    9.456980697e-01   -9.792916557e-01    7.392850585e-01   -2.927327133e-01
   -8.611940401e-01    4.833103493e-01    2.874605551e-02   -5.328222126e-01    8.889805723e-01   -9.983473286e-01    8.305609663e-01   -4.322009795e-01   -8.614315096e-02    5.805729159e-01   -9.138287190e-01    9.933947770e-01   -7.971826037e-01    3.796630373e-01    1.432555138e-01   -6.264046266e-01    9.356563485e-01   -9.851587151e-01    7.611692794e-01   -3.258701787e-01
   -8.620783658e-01    4.863582175e-01    2.352057113e-02   -5.269113685e-01    8.849572119e-01   -9.988935655e-01    8.372918531e-01   -4.447288194e-01   -7.050966545e-02    5.662985337e-01   -9.058777635e-01    9.955767103e-01   -8.106525232e-01    4.021152947e-01    1.173427311e-01   -6.044325544e-01    9.247937263e-01   -9.900567742e-01    7.822193255e-01   -3.586119414e-01
   -8.629600742e-01    4.894001793e-01    1.829444407e-02   -5.209749289e-01    8.808666826e-01   -9.993306266e-01    8.438981808e-01   -4.571702468e-01   -5.485884057e-02    5.518522251e-01   -8.975940336e-01    9.973234027e-01   -8.237065215e-01    4.243282791e-01    9.134979498e-02   -5.819907308e-01    9.131197336e-01   -9.939810152e-01    8.024121277e-01   -3.909182433e-01
   -8.638391626e-01    4.924361978e-01    1.306781712e-02   -5.150131822e-01    8.767092950e-01   -9.996584643e-01    8.503789665e-01   -4.695228443e-01   -3.919452511e-02    5.372383758e-01   -8.889805723e-01    9.986340905e-01   -8.363379008e-01    4.462887732e-01    6.529446043e-02   -5.590965973e-01    9.006446125e-01   -9.969275784e-01    8.217255566e-01   -4.227498551e-01
   -8.647156284e-01    4.954662360e-01    7.840833102e-03   -5.090264179e-01    8.724853645e-01   -9.998770427e-01    8.567332460e-01   -4.817842118e-01   -2.352057113e-02    5.224614227e-01   -8.800405437e-01    9.995082009e-01   -8.485401804e-01    4.679837097e-01    3.919452511e-02   -5.357679465e-01    8.873793081e-01   -9.988935655e-01    8.401384463e-01   -4.540681236e-01
   -8.655894689e-01    4.984902573e-01    2.613634839e-03   -5.030149268e-01    8.681952119e-01   -9.999863378e-01    8.629600742e-01   -4.939519668e-01   -7.840833102e-03    5.075258519e-01   -8.707772320e-01    9.999453517e-01   -8.603070997e-01    4.894001793e-01    1.306781712e-02   -5.120229091e-01    8.733354587e-01   -9.998770427e-01    8.576306179e-01   -4.848350194e-01
   -8.664606814e-01    5.015082247e-01   -2.613634839e-03   -4.969790011e-01    8.638391626e-01   -9.999863378e-01    8.690585246e-01   -5.060237450e-01    7.840833102e-03    4.924361978e-01   -8.611940401e-01    9.999453517e-01   -8.716326214e-01    5.105254385e-01   -1.306781712e-02   -4.878799390e-01    8.585253859e-01   -9.998770427e-01    8.741829015e-01   -5.150131822e-01
   -8.673292633e-01    5.045201018e-01   -7.840833102e-03   -4.909189338e-01    8.594175474e-01   -9.998770427e-01    8.750276901e-01   -5.179972009e-01    2.352057113e-02    4.771970416e-01   -8.512944882e-01    9.995082009e-01   -8.825109348e-01    5.313469169e-01   -3.919452511e-02   -4.633577997e-01    8.429620832e-01   -9.988935655e-01    8.897771572e-01   -5.445659669e-01
   -8.681952119e-01    5.075258519e-01   -1.306781712e-02   -4.848350194e-01    8.549307019e-01   -9.996584643e-01    8.808666826e-01   -5.298700080e-01    3.919452511e-02    4.618130099e-01   -8.410822131e-01    9.986340905e-01   -8.929364585e-01    5.518522251e-01   -6.529446043e-02   -4.384755493e-01    8.266592052e-01   -9.969275784e-01    9.043962951e-01   -5.734574877e-01
   -8.690585246e-01    5.105254385e-01   -1.829444407e-02   -4.787275533e-01    8.503789665e-01   -9.993306266e-01    8.865746335e-01   -5.416398594e-01    5.485884057e-02    4.462887732e-01   -8.305609663e-01    9.973234027e-01   -9.029038435e-01    5.720291616e-01   -9.134979498e-02   -4.132525255e-01    8.096310552e-01   -9.939810152e-01    9.180242940e-01   -6.016526617e-01
   -8.699191989e-01    5.135188252e-01   -2.352057113e-02   -4.725968324e-01    8.457626868e-01   -9.988935655e-01    8.921506937e-01   -5.533044680e-01    7.050966545e-02    4.306290447e-01   -8.197346126e-01    9.955767103e-01   -9.124079759e-01    5.918657206e-01   -1.173427311e-01   -3.877083313e-01    7.918925730e-01   -9.900567742e-01    9.306462186e-01   -6.291172518e-01
   -8.707772320e-01    5.165059756e-01   -2.874605551e-02   -4.664431543e-01    8.410822131e-01   -9.983473286e-01    8.975940336e-01   -5.648615676e-01    8.614315096e-02    4.148385785e-01   -8.086071292e-01    9.933947770e-01   -9.214439792e-01    6.113500984e-01   -1.432555138e-01   -3.618628189e-01    7.734593214e-01   -9.851587151e-01    9.422482366e-01   -6.558179076e-01
   -8.716326214e-01    5.194868535e-01   -3.397075442e-02   -4.602668181e-01    8.363379008e-01   -9.976919757e-01    9.029038435e-01   -5.763089124e-01    1.017554526e-01    3.989221686e-01   -7.971826037e-01    9.907785567e-01   -9.300072176e-01    6.304707013e-01   -1.690704427e-01   -3.357360750e-01    7.543474730e-01   -9.792916557e-01    9.528176331e-01   -6.817222068e-01
   -8.724853645e-01    5.224614227e-01   -3.919452511e-02   -4.540681236e-01    8.315301098e-01   -9.969275784e-01    9.080793335e-01   -5.876442782e-01    1.173427311e-01    3.828846472e-01   -7.854652330e-01    9.877291932e-01   -9.380932973e-01    6.492161518e-01   -1.947698844e-01   -3.093484046e-01    7.345737955e-01   -9.724613669e-01    9.623428249e-01   -7.067986939e-01
   -8.733354587e-01    5.254296470e-01   -4.441722482e-02   -4.478473721e-01    8.266592052e-01   -9.960542203e-01    9.131197336e-01   -5.988654625e-01    1.329011533e-01    3.667308832e-01   -7.734593214e-01    9.842480195e-01   -9.456980697e-01    6.675752957e-01   -2.203362844e-01   -2.827203156e-01    7.141556375e-01   -9.646745669e-01    9.708133734e-01   -7.310169187e-01
   -8.741829015e-01    5.283914904e-01   -4.963871087e-02   -4.416048658e-01    8.217255566e-01   -9.950719968e-01    9.180242940e-01   -6.099702850e-01    1.484268932e-01    3.504657808e-01   -7.611692794e-01    9.803365575e-01   -9.528176331e-01    6.855372086e-01   -2.457521790e-01   -2.558725028e-01    6.931109128e-01   -9.559389148e-01    9.782199955e-01   -7.543474730e-01
   -8.750276901e-01    5.313469169e-01   -5.485884057e-02   -4.353409078e-01    8.167295385e-01   -9.939810152e-01    9.227922850e-01   -6.209565880e-01    1.639161327e-01    3.340942781e-01   -7.485996216e-01    9.759965172e-01   -9.594483345e-01    7.030912026e-01   -2.710002073e-01   -2.288258317e-01    6.714580852e-01   -9.462630029e-01    9.845545741e-01   -7.767620267e-01
   -8.758698221e-01    5.342958907e-01   -6.007747129e-02   -4.290558025e-01    8.116715301e-01   -9.927813949e-01    9.274229974e-01   -6.318222367e-01    1.793650628e-01    3.176213455e-01   -7.357549655e-01    9.712297961e-01   -9.655867720e-01    7.202268324e-01   -2.960631232e-01   -2.016013223e-01    6.492161518e-01   -9.356563485e-01    9.898101673e-01   -7.982333618e-01
   -8.767092950e-01    5.372383758e-01   -6.529446043e-02   -4.227498551e-01    8.065519152e-01   -9.914732669e-01    9.319157424e-01   -6.425651201e-01    1.947698844e-01    3.010519839e-01   -7.226400296e-01    9.660384778e-01   -9.712297961e-01    7.369339017e-01   -3.209238068e-01   -1.742201330e-01    6.264046266e-01   -9.241293842e-01    9.939810152e-01   -8.187354059e-01
   -8.775461061e-01    5.401743367e-01   -7.050966545e-02   -4.164233720e-01    8.013710826e-01   -9.900567742e-01    9.362698514e-01   -6.531831505e-01    2.101268093e-01    2.843912240e-01   -7.092596317e-01    9.604248321e-01   -9.763745115e-01    7.532024692e-01   -3.455652765e-01   -1.467035437e-01    6.030435235e-01   -9.116934480e-01    9.970625471e-01   -8.382432634e-01
   -8.783802530e-01    5.431037376e-01   -7.572294383e-02   -4.100766605e-01    7.961294253e-01   -9.885320716e-01    9.404846768e-01   -6.636742651e-01    2.254320609e-01    2.676441238e-01   -6.956186871e-01    9.543913130e-01   -9.810182787e-01    7.690228546e-01   -3.699707005e-01   -1.190729397e-01    5.791533383e-01   -8.983607719e-01    9.990513858e-01   -8.567332460e-01
   -8.792117330e-01    5.460265429e-01   -8.093415313e-02   -4.037100289e-01    7.908273413e-01   -9.868993257e-01    9.445595916e-01   -6.740364252e-01    2.406818754e-01    2.508157676e-01   -6.817222068e-01    9.479405582e-01   -9.851587151e-01    7.843856442e-01   -3.941234080e-01   -9.134979498e-02    5.547550311e-01   -8.841444697e-01    9.999453517e-01   -8.741829015e-01
   -8.800405437e-01    5.489427172e-01   -8.614315096e-02   -3.973237864e-01    7.854652330e-01   -9.851587151e-01    9.484939896e-01   -6.842676175e-01    2.558725028e-01    2.339112646e-01   -6.675752957e-01    9.410753878e-01   -9.887936963e-01    7.992816965e-01   -4.180069012e-01   -6.355565525e-02    5.298700080e-01   -8.690585246e-01    9.997434651e-01   -8.905710406e-01
   -8.808666826e-01    5.518522251e-01   -9.134979498e-02   -3.909182433e-01    7.800435074e-01   -9.833104299e-01    9.522872854e-01   -6.943658540e-01    2.710002073e-01    2.169357468e-01   -6.531831505e-01    9.337988031e-01   -9.919213574e-01    8.137021478e-01   -4.416048658e-01   -3.571212150e-02    5.045201018e-01   -8.531177752e-01    9.984459473e-01   -9.058777635e-01
   -8.816901471e-01    5.547550311e-01   -9.655394293e-02   -3.844937108e-01    7.745625759e-01   -9.813546722e-01    9.559389148e-01   -7.043291727e-01    2.860612690e-01    1.998943680e-01   -6.385510584e-01    9.261139853e-01   -9.945400936e-01    8.276384176e-01   -4.649011828e-01   -7.840833102e-03    4.787275533e-01   -8.363379008e-01    9.960542203e-01   -9.200844833e-01
   -8.825109348e-01    5.576511002e-01   -1.017554526e-01   -3.780505010e-01    7.690228546e-01   -9.792916557e-01    9.594483345e-01   -7.141556375e-01    3.010519839e-01    1.827923019e-01   -6.236843944e-01    9.180242940e-01   -9.966485613e-01    8.410822131e-01   -4.878799390e-01    2.003654902e-02    4.525149918e-01   -8.187354059e-01    9.925709051e-01   -9.331739487e-01
   -8.833290432e-01    5.605403970e-01   -1.069541819e-01   -3.715889267e-01    7.634247640e-01   -9.771216060e-01    9.628150225e-01   -7.238433391e-01    3.159686658e-01    1.656347406e-01   -6.085886197e-01    9.095332656e-01   -9.982456788e-01    8.540255350e-01   -5.105254385e-01    4.789835918e-02    4.259054149e-01   -8.003276044e-01    9.879998192e-01   -9.451302654e-01
   -8.841444697e-01    5.634228865e-01   -1.121499887e-01   -3.651093019e-01    7.577687290e-01   -9.748447601e-01    9.660384778e-01   -7.333903953e-01    3.308076464e-01    1.484268932e-01   -5.932692798e-01    9.006446125e-01   -9.993306266e-01    8.664606814e-01   -5.328222126e-01    7.572294383e-02    3.989221686e-01   -7.811326022e-01    9.823459720e-01   -9.559389148e-01
   -8.849572119e-01    5.662985337e-01   -1.173427311e-01   -3.586119414e-01    7.520551787e-01   -9.724613669e-01    9.691182211e-01   -7.427949510e-01    3.455652765e-01    1.311739838e-01   -5.777320024e-01    8.913622203e-01   -9.999028481e-01    8.783802530e-01   -5.547550311e-01    1.034886783e-01    3.715889267e-01   -7.611692794e-01    9.756155598e-01   -9.655867720e-01
   -8.857672673e-01    5.691673037e-01   -1.225322672e-01   -3.520971608e-01    7.462845471e-01   -9.699716870e-01    9.720537941e-01   -7.520551787e-01    3.602379270e-01    1.138812503e-01   -5.619824948e-01    8.816901471e-01   -9.999620497e-01    8.897771572e-01   -5.763089124e-01    1.311739838e-01    3.439296701e-01   -7.404572719e-01    9.678159584e-01   -9.740621216e-01
   -8.865746335e-01    5.720291616e-01   -1.277184552e-01   -3.455652765e-01    7.404572719e-01   -9.673759924e-01    9.748447601e-01   -7.611692794e-01    3.748219898e-01    9.655394293e-02   -5.460265429e-01    8.716326214e-01   -9.995082009e-01    9.006446125e-01   -5.974691335e-01    1.587573437e-01    3.159686658e-01   -7.190169520e-01    9.589557156e-01   -9.813546722e-01
   -8.873793081e-01    5.748840727e-01   -1.329011533e-01   -3.390166058e-01    7.345737955e-01   -9.646745669e-01    9.774907039e-01   -7.701354820e-01    3.893138783e-01    7.919732205e-02   -5.298700080e-01    8.611940401e-01   -9.985415347e-01    9.109761523e-01   -6.182212406e-01    1.862173211e-01    2.877304455e-01   -6.968694083e-01    9.490445413e-01   -9.874555684e-01
   -8.881812885e-01    5.777320024e-01   -1.380802200e-01   -3.324514669e-01    7.286345645e-01   -9.618677057e-01    9.799912319e-01   -7.789520443e-01    4.037100289e-01    6.181665711e-02   -5.135188252e-01    8.503789665e-01   -9.970625471e-01    9.207656290e-01   -6.385510584e-01    2.135325746e-01    2.592397839e-01   -6.740364252e-01    9.380932973e-01   -9.923574018e-01
   -8.889805723e-01    5.805729159e-01   -1.432555138e-01   -3.258701787e-01    7.226400296e-01   -9.589557156e-01    9.823459720e-01   -7.876172533e-01    4.180069012e-01    4.441722482e-02   -4.969790011e-01    8.391921288e-01   -9.950719968e-01    9.300072176e-01   -6.584447003e-01    2.406818754e-01    2.305216776e-01   -6.505404611e-01    9.261139853e-01   -9.960542203e-01
   -8.897771572e-01    5.834067789e-01   -1.484268932e-01   -3.192730608e-01    7.165906459e-01   -9.559389148e-01    9.845545741e-01   -7.961294253e-01    4.322009795e-01    2.700430761e-02   -4.802566116e-01    8.276384176e-01   -9.925709051e-01    9.386954189e-01   -6.778885774e-01    2.676441238e-01    2.016013223e-01   -6.264046266e-01    9.131197336e-01   -9.985415347e-01
   -8.905710406e-01    5.862335568e-01   -1.535942169e-01   -3.126604337e-01    7.104868725e-01   -9.528176331e-01    9.866167096e-01   -8.044869064e-01    4.462887732e-01    9.583191966e-03   -4.633577997e-01    8.157228838e-01   -9.895605553e-01    9.468250632e-01   -6.968694083e-01    2.943983651e-01    1.725040915e-01   -6.016526617e-01    8.991247826e-01   -9.998163249e-01
   -8.913622203e-01    5.890532155e-01   -1.587573437e-01   -3.060326187e-01    7.043291727e-01   -9.495922116e-01    9.885320716e-01   -8.126880726e-01    4.602668181e-01   -7.840833102e-03   -4.462887732e-01    8.034507367e-01   -9.860424919e-01    9.543913130e-01   -7.153742276e-01    3.209238068e-01    1.432555138e-01   -5.763089124e-01    8.841444697e-01   -9.998770427e-01
   -8.921506937e-01    5.918657206e-01   -1.639161327e-01   -2.993899376e-01    6.981180138e-01   -9.462630029e-01    9.903003752e-01   -8.207313305e-01    4.741316765e-01   -2.526247772e-02   -4.290558025e-01    7.908273413e-01   -9.820185199e-01    9.613896662e-01   -7.333903953e-01    3.471998337e-01    1.138812503e-01   -5.503983067e-01    8.681952119e-01   -9.987236144e-01
   -8.929364585e-01    5.946710379e-01   -1.690704427e-01   -2.927327133e-01    6.918538673e-01   -9.428303708e-01    9.919213574e-01   -8.286151172e-01    4.878799390e-01   -4.267645272e-02   -4.116652179e-01    7.778582163e-01   -9.774907039e-01    9.678159584e-01   -7.509056050e-01    3.732060248e-01    8.440707286e-02   -5.239463302e-01    8.512944882e-01   -9.963574408e-01
   -8.937195124e-01    5.974691335e-01   -1.742201330e-01   -2.860612690e-01    6.855372086e-01   -9.392946905e-01    9.933947770e-01   -8.363379008e-01    5.015082247e-01   -6.007747129e-02   -3.941234080e-01    7.645490314e-01   -9.724613669e-01    9.736663659e-01   -7.679078925e-01    3.989221686e-01    5.485884057e-02   -4.969790011e-01    8.334608204e-01   -9.927813949e-01
   -8.944998528e-01    6.002599733e-01   -1.793650628e-01   -2.793759288e-01    6.791685172e-01   -9.356563485e-01    9.947204148e-01   -8.438981808e-01    5.150131822e-01   -7.746025053e-02   -3.764368168e-01    7.509056050e-01   -9.669330894e-01    9.789374074e-01   -7.843856442e-01    4.243282791e-01    2.526247772e-02   -4.695228443e-01    8.147137526e-01   -9.879998192e-01
   -8.952774775e-01    6.030435235e-01   -1.845050916e-01   -2.726770175e-01    6.727482764e-01   -9.319157424e-01    9.958980737e-01   -8.512944882e-01    5.283914904e-01   -9.481951307e-02   -3.586119414e-01    7.369339017e-01   -9.609087078e-01    9.836259464e-01   -8.003276044e-01    4.494046114e-01   -4.356049249e-03   -4.416048658e-01    7.950738299e-01   -9.820185199e-01
   -8.960523841e-01    6.058197502e-01   -1.896400789e-01   -2.659648605e-01    6.662769737e-01   -9.280732809e-01    9.969275784e-01   -8.585253859e-01    5.416398594e-01   -1.121499887e-01   -3.406553298e-01    7.226400296e-01   -9.543913130e-01    9.877291932e-01   -8.157228838e-01    4.741316765e-01   -3.397075442e-02   -4.132525255e-01    7.745625759e-01   -9.748447601e-01
   -8.968245703e-01    6.085886197e-01   -1.947698844e-01   -2.592397839e-01    6.597551000e-01   -9.241293842e-01    9.978087758e-01   -8.655894689e-01    5.547550311e-01   -1.294464160e-01   -3.225735784e-01    7.080302376e-01   -9.473842488e-01    9.912447060e-01   -8.305609663e-01    4.984902573e-01   -6.355565525e-02   -3.844937108e-01    7.532024692e-01   -9.664872508e-01
   -8.975940336e-01    6.113500984e-01   -1.998943680e-01   -2.525021143e-01    6.531831505e-01   -9.200844833e-01    9.985415347e-01   -8.724853645e-01    5.677337805e-01   -1.467035437e-01   -3.043733295e-01    6.931109128e-01   -9.398911105e-01    9.941703932e-01   -8.448317163e-01    5.224614227e-01   -9.308479533e-02   -3.553567089e-01    7.310169187e-01   -9.569561405e-01
   -8.983607719e-01    6.141041528e-01   -2.050133896e-01   -2.457521790e-01    6.465616240e-01   -9.159390202e-01    9.991257463e-01   -8.792117330e-01    5.805729159e-01   -1.639161327e-01   -2.860612690e-01    6.778885774e-01   -9.319157424e-01    9.965045138e-01   -8.585253859e-01    5.460265429e-01   -1.225322672e-01   -3.258701787e-01    7.080302376e-01   -9.462630029e-01
   -8.991247826e-01    6.168507494e-01   -2.101268093e-01   -2.389903060e-01    6.398910231e-01   -9.116934480e-01    9.995613235e-01   -8.857672673e-01    5.932692798e-01   -1.810789572e-01   -2.676441238e-01    6.623698864e-01   -9.234622365e-01    9.982456788e-01   -8.716326214e-01    5.691673037e-01   -1.518722350e-01   -2.960631232e-01    6.842676175e-01   -9.344208225e-01
   -8.998860636e-01    6.195898548e-01   -2.152344874e-01   -2.322168236e-01    6.331718539e-01   -9.073482308e-01    9.998482016e-01   -8.921506937e-01    6.058197502e-01   -1.981868068e-01   -2.491286594e-01    6.465616240e-01   -9.145349300e-01    9.993928523e-01   -8.841444697e-01    5.918657206e-01   -1.810789572e-01   -2.659648605e-01    6.597551000e-01   -9.214439792e-01
   -9.006446125e-01    6.223214359e-01   -2.203362844e-01   -2.254320609e-01    6.264046266e-01   -9.029038435e-01    9.999863378e-01   -8.983607719e-01    6.182212406e-01   -2.152344874e-01   -2.305216776e-01    6.304707013e-01   -9.051384033e-01    9.999453517e-01   -8.960523841e-01    6.141041528e-01   -2.101268093e-01   -2.356049954e-01    6.345195488e-01   -9.073482308e-01
   -9.014004269e-01    6.250454593e-01   -2.254320609e-01   -2.186363475e-01    6.195898548e-01   -8.983607719e-01    9.999757117e-01   -9.043962951e-01    6.304707013e-01   -2.322168236e-01   -2.118300135e-01    6.141041528e-01   -8.952774775e-01    9.999028481e-01   -9.073482308e-01    6.358653172e-01   -2.389903060e-01   -2.050133896e-01    6.085886197e-01   -8.921506937e-01
   -9.021535047e-01    6.277618922e-01   -2.305216776e-01   -2.118300135e-01    6.127280557e-01   -8.937195124e-01    9.998163249e-01   -9.102560907e-01    6.425651201e-01   -2.491286594e-01   -1.930605337e-01    5.974691335e-01   -8.849572119e-01    9.992653669e-01   -9.180242940e-01    6.571323015e-01   -2.676441238e-01   -1.742201330e-01    5.819907308e-01   -8.758698221e-01
   -9.029038435e-01    6.304707013e-01   -2.356049954e-01   -2.050133896e-01    6.058197502e-01   -8.889805723e-01    9.995082009e-01   -9.159390202e-01    6.545015226e-01   -2.659648605e-01   -1.742201330e-01    5.805729159e-01   -8.741829015e-01    9.980332874e-01   -9.280732809e-01    6.778885774e-01   -2.960631232e-01   -1.432555138e-01    5.547550311e-01   -8.585253859e-01
   -9.036514411e-01    6.331718539e-01   -2.406818754e-01   -1.981868068e-01    5.988654625e-01   -8.841444697e-01    9.990513858e-01   -9.214439792e-01    6.662769737e-01   -2.827203156e-01   -1.553157325e-01    5.634228865e-01   -8.629600742e-01    9.962073428e-01   -9.374883276e-01    6.981180138e-01   -3.242223707e-01   -1.121499887e-01    5.269113685e-01   -8.401384463e-01
   -9.043962951e-01    6.358653172e-01   -2.457521790e-01   -1.913505968e-01    5.918657206e-01   -8.792117330e-01    9.984459473e-01   -9.267698982e-01    6.778885774e-01   -2.993899376e-01   -1.363542767e-01    5.460265429e-01   -8.512944882e-01    9.937886195e-01   -9.462630029e-01    7.178048886e-01   -3.520971608e-01   -8.093415313e-02    4.984902573e-01   -8.207313305e-01
   -9.051384033e-01    6.385510584e-01   -2.508157676e-01   -1.845050916e-01    5.848210556e-01   -8.741829015e-01    9.976919757e-01   -9.319157424e-01    6.893334785e-01   -3.159686658e-01   -1.173427311e-01    5.283914904e-01   -8.391921288e-01    9.907785567e-01   -9.543913130e-01    7.369339017e-01   -3.796630373e-01   -4.963871087e-02    4.695228443e-01   -8.003276044e-01
   -9.058777635e-01    6.412290450e-01   -2.558725028e-01   -1.776506238e-01    5.777320024e-01   -8.690585246e-01    9.967895830e-01   -9.368805117e-01    7.006088623e-01   -3.324514669e-01   -9.828807966e-02    5.105254385e-01   -8.266592052e-01    9.871789456e-01   -9.618677057e-01    7.554901865e-01   -4.068958154e-01   -1.829444407e-02    4.400408755e-01   -7.789520443e-01
   -9.066143735e-01    6.438992443e-01   -2.609222464e-01   -1.707875264e-01    5.705990989e-01   -8.638391626e-01    9.957389035e-01   -9.416632417e-01    7.117119562e-01   -3.488333368e-01   -7.919732205e-02    4.924361978e-01   -8.137021478e-01    9.829919280e-01   -9.686870741e-01    7.734593214e-01   -4.337716021e-01    1.306781712e-02    4.100766605e-01   -7.566306063e-01
   -9.073482308e-01    6.465616240e-01   -2.659648605e-01   -1.639161327e-01    5.634228865e-01   -8.585253859e-01    9.945400936e-01   -9.462630029e-01    7.226400296e-01   -3.651093019e-01   -6.007747129e-02    4.741316765e-01   -8.003276044e-01    9.782199955e-01   -9.748447601e-01    7.908273413e-01   -4.602668181e-01    4.441722482e-02    3.796630373e-01   -7.333903953e-01
   -9.080793335e-01    6.492161518e-01   -2.710002073e-01   -1.570367765e-01    5.562039100e-01   -8.531177752e-01    9.931933315e-01   -9.506789017e-01    7.333903953e-01   -3.812744210e-01   -4.093555106e-02    4.556198769e-01   -7.865424372e-01    9.728659873e-01   -9.803365575e-01    8.075807481e-01   -4.863582175e-01    7.572294383e-02    3.488333368e-01   -7.092596317e-01
   -9.088076792e-01    6.518627954e-01   -2.760281492e-01   -1.501497920e-01    5.489427172e-01   -8.476169217e-01    9.916988175e-01   -9.549100799e-01    7.439604095e-01   -3.973237864e-01   -2.177859313e-02    4.369088918e-01   -7.723537187e-01    9.669330894e-01   -9.851587151e-01    8.237065215e-01   -5.120229091e-01    1.069541819e-01    3.176213455e-01   -6.842676175e-01
   -9.095332656e-01    6.545015226e-01   -2.810485488e-01   -1.432555138e-01    5.416398594e-01   -8.420234264e-01    9.900567742e-01   -9.589557156e-01    7.543474730e-01   -4.132525255e-01   -2.613634839e-03    4.180069012e-01   -7.577687290e-01    9.604248321e-01   -9.893079390e-01    8.391921288e-01   -5.372383758e-01    1.380802200e-01    2.860612690e-01   -6.584447003e-01
   -9.102560907e-01    6.571323015e-01   -2.860612690e-01   -1.363542767e-01    5.342958907e-01   -8.363379008e-01    9.882674456e-01   -9.628150225e-01    7.645490314e-01   -4.290558025e-01    1.655228357e-02    3.989221686e-01   -7.427949510e-01    9.533450880e-01   -9.927813949e-01    8.540255350e-01   -5.619824948e-01    1.690704427e-01    2.541876944e-01   -6.318222367e-01
   -9.109761523e-01    6.597551000e-01   -2.910661727e-01   -1.294464160e-01    5.269113685e-01   -8.305609663e-01    9.863310980e-01   -9.664872508e-01    7.745625759e-01   -4.447288194e-01    3.571212150e-02    3.796630373e-01   -7.274400673e-01    9.456980697e-01   -9.955767103e-01    8.681952119e-01   -5.862335568e-01    1.998943680e-01    2.220355524e-01   -6.044325544e-01
   -9.116934480e-01    6.623698864e-01   -2.960631232e-01   -1.225322672e-01    5.194868535e-01   -8.246932542e-01    9.842480195e-01   -9.699716870e-01    7.843856442e-01   -4.602668181e-01    5.485884057e-02    3.602379270e-01   -7.117119562e-01    9.374883276e-01   -9.976919757e-01    8.816901471e-01   -6.099702850e-01    2.305216776e-01    1.896400789e-01   -5.763089124e-01
   -9.124079759e-01    6.649766288e-01   -3.010519839e-01   -1.156121662e-01    5.120229091e-01   -8.187354059e-01    9.820185199e-01   -9.732676540e-01    7.940158205e-01   -4.756650811e-01    7.398540723e-02    3.406553298e-01   -6.956186871e-01    9.287207468e-01   -9.991257463e-01    8.944998528e-01   -6.331718539e-01    2.609222464e-01    1.570367765e-01   -5.474854612e-01
   -9.131197336e-01    6.675752957e-01   -3.060326187e-01   -1.086864492e-01    5.045201018e-01   -8.126880726e-01    9.796429309e-01   -9.763745115e-01    8.034507367e-01   -4.909189338e-01    9.308479533e-02    3.209238068e-01   -6.791685172e-01    9.194005442e-01   -9.998770427e-01    9.066143735e-01   -6.558179076e-01    2.910661727e-01    1.242613755e-01   -5.179972009e-01
   -9.138287190e-01    6.701658554e-01   -3.110048912e-01   -1.017554526e-01    4.969790011e-01   -8.065519152e-01    9.771216060e-01   -9.792916557e-01    8.126880726e-01   -5.060237450e-01    1.121499887e-01    3.010519839e-01   -6.623698864e-01    9.095332656e-01   -9.999453517e-01    9.180242940e-01   -6.778885774e-01    3.209238068e-01    9.134979498e-02   -4.878799390e-01
   -9.145349300e-01    6.727482764e-01   -3.159686658e-01   -9.481951307e-02    4.894001793e-01   -8.003276044e-01    9.744549201e-01   -9.820185199e-01    8.217255566e-01   -5.209749289e-01    1.311739838e-01    2.810485488e-01   -6.452314136e-01    8.991247826e-01   -9.993306266e-01    9.287207468e-01   -6.993644997e-01    3.504657808e-01    5.833810308e-02   -4.571702468e-01
   -9.152383645e-01    6.753225276e-01   -3.209238068e-01   -8.787896753e-02    4.817842118e-01   -7.940158205e-01    9.716432700e-01   -9.845545741e-01    8.305609663e-01   -5.357679465e-01    1.501497920e-01    2.609222464e-01   -6.277618922e-01    8.881812885e-01   -9.980332874e-01    9.386954189e-01   -7.202268324e-01    3.796630373e-01    2.526247772e-02   -4.259054149e-01
   -9.159390202e-01    6.778885774e-01   -3.258701787e-01   -8.093415313e-02    4.741316765e-01   -7.876172533e-01    9.686870741e-01   -9.868993257e-01    8.391921288e-01   -5.503983067e-01    1.690704427e-01    2.406818754e-01   -6.099702850e-01    8.767092950e-01   -9.960542203e-01    9.479405582e-01   -7.404572719e-01    4.084868580e-01   -7.840833102e-03   -3.941234080e-01
   -9.166368951e-01    6.804463949e-01   -3.308076464e-01   -7.398540723e-02    4.664431543e-01   -7.811326022e-01    9.655867720e-01   -9.890523190e-01    8.476169217e-01   -5.648615676e-01    1.879289853e-01    2.203362844e-01   -5.918657206e-01    8.647156284e-01   -9.933947770e-01    9.564489796e-01   -7.600380689e-01    4.369088918e-01   -4.093555106e-02   -3.618628189e-01
   -9.173319871e-01    6.829959490e-01   -3.357360750e-01   -6.703306738e-02    4.587192288e-01   -7.745625759e-01    9.623428249e-01   -9.910131358e-01    8.558332731e-01   -5.791533383e-01    2.067184921e-01    1.998943680e-01   -5.734574877e-01    8.522074254e-01   -9.900567742e-01    9.642140705e-01   -7.789520443e-01    4.649011828e-01   -7.398540723e-02   -3.291628215e-01
   -9.180242940e-01    6.855372086e-01   -3.406553298e-01   -6.007747129e-02    4.509604862e-01   -7.679078925e-01    9.589557156e-01   -9.927813949e-01    8.638391626e-01   -5.932692798e-01    2.254320609e-01    1.793650628e-01   -5.547550311e-01    8.391921288e-01   -9.860424919e-01    9.712297961e-01   -7.971826037e-01    4.924361978e-01   -1.069541819e-01   -2.960631232e-01
   -9.187138137e-01    6.880701429e-01   -3.455652765e-01   -5.311895685e-02    4.431675153e-01   -7.611692794e-01    9.554259477e-01   -9.943567528e-01    8.716326214e-01   -6.072051067e-01    2.440628171e-01    1.587573437e-01   -5.357679465e-01    8.256774831e-01   -9.813546722e-01    9.774907039e-01   -8.147137526e-01    5.194868535e-01   -1.398057441e-01   -2.626039168e-01
   -9.194005442e-01    6.905947212e-01   -3.504657808e-01   -4.615786207e-02    4.353409078e-01   -7.543474730e-01    9.517540465e-01   -9.957389035e-01    8.792117330e-01   -6.209565880e-01    2.626039168e-01    1.380802200e-01   -5.165059756e-01    8.116715301e-01   -9.759965172e-01    9.829919280e-01   -8.315301098e-01    5.460265429e-01   -1.725040915e-01   -2.288258317e-01
   -9.200844833e-01    6.931109128e-01   -3.553567089e-01   -3.919452511e-02    4.274812576e-01   -7.474432189e-01    9.479405582e-01   -9.969275784e-01    8.865746335e-01   -6.345195488e-01    2.810485488e-01    1.173427311e-01   -4.969790011e-01    7.971826037e-01   -9.699716870e-01    9.877291932e-01   -8.476169217e-01    5.720291616e-01   -2.050133896e-01   -1.947698844e-01
   -9.207656290e-01    6.956186871e-01   -3.602379270e-01   -3.222928420e-02    4.195891613e-01   -7.404572719e-01    9.439860501e-01   -9.979225465e-01    8.937195124e-01   -6.478898714e-01    2.993899376e-01    9.655394293e-02   -4.771970416e-01    7.822193255e-01   -9.632842969e-01    9.916988175e-01   -8.629600742e-01    5.974691335e-01   -2.372980109e-01   -1.604774290e-01
   -9.214439792e-01    6.981180138e-01   -3.651093019e-01   -2.526247772e-02    4.116652179e-01   -7.333903953e-01    9.398911105e-01   -9.987236144e-01    9.006446125e-01   -6.610634967e-01    3.176213455e-01    7.572294383e-02   -4.571702468e-01    7.667905990e-01   -9.559389148e-01    9.948977161e-01   -8.775461061e-01    6.223214359e-01   -2.693225744e-01   -1.259901066e-01
   -9.221195319e-01    7.006088623e-01   -3.699707005e-01   -1.829444407e-02    4.037100289e-01   -7.262433616e-01    9.356563485e-01   -9.993306266e-01    9.073482308e-01   -6.740364252e-01    3.357360750e-01    5.485884057e-02   -4.369088918e-01    7.509056050e-01   -9.479405582e-01    9.973234027e-01   -8.913622203e-01    6.465616240e-01   -3.010519839e-01   -9.134979498e-02
   -9.227922850e-01    7.030912026e-01   -3.748219898e-01   -1.132552173e-02    3.957241979e-01   -7.190169520e-01    9.312823942e-01   -9.997434651e-01    9.138287190e-01   -6.868047183e-01    3.537274718e-01    3.397075442e-02   -4.164233720e-01    7.345737955e-01   -9.392946905e-01    9.989739921e-01   -9.043962951e-01    6.701658554e-01   -3.324514669e-01   -5.659855774e-02
   -9.234622365e-01    7.055650044e-01   -3.796630373e-01   -4.356049249e-03    3.877083313e-01   -7.117119562e-01    9.267698982e-01   -9.999620497e-01    9.200844833e-01   -6.993644997e-01    3.715889267e-01    1.306781712e-02   -3.957241979e-01    7.178048886e-01   -9.300072176e-01    9.998482016e-01   -9.166368951e-01    6.931109128e-01   -3.634866122e-01   -2.177859313e-02
   -9.241293842e-01    7.080302376e-01   -3.844937108e-01    2.613634839e-03    3.796630373e-01   -7.043291727e-01    9.221195319e-01   -9.999863378e-01    9.261139853e-01   -7.117119562e-01    3.893138783e-01   -7.840833102e-03   -3.748219898e-01    7.006088623e-01   -9.200844833e-01    9.999453517e-01   -9.280732809e-01    7.153742276e-01   -3.941234080e-01    1.306781712e-02
   -9.247937263e-01    7.104868725e-01   -3.893138783e-01    9.583191966e-03    3.715889267e-01   -6.968694083e-01    9.173319871e-01   -9.998163249e-01    9.319157424e-01   -7.238433391e-01    4.068958154e-01   -2.874605551e-02   -3.537274718e-01    6.829959490e-01   -9.095332656e-01    9.992653669e-01   -9.386954189e-01    7.369339017e-01   -4.243282791e-01    4.789835918e-02
   -9.254552607e-01    7.129348791e-01   -3.941234080e-01    1.655228357e-02    3.634866122e-01   -6.893334785e-01    9.124079759e-01   -9.994520438e-01    9.374883276e-01   -7.357549655e-01    4.243282791e-01   -4.963871087e-02   -3.324514669e-01    6.649766288e-01   -8.983607719e-01    9.978087758e-01   -9.484939896e-01    7.577687290e-01   -4.540681236e-01    8.267073849e-02
   -9.261139853e-01    7.153742276e-01   -3.989221686e-01    2.352057113e-02    3.553567089e-01   -6.817222068e-01    9.073482308e-01   -9.988935655e-01    9.428303708e-01   -7.474432189e-01    4.416048658e-01   -7.050966545e-02   -3.110048912e-01    6.465616240e-01   -8.865746335e-01    9.955767103e-01   -9.574603962e-01    7.778582163e-01   -4.833103493e-01    1.173427311e-01
   -9.267698982e-01    7.178048886e-01   -4.037100289e-01    3.048771614e-02    3.471998337e-01   -6.740364252e-01    9.021535047e-01   -9.981409983e-01    9.479405582e-01   -7.589045510e-01    4.587192288e-01   -9.134979498e-02   -2.893987484e-01    6.277618922e-01   -8.741829015e-01    9.925709051e-01   -9.655867720e-01    7.971826037e-01   -5.120229091e-01    1.518722350e-01
   -9.274229974e-01    7.202268324e-01   -4.084868580e-01    3.745338016e-02    3.390166058e-01   -6.662769737e-01    8.968245703e-01   -9.971944886e-01    9.528176331e-01   -7.701354820e-01    4.756650811e-01   -1.121499887e-01   -2.676441238e-01    6.085886197e-01   -8.611940401e-01    9.887936963e-01   -9.728659873e-01    8.157228838e-01   -5.401743367e-01    1.862173211e-01
   -9.280732809e-01    7.226400296e-01   -4.132525255e-01    4.441722482e-02    3.308076464e-01   -6.584447003e-01    8.913622203e-01   -9.960542203e-01    9.574603962e-01   -7.811326022e-01    4.924361978e-01   -1.329011533e-01   -2.457521790e-01    5.890532155e-01   -8.476169217e-01    9.842480195e-01   -9.792916557e-01    8.334608204e-01   -5.677337805e-01    2.203362844e-01
   -9.287207468e-01    7.250444510e-01   -4.180069012e-01    5.137891185e-02    3.225735784e-01   -6.505404611e-01    8.857672673e-01   -9.947204148e-01    9.618677057e-01   -7.918925730e-01    5.090264179e-01   -1.535942169e-01   -2.237341463e-01    5.691673037e-01   -8.334608204e-01    9.789374074e-01   -9.848581396e-01    8.503789665e-01   -5.946710379e-01    2.541876944e-01
   -9.293653930e-01    7.274400673e-01   -4.227498551e-01    5.833810308e-02    3.143150269e-01   -6.425651201e-01    8.800405437e-01   -9.931933315e-01    9.660384778e-01   -8.024121277e-01    5.254296470e-01   -1.742201330e-01   -2.016013223e-01    5.489427172e-01   -8.187354059e-01    9.728659873e-01   -9.895605553e-01    8.664606814e-01   -6.209565880e-01    2.877304455e-01
   -9.300072176e-01    7.298268495e-01   -4.274812576e-01    6.529446043e-02    3.060326187e-01   -6.345195488e-01    8.741829015e-01   -9.914732669e-01    9.699716870e-01   -8.126880726e-01    5.416398594e-01   -1.947698844e-01   -1.793650628e-01    5.283914904e-01   -8.034507367e-01    9.660384778e-01   -9.933947770e-01    8.816901471e-01   -6.465616240e-01    3.209238068e-01
   -9.306462186e-01    7.322047685e-01   -4.322009795e-01    7.224764601e-02    2.977269824e-01   -6.264046266e-01    8.681952119e-01   -9.895605553e-01    9.736663659e-01   -8.227172879e-01    5.576511002e-01   -2.152344874e-01   -1.570367765e-01    5.075258519e-01   -7.876172533e-01    9.584601852e-01   -9.963574408e-01    8.960523841e-01   -6.714580852e-01    3.537274718e-01
   -9.312823942e-01    7.345737955e-01   -4.369088918e-01    7.919732205e-02    2.893987484e-01   -6.182212406e-01    8.620783658e-01   -9.874555684e-01    9.771216060e-01   -8.324967289e-01    5.734574877e-01   -2.356049954e-01   -1.346279194e-01    4.863582175e-01   -7.712457711e-01    9.501369990e-01   -9.984459473e-01    9.095332656e-01   -6.956186871e-01    3.861016072e-01
   -9.319157424e-01    7.369339017e-01   -4.416048658e-01    8.614315096e-02    2.810485488e-01   -6.099702850e-01    8.558332731e-01   -9.851587151e-01    9.803365575e-01   -8.420234264e-01    5.890532155e-01   -2.558725028e-01   -1.121499887e-01    4.649011828e-01   -7.543474730e-01    9.410753878e-01   -9.996584643e-01    9.221195319e-01   -7.190169520e-01    4.180069012e-01
   -9.325462612e-01    7.392850585e-01   -4.462887732e-01    9.308479533e-02    2.726770175e-01   -6.016526617e-01    8.494608629e-01   -9.826704418e-01    9.833104299e-01   -8.512944882e-01    6.044325544e-01   -2.760281492e-01   -8.961451729e-02    4.431675153e-01   -7.369339017e-01    9.312823942e-01   -9.999939279e-01    9.337988031e-01   -7.416272372e-01    4.494046114e-01
   -9.331739487e-01    7.416272372e-01   -4.509604862e-01    1.000219180e-01    2.642847899e-01   -5.932692798e-01    8.429620832e-01   -9.799912319e-01    9.860424919e-01   -8.603070997e-01    6.195898548e-01   -2.960631232e-01   -6.703306738e-02    4.211701475e-01   -7.190169520e-01    9.207656290e-01   -9.994520438e-01    9.445595916e-01   -7.634247640e-01    4.802566116e-01
   -9.337988031e-01    7.439604095e-01   -4.556198769e-01    1.069541819e-01    2.558725028e-01   -5.848210556e-01    8.363379008e-01   -9.771216060e-01    9.885320716e-01   -8.690585246e-01    6.345195488e-01   -3.159686658e-01   -4.441722482e-02    3.989221686e-01   -7.006088623e-01    9.095332656e-01   -9.980332874e-01    9.543913130e-01   -7.843856442e-01    5.105254385e-01
   -9.344208225e-01    7.462845471e-01   -4.602668181e-01    1.138812503e-01    2.474407948e-01   -5.763089124e-01    8.295893010e-01   -9.740621216e-01    9.907785567e-01   -8.775461061e-01    6.492161518e-01   -3.357360750e-01   -2.177859313e-02    3.764368168e-01   -6.817222068e-01    8.975940336e-01   -9.957389035e-01    9.632842969e-01   -8.044869064e-01    5.401743367e-01
   -9.350400049e-01    7.485996216e-01   -4.649011828e-01    1.208027868e-01    2.389903060e-01   -5.677337805e-01    8.227172879e-01   -9.708133734e-01    9.927813949e-01   -8.857672673e-01    6.636742651e-01   -3.553567089e-01    8.712124948e-04    3.537274718e-01   -6.623698864e-01    8.849572119e-01   -9.925709051e-01    9.712297961e-01   -8.237065215e-01    5.691673037e-01
   -9.356563485e-01    7.509056050e-01   -4.695228443e-01    1.277184552e-01    2.305216776e-01   -5.590965973e-01    8.157228838e-01   -9.673759924e-01    9.945400936e-01   -8.937195124e-01    6.778885774e-01   -3.748219898e-01    2.352057113e-02    3.308076464e-01   -6.425651201e-01    8.716326214e-01   -9.885320716e-01    9.782199955e-01   -8.420234264e-01    5.974691335e-01
   -9.362698514e-01    7.532024692e-01   -4.741316765e-01    1.346279194e-01    2.220355524e-01   -5.503983067e-01    8.086071292e-01   -9.637506467e-01    9.960542203e-01   -9.014004269e-01    6.918538673e-01   -3.941234080e-01    4.615786207e-02    3.076909787e-01   -6.223214359e-01    8.576306179e-01   -9.836259464e-01    9.842480195e-01   -8.594175474e-01    6.250454593e-01
   -9.368805117e-01    7.554901865e-01   -4.787275533e-01    1.415308438e-01    2.135325746e-01   -5.416398594e-01    8.013710826e-01   -9.599380405e-01    9.973234027e-01   -9.088076792e-01    7.055650044e-01   -4.132525255e-01    6.877147081e-02    2.843912240e-01   -6.016526617e-01    8.429620832e-01   -9.778568341e-01    9.893079390e-01   -8.758698221e-01    6.518627954e-01
   -9.374883276e-01    7.577687290e-01   -4.833103493e-01    1.484268932e-01    2.050133896e-01   -5.328222126e-01    7.940158205e-01   -9.559389148e-01    9.983473286e-01   -9.159390202e-01    7.190169520e-01   -4.322009795e-01    9.134979498e-02    2.609222464e-01   -5.805729159e-01    8.276384176e-01   -9.712297961e-01    9.933947770e-01   -8.913622203e-01    6.778885774e-01
   -9.380932973e-01    7.600380689e-01   -4.878799390e-01    1.553157325e-01    1.964786439e-01   -5.239463302e-01    7.865424372e-01   -9.517540465e-01    9.991257463e-01   -9.227922850e-01    7.322047685e-01   -4.509604862e-01    1.138812503e-01    2.372980109e-01   -5.590965973e-01    8.116715301e-01   -9.637506467e-01    9.965045138e-01   -9.058777635e-01    7.030912026e-01
   -9.386954189e-01    7.622981789e-01   -4.924361978e-01    1.621970271e-01    1.879289853e-01   -5.150131822e-01    7.789520443e-01   -9.473842488e-01    9.996584643e-01   -9.293653930e-01    7.451236094e-01   -4.695228443e-01    1.363542767e-01    2.135325746e-01   -5.372383758e-01    7.950738299e-01   -9.554259477e-01    9.986340905e-01   -9.194005442e-01    7.274400673e-01
   -9.392946905e-01    7.645490314e-01   -4.969790011e-01    1.690704427e-01    1.793650628e-01   -5.060237450e-01    7.712457711e-01   -9.428303708e-01    9.999453517e-01   -9.356563485e-01    7.577687290e-01   -4.878799390e-01    1.587573437e-01    1.896400789e-01   -5.150131822e-01    7.778582163e-01   -9.462630029e-01    9.997814127e-01   -9.319157424e-01    7.509056050e-01
   -9.398911105e-01    7.667905990e-01   -5.015082247e-01    1.759356455e-01    1.707875264e-01   -4.969790011e-01    7.634247640e-01   -9.380932973e-01    9.999863378e-01   -9.416632417e-01    7.701354820e-01   -5.060237450e-01    1.810789572e-01    1.656347406e-01   -4.924361978e-01    7.600380689e-01   -9.362698514e-01    9.999453517e-01   -9.434096426e-01    7.734593214e-01
   -9.404846768e-01    7.690228546e-01   -5.060237450e-01    1.827923019e-01    1.621970271e-01   -4.878799390e-01    7.554901865e-01   -9.331739487e-01    9.997814127e-01   -9.473842488e-01    7.822193255e-01   -5.239463302e-01    2.033076646e-01    1.415308438e-01   -4.695228443e-01    7.416272372e-01   -9.254552607e-01    9.991257463e-01   -9.538696485e-01    7.950738299e-01
   -9.410753878e-01    7.712457711e-01   -5.105254385e-01    1.896400789e-01    1.535942169e-01   -4.787275533e-01    7.474432189e-01   -9.280732809e-01    9.993306266e-01   -9.528176331e-01    7.940158205e-01   -5.416398594e-01    2.254320609e-01    1.173427311e-01   -4.462887732e-01    7.226400296e-01   -9.138287190e-01    9.973234027e-01   -9.632842969e-01    8.157228838e-01
   -9.416632417e-01    7.734593214e-01   -5.150131822e-01    1.964786439e-01    1.449797488e-01   -4.695228443e-01    7.392850585e-01   -9.227922850e-01    9.986340905e-01   -9.579617449e-01    8.055206336e-01   -5.590965973e-01    2.474407948e-01    9.308479533e-02   -4.227498551e-01    7.030912026e-01   -9.014004269e-01    9.945400936e-01   -9.716432700e-01    8.353814093e-01
   -9.422482366e-01    7.756634788e-01   -5.194868535e-01    2.033076646e-01    1.363542767e-01   -4.602668181e-01    7.310169187e-01   -9.173319871e-01    9.976919757e-01   -9.628150225e-01    8.167295385e-01   -5.763089124e-01    2.693225744e-01    6.877147081e-02   -3.989221686e-01    6.829959490e-01   -8.881812885e-01    9.907785567e-01   -9.789374074e-01    8.540255350e-01
   -9.428303708e-01    7.778582163e-01   -5.239463302e-01    2.101268093e-01    1.277184552e-01   -4.509604862e-01    7.226400296e-01   -9.116934480e-01    9.965045138e-01   -9.673759924e-01    8.276384176e-01   -5.932692798e-01    2.910661727e-01    4.441722482e-02   -3.748219898e-01    6.623698864e-01   -8.741829015e-01    9.860424919e-01   -9.851587151e-01    8.716326214e-01
   -9.434096426e-01    7.800435074e-01   -5.283914904e-01    2.169357468e-01    1.190729397e-01   -4.416048658e-01    7.141556375e-01   -9.058777635e-01    9.950719968e-01   -9.716432700e-01    8.382432634e-01   -6.099702850e-01    3.126604337e-01    2.003654902e-02   -3.504657808e-01    6.412290450e-01   -8.594175474e-01    9.803365575e-01   -9.903003752e-01    8.881812885e-01
   -9.439860501e-01    7.822193255e-01   -5.328222126e-01    2.237341463e-01    1.104183866e-01   -4.322009795e-01    7.055650044e-01   -8.998860636e-01    9.933947770e-01   -9.756155598e-01    8.485401804e-01   -6.264046266e-01    3.340942781e-01   -4.356049249e-03   -3.258701787e-01    6.195898548e-01   -8.438981808e-01    9.736663659e-01   -9.943567528e-01    9.036514411e-01
   -9.445595916e-01    7.843856442e-01   -5.372383758e-01    2.305216776e-01    1.017554526e-01   -4.227498551e-01    6.968694083e-01   -8.937195124e-01    9.914732669e-01   -9.792916557e-01    8.585253859e-01   -6.425651201e-01    3.553567089e-01   -2.874605551e-02   -3.010519839e-01    5.974691335e-01   -8.276384176e-01    9.660384778e-01   -9.973234027e-01    9.180242940e-01
   -9.451302654e-01    7.865424372e-01   -5.416398594e-01    2.372980109e-01    9.308479533e-02   -4.132525255e-01    6.880701429e-01   -8.873793081e-01    9.893079390e-01   -9.826704418e-01    8.681952119e-01   -6.584447003e-01    3.764368168e-01   -5.311895685e-02   -2.760281492e-01    5.748840727e-01   -8.106525232e-01    9.574603962e-01   -9.991970734e-01    9.312823942e-01
   -9.456980697e-01    7.886896782e-01   -5.460265429e-01    2.440628171e-01    8.440707286e-02   -4.037100289e-01    6.791685172e-01   -8.808666826e-01    9.868993257e-01   -9.857508921e-01    8.775461061e-01   -6.740364252e-01    3.973237864e-01   -7.746025053e-02   -2.508157676e-01    5.518522251e-01   -7.929554005e-01    9.479405582e-01   -9.999757117e-01    9.434096426e-01
   -9.462630029e-01    7.908273413e-01   -5.503983067e-01    2.508157676e-01    7.572294383e-02   -3.941234080e-01    6.701658554e-01   -8.741829015e-01    9.842480195e-01   -9.885320716e-01    8.865746335e-01   -6.893334785e-01    4.180069012e-01   -1.017554526e-01   -2.254320609e-01    5.283914904e-01   -7.745625759e-01    9.374883276e-01   -9.996584643e-01    9.543913130e-01
   -9.468250632e-01    7.929554005e-01   -5.547550311e-01    2.575565343e-01    6.703306738e-02   -3.844937108e-01    6.610634967e-01   -8.673292633e-01    9.813546722e-01   -9.910131358e-01    8.952774775e-01   -7.043291727e-01    4.384755493e-01   -1.259901066e-01   -1.998943680e-01    5.045201018e-01   -7.554901865e-01    9.261139853e-01   -9.982456788e-01    9.642140705e-01
   -9.473842488e-01    7.950738299e-01   -5.590965973e-01    2.642847899e-01    5.833810308e-02   -3.748219898e-01    6.518627954e-01   -8.603070997e-01    9.782199955e-01   -9.931933315e-01    9.036514411e-01   -7.190169520e-01    4.587192288e-01   -1.501497920e-01   -1.742201330e-01    4.802566116e-01   -7.357549655e-01    9.138287190e-01   -9.957389035e-01    9.728659873e-01
   -9.479405582e-01    7.971826037e-01   -5.634228865e-01    2.710002073e-01    4.963871087e-02   -3.651093019e-01    6.425651201e-01   -8.531177752e-01    9.748447601e-01   -9.950719968e-01    9.116934480e-01   -7.333903953e-01    4.787275533e-01   -1.742201330e-01   -1.484268932e-01    4.556198769e-01   -7.153742276e-01    9.006446125e-01   -9.921408857e-01    9.803365575e-01
   -9.484939896e-01    7.992816965e-01   -5.677337805e-01    2.777024606e-01    4.093555106e-02   -3.553567089e-01    6.331718539e-01   -8.457626868e-01    9.712297961e-01   -9.966485613e-01    9.194005442e-01   -7.474432189e-01    4.984902573e-01   -1.981868068e-01   -1.225322672e-01    4.306290447e-01   -6.943658540e-01    8.865746335e-01   -9.874555684e-01    9.866167096e-01
   -9.490445413e-01    8.013710826e-01   -5.720291616e-01    2.843912240e-01    3.222928420e-02   -3.455652765e-01    6.236843944e-01   -8.382432634e-01    9.673759924e-01   -9.979225465e-01    9.267698982e-01   -7.611692794e-01    5.179972009e-01   -2.220355524e-01   -9.655394293e-02    4.053035374e-01   -6.727482764e-01    8.716326214e-01   -9.816880863e-01    9.916988175e-01
   -9.495922116e-01    8.034507367e-01   -5.763089124e-01    2.910661727e-01    2.352057113e-02   -3.357360750e-01    6.141041528e-01   -8.305609663e-01    9.632842969e-01   -9.988935655e-01    9.337988031e-01   -7.745625759e-01    5.372383758e-01   -2.457521790e-01   -7.050966545e-02    3.796630373e-01   -6.505404611e-01    8.558332731e-01   -9.748447601e-01    9.955767103e-01
   -9.501369990e-01    8.055206336e-01   -5.805729159e-01    2.977269824e-01    1.481007283e-02   -3.258701787e-01    6.044325544e-01   -8.227172879e-01    9.589557156e-01   -9.995613235e-01    9.404846768e-01   -7.876172533e-01    5.562039100e-01   -2.693225744e-01   -4.441722482e-02    3.537274718e-01   -6.277618922e-01    8.391921288e-01   -9.669330894e-01    9.982456788e-01
   -9.506789017e-01    8.075807481e-01   -5.848210556e-01    3.043733295e-01    6.098450433e-03   -3.159686658e-01    5.946710379e-01   -8.147137526e-01    9.543913130e-01   -9.999256178e-01    9.468250632e-01   -8.003276044e-01    5.748840727e-01   -2.927327133e-01   -1.829444407e-02    3.275169973e-01   -6.044325544e-01    8.217255566e-01   -9.579617449e-01    9.997024823e-01
   -9.512179181e-01    8.096310552e-01   -5.890532155e-01    3.110048912e-01   -2.613634839e-03   -3.060326187e-01    5.848210556e-01   -8.065519152e-01    9.495922116e-01   -9.999863378e-01    9.528176331e-01   -8.126880726e-01    5.932692798e-01   -3.159686658e-01    7.840833102e-03    3.010519839e-01   -5.805729159e-01    8.034507367e-01   -9.479405582e-01    9.999453517e-01
   -9.517540465e-01    8.116715301e-01   -5.932692798e-01    3.176213455e-01   -1.132552173e-02   -2.960631232e-01    5.748840727e-01   -7.982333618e-01    9.445595916e-01   -9.997434651e-01    9.584601852e-01   -8.246932542e-01    6.113500984e-01   -3.390166058e-01    3.397075442e-02    2.743529999e-01   -5.562039100e-01    7.843856442e-01   -9.368805117e-01    9.989739921e-01
   -9.522872854e-01    8.137021478e-01   -5.974691335e-01    3.242223707e-01   -2.003654902e-02   -2.860612690e-01    5.648615676e-01   -7.897597087e-01    9.392946905e-01   -9.991970734e-01    9.637506467e-01   -8.363379008e-01    6.291172518e-01   -3.618628189e-01    6.007747129e-02    2.474407948e-01   -5.313469169e-01    7.645490314e-01   -9.247937263e-01    9.967895830e-01
   -9.528176331e-01    8.157228838e-01   -6.016526617e-01    3.308076464e-01   -2.874605551e-02   -2.760281492e-01    5.547550311e-01   -7.811326022e-01    9.337988031e-01   -9.983473286e-01    9.686870741e-01   -8.476169217e-01    6.465616240e-01   -3.844937108e-01    8.614315096e-02    2.203362844e-01   -5.060237450e-01    7.439604095e-01   -9.116934480e-01    9.933947770e-01
   -9.533450880e-01    8.177337135e-01   -6.058197502e-01    3.373768526e-01   -3.745338016e-02   -2.659648605e-01    5.445659669e-01   -7.723537187e-01    9.280732809e-01   -9.971944886e-01    9.732676540e-01   -8.585253859e-01    6.636742651e-01   -4.068958154e-01    1.121499887e-01    1.930605337e-01   -4.802566116e-01    7.226400296e-01   -8.975940336e-01    9.887936963e-01
   -9.538696485e-01    8.197346126e-01   -6.099702850e-01    3.439296701e-01   -4.615786207e-02   -2.558725028e-01    5.342958907e-01   -7.634247640e-01    9.221195319e-01   -9.957389035e-01    9.774907039e-01   -8.690585246e-01    6.804463949e-01   -4.290558025e-01    1.380802200e-01    1.656347406e-01   -4.540681236e-01    7.006088623e-01   -8.825109348e-01    9.829919280e-01
   -9.543913130e-01    8.217255566e-01   -6.141041528e-01    3.504657808e-01   -5.485884057e-02   -2.457521790e-01    5.239463302e-01   -7.543474730e-01    9.159390202e-01   -9.939810152e-01    9.813546722e-01   -8.792117330e-01    6.968694083e-01   -4.509604862e-01    1.639161327e-01    1.380802200e-01   -4.274812576e-01    6.778885774e-01   -8.664606814e-01    9.759965172e-01
   -9.549100799e-01    8.237065215e-01   -6.182212406e-01    3.569848670e-01   -6.355565525e-02   -2.356049954e-01    5.135188252e-01   -7.451236094e-01    9.095332656e-01   -9.919213574e-01    9.848581396e-01   -8.889805723e-01    7.129348791e-01   -4.725968324e-01    1.896400789e-01    1.104183866e-01   -4.005193396e-01    6.545015226e-01   -8.494608629e-01    9.678159584e-01
   -9.554259477e-01    8.256774831e-01   -6.223214359e-01    3.634866122e-01   -7.224764601e-02   -2.254320609e-01    5.030149268e-01   -7.357549655e-01    9.029038435e-01   -9.895605553e-01    9.879998192e-01   -8.983607719e-01    7.286345645e-01   -4.939519668e-01    2.152344874e-01    8.267073849e-02   -3.732060248e-01    6.304707013e-01   -8.315301098e-01    9.584601852e-01
   -9.559389148e-01    8.276384176e-01   -6.264046266e-01    3.699707005e-01   -8.093415313e-02   -2.152344874e-01    4.924361978e-01   -7.262433616e-01    8.960523841e-01   -9.868993257e-01    9.907785567e-01   -9.073482308e-01    7.439604095e-01   -5.150131822e-01    2.406818754e-01    5.485884057e-02   -3.455652765e-01    6.058197502e-01   -8.126880726e-01    9.479405582e-01
   -9.564489796e-01    8.295893010e-01   -6.304707013e-01    3.764368168e-01   -8.961451729e-02   -2.050133896e-01    4.817842118e-01   -7.165906459e-01    8.889805723e-01   -9.839384766e-01    9.931933315e-01   -9.159390202e-01    7.589045510e-01   -5.357679465e-01    2.659648605e-01    2.700430761e-02   -3.176213455e-01    5.805729159e-01   -7.929554005e-01    9.362698514e-01
   -9.569561405e-01    8.315301098e-01   -6.345195488e-01    3.828846472e-01   -9.828807966e-02   -1.947698844e-01    4.710605534e-01   -7.067986939e-01    8.816901471e-01   -9.806789068e-01    9.952432564e-01   -9.241293842e-01    7.734593214e-01   -5.562039100e-01    2.910661727e-01   -8.712124948e-04   -2.893987484e-01    5.547550311e-01   -7.723537187e-01    9.234622365e-01
   -9.574603962e-01    8.334608204e-01   -6.385510584e-01    3.893138783e-01   -1.069541819e-01   -1.845050916e-01    4.602668181e-01   -6.968694083e-01    8.741829015e-01   -9.771216060e-01    9.969275784e-01   -9.319157424e-01    7.876172533e-01   -5.763089124e-01    3.159686658e-01   -2.874605551e-02   -2.609222464e-01    5.283914904e-01   -7.509056050e-01    9.095332656e-01
   -9.579617449e-01    8.353814093e-01   -6.425651201e-01    3.957241979e-01   -1.156121662e-01   -1.742201330e-01    4.494046114e-01   -6.868047183e-01    8.664606814e-01   -9.732676540e-01    9.982456788e-01   -9.392946905e-01    8.013710826e-01   -5.960709906e-01    3.406553298e-01   -5.659855774e-02   -2.322168236e-01    5.015082247e-01   -7.286345645e-01    8.944998528e-01
   -9.584601852e-01    8.372918531e-01   -6.465616240e-01    4.021152947e-01   -1.242613755e-01   -1.639161327e-01    4.384755493e-01   -6.766065796e-01    8.585253859e-01   -9.691182211e-01    9.991970734e-01   -9.462630029e-01    8.147137526e-01   -6.154783854e-01    3.651093019e-01   -8.440707286e-02   -2.033076646e-01    4.741316765e-01   -7.055650044e-01    8.783802530e-01
   -9.589557156e-01    8.391921288e-01   -6.505404611e-01    4.084868580e-01   -1.329011533e-01   -1.535942169e-01    4.274812576e-01   -6.662769737e-01    8.503789665e-01   -9.646745669e-01    9.997814127e-01   -9.528176331e-01    8.276384176e-01   -6.345195488e-01    3.893138783e-01   -1.121499887e-01   -1.742201330e-01    4.462887732e-01   -6.817222068e-01    8.611940401e-01
   -9.594483345e-01    8.410822131e-01   -6.545015226e-01    4.148385785e-01   -1.415308438e-01   -1.432555138e-01    4.164233720e-01   -6.558179076e-01    8.420234264e-01   -9.599380405e-01    9.999984820e-01   -9.589557156e-01    8.401384463e-01   -6.531831505e-01    4.132525255e-01   -1.398057441e-01   -1.449797488e-01    4.180069012e-01   -6.571323015e-01    8.429620832e-01
   -9.599380405e-01    8.429620832e-01   -6.584447003e-01    4.211701475e-01   -1.501497920e-01   -1.329011533e-01    4.053035374e-01   -6.452314136e-01    8.334608204e-01   -9.549100799e-01    9.998482016e-01   -9.646745669e-01    8.522074254e-01   -6.714580852e-01    4.369088918e-01   -1.673528457e-01   -1.156121662e-01    3.893138783e-01   -6.318222367e-01    8.237065215e-01
   -9.604248321e-01    8.448317163e-01   -6.623698864e-01    4.274812576e-01   -1.587573437e-01   -1.225322672e-01    3.941234080e-01   -6.345195488e-01    8.246932542e-01   -9.495922116e-01    9.993306266e-01   -9.699716870e-01    8.638391626e-01   -6.893334785e-01    4.602668181e-01   -1.947698844e-01   -8.614315096e-02    3.602379270e-01   -6.058197502e-01    8.034507367e-01
   -9.609087078e-01    8.466910895e-01   -6.662769737e-01    4.337716021e-01   -1.673528457e-01   -1.121499887e-01    3.828846472e-01   -6.236843944e-01    8.157228838e-01   -9.439860501e-01    9.984459473e-01   -9.748447601e-01    8.750276901e-01   -7.067986939e-01    4.833103493e-01   -2.220355524e-01   -5.659855774e-02    3.308076464e-01   -5.791533383e-01    7.822193255e-01
   -9.613896662e-01    8.485401804e-01   -6.701658554e-01    4.400408755e-01   -1.759356455e-01   -1.017554526e-01    3.715889267e-01   -6.127280557e-01    8.065519152e-01   -9.380932973e-01    9.971944886e-01   -9.792916557e-01    8.857672673e-01   -7.238433391e-01    5.060237450e-01   -2.491286594e-01   -2.700430761e-02    3.010519839e-01   -5.518522251e-01    7.600380689e-01
   -9.618677057e-01    8.503789665e-01   -6.740364252e-01    4.462887732e-01   -1.845050916e-01   -9.134979498e-02    3.602379270e-01   -6.016526617e-01    7.971826037e-01   -9.319157424e-01    9.955767103e-01   -9.833104299e-01    8.960523841e-01   -7.404572719e-01    5.283914904e-01   -2.760281492e-01    2.613634839e-03    2.710002073e-01   -5.239463302e-01    7.369339017e-01
   -9.623428249e-01    8.522074254e-01   -6.778885774e-01    4.525149918e-01   -1.930605337e-01   -8.093415313e-02    3.488333368e-01   -5.904603644e-01    7.876172533e-01   -9.254552607e-01    9.935932065e-01   -9.868993257e-01    9.058777635e-01   -7.566306063e-01    5.503983067e-01   -3.027131163e-01    3.222928420e-02    2.406818754e-01   -4.954662360e-01    7.129348791e-01
   -9.628150225e-01    8.540255350e-01   -6.817222068e-01    4.587192288e-01   -2.016013223e-01   -7.050966545e-02    3.373768526e-01   -5.791533383e-01    7.778582163e-01   -9.187138137e-01    9.912447060e-01   -9.900567742e-01    9.152383645e-01   -7.723537187e-01    5.720291616e-01   -3.291628215e-01    6.181665711e-02    2.101268093e-01   -4.664431543e-01    6.880701429e-01
   -9.632842969e-01    8.558332731e-01   -6.855372086e-01    4.649011828e-01   -2.101268093e-01   -6.007747129e-02    3.258701787e-01   -5.677337805e-01    7.679078925e-01   -9.116934480e-01    9.885320716e-01   -9.927813949e-01    9.241293842e-01   -7.876172533e-01    5.932692798e-01   -3.553567089e-01    9.134979498e-02    1.793650628e-01   -4.369088918e-01    6.623698864e-01
   -9.637506467e-01    8.576306179e-01   -6.893334785e-01    4.710605534e-01   -2.186363475e-01   -4.963871087e-02    3.143150269e-01   -5.562039100e-01    7.577687290e-01   -9.043962951e-01    9.854562995e-01   -9.950719968e-01    9.325462612e-01   -8.024121277e-01    6.141041528e-01   -3.812744210e-01    1.208027868e-01    1.484268932e-01   -4.068958154e-01    6.358653172e-01
   -9.642140705e-01    8.594175474e-01   -6.931109128e-01    4.771970416e-01   -2.271292911e-01   -3.919452511e-02    3.027131163e-01   -5.445659669e-01    7.474432189e-01   -8.968245703e-01    9.820185199e-01   -9.969275784e-01    9.404846768e-01   -8.167295385e-01    6.345195488e-01   -4.068958154e-01    1.501497920e-01    1.173427311e-01   -3.764368168e-01    6.085886197e-01
   -9.646745669e-01    8.611940401e-01   -6.968694083e-01    4.833103493e-01   -2.356049954e-01   -2.874605551e-02    2.910661727e-01   -5.328222126e-01    7.369339017e-01   -8.889805723e-01    9.782199955e-01   -9.983473286e-01    9.479405582e-01   -8.305609663e-01    6.545015226e-01   -4.322009795e-01    1.793650628e-01    8.614315096e-02   -3.455652765e-01    5.805729159e-01
   -9.651321345e-01    8.629600742e-01   -7.006088623e-01    4.894001793e-01   -2.440628171e-01   -1.829444407e-02    2.793759288e-01   -5.209749289e-01    7.262433616e-01   -8.808666826e-01    9.740621216e-01   -9.993306266e-01    9.549100799e-01   -8.438981808e-01    6.740364252e-01   -4.571702468e-01    2.084229671e-01    5.485884057e-02   -3.143150269e-01    5.518522251e-01
   -9.655867720e-01    8.647156284e-01   -7.043291727e-01    4.954662360e-01   -2.525021143e-01   -7.840833102e-03    2.676441238e-01   -5.090264179e-01    7.153742276e-01   -8.724853645e-01    9.695464258e-01   -9.998770427e-01    9.613896662e-01   -8.567332460e-01    6.931109128e-01   -4.817842118e-01    2.372980109e-01    2.352057113e-02   -2.827203156e-01    5.224614227e-01
   -9.660384778e-01    8.664606814e-01   -7.080302376e-01    5.015082247e-01   -2.609222464e-01    2.613634839e-03    2.558725028e-01   -4.969790011e-01    7.043291727e-01   -8.638391626e-01    9.646745669e-01   -9.999863378e-01    9.673759924e-01   -8.690585246e-01    7.117119562e-01   -5.060237450e-01    2.659648605e-01   -7.840833102e-03   -2.508157676e-01    4.924361978e-01
   -9.664872508e-01    8.681952119e-01   -7.117119562e-01    5.075258519e-01   -2.693225744e-01    1.306781712e-02    2.440628171e-01   -4.848350194e-01    6.931109128e-01   -8.549307019e-01    9.594483345e-01   -9.996584643e-01    9.728659873e-01   -8.808666826e-01    7.298268495e-01   -5.298700080e-01    2.943983651e-01   -3.919452511e-02   -2.186363475e-01    4.618130099e-01
   -9.669330894e-01    8.699191989e-01   -7.153742276e-01    5.135188252e-01   -2.777024606e-01    2.352057113e-02    2.322168236e-01   -4.725968324e-01    6.817222068e-01   -8.457626868e-01    9.538696485e-01   -9.988935655e-01    9.778568341e-01   -8.921506937e-01    7.474432189e-01   -5.533044680e-01    3.225735784e-01   -7.050966545e-02   -1.862173211e-01    4.306290447e-01
   -9.673759924e-01    8.716326214e-01   -7.190169520e-01    5.194868535e-01   -2.860612690e-01    3.397075442e-02    2.203362844e-01   -4.602668181e-01    6.701658554e-01   -8.363379008e-01    9.479405582e-01   -9.976919757e-01    9.823459720e-01   -9.029038435e-01    7.645490314e-01   -5.763089124e-01    3.504657808e-01   -1.017554526e-01   -1.535942169e-01    3.989221686e-01
   -9.678159584e-01    8.733354587e-01   -7.226400296e-01    5.254296470e-01   -2.943983651e-01    4.441722482e-02    2.084229671e-01   -4.478473721e-01    6.584447003e-01   -8.266592052e-01    9.416632417e-01   -9.960542203e-01    9.863310980e-01   -9.131197336e-01    7.811326022e-01   -5.988654625e-01    3.780505010e-01   -1.329011533e-01   -1.208027868e-01    3.667308832e-01
   -9.682529861e-01    8.750276901e-01   -7.262433616e-01    5.313469169e-01   -3.027131163e-01    5.485884057e-02    1.964786439e-01   -4.353409078e-01    6.465616240e-01   -8.167295385e-01    9.350400049e-01   -9.939810152e-01    9.898101673e-01   -9.227922850e-01    7.971826037e-01   -6.209565880e-01    4.053035374e-01   -1.639161327e-01   -8.787896753e-02    3.340942781e-01
   -9.686870741e-01    8.767092950e-01   -7.298268495e-01    5.372383758e-01   -3.110048912e-01    6.529446043e-02    1.845050916e-01   -4.227498551e-01    6.345195488e-01   -8.065519152e-01    9.280732809e-01   -9.914732669e-01    9.927813949e-01   -9.319157424e-01    8.126880726e-01   -6.425651201e-01    4.322009795e-01   -1.947698844e-01   -5.485884057e-02    3.010519839e-01
   -9.691182211e-01    8.783802530e-01   -7.333903953e-01    5.431037376e-01   -3.192730608e-01    7.572294383e-02    1.725040915e-01   -4.100766605e-01    6.223214359e-01   -7.961294253e-01    9.207656290e-01   -9.885320716e-01    9.952432564e-01   -9.404846768e-01    8.276384176e-01   -6.636742651e-01    4.587192288e-01   -2.254320609e-01   -2.177859313e-02    2.676441238e-01
   -9.695464258e-01    8.800405437e-01   -7.369339017e-01    5.489427172e-01   -3.275169973e-01    8.614315096e-02    1.604774290e-01   -3.973237864e-01    6.099702850e-01   -7.854652330e-01    9.131197336e-01   -9.851587151e-01    9.971944886e-01   -9.484939896e-01    8.420234264e-01   -6.842676175e-01    4.848350194e-01   -2.558725028e-01    1.132552173e-02    2.339112646e-01
   -9.699716870e-01    8.816901471e-01   -7.404572719e-01    5.547550311e-01   -3.357360750e-01    9.655394293e-02    1.484268932e-01   -3.844937108e-01    5.974691335e-01   -7.745625759e-01    9.051384033e-01   -9.813546722e-01    9.986340905e-01   -9.559389148e-01    8.558332731e-01   -7.043291727e-01    5.105254385e-01   -2.860612690e-01    4.441722482e-02    1.998943680e-01
   -9.703940033e-01    8.833290432e-01   -7.439604095e-01    5.605403970e-01   -3.439296701e-01    1.069541819e-01    1.363542767e-01   -3.715889267e-01    5.848210556e-01   -7.634247640e-01    8.968245703e-01   -9.771216060e-01    9.995613235e-01   -9.628150225e-01    8.690585246e-01   -7.238433391e-01    5.357679465e-01   -3.159686658e-01    7.746025053e-02    1.656347406e-01
   -9.708133734e-01    8.849572119e-01   -7.474432189e-01    5.662985337e-01   -3.520971608e-01    1.173427311e-01    1.242613755e-01   -3.586119414e-01    5.720291616e-01   -7.520551787e-01    8.881812885e-01   -9.724613669e-01    9.999757117e-01   -9.691182211e-01    8.816901471e-01   -7.427949510e-01    5.605403970e-01   -3.455652765e-01    1.104183866e-01    1.311739838e-01
   -9.712297961e-01    8.865746335e-01   -7.509056050e-01    5.720291616e-01   -3.602379270e-01    1.277184552e-01    1.121499887e-01   -3.455652765e-01    5.590965973e-01   -7.404572719e-01    8.792117330e-01   -9.673759924e-01    9.998770427e-01   -9.748447601e-01    8.937195124e-01   -7.611692794e-01    5.848210556e-01   -3.748219898e-01    1.432555138e-01    9.655394293e-02
   -9.716432700e-01    8.881812885e-01   -7.543474730e-01    5.777320024e-01   -3.683513510e-01    1.380802200e-01    1.000219180e-01   -3.324514669e-01    5.460265429e-01   -7.286345645e-01    8.699191989e-01   -9.618677057e-01    9.992653669e-01   -9.799912319e-01    9.051384033e-01   -7.789520443e-01    6.085886197e-01   -4.037100289e-01    1.759356455e-01    6.181665711e-02
   -9.720537941e-01    8.897771572e-01   -7.577687290e-01    5.834067789e-01   -3.764368168e-01    1.484268932e-01    8.787896753e-02   -3.192730608e-01    5.328222126e-01   -7.165906459e-01    8.603070997e-01   -9.559389148e-01    9.981409983e-01   -9.845545741e-01    9.159390202e-01   -7.961294253e-01    6.318222367e-01   -4.322009795e-01    2.084229671e-01    2.700430761e-02
   -9.724613669e-01    8.913622203e-01   -7.611692794e-01    5.890532155e-01   -3.844937108e-01    1.587573437e-01    7.572294383e-02   -3.060326187e-01    5.194868535e-01   -7.043291727e-01    8.503789665e-01   -9.495922116e-01    9.965045138e-01   -9.885320716e-01    9.261139853e-01   -8.126880726e-01    6.545015226e-01   -4.602668181e-01    2.406818754e-01   -7.840833102e-03
   -9.728659873e-01    8.929364585e-01   -7.645490314e-01    5.946710379e-01   -3.925214215e-01    1.690704427e-01    6.355565525e-02   -2.927327133e-01    5.060237450e-01   -6.918538673e-01    8.401384463e-01   -9.428303708e-01    9.943567528e-01   -9.919213574e-01    9.356563485e-01   -8.286151172e-01    6.766065796e-01   -4.878799390e-01    2.726770175e-01   -4.267645272e-02
   -9.732676540e-01    8.944998528e-01   -7.679078925e-01    6.002599733e-01   -4.005193396e-01    1.793650628e-01    5.137891185e-02   -2.793759288e-01    4.924361978e-01   -6.791685172e-01    8.295893010e-01   -9.356563485e-01    9.916988175e-01   -9.947204148e-01    9.445595916e-01   -8.438981808e-01    6.981180138e-01   -5.150131822e-01    3.043733295e-01   -7.746025053e-02
   -9.736663659e-01    8.960523841e-01   -7.712457711e-01    6.058197502e-01   -4.084868580e-01    1.896400789e-01    3.919452511e-02   -2.659648605e-01    4.787275533e-01   -6.662769737e-01    8.187354059e-01   -9.280732809e-01    9.885320716e-01   -9.969275784e-01    9.528176331e-01   -8.585253859e-01    7.190169520e-01   -5.416398594e-01    3.357360750e-01   -1.121499887e-01
   -9.740621216e-01    8.975940336e-01   -7.745625759e-01    6.113500984e-01   -4.164233720e-01    1.998943680e-01    2.700430761e-02   -2.525021143e-01    4.649011828e-01   -6.531831505e-01    8.075807481e-01   -9.200844833e-01    9.848581396e-01   -9.985415347e-01    9.604248321e-01   -8.724853645e-01    7.392850585e-01   -5.677337805e-01    3.667308832e-01   -1.467035437e-01
   -9.744549201e-01    8.991247826e-01   -7.778582163e-01    6.168507494e-01   -4.243282791e-01    2.101268093e-01    1.481007283e-02   -2.389903060e-01    4.509604862e-01   -6.398910231e-01    7.961294253e-01   -9.116934480e-01    9.806789068e-01   -9.995613235e-01    9.673759924e-01   -8.857672673e-01    7.589045510e-01   -5.932692798e-01    3.973237864e-01   -1.810789572e-01
   -9.748447601e-01    9.006446125e-01   -7.811326022e-01    6.223214359e-01   -4.322009795e-01    2.203362844e-01    2.613634839e-03   -2.254320609e-01    4.369088918e-01   -6.264046266e-01    7.843856442e-01   -9.029038435e-01    9.759965172e-01   -9.999863378e-01    9.736663659e-01   -8.983607719e-01    7.778582163e-01   -6.182212406e-01    4.274812576e-01   -2.152344874e-01
   -9.752316404e-01    9.021535047e-01   -7.843856442e-01    6.277618922e-01   -4.400408755e-01    2.305216776e-01   -9.583191966e-03   -2.118300135e-01    4.227498551e-01   -6.127280557e-01    7.723537187e-01   -8.937195124e-01    9.708133734e-01   -9.998163249e-01    9.792916557e-01   -9.102560907e-01    7.961294253e-01   -6.425651201e-01    4.571702468e-01   -2.491286594e-01
   -9.756155598e-01    9.036514411e-01   -7.876172533e-01    6.331718539e-01   -4.478473721e-01    2.406818754e-01   -2.177859313e-02   -1.981868068e-01    4.084868580e-01   -5.988654625e-01    7.600380689e-01   -8.841444697e-01    9.651321345e-01   -9.990513858e-01    9.842480195e-01   -9.214439792e-01    8.137021478e-01   -6.662769737e-01    4.863582175e-01   -2.827203156e-01
   -9.759965172e-01    9.051384033e-01   -7.908273413e-01    6.385510584e-01   -4.556198769e-01    2.508157676e-01   -3.397075442e-02   -1.845050916e-01    3.941234080e-01   -5.848210556e-01    7.474432189e-01   -8.741829015e-01    9.589557156e-01   -9.976919757e-01    9.885320716e-01   -9.319157424e-01    8.305609663e-01   -6.893334785e-01    5.150131822e-01   -3.159686658e-01
   -9.763745115e-01    9.066143735e-01   -7.940158205e-01    6.438992443e-01   -4.633577997e-01    2.609222464e-01   -4.615786207e-02   -1.707875264e-01    3.796630373e-01   -5.705990989e-01    7.345737955e-01   -8.638391626e-01    9.522872854e-01   -9.957389035e-01    9.921408857e-01   -9.416632417e-01    8.466910895e-01   -7.117119562e-01    5.431037376e-01   -3.488333368e-01
   -9.767495415e-01    9.080793335e-01   -7.971826037e-01    6.492161518e-01   -4.710605534e-01    2.710002073e-01   -5.833810308e-02   -1.570367765e-01    3.651093019e-01   -5.562039100e-01    7.214345262e-01   -8.531177752e-01    9.451302654e-01   -9.931933315e-01    9.950719968e-01   -9.506789017e-01    8.620783658e-01   -7.333903953e-01    5.705990989e-01   -3.812744210e-01
   -9.771216060e-01    9.095332656e-01   -8.003276044e-01    6.545015226e-01   -4.787275533e-01    2.810485488e-01   -7.050966545e-02   -1.432555138e-01    3.504657808e-01   -5.416398594e-01    7.080302376e-01   -8.420234264e-01    9.374883276e-01   -9.900567742e-01    9.973234027e-01   -9.589557156e-01    8.767092950e-01   -7.543474730e-01    5.974691335e-01   -4.132525255e-01
   -9.774907039e-01    9.109761523e-01   -8.034507367e-01    6.597551000e-01   -4.863582175e-01    2.910661727e-01   -8.267073849e-02   -1.294464160e-01    3.357360750e-01   -5.269113685e-01    6.943658540e-01   -8.305609663e-01    9.293653930e-01   -9.863310980e-01    9.988935655e-01   -9.664872508e-01    8.905710406e-01   -7.745625759e-01    6.236843944e-01   -4.447288194e-01
   -9.778568341e-01    9.124079759e-01   -8.065519152e-01    6.649766288e-01   -4.939519668e-01    3.010519839e-01   -9.481951307e-02   -1.156121662e-01    3.209238068e-01   -5.120229091e-01    6.804463949e-01   -8.187354059e-01    9.207656290e-01   -9.820185199e-01    9.997814127e-01   -9.732676540e-01    9.036514411e-01   -7.940158205e-01    6.492161518e-01   -4.756650811e-01
   -9.782199955e-01    9.138287190e-01   -8.096310552e-01    6.701658554e-01   -5.015082247e-01    3.110048912e-01   -1.069541819e-01   -1.017554526e-01    3.060326187e-01   -4.969790011e-01    6.662769737e-01   -8.065519152e-01    9.116934480e-01   -9.771216060e-01    9.999863378e-01   -9.792916557e-01    9.159390202e-01   -8.126880726e-01    6.740364252e-01   -5.060237450e-01
   -9.785801869e-01    9.152383645e-01   -8.126880726e-01    6.753225276e-01   -5.090264179e-01    3.209238068e-01   -1.190729397e-01   -8.787896753e-02    2.910661727e-01   -4.817842118e-01    6.518627954e-01   -7.940158205e-01    9.021535047e-01   -9.716432700e-01    9.995082009e-01   -9.845545741e-01    9.274229974e-01   -8.305609663e-01    6.981180138e-01   -5.357679465e-01
   -9.789374074e-01    9.166368951e-01   -8.157228838e-01    6.804463949e-01   -5.165059756e-01    3.308076464e-01   -1.311739838e-01   -7.398540723e-02    2.760281492e-01   -4.664431543e-01    6.372091551e-01   -7.811326022e-01    8.921506937e-01   -9.655867720e-01    9.983473286e-01   -9.890523190e-01    9.380932973e-01   -8.476169217e-01    7.214345262e-01   -5.648615676e-01
   -9.792916557e-01    9.180242940e-01   -8.187354059e-01    6.855372086e-01   -5.239463302e-01    3.406553298e-01   -1.432555138e-01   -6.007747129e-02    2.609222464e-01   -4.509604862e-01    6.223214359e-01   -7.679078925e-01    8.816901471e-01   -9.589557156e-01    9.965045138e-01   -9.927813949e-01    9.479405582e-01   -8.638391626e-01    7.439604095e-01   -5.932692798e-01
   -9.796429309e-01    9.194005442e-01   -8.217255566e-01    6.905947212e-01   -5.313469169e-01    3.504657808e-01   -1.553157325e-01   -4.615786207e-02    2.457521790e-01   -4.353409078e-01    6.072051067e-01   -7.543474730e-01    8.707772320e-01   -9.517540465e-01    9.939810152e-01   -9.957389035e-01    9.569561405e-01   -8.792117330e-01    7.656709775e-01   -6.209565880e-01
   -9.799912319e-01    9.207656290e-01   -8.246932542e-01    6.956186871e-01   -5.387071740e-01    3.602379270e-01   -1.673528457e-01   -3.222928420e-02    2.305216776e-01   -4.195891613e-01    5.918657206e-01   -7.404572719e-01    8.594175474e-01   -9.439860501e-01    9.907785567e-01   -9.979225465e-01    9.651321345e-01   -8.937195124e-01    7.865424372e-01   -6.478898714e-01
   -9.803365575e-01    9.221195319e-01   -8.276384176e-01    7.006088623e-01   -5.460265429e-01    3.699707005e-01   -1.793650628e-01   -1.829444407e-02    2.152344874e-01   -4.037100289e-01    5.763089124e-01   -7.262433616e-01    8.476169217e-01   -9.356563485e-01    9.868993257e-01   -9.993306266e-01    9.724613669e-01   -9.073482308e-01    8.065519152e-01   -6.740364252e-01
   -9.806789068e-01    9.234622365e-01   -8.305609663e-01    7.055650044e-01   -5.533044680e-01    3.796630373e-01   -1.913505968e-01   -4.356049249e-03    1.998943680e-01   -3.877083313e-01    5.605403970e-01   -7.117119562e-01    8.353814093e-01   -9.267698982e-01    9.823459720e-01   -9.999620497e-01    9.789374074e-01   -9.200844833e-01    8.256774831e-01   -6.993644997e-01
   -9.810182787e-01    9.247937263e-01   -8.334608204e-01    7.104868725e-01   -5.605403970e-01    3.893138783e-01   -2.033076646e-01    9.583191966e-03    1.845050916e-01   -3.715889267e-01    5.445659669e-01   -6.968694083e-01    8.227172879e-01   -9.173319871e-01    9.771216060e-01   -9.998163249e-01    9.845545741e-01   -9.319157424e-01    8.438981808e-01   -7.238433391e-01
   -9.813546722e-01    9.261139853e-01   -8.363379008e-01    7.153742276e-01   -5.677337805e-01    3.989221686e-01   -2.152344874e-01    2.352057113e-02    1.690704427e-01   -3.553567089e-01    5.283914904e-01   -6.817222068e-01    8.096310552e-01   -9.073482308e-01    9.712297961e-01   -9.988935655e-01    9.893079390e-01   -9.428303708e-01    8.611940401e-01   -7.474432189e-01
   -9.816880863e-01    9.274229974e-01   -8.391921288e-01    7.202268324e-01   -5.748840727e-01    4.084868580e-01   -2.271292911e-01    3.745338016e-02    1.535942169e-01   -3.390166058e-01    5.120229091e-01   -6.662769737e-01    7.961294253e-01   -8.968245703e-01    9.646745669e-01   -9.971944886e-01    9.931933315e-01   -9.528176331e-01    8.775461061e-01   -7.701354820e-01
   -9.820185199e-01    9.287207468e-01   -8.420234264e-01    7.250444510e-01   -5.819907308e-01    4.180069012e-01   -2.389903060e-01    5.137891185e-02    1.380802200e-01   -3.225735784e-01    4.954662360e-01   -6.505404611e-01    7.822193255e-01   -8.857672673e-01    9.574603962e-01   -9.947204148e-01    9.962073428e-01   -9.618677057e-01    8.929364585e-01   -7.918925730e-01
   -9.823459720e-01    9.300072176e-01   -8.448317163e-01    7.298268495e-01   -5.890532155e-01    4.274812576e-01   -2.508157676e-01    6.529446043e-02    1.225322672e-01   -3.060326187e-01    4.787275533e-01   -6.345195488e-01    7.679078925e-01   -8.741829015e-01    9.495922116e-01   -9.914732669e-01    9.983473286e-01   -9.699716870e-01    9.073482308e-01   -8.126880726e-01
   -9.826704418e-01    9.312823942e-01   -8.476169217e-01    7.345737955e-01   -5.960709906e-01    4.369088918e-01   -2.626039168e-01    7.919732205e-02    1.069541819e-01   -2.893987484e-01    4.618130099e-01   -6.182212406e-01    7.532024692e-01   -8.620783658e-01    9.410753878e-01   -9.874555684e-01    9.996114113e-01   -9.771216060e-01    9.207656290e-01   -8.324967289e-01
   -9.829919280e-01    9.325462612e-01   -8.503789665e-01    7.392850585e-01   -6.030435235e-01    4.462887732e-01   -2.743529999e-01    9.308479533e-02    9.134979498e-02   -2.726770175e-01    4.447288194e-01   -6.016526617e-01    7.381106006e-01   -8.494608629e-01    9.319157424e-01   -9.826704418e-01    9.999984820e-01   -9.833104299e-01    9.331739487e-01   -8.512944882e-01
   -9.833104299e-01    9.337988031e-01   -8.531177752e-01    7.439604095e-01   -6.099702850e-01    4.556198769e-01   -2.860612690e-01    1.069541819e-01    7.572294383e-02   -2.558725028e-01    4.274812576e-01   -5.848210556e-01    7.226400296e-01   -8.363379008e-01    9.221195319e-01   -9.771216060e-01    9.995082009e-01   -9.885320716e-01    9.445595916e-01   -8.690585246e-01
   -9.836259464e-01    9.350400049e-01   -8.558332731e-01    7.485996216e-01   -6.168507494e-01    4.649011828e-01   -2.977269824e-01    1.208027868e-01    6.007747129e-02   -2.389903060e-01    4.100766605e-01   -5.677337805e-01    7.067986939e-01   -8.227172879e-01    9.116934480e-01   -9.708133734e-01    9.981409983e-01   -9.927813949e-01    9.549100799e-01   -8.857672673e-01
   -9.839384766e-01    9.362698514e-01   -8.585253859e-01    7.532024692e-01   -6.236843944e-01    4.741316765e-01   -3.093484046e-01    1.346279194e-01    4.441722482e-02   -2.220355524e-01    3.925214215e-01   -5.503983067e-01    6.905947212e-01   -8.086071292e-01    9.006446125e-01   -9.637506467e-01    9.958980737e-01   -9.960542203e-01    9.642140705e-01   -9.014004269e-01
   -9.842480195e-01    9.374883276e-01   -8.611940401e-01    7.577687290e-01   -6.304707013e-01    4.833103493e-01   -3.209238068e-01    1.484268932e-01    2.874605551e-02   -2.050133896e-01    3.748219898e-01   -5.328222126e-01    6.740364252e-01   -7.940158205e-01    8.889805723e-01   -9.559389148e-01    9.927813949e-01   -9.983473286e-01    9.724613669e-01   -9.159390202e-01
   -9.845545741e-01    9.386954189e-01   -8.638391626e-01    7.622981789e-01   -6.372091551e-01    4.924361978e-01   -3.324514669e-01    1.621970271e-01    1.306781712e-02   -1.879289853e-01    3.569848670e-01   -5.150131822e-01    6.571323015e-01   -7.789520443e-01    8.767092950e-01   -9.473842488e-01    9.887936963e-01   -9.996584643e-01    9.796429309e-01   -9.293653930e-01
   -9.848581396e-01    9.398911105e-01   -8.664606814e-01    7.667905990e-01   -6.438992443e-01    5.015082247e-01   -3.439296701e-01    1.759356455e-01   -2.613634839e-03   -1.707875264e-01    3.390166058e-01   -4.969790011e-01    6.398910231e-01   -7.634247640e-01    8.638391626e-01   -9.380932973e-01    9.839384766e-01   -9.999863378e-01    9.857508921e-01   -9.416632417e-01
   -9.851587151e-01    9.410753878e-01   -8.690585246e-01    7.712457711e-01   -6.505404611e-01    5.105254385e-01   -3.553567089e-01    1.896400789e-01   -1.829444407e-02   -1.535942169e-01    3.209238068e-01   -4.787275533e-01    6.223214359e-01   -7.474432189e-01    8.503789665e-01   -9.280732809e-01    9.782199955e-01   -9.993306266e-01    9.907785567e-01   -9.528176331e-01
   -9.854562995e-01    9.422482366e-01   -8.716326214e-01    7.756634788e-01   -6.571323015e-01    5.194868535e-01   -3.667308832e-01    2.033076646e-01   -3.397075442e-02   -1.363542767e-01    3.027131163e-01   -4.602668181e-01    6.044325544e-01   -7.310169187e-01    8.363379008e-01   -9.173319871e-01    9.716432700e-01   -9.976919757e-01    9.947204148e-01   -9.628150225e-01
   -9.857508921e-01    9.434096426e-01   -8.741829015e-01    7.800435074e-01   -6.636742651e-01    5.283914904e-01   -3.780505010e-01    2.169357468e-01   -4.963871087e-02   -1.190729397e-01    2.843912240e-01   -4.416048658e-01    5.862335568e-01   -7.141556375e-01    8.217255566e-01   -9.058777635e-01    9.642140705e-01   -9.950719968e-01    9.975721466e-01   -9.716432700e-01
   -9.860424919e-01    9.445595916e-01   -8.767092950e-01    7.843856442e-01   -6.701658554e-01    5.372383758e-01   -3.893138783e-01    2.305216776e-01   -6.529446043e-02   -1.017554526e-01    2.659648605e-01   -4.227498551e-01    5.677337805e-01   -6.968694083e-01    8.065519152e-01   -8.937195124e-01    9.559389148e-01   -9.914732669e-01    9.993306266e-01   -9.792916557e-01
   -9.863310980e-01    9.456980697e-01   -8.792117330e-01    7.886896782e-01   -6.766065796e-01    5.460265429e-01   -4.005193396e-01    2.440628171e-01   -8.093415313e-02   -8.440707286e-02    2.474407948e-01   -4.037100289e-01    5.489427172e-01   -6.791685172e-01    7.908273413e-01   -8.808666826e-01    9.468250632e-01   -9.868993257e-01    9.999939279e-01   -9.857508921e-01
   -9.866167096e-01    9.468250632e-01   -8.816901471e-01    7.929554005e-01   -6.829959490e-01    5.547550311e-01   -4.116652179e-01    2.575565343e-01   -9.655394293e-02   -6.703306738e-02    2.288258317e-01   -3.844937108e-01    5.298700080e-01   -6.610634967e-01    7.745625759e-01   -8.673292633e-01    9.368805117e-01   -9.813546722e-01    9.995613235e-01   -9.910131358e-01
   -9.868993257e-01    9.479405582e-01   -8.841444697e-01    7.971826037e-01   -6.893334785e-01    5.634228865e-01   -4.227498551e-01    2.710002073e-01   -1.121499887e-01   -4.963871087e-02    2.101268093e-01   -3.651093019e-01    5.105254385e-01   -6.425651201e-01    7.577687290e-01   -8.531177752e-01    9.261139853e-01   -9.748447601e-01    9.980332874e-01   -9.950719968e-01
   -9.871789456e-01    9.490445413e-01   -8.865746335e-01    8.013710826e-01   -6.956186871e-01    5.720291616e-01   -4.337716021e-01    2.843912240e-01   -1.277184552e-01   -3.222928420e-02    1.913505968e-01   -3.455652765e-01    4.909189338e-01   -6.236843944e-01    7.404572719e-01   -8.382432634e-01    9.145349300e-01   -9.673759924e-01    9.954114944e-01   -9.979225465e-01
   -9.874555684e-01    9.501369990e-01   -8.889805723e-01    8.055206336e-01   -7.018510979e-01    5.805729159e-01   -4.447288194e-01    2.977269824e-01   -1.432555138e-01   -1.481007283e-02    1.725040915e-01   -3.258701787e-01    4.710605534e-01   -6.044325544e-01    7.226400296e-01   -8.227172879e-01    9.021535047e-01   -9.589557156e-01    9.916988175e-01   -9.995613235e-01
   -9.877291932e-01    9.512179181e-01   -8.913622203e-01    8.096310552e-01   -7.080302376e-01    5.890532155e-01   -4.556198769e-01    3.110048912e-01   -1.587573437e-01    2.613634839e-03    1.535942169e-01   -3.060326187e-01    4.509604862e-01   -5.848210556e-01    7.043291727e-01   -8.065519152e-01    8.889805723e-01   -9.495922116e-01    9.868993257e-01   -9.999863378e-01
   -9.879998192e-01    9.522872854e-01   -8.937195124e-01    8.137021478e-01   -7.141556375e-01    5.974691335e-01   -4.664431543e-01    3.242223707e-01   -1.742201330e-01    2.003654902e-02    1.346279194e-01   -2.860612690e-01    4.306290447e-01   -5.648615676e-01    6.855372086e-01   -7.897597087e-01    8.750276901e-01   -9.392946905e-01    9.810182787e-01   -9.991970734e-01
   -9.882674456e-01    9.533450880e-01   -8.960523841e-01    8.177337135e-01   -7.202268324e-01    6.058197502e-01   -4.771970416e-01    3.373768526e-01   -1.896400789e-01    3.745338016e-02    1.156121662e-01   -2.659648605e-01    4.100766605e-01   -5.445659669e-01    6.662769737e-01   -7.723537187e-01    8.603070997e-01   -9.280732809e-01    9.740621216e-01   -9.971944886e-01
   -9.885320716e-01    9.543913130e-01   -8.983607719e-01    8.217255566e-01   -7.262433616e-01    6.141041528e-01   -4.878799390e-01    3.504657808e-01   -2.050133896e-01    5.485884057e-02    9.655394293e-02   -2.457521790e-01    3.893138783e-01   -5.239463302e-01    6.465616240e-01   -7.543474730e-01    8.448317163e-01   -9.159390202e-01    9.660384778e-01   -9.939810152e-01
   -9.887936963e-01    9.554259477e-01   -9.006446125e-01    8.256774831e-01   -7.322047685e-01    6.223214359e-01   -4.984902573e-01    3.634866122e-01   -2.203362844e-01    7.224764601e-02    7.746025053e-02   -2.254320609e-01    3.683513510e-01   -5.030149268e-01    6.264046266e-01   -7.357549655e-01    8.286151172e-01   -9.029038435e-01    9.569561405e-01   -9.895605553e-01
   -9.890523190e-01    9.564489796e-01   -9.029038435e-01    8.295893010e-01   -7.381106006e-01    6.304707013e-01   -5.090264179e-01    3.764368168e-01   -2.356049954e-01    8.961451729e-02    5.833810308e-02   -2.050133896e-01    3.471998337e-01   -4.817842118e-01    6.058197502e-01   -7.165906459e-01    8.116715301e-01   -8.889805723e-01    9.468250632e-01   -9.839384766e-01
   -9.893079390e-01    9.574603962e-01   -9.051384033e-01    8.334608204e-01   -7.439604095e-01    6.385510584e-01   -5.194868535e-01    3.893138783e-01   -2.508157676e-01    1.069541819e-01    3.919452511e-02   -1.845050916e-01    3.258701787e-01   -4.602668181e-01    5.848210556e-01   -6.968694083e-01    7.940158205e-01   -8.741829015e-01    9.356563485e-01   -9.771216060e-01
   -9.895605553e-01    9.584601852e-01   -9.073482308e-01    8.372918531e-01   -7.497537514e-01    6.465616240e-01   -5.298700080e-01    4.021152947e-01   -2.659648605e-01    1.242613755e-01    2.003654902e-02   -1.639161327e-01    3.043733295e-01   -4.384755493e-01    5.634228865e-01   -6.766065796e-01    7.756634788e-01   -8.585253859e-01    9.234622365e-01   -9.691182211e-01
   -9.898101673e-01    9.594483345e-01   -9.095332656e-01    8.410822131e-01   -7.554901865e-01    6.545015226e-01   -5.401743367e-01    4.148385785e-01   -2.810485488e-01    1.415308438e-01    8.712124948e-04   -1.432555138e-01    2.827203156e-01   -4.164233720e-01    5.416398594e-01   -6.558179076e-01    7.566306063e-01   -8.420234264e-01    9.102560907e-01   -9.599380405e-01
   -9.900567742e-01    9.604248321e-01   -9.116934480e-01    8.448317163e-01   -7.611692794e-01    6.623698864e-01   -5.503983067e-01    4.274812576e-01   -2.960631232e-01    1.587573437e-01   -1.829444407e-02   -1.225322672e-01    2.609222464e-01   -3.941234080e-01    5.194868535e-01   -6.345195488e-01    7.369339017e-01   -8.246932542e-01    8.960523841e-01   -9.495922116e-01
   -9.903003752e-01    9.613896662e-01   -9.138287190e-01    8.485401804e-01   -7.667905990e-01    6.701658554e-01   -5.605403970e-01    4.400408755e-01   -3.110048912e-01    1.759356455e-01   -3.745338016e-02   -1.017554526e-01    2.389903060e-01   -3.715889267e-01    4.969790011e-01   -6.127280557e-01    7.165906459e-01   -8.065519152e-01    8.808666826e-01   -9.380932973e-01
   -9.905409696e-01    9.623428249e-01   -9.159390202e-01    8.522074254e-01   -7.723537187e-01    6.778885774e-01   -5.705990989e-01    4.525149918e-01   -3.258701787e-01    1.930605337e-01   -5.659855774e-02   -8.093415313e-02    2.169357468e-01   -3.488333368e-01    4.741316765e-01   -5.904603644e-01    6.956186871e-01   -7.876172533e-01    8.647156284e-01   -9.254552607e-01
   -9.907785567e-01    9.632842969e-01   -9.180242940e-01    8.558332731e-01   -7.778582163e-01    6.855372086e-01   -5.805729159e-01    4.649011828e-01   -3.406553298e-01    2.101268093e-01   -7.572294383e-02   -6.007747129e-02    1.947698844e-01   -3.258701787e-01    4.509604862e-01   -5.677337805e-01    6.740364252e-01   -7.679078925e-01    8.476169217e-01   -9.116934480e-01
   -9.910131358e-01    9.642140705e-01   -9.200844833e-01    8.594175474e-01   -7.833036739e-01    6.931109128e-01   -5.904603644e-01    4.771970416e-01   -3.553567089e-01    2.271292911e-01   -9.481951307e-02   -3.919452511e-02    1.725040915e-01   -3.027131163e-01    4.274812576e-01   -5.445659669e-01    6.518627954e-01   -7.474432189e-01    8.295893010e-01   -8.968245703e-01
   -9.912447060e-01    9.651321345e-01   -9.221195319e-01    8.629600742e-01   -7.886896782e-01    7.006088623e-01   -6.002599733e-01    4.894001793e-01   -3.699707005e-01    2.440628171e-01   -1.138812503e-01   -1.829444407e-02    1.501497920e-01   -2.793759288e-01    4.037100289e-01   -5.209749289e-01    6.291172518e-01   -7.262433616e-01    8.106525232e-01   -8.808666826e-01
   -9.914732669e-01    9.660384778e-01   -9.241293842e-01    8.664606814e-01   -7.940158205e-01    7.080302376e-01   -6.099702850e-01    5.015082247e-01   -3.844937108e-01    2.609222464e-01   -1.329011533e-01    2.613634839e-03    1.277184552e-01   -2.558725028e-01    3.796630373e-01   -4.969790011e-01    6.058197502e-01   -7.043291727e-01    7.908273413e-01   -8.638391626e-01
   -9.916988175e-01    9.669330894e-01   -9.261139853e-01    8.699191989e-01   -7.992816965e-01    7.153742276e-01   -6.195898548e-01    5.135188252e-01   -3.989221686e-01    2.777024606e-01   -1.518722350e-01    2.352057113e-02    1.052215898e-01   -2.322168236e-01    3.553567089e-01   -4.725968324e-01    5.819907308e-01   -6.817222068e-01    7.701354820e-01   -8.457626868e-01
   -9.919213574e-01    9.678159584e-01   -9.280732809e-01    8.733354587e-01   -8.044869064e-01    7.226400296e-01   -6.291172518e-01    5.254296470e-01   -4.132525255e-01    2.943983651e-01   -1.707875264e-01    4.441722482e-02    8.267073849e-02   -2.084229671e-01    3.308076464e-01   -4.478473721e-01    5.576511002e-01   -6.584447003e-01    7.485996216e-01   -8.266592052e-01
   -9.921408857e-01    9.686870741e-01   -9.300072176e-01    8.767092950e-01   -8.096310552e-01    7.298268495e-01   -6.385510584e-01    5.372383758e-01   -4.274812576e-01    3.110048912e-01   -1.896400789e-01    6.529446043e-02    6.007747129e-02   -1.845050916e-01    3.060326187e-01   -4.227498551e-01    5.328222126e-01   -6.345195488e-01    7.262433616e-01   -8.065519152e-01
   -9.923574018e-01    9.695464258e-01   -9.319157424e-01    8.800405437e-01   -8.147137526e-01    7.369339017e-01   -6.478898714e-01    5.489427172e-01   -4.416048658e-01    3.275169973e-01   -2.084229671e-01    8.614315096e-02    3.745338016e-02   -1.604774290e-01    2.810485488e-01   -3.973237864e-01    5.075258519e-01   -6.099702850e-01    7.030912026e-01   -7.854652330e-01
   -9.925709051e-01    9.703940033e-01   -9.337988031e-01    8.833290432e-01   -8.197346126e-01    7.439604095e-01   -6.571323015e-01    5.605403970e-01   -4.556198769e-01    3.439296701e-01   -2.271292911e-01    1.069541819e-01    1.481007283e-02   -1.363542767e-01    2.558725028e-01   -3.715889267e-01    4.817842118e-01   -5.848210556e-01    6.791685172e-01   -7.634247640e-01
   -9.927813949e-01    9.712297961e-01   -9.356563485e-01    8.865746335e-01   -8.246932542e-01    7.509056050e-01   -6.662769737e-01    5.720291616e-01   -4.695228443e-01    3.602379270e-01   -2.457521790e-01    1.277184552e-01   -7.840833102e-03   -1.121499887e-01    2.305216776e-01   -3.455652765e-01    4.556198769e-01   -5.590965973e-01    6.545015226e-01   -7.404572719e-01
   -9.929888706e-01    9.720537941e-01   -9.374883276e-01    8.897771572e-01   -8.295893010e-01    7.577687290e-01   -6.753225276e-01    5.834067789e-01   -4.833103493e-01    3.764368168e-01   -2.642847899e-01    1.484268932e-01   -3.048771614e-02   -8.787896753e-02    2.050133896e-01   -3.192730608e-01    4.290558025e-01   -5.328222126e-01    6.291172518e-01   -7.165906459e-01
   -9.931933315e-01    9.728659873e-01   -9.392946905e-01    8.929364585e-01   -8.344223815e-01    7.645490314e-01   -6.842676175e-01    5.946710379e-01   -4.969790011e-01    3.925214215e-01   -2.827203156e-01    1.690704427e-01   -5.311895685e-02   -6.355565525e-02    1.793650628e-01   -2.927327133e-01    4.021152947e-01   -5.060237450e-01    6.030435235e-01   -6.918538673e-01
   -9.933947770e-01    9.736663659e-01   -9.410753878e-01    8.960523841e-01   -8.391921288e-01    7.712457711e-01   -6.931109128e-01    6.058197502e-01   -5.105254385e-01    4.084868580e-01   -3.010519839e-01    1.896400789e-01   -7.572294383e-02   -3.919452511e-02    1.535942169e-01   -2.659648605e-01    3.748219898e-01   -4.787275533e-01    5.763089124e-01   -6.662769737e-01
   -9.935932065e-01    9.744549201e-01   -9.428303708e-01    8.991247826e-01   -8.438981808e-01    7.778582163e-01   -7.018510979e-01    6.168507494e-01   -5.239463302e-01    4.243282791e-01   -3.192730608e-01    2.101268093e-01   -9.828807966e-02   -1.481007283e-02    1.277184552e-01   -2.389903060e-01    3.471998337e-01   -4.509604862e-01    5.489427172e-01   -6.398910231e-01
   -9.937886195e-01    9.752316404e-01   -9.445595916e-01    9.021535047e-01   -8.485401804e-01    7.843856442e-01   -7.104868725e-01    6.277618922e-01   -5.372383758e-01    4.400408755e-01   -3.373768526e-01    2.305216776e-01   -1.208027868e-01    9.583191966e-03    1.017554526e-01   -2.118300135e-01    3.192730608e-01   -4.227498551e-01    5.209749289e-01   -6.127280557e-01
   -9.939810152e-01    9.759965172e-01   -9.462630029e-01    9.051384033e-01   -8.531177752e-01    7.908273413e-01   -7.190169520e-01    6.385510584e-01   -5.503983067e-01    4.556198769e-01   -3.553567089e-01    2.508157676e-01   -1.432555138e-01    3.397075442e-02    7.572294383e-02   -1.845050916e-01    2.910661727e-01   -3.941234080e-01    4.924361978e-01   -5.848210556e-01
   -9.941703932e-01    9.767495415e-01   -9.479405582e-01    9.080793335e-01   -8.576306179e-01    7.971826037e-01   -7.274400673e-01    6.492161518e-01   -5.634228865e-01    4.710605534e-01   -3.732060248e-01    2.710002073e-01   -1.656347406e-01    5.833810308e-02    4.963871087e-02   -1.570367765e-01    2.626039168e-01   -3.651093019e-01    4.633577997e-01   -5.562039100e-01
   -9.943567528e-01    9.774907039e-01   -9.495922116e-01    9.109761523e-01   -8.620783658e-01    8.034507367e-01   -7.357549655e-01    6.597551000e-01   -5.763089124e-01    4.863582175e-01   -3.909182433e-01    2.910661727e-01   -1.879289853e-01    8.267073849e-02    2.352057113e-02   -1.294464160e-01    2.339112646e-01   -3.357360750e-01    4.337716021e-01   -5.269113685e-01
   -9.945400936e-01    9.782199955e-01   -9.512179181e-01    9.138287190e-01   -8.664606814e-01    8.096310552e-01   -7.439604095e-01    6.701658554e-01   -5.890532155e-01    5.015082247e-01   -4.084868580e-01    3.110048912e-01   -2.101268093e-01    1.069541819e-01   -2.613634839e-03   -1.017554526e-01    2.050133896e-01   -3.060326187e-01    4.037100289e-01   -4.969790011e-01
   -9.947204148e-01    9.789374074e-01   -9.528176331e-01    9.166368951e-01   -8.707772320e-01    8.157228838e-01   -7.520551787e-01    6.804463949e-01   -6.016526617e-01    5.165059756e-01   -4.259054149e-01    3.308076464e-01   -2.322168236e-01    1.311739838e-01   -2.874605551e-02   -7.398540723e-02    1.759356455e-01   -2.760281492e-01    3.732060248e-01   -4.664431543e-01
   -9.948977161e-01    9.796429309e-01   -9.543913130e-01    9.194005442e-01   -8.750276901e-01    8.217255566e-01   -7.600380689e-01    6.905947212e-01   -6.141041528e-01    5.313469169e-01   -4.431675153e-01    3.504657808e-01   -2.541876944e-01    1.553157325e-01   -5.485884057e-02   -4.615786207e-02    1.467035437e-01   -2.457521790e-01    3.422930196e-01   -4.353409078e-01
   -9.950719968e-01    9.803365575e-01   -9.559389148e-01    9.221195319e-01   -8.792117330e-01    8.276384176e-01   -7.679078925e-01    7.006088623e-01   -6.264046266e-01    5.460265429e-01   -4.602668181e-01    3.699707005e-01   -2.760281492e-01    1.793650628e-01   -8.093415313e-02   -1.829444407e-02    1.173427311e-01   -2.152344874e-01    3.110048912e-01   -4.037100289e-01
   -9.952432564e-01    9.810182787e-01   -9.574603962e-01    9.247937263e-01   -8.833290432e-01    8.334608204e-01   -7.756634788e-01    7.104868725e-01   -6.385510584e-01    5.605403970e-01   -4.771970416e-01    3.893138783e-01   -2.977269824e-01    2.033076646e-01   -1.069541819e-01    9.583191966e-03    8.787896753e-02   -1.845050916e-01    2.793759288e-01   -3.715889267e-01
   -9.954114944e-01    9.816880863e-01   -9.589557156e-01    9.274229974e-01   -8.873793081e-01    8.391921288e-01   -7.833036739e-01    7.202268324e-01   -6.505404611e-01    5.748840727e-01   -4.939519668e-01    4.084868580e-01   -3.192730608e-01    2.271292911e-01   -1.329011533e-01    3.745338016e-02    5.833810308e-02   -1.535942169e-01    2.474407948e-01   -3.390166058e-01
   -9.955767103e-01    9.823459720e-01   -9.604248321e-01    9.300072176e-01   -8.913622203e-01    8.448317163e-01   -7.908273413e-01    7.298268495e-01   -6.623698864e-01    5.890532155e-01   -5.105254385e-01    4.274812576e-01   -3.406553298e-01    2.508157676e-01   -1.587573437e-01    6.529446043e-02    2.874605551e-02   -1.225322672e-01    2.152344874e-01   -3.060326187e-01
   -9.957389035e-01    9.829919280e-01   -9.618677057e-01    9.325462612e-01   -8.952774775e-01    8.503789665e-01   -7.982333618e-01    7.392850585e-01   -6.740364252e-01    6.030435235e-01   -5.269113685e-01    4.462887732e-01   -3.618628189e-01    2.743529999e-01   -1.845050916e-01    9.308479533e-02   -8.712124948e-04   -9.134979498e-02    1.827923019e-01   -2.726770175e-01
   -9.958980737e-01    9.836259464e-01   -9.632842969e-01    9.350400049e-01   -8.991247826e-01    8.558332731e-01   -8.055206336e-01    7.485996216e-01   -6.855372086e-01    6.168507494e-01   -5.431037376e-01    4.649011828e-01   -3.828846472e-01    2.977269824e-01   -2.101268093e-01    1.208027868e-01   -3.048771614e-02   -6.007747129e-02    1.501497920e-01   -2.389903060e-01
   -9.960542203e-01    9.842480195e-01   -9.646745669e-01    9.374883276e-01   -9.029038435e-01    8.611940401e-01   -8.126880726e-01    7.577687290e-01   -6.968694083e-01    6.304707013e-01   -5.590965973e-01    4.833103493e-01   -4.037100289e-01    3.209238068e-01   -2.356049954e-01    1.484268932e-01   -6.007747129e-02   -2.874605551e-02    1.173427311e-01   -2.050133896e-01
   -9.962073428e-01    9.848581396e-01   -9.660384778e-01    9.398911105e-01   -9.066143735e-01    8.664606814e-01   -8.197346126e-01    7.667905990e-01   -7.080302376e-01    6.438992443e-01   -5.748840727e-01    5.015082247e-01   -4.243282791e-01    3.439296701e-01   -2.609222464e-01    1.759356455e-01   -8.961451729e-02    2.613634839e-03    8.440707286e-02   -1.707875264e-01
   -9.963574408e-01    9.854562995e-01   -9.673759924e-01    9.422482366e-01   -9.102560907e-01    8.716326214e-01   -8.266592052e-01    7.756634788e-01   -7.190169520e-01    6.571323015e-01   -5.904603644e-01    5.194868535e-01   -4.447288194e-01    3.667308832e-01   -2.860612690e-01    2.033076646e-01   -1.190729397e-01    3.397075442e-02    5.137891185e-02   -1.363542767e-01
   -9.965045138e-01    9.860424919e-01   -9.686870741e-01    9.445595916e-01   -9.138287190e-01    8.767092950e-01   -8.334608204e-01    7.843856442e-01   -7.298268495e-01    6.701658554e-01   -6.058197502e-01    5.372383758e-01   -4.649011828e-01    3.893138783e-01   -3.110048912e-01    2.305216776e-01   -1.484268932e-01    6.529446043e-02    1.829444407e-02   -1.017554526e-01
   -9.966485613e-01    9.866167096e-01   -9.699716870e-01    9.468250632e-01   -9.173319871e-01    8.816901471e-01   -8.401384463e-01    7.929554005e-01   -7.404572719e-01    6.829959490e-01   -6.209565880e-01    5.547550311e-01   -4.848350194e-01    4.116652179e-01   -3.357360750e-01    2.575565343e-01   -1.776506238e-01    9.655394293e-02   -1.481007283e-02   -6.703306738e-02
   -9.967895830e-01    9.871789456e-01   -9.712297961e-01    9.490445413e-01   -9.207656290e-01    8.865746335e-01   -8.466910895e-01    8.013710826e-01   -7.509056050e-01    6.956186871e-01   -6.358653172e-01    5.720291616e-01   -5.045201018e-01    4.337716021e-01   -3.602379270e-01    2.843912240e-01   -2.067184921e-01    1.277184552e-01   -4.789835918e-02   -3.222928420e-02
   -9.969275784e-01    9.877291932e-01   -9.724613669e-01    9.512179181e-01   -9.241293842e-01    8.913622203e-01   -8.531177752e-01    8.096310552e-01   -7.611692794e-01    7.080302376e-01   -6.505404611e-01    5.890532155e-01   -5.239463302e-01    4.556198769e-01   -3.844937108e-01    3.110048912e-01   -2.356049954e-01    1.587573437e-01   -8.093415313e-02    2.613634839e-03
   -9.970625471e-01    9.882674456e-01   -9.736663659e-01    9.533450880e-01   -9.274229974e-01    8.960523841e-01   -8.594175474e-01    8.177337135e-01   -7.712457711e-01    7.202268324e-01   -6.649766288e-01    6.058197502e-01   -5.431037376e-01    4.771970416e-01   -4.084868580e-01    3.373768526e-01   -2.642847899e-01    1.896400789e-01   -1.138812503e-01    3.745338016e-02
   -9.971944886e-01    9.887936963e-01   -9.748447601e-01    9.554259477e-01   -9.306462186e-01    9.006446125e-01   -8.655894689e-01    8.256774831e-01   -7.811326022e-01    7.322047685e-01   -6.791685172e-01    6.223214359e-01   -5.619824948e-01    4.984902573e-01   -4.322009795e-01    3.634866122e-01   -2.927327133e-01    2.203362844e-01   -1.467035437e-01    7.224764601e-02
   -9.973234027e-01    9.893079390e-01   -9.759965172e-01    9.574603962e-01   -9.337988031e-01    9.051384033e-01   -8.716326214e-01    8.334608204e-01   -7.908273413e-01    7.439604095e-01   -6.931109128e-01    6.385510584e-01   -5.805729159e-01    5.194868535e-01   -4.556198769e-01    3.893138783e-01   -3.209238068e-01    2.508157676e-01   -1.793650628e-01    1.069541819e-01
   -9.974492888e-01    9.898101673e-01   -9.771216060e-01    9.594483345e-01   -9.368805117e-01    9.095332656e-01   -8.775461061e-01    8.410822131e-01   -8.003276044e-01    7.554901865e-01   -7.067986939e-01    6.545015226e-01   -5.988654625e-01    5.401743367e-01   -4.787275533e-01    4.148385785e-01   -3.488333368e-01    2.810485488e-01   -2.118300135e-01    1.415308438e-01
   -9.975721466e-01    9.903003752e-01   -9.782199955e-01    9.613896662e-01   -9.398911105e-01    9.138287190e-01   -8.833290432e-01    8.485401804e-01   -8.096310552e-01    7.667905990e-01   -7.202268324e-01    6.701658554e-01   -6.168507494e-01    5.605403970e-01   -5.015082247e-01    4.400408755e-01   -3.764368168e-01    3.110048912e-01   -2.440628171e-01    1.759356455e-01
   -9.976919757e-01    9.907785567e-01   -9.792916557e-01    9.632842969e-01   -9.428303708e-01    9.180242940e-01   -8.889805723e-01    8.558332731e-01   -8.187354059e-01    7.778582163e-01   -7.333903953e-01    6.855372086e-01   -6.345195488e-01    5.805729159e-01   -5.239463302e-01    4.649011828e-01   -4.037100289e-01    3.406553298e-01   -2.760281492e-01    2.101268093e-01
   -9.978087758e-01    9.912447060e-01   -9.803365575e-01    9.651321345e-01   -9.456980697e-01    9.221195319e-01   -8.944998528e-01    8.629600742e-01   -8.276384176e-01    7.886896782e-01   -7.462845471e-01    7.006088623e-01   -6.518627954e-01    6.002599733e-01   -5.460265429e-01    4.894001793e-01   -4.306290447e-01    3.699707005e-01   -3.076909787e-01    2.440628171e-01
   -9.979225465e-01    9.916988175e-01   -9.813546722e-01    9.669330894e-01   -9.484939896e-01    9.261139853e-01   -8.998860636e-01    8.699191989e-01   -8.363379008e-01    7.992816965e-01   -7.589045510e-01    7.153742276e-01   -6.688715909e-01    6.195898548e-01   -5.677337805e-01    5.135188252e-01   -4.571702468e-01    3.989221686e-01   -3.390166058e-01    2.777024606e-01
   -9.980332874e-01    9.921408857e-01   -9.823459720e-01    9.686870741e-01   -9.512179181e-01    9.300072176e-01   -9.051384033e-01    8.767092950e-01   -8.448317163e-01    8.096310552e-01   -7.712457711e-01    7.298268495e-01   -6.855372086e-01    6.385510584e-01   -5.890532155e-01    5.372383758e-01   -4.833103493e-01    4.274812576e-01   -3.699707005e-01    3.110048912e-01
   -9.981409983e-01    9.925709051e-01   -9.833104299e-01    9.703940033e-01   -9.538696485e-01    9.337988031e-01   -9.102560907e-01    8.833290432e-01   -8.531177752e-01    8.197346126e-01   -7.833036739e-01    7.439604095e-01   -7.018510979e-01    6.571323015e-01   -6.099702850e-01    5.605403970e-01   -5.090264179e-01    4.556198769e-01   -4.005193396e-01    3.439296701e-01
   -9.982456788e-01    9.929888706e-01   -9.842480195e-01    9.720537941e-01   -9.564489796e-01    9.374883276e-01   -9.152383645e-01    8.897771572e-01   -8.611940401e-01    8.295893010e-01   -7.950738299e-01    7.577687290e-01   -7.178048886e-01    6.753225276e-01   -6.304707013e-01    5.834067789e-01   -5.342958907e-01    4.833103493e-01   -4.306290447e-01    3.764368168e-01
   -9.983473286e-01    9.933947770e-01   -9.851587151e-01    9.736663659e-01   -9.589557156e-01    9.410753878e-01   -9.200844833e-01    8.960523841e-01   -8.690585246e-01    8.391921288e-01   -8.065519152e-01    7.712457711e-01   -7.333903953e-01    6.931109128e-01   -6.505404611e-01    6.058197502e-01   -5.590965973e-01    5.105254385e-01   -4.602668181e-01    4.084868580e-01
   -9.984459473e-01    9.937886195e-01   -9.860424919e-01    9.752316404e-01   -9.613896662e-01    9.445595916e-01   -9.247937263e-01    9.021535047e-01   -8.767092950e-01    8.485401804e-01   -8.177337135e-01    7.843856442e-01   -7.485996216e-01    7.104868725e-01   -6.701658554e-01    6.277618922e-01   -5.834067789e-01    5.372383758e-01   -4.894001793e-01    4.400408755e-01
   -9.985415347e-01    9.941703932e-01   -9.868993257e-01    9.767495415e-01   -9.637506467e-01    9.479405582e-01   -9.293653930e-01    9.080793335e-01   -8.841444697e-01    8.576306179e-01   -8.286151172e-01    7.971826037e-01   -7.634247640e-01    7.274400673e-01   -6.893334785e-01    6.492161518e-01   -6.072051067e-01    5.634228865e-01   -5.179972009e-01    4.710605534e-01
   -9.986340905e-01    9.945400936e-01   -9.877291932e-01    9.782199955e-01   -9.660384778e-01    9.512179181e-01   -9.337988031e-01    9.138287190e-01   -8.913622203e-01    8.664606814e-01   -8.391921288e-01    8.096310552e-01   -7.778582163e-01    7.439604095e-01   -7.080302376e-01    6.701658554e-01   -6.304707013e-01    5.890532155e-01   -5.460265429e-01    5.015082247e-01
   -9.987236144e-01    9.948977161e-01   -9.885320716e-01    9.796429309e-01   -9.682529861e-01    9.543913130e-01   -9.380932973e-01    9.194005442e-01   -8.983607719e-01    8.750276901e-01   -8.494608629e-01    8.217255566e-01   -7.918925730e-01    7.600380689e-01   -7.262433616e-01    6.905947212e-01   -6.531831505e-01    6.141041528e-01   -5.734574877e-01    5.313469169e-01
   -9.988101062e-01    9.952432564e-01   -9.893079390e-01    9.810182787e-01   -9.703940033e-01    9.574603962e-01   -9.422482366e-01    9.247937263e-01   -9.051384033e-01    8.833290432e-01   -8.594175474e-01    8.334608204e-01   -8.055206336e-01    7.756634788e-01   -7.439604095e-01    7.104868725e-01   -6.753225276e-01    6.385510584e-01   -6.002599733e-01    5.605403970e-01
   -9.988935655e-01    9.955767103e-01   -9.900567742e-01    9.823459720e-01   -9.724613669e-01    9.604248321e-01   -9.462630029e-01    9.300072176e-01   -9.116934480e-01    8.913622203e-01   -8.690585246e-01    8.448317163e-01   -8.187354059e-01    7.908273413e-01   -7.611692794e-01    7.298268495e-01   -6.968694083e-01    6.623698864e-01   -6.264046266e-01    5.890532155e-01
   -9.989739921e-01    9.958980737e-01   -9.907785567e-01    9.836259464e-01   -9.744549201e-01    9.632842969e-01   -9.501369990e-01    9.350400049e-01   -9.180242940e-01    8.991247826e-01   -8.783802530e-01    8.558332731e-01   -8.315301098e-01    8.055206336e-01   -7.778582163e-01    7.485996216e-01   -7.178048886e-01    6.855372086e-01   -6.518627954e-01    6.168507494e-01
   -9.990513858e-01    9.962073428e-01   -9.914732669e-01    9.848581396e-01   -9.763745115e-01    9.660384778e-01   -9.538696485e-01    9.398911105e-01   -9.241293842e-01    9.066143735e-01   -8.873793081e-01    8.664606814e-01   -8.438981808e-01    8.197346126e-01   -7.940158205e-01    7.667905990e-01   -7.381106006e-01    7.080302376e-01   -6.766065796e-01    6.438992443e-01
   -9.991257463e-01    9.965045138e-01   -9.921408857e-01    9.860424919e-01   -9.782199955e-01    9.686870741e-01   -9.574603962e-01    9.445595916e-01   -9.300072176e-01    9.138287190e-01   -8.960523841e-01    8.767092950e-01   -8.558332731e-01    8.334608204e-01   -8.096310552e-01    7.843856442e-01   -7.577687290e-01    7.298268495e-01   -7.006088623e-01    6.701658554e-01
   -9.991970734e-01    9.967895830e-01   -9.927813949e-01    9.871789456e-01   -9.799912319e-01    9.712297961e-01   -9.609087078e-01    9.490445413e-01   -9.356563485e-01    9.207656290e-01   -9.043962951e-01    8.865746335e-01   -8.673292633e-01    8.466910895e-01   -8.246932542e-01    8.013710826e-01   -7.767620267e-01    7.509056050e-01   -7.238433391e-01    6.956186871e-01
   -9.992653669e-01    9.970625471e-01   -9.933947770e-01    9.882674456e-01   -9.816880863e-01    9.736663659e-01   -9.642140705e-01    9.533450880e-01   -9.410753878e-01    9.274229974e-01   -9.124079759e-01    8.960523841e-01   -8.783802530e-01    8.594175474e-01   -8.391921288e-01    8.177337135e-01   -7.950738299e-01    7.712457711e-01   -7.462845471e-01    7.202268324e-01
   -9.993306266e-01    9.973234027e-01   -9.939810152e-01    9.893079390e-01   -9.833104299e-01    9.759965172e-01   -9.673759924e-01    9.574603962e-01   -9.462630029e-01    9.337988031e-01   -9.200844833e-01    9.051384033e-01   -8.889805723e-01    8.716326214e-01   -8.531177752e-01    8.334608204e-01   -8.126880726e-01    7.908273413e-01   -7.679078925e-01    7.439604095e-01
   -9.993928523e-01    9.975721466e-01   -9.945400936e-01    9.903003752e-01   -9.848581396e-01    9.782199955e-01   -9.703940033e-01    9.613896662e-01   -9.512179181e-01    9.398911105e-01   -9.274229974e-01    9.138287190e-01   -8.991247826e-01    8.833290432e-01   -8.664606814e-01    8.485401804e-01   -8.295893010e-01    8.096310552e-01   -7.886896782e-01    7.667905990e-01
   -9.994520438e-01    9.978087758e-01   -9.950719968e-01    9.912447060e-01   -9.863310980e-01    9.803365575e-01   -9.732676540e-01    9.651321345e-01   -9.559389148e-01    9.456980697e-01   -9.344208225e-01    9.221195319e-01   -9.088076792e-01    8.944998528e-01   -8.792117330e-01    8.629600742e-01   -8.457626868e-01    8.276384176e-01   -8.086071292e-01    7.886896782e-01
   -9.995082009e-01    9.980332874e-01   -9.955767103e-01    9.921408857e-01   -9.877291932e-01    9.823459720e-01   -9.759965172e-01    9.686870741e-01   -9.604248321e-01    9.512179181e-01   -9.410753878e-01    9.300072176e-01   -9.180242940e-01    9.051384033e-01   -8.913622203e-01    8.767092950e-01   -8.611940401e-01    8.448317163e-01   -8.276384176e-01    8.096310552e-01
   -9.995613235e-01    9.982456788e-01   -9.960542203e-01    9.929888706e-01   -9.890523190e-01    9.842480195e-01   -9.785801869e-01    9.720537941e-01   -9.646745669e-01    9.564489796e-01   -9.473842488e-01    9.374883276e-01   -9.267698982e-01    9.152383645e-01   -9.029038435e-01    8.897771572e-01   -8.758698221e-01    8.611940401e-01   -8.457626868e-01    8.295893010e-01
   -9.996114113e-01    9.984459473e-01   -9.965045138e-01    9.937886195e-01   -9.903003752e-01    9.860424919e-01   -9.810182787e-01    9.752316404e-01   -9.686870741e-01    9.613896662e-01   -9.533450880e-01    9.445595916e-01   -9.350400049e-01    9.247937263e-01   -9.138287190e-01    9.021535047e-01   -8.897771572e-01    8.767092950e-01   -8.629600742e-01    8.485401804e-01
   -9.996584643e-01    9.986340905e-01   -9.969275784e-01    9.945400936e-01   -9.914732669e-01    9.877291932e-01   -9.833104299e-01    9.782199955e-01   -9.724613669e-01    9.660384778e-01   -9.589557156e-01    9.512179181e-01   -9.428303708e-01    9.337988031e-01   -9.241293842e-01    9.138287190e-01   -9.029038435e-01    8.913622203e-01   -8.792117330e-01    8.664606814e-01
   -9.997024823e-01    9.988101062e-01   -9.973234027e-01    9.952432564e-01   -9.925709051e-01    9.893079390e-01   -9.854562995e-01    9.810182787e-01   -9.759965172e-01    9.703940033e-01   -9.642140705e-01    9.574603962e-01   -9.501369990e-01    9.422482366e-01   -9.337988031e-01    9.247937263e-01   -9.152383645e-01    9.051384033e-01   -8.944998528e-01    8.833290432e-01
   -9.997434651e-01    9.989739921e-01   -9.976919757e-01    9.958980737e-01   -9.935932065e-01    9.907785567e-01   -9.874555684e-01    9.836259464e-01   -9.792916557e-01    9.744549201e-01   -9.691182211e-01    9.632842969e-01   -9.569561405e-01    9.501369990e-01   -9.428303708e-01    9.350400049e-01   -9.267698982e-01    9.180242940e-01   -9.088076792e-01    8.991247826e-01
   -9.997814127e-01    9.991257463e-01   -9.980332874e-01    9.965045138e-01   -9.945400936e-01    9.921408857e-01   -9.893079390e-01    9.860424919e-01   -9.823459720e-01    9.782199955e-01   -9.736663659e-01    9.686870741e-01   -9.632842969e-01    9.574603962e-01   -9.512179181e-01    9.445595916e-01   -9.374883276e-01    9.300072176e-01   -9.221195319e-01    9.138287190e-01
   -9.998163249e-01    9.992653669e-01   -9.983473286e-01    9.970625471e-01   -9.954114944e-01    9.933947770e-01   -9.910131358e-01    9.882674456e-01   -9.851587151e-01    9.816880863e-01   -9.778568341e-01    9.736663659e-01   -9.691182211e-01    9.642140705e-01   -9.589557156e-01    9.533450880e-01   -9.473842488e-01    9.410753878e-01   -9.344208225e-01    9.274229974e-01
   -9.998482016e-01    9.993928523e-01   -9.986340905e-01    9.975721466e-01   -9.962073428e-01    9.945400936e-01   -9.925709051e-01    9.903003752e-01   -9.877291932e-01    9.848581396e-01   -9.816880863e-01    9.782199955e-01   -9.744549201e-01    9.703940033e-01   -9.660384778e-01    9.613896662e-01   -9.564489796e-01    9.512179181e-01   -9.456980697e-01    9.398911105e-01
   -9.998770427e-01    9.995082009e-01   -9.988935655e-01    9.980332874e-01   -9.969275784e-01    9.955767103e-01   -9.939810152e-01    9.921408857e-01   -9.900567742e-01    9.877291932e-01   -9.851587151e-01    9.823459720e-01   -9.792916557e-01    9.759965172e-01   -9.724613669e-01    9.686870741e-01   -9.646745669e-01    9.604248321e-01   -9.559389148e-01    9.512179181e-01
   -9.999028481e-01    9.996114113e-01   -9.991257463e-01    9.984459473e-01   -9.975721466e-01    9.965045138e-01   -9.952432564e-01    9.937886195e-01   -9.921408857e-01    9.903003752e-01   -9.882674456e-01    9.860424919e-01   -9.836259464e-01    9.810182787e-01   -9.782199955e-01    9.752316404e-01   -9.720537941e-01    9.686870741e-01   -9.651321345e-01    9.613896662e-01
   -9.999256178e-01    9.997024823e-01   -9.993306266e-01    9.988101062e-01   -9.981409983e-01    9.973234027e-01   -9.963574408e-01    9.952432564e-01   -9.939810152e-01    9.925709051e-01   -9.910131358e-01    9.893079390e-01   -9.874555684e-01    9.854562995e-01   -9.833104299e-01    9.810182787e-01   -9.785801869e-01    9.759965172e-01   -9.732676540e-01    9.703940033e-01
   -9.999453517e-01    9.997814127e-01   -9.995082009e-01    9.991257463e-01   -9.986340905e-01    9.980332874e-01   -9.973234027e-01    9.965045138e-01   -9.955767103e-01    9.945400936e-01   -9.933947770e-01    9.921408857e-01   -9.907785567e-01    9.893079390e-01   -9.877291932e-01    9.860424919e-01   -9.842480195e-01    9.823459720e-01   -9.803365575e-01    9.782199955e-01
   -9.999620497e-01    9.998482016e-01   -9.996584643e-01    9.993928523e-01   -9.990513858e-01    9.986340905e-01   -9.981409983e-01    9.975721466e-01   -9.969275784e-01    9.962073428e-01   -9.954114944e-01    9.945400936e-01   -9.935932065e-01    9.925709051e-01   -9.914732669e-01    9.903003752e-01   -9.890523190e-01    9.877291932e-01   -9.863310980e-01    9.848581396e-01
   -9.999757117e-01    9.999028481e-01   -9.997814127e-01    9.996114113e-01   -9.993928523e-01    9.991257463e-01   -9.988101062e-01    9.984459473e-01   -9.980332874e-01    9.975721466e-01   -9.970625471e-01    9.965045138e-01   -9.958980737e-01    9.952432564e-01   -9.945400936e-01    9.937886195e-01   -9.929888706e-01    9.921408857e-01   -9.912447060e-01    9.903003752e-01
   -9.999863378e-01    9.999453517e-01   -9.998770427e-01    9.997814127e-01   -9.996584643e-01    9.995082009e-01   -9.993306266e-01    9.991257463e-01   -9.988935655e-01    9.986340905e-01   -9.983473286e-01    9.980332874e-01   -9.976919757e-01    9.973234027e-01   -9.969275784e-01    9.965045138e-01   -9.960542203e-01    9.955767103e-01   -9.950719968e-01    9.945400936e-01
   -9.999939279e-01    9.999757117e-01   -9.999453517e-01    9.999028481e-01   -9.998482016e-01    9.997814127e-01   -9.997024823e-01    9.996114113e-01   -9.995082009e-01    9.993928523e-01   -9.992653669e-01    9.991257463e-01   -9.989739921e-01    9.988101062e-01   -9.986340905e-01    9.984459473e-01   -9.982456788e-01    9.980332874e-01   -9.978087758e-01    9.975721466e-01
   -9.999984820e-01    9.999939279e-01   -9.999863378e-01    9.999757117e-01   -9.999620497e-01    9.999453517e-01   -9.999256178e-01    9.999028481e-01   -9.998770427e-01    9.998482016e-01   -9.998163249e-01    9.997814127e-01   -9.997434651e-01    9.997024823e-01   -9.996584643e-01    9.996114113e-01   -9.995613235e-01    9.995082009e-01   -9.994520438e-01    9.993928523e-01
   -1.000000000e+00    1.000000000e+00   -1.000000000e+00    1.000000000e+00   -1.000000000e+00    1.000000000e+00   -1.000000000e+00    1.000000000e+00   -1.000000000e+00    1.000000000e+00   -1.000000000e+00    1.000000000e+00   -1.000000000e+00    1.000000000e+00   -1.000000000e+00    1.000000000e+00   -1.000000000e+00    1.000000000e+00   -1.000000000e+00    1.000000000e+00
